fits_file,streak_id,status,matched,satellite_name,min_angle_error,start_ra,start_dec,end_ra,end_dec,error,obs_time,candidate_1_name,candidate_1_separation,candidate_1_angle_error,candidate_2_name,candidate_2_separation,candidate_2_angle_error,candidate_3_name,candidate_3_separation,candidate_3_angle_error
frame-u-007885-1-0023,1,Success,TRUE,SAT_22655,1.042085381,21.3151717,-8.181434064,21.47983258,-8.170159587,,2009/1/1 4:37:23,SAT_22655,1.305976968,1.042085381,SAT_20918,2.39425535,2.114979156,SAT_25585,5.710684081,3.496420443
frame-u-007885-4-0011,1,Success,TRUE,SAT_29527,1.74146675,19.62596666,-7.033368811,19.47386634,-6.96868856,,2009/1/1 4:30:13,SAT_29527,4.820492509,1.74146675,SAT_26807,2.792249146,2.953982662,SAT_26898,3.390113863,10.88053503
frame-u-007885-1-0164,1,Success,TRUE,SAT_27500,3.623993341,42.56330012,-6.788416699,42.60041261,-6.774222151,,2009/1/1 6:01:34,SAT_27500,3.186453232,3.623993341,SAT_19215,3.485299157,7.435496621,SAT_19765,5.896665598,7.622568629
frame-u-007885-3-0129,1,Success,TRUE,SAT_12089,2.330998817,37.24550913,-6.427652951,37.40700876,-6.380650605,,2009/1/1 5:40:40,SAT_12089,5.964736321,2.330998817,SAT_19215,2.964329842,2.665625466,SAT_19765,5.435183936,2.720627724
frame-u-007885-1-0028,1,Success,TRUE,SAT_10206,0.498114704,22.0717289,-8.178557029,22.23653265,-8.166826043,,2009/1/1 4:40:22,SAT_10206,1.317608995,0.498114704,SAT_22655,0.244853604,1.472426359,SAT_20918,1.717352728,2.044920421
frame-u-007885-5-0073,1,Success,TRUE,SAT_27500,4.542627758,28.77664168,-6.11237509,28.93463709,-6.019846572,,2009/1/1 5:07:14,SAT_27500,3.799157403,4.542627758,SAT_26353,0.645387311,7.771894125,SAT_04139,5.172021716,15.46559417
frame-u-007907-3-0086,1,No match,FALSE,,inf,2.121751374,-2.9099457,2.267115727,-2.799775959,FOVNotMatch,2009/1/16 2:08:59,SAT_25175,4.265431651,5.695849392,SAT_28461,2.892411148,18.32441513,SAT_14948,3.534000723,20.44924799
frame-u-007907-6-0135,1,Success,TRUE,SAT_25175,4.027954373,9.444951498,-1.607363792,9.49084878,-1.585868529,,2009/1/16 2:38:14,SAT_25175,5.216933368,4.027954373,SAT_14948,2.633616621,8.340600684,SAT_15141,2.775627662,8.767694742
frame-u-007907-6-0136,1,Success,TRUE,SAT_25175,4.085662969,9.659103347,-1.646059325,9.75820002,-1.599771184,,2009/1/16 2:38:50,SAT_25175,5.216933368,4.085662969,SAT_14948,2.633616621,8.282892088,SAT_15141,2.775627662,8.709986146
frame-u-007907-1-0148,1,No match,FALSE,,inf,11.56568549,-3.709781134,11.40182733,-3.662383823,FOVNotMatch,2009/1/16 2:46:00,SAT_28138,4.388470529,5.794108804,SAT_32501,5.310044134,6.317989021,SAT_11715,3.123608581,10.11960817
frame-u-007907-1-0149,1,No match,FALSE,,inf,11.71468069,-3.66464041,11.55200728,-3.617672275,FOVNotMatch,2009/1/16 2:46:36,SAT_28138,4.388470529,5.76518072,SAT_32501,5.310044134,6.346917104,SAT_11715,3.123608581,10.09068009
frame-u-007907-1-0151,1,No match,FALSE,,inf,11.85115944,-3.527642057,12.01513291,-3.575173587,FOVNotMatch,2009/1/16 2:47:47,SAT_28138,4.388470529,5.824402294,SAT_32501,5.310044134,6.287695531,SAT_11715,3.123608581,10.14990166
frame-u-007907-1-0152,1,No match,FALSE,,inf,12.09043274,-3.508858164,12.16486741,-3.530219553,FOVNotMatch,2009/1/16 2:48:23,SAT_28138,4.388470529,5.670677737,SAT_32501,5.310044134,6.441420087,SAT_11715,3.123608581,9.996177103
frame-u-007907-4-0129,1,Success,TRUE,SAT_26110,0.779914583,8.581521287,-2.433507026,8.710924327,-2.423489421,,2009/1/16 2:34:39,SAT_26110,2.381867299,0.779914583,SAT_28253,1.864057079,1.186650311,SAT_01317,4.268837302,2.58832962
frame-u-007907-2-0158,1,No match,FALSE,,inf,12.89956413,-3.214659846,13.06303051,-3.261289555,FOVNotMatch,2009/1/16 2:51:58,SAT_28138,4.476028618,5.10998802,SAT_32501,4.998136105,6.8680734,SAT_11715,2.82946801,9.818713359
frame-u-007907-2-0159,1,No match,FALSE,,inf,13.05843904,-3.172348658,13.21257295,-3.216586625,FOVNotMatch,2009/1/16 2:52:34,SAT_28138,4.476028618,5.202372046,SAT_32501,4.998136105,6.775689374,SAT_11715,2.82946801,9.911097385
frame-u-007907-1-0114,1,No match,FALSE,,inf,6.434390114,-3.75051418,6.357667118,-3.526591492,FOVNotMatch,2009/1/16 2:25:42,SAT_31998,0.214340325,25.39817868,SAT_28138,3.498932856,62.48353621,SAT_11715,2.188007048,65.4517425
frame-u-007912-2-0039,1,No match,FALSE,,inf,341.8908372,15.32677471,341.7087255,15.53188777,FOVNotMatch,2009/1/17 1:42:34,SAT_21847,2.609709291,20.97575517,SAT_19299,4.341641312,26.2472778,SAT_25115,0.048886213,33.13580712
frame-u-007912-6-0054,1,No match,FALSE,,inf,343.8564685,17.26149252,343.9347267,17.46454386,FOVNotMatch,2009/1/17 1:51:31,SAT_14735,1.118568276,12.23712401,SAT_10155,3.357923124,39.44795639,SAT_10291,0.006823118,53.12770636
frame-u-007912-6-0108,1,No match,FALSE,,inf,352.3809581,17.94417294,352.3995882,18.16940117,FOVNotMatch,2009/1/17 2:23:46,SAT_15595,2.512920104,14.94438151,SAT_03132,2.061595897,19.68349016,SAT_29260,1.707983893,21.41873354
frame-u-007912-5-0108,1,No match,FALSE,,inf,352.3469153,17.52070409,352.3650237,17.74649867,FOVNotMatch,2009/1/17 2:23:46,SAT_15595,2.512920104,14.81835856,SAT_03132,2.061595897,19.55746721,SAT_29260,1.707983893,21.29271058
frame-u-007912-5-0113,1,No match,FALSE,,inf,353.1130728,17.68830157,353.1642915,17.79463446,FOVNotMatch,2009/1/17 2:26:45,SAT_15595,2.512920104,35.09220371,SAT_03132,2.061595897,39.83131236,SAT_29260,1.707983893,41.56655574
frame-u-007912-2-0119,1,No match,FALSE,,inf,354.1354686,16.38873058,354.2433455,16.58682342,FOVNotMatch,2009/1/17 2:30:20,SAT_00635,3.970781425,42.40185406,SAT_29260,2.853044249,43.45764786,SAT_21229,4.090647993,46.07069077
frame-u-007912-2-0120,1,No match,FALSE,,inf,354.4336107,16.38099193,354.4592305,16.42755575,FOVNotMatch,2009/1/17 2:30:56,SAT_00635,3.970781425,42.65459838,SAT_29260,2.853044249,43.71039219,SAT_21229,4.090647993,45.81794644
frame-u-007912-6-0124,1,Success,TRUE,SAT_00635,3.699406896,354.910289,18.08694943,354.8644939,18.30808999,,2009/1/17 2:33:19,SAT_00635,3.970781425,3.699406896,SAT_29260,2.853044249,4.755200699,SAT_04519,5.105948622,12.35401653
frame-u-007912-6-0133,1,No match,FALSE,,inf,356.3325291,18.15267607,356.2367202,18.18079072,FOVNotMatch,2009/1/17 2:38:42,SAT_00227,1.715090128,5.566435559,SAT_01716,0.04867883,12.68037227,SAT_29285,2.43530269,24.04254059
frame-u-007913-2-0048,1,No match,FALSE,,inf,14.33636105,19.30803451,14.2746102,19.33277126,FOVNotMatch,2009/1/17 4:13:13,SAT_15836,4.250122971,27.0412643,SAT_21229,4.430497034,31.48119402,SAT_25624,17.23000478,
frame-u-007908-2-0094,1,No match,FALSE,,inf,35.8775382,-7.087052096,36.04218849,-7.139435773,FOVNotMatch,2009/1/16 4:24:22,SAT_27402,3.481040876,8.320817275,SAT_26110,3.855735576,15.08595095,SAT_02216,5.677717175,16.30286252
frame-u-007908-2-0095,1,No match,FALSE,,inf,36.11062439,-7.04538792,36.19236023,-7.071395872,FOVNotMatch,2009/1/16 4:24:57,SAT_27402,3.481040876,8.321140351,SAT_26110,3.855735576,15.08627403,SAT_02216,5.677717175,16.3031856
frame-u-007917-2-0035,1,No match,FALSE,,inf,348.8157809,21.05861365,348.8161262,21.28475326,FOVNotMatch,2009/1/18 2:21:33,SAT_31931,2.679599057,11.76360901,SAT_04675,0.150099494,14.02887064,SAT_29260,4.188111187,16.64548856
frame-u-007917-4-0092,1,No match,FALSE,,inf,357.9981118,22.55921127,358.0676139,22.67992489,FOVNotMatch,2009/1/18 2:55:35,SAT_25908,4.382762076,10.9155233,SAT_16614,3.596591584,17.82665929,SAT_29747,4.757846529,28.88297238
frame-u-007917-6-0077,1,No match,FALSE,,inf,355.4031165,23.39970843,355.458506,23.49515265,FOVNotMatch,2009/1/18 2:46:38,SAT_22076,2.860547428,29.79864816,SAT_10535,1.470099298,32.08666441,SAT_27561,4.610764848,44.18407573
frame-u-007917-6-0078,1,No match,FALSE,,inf,355.6830112,23.34026469,355.7418635,23.44108082,FOVNotMatch,2009/1/18 2:47:14,SAT_22076,2.860547428,29.94897073,SAT_10535,1.470099298,32.23698698,SAT_27561,4.610764848,44.03375316
frame-u-007917-6-0100,1,No match,FALSE,,inf,359.2017415,23.48829582,359.3307583,23.57064425,FOVNotMatch,2009/1/18 3:00:22,SAT_31300,4.060438685,22.55888137,SAT_12979,0.067143126,27.43272111,SAT_25624,0.117951527,28.58177546
frame-u-007917-5-0144,1,No match,FALSE,,inf,6.372745199,23.23113586,6.394319898,23.34808196,FOVNotMatch,2009/1/18 3:26:38,SAT_16137,4.848277489,48.29481727,SAT_33484,1.760773085,61.23786292,SAT_15362,1.969326312,69.3415424
frame-u-007917-6-0144,1,No match,FALSE,,inf,6.430828139,23.54332426,6.47297276,23.76738682,FOVNotMatch,2009/1/18 3:26:38,SAT_16137,4.848277489,48.45273489,SAT_33484,1.760773085,61.0799453,SAT_15362,1.969326312,69.18362478
frame-u-007917-6-0164,1,Success,TRUE,SAT_07438,0.462954934,9.611172952,23.63053523,9.788514283,23.6548914,,2009/1/18 3:38:35,SAT_07438,1.899048933,0.462954934,SAT_31241,5.065710356,4.170043054,SAT_30226,2.231877493,6.890161394
frame-u-007917-3-0203,1,Success,TRUE,SAT_13381,2.036189598,15.86404016,22.03687233,15.90454065,22.04412413,,2009/1/18 4:01:52,SAT_13381,5.315621869,2.036189598,SAT_28188,0.018778817,8.690594204,SAT_20737,4.450736564,81.36503172
frame-u-007917-3-0204,1,Success,TRUE,SAT_13381,1.820451506,16.02314433,21.98649964,16.20119394,22.01774459,,2009/1/18 4:02:28,SAT_13381,5.315621869,1.820451506,SAT_28188,0.018778817,8.474856113,SAT_20737,4.450736564,81.14929363
frame-u-007923-5-0207,1,No match,FALSE,,inf,3.998428048,20.42133988,4.165961206,20.64544444,FOVNotMatch,2009/1/21 3:26:17,SAT_07426,0.110823836,47.09019156,SAT_19535,5.013537861,64.63397055,SAT_25933,4.404718289,78.70684943
frame-u-007923-5-0211,1,No match,FALSE,,inf,4.637040564,20.50725914,4.693727461,20.64632503,FOVNotMatch,2009/1/21 3:28:40,SAT_19535,5.013537861,50.52704094,SAT_07426,0.110823836,61.19712117,SAT_25933,4.404718289,64.59991982
frame-u-007923-2-0052,1,No match,FALSE,,inf,339.6281211,17.55942051,339.7629618,17.5576598,FOVNotMatch,2009/1/21 1:53:44,SAT_30489,0.670085227,12.1768665,SAT_29062,5.567830902,30.69885946,SAT_30282,3.001437991,42.82208416
frame-u-007923-2-0224,1,No match,FALSE,,inf,6.836597367,19.15508491,6.866178344,19.19324274,FOVNotMatch,2009/1/21 3:36:26,SAT_13958,5.145590569,31.38614383,SAT_30201,4.425500555,40.26950296,SAT_30296,2.177145726,45.437417
frame-u-007923-3-0231,1,No match,FALSE,,inf,7.817478166,19.63806928,7.887229413,19.78555317,FOVNotMatch,2009/1/21 3:40:37,SAT_13958,4.888403013,43.94932722,SAT_01508,0.074596973,55.61923831,SAT_10566,5.061130302,56.28407995
frame-u-007923-3-0232,1,No match,FALSE,,inf,8.099981439,19.55843382,8.150398577,19.66498523,FOVNotMatch,2009/1/21 3:41:12,SAT_13958,4.888403013,43.92565776,SAT_01508,0.074596973,55.59556884,SAT_10566,5.061130302,56.26041049
frame-u-007923-2-0232,1,No match,FALSE,,inf,7.986673688,19.31755698,8.008374433,19.36324253,FOVNotMatch,2009/1/21 3:41:12,SAT_13958,4.888403013,43.8075011,SAT_01508,0.074596973,55.47741218,SAT_10566,5.061130302,56.14225383
frame-u-008039-4-0043.fits.bz2,,Failed,FALSE,,,,,,,No valid TLE files in window,,,,,,,,,,
frame-u-007932-2-0098,1,No match,FALSE,,inf,14.06325992,21.41160316,14.0923759,21.44770081,FOVNotMatch,2009/1/26 4:01:11,SAT_28815,4.892549792,40.11682056,SAT_22970,0.108796425,43.85803809,SAT_12530,2.657995084,46.87693304
frame-u-007932-2-0052,1,No match,FALSE,,inf,6.630806793,21.88067795,6.80624809,21.84753648,FOVNotMatch,2009/1/26 3:33:43,SAT_16528,0.010302345,11.07821866,SAT_17425,0.774055329,11.37673936,SAT_13535,0.791789965,17.54443497
frame-u-007932-3-0111,1,Success,TRUE,SAT_28815,0.127555986,16.16328035,21.91217074,16.21623553,21.92264519,,2009/1/26 4:08:57,SAT_28815,5.584775397,0.127555986,SAT_19128,0.674694918,0.243941284,SAT_20046,2.347413251,1.464342502
frame-u-007937-1-0076,1,Success,TRUE,SAT_23790,0.764529404,4.193020755,26.56723085,4.357361711,26.5913971,,2009/1/29 3:20:25,SAT_23790,2.638535558,0.764529404,SAT_08596,1.427924669,2.014365332,SAT_21972,2.487533932,86.70265539
frame-u-007937-3-0049,1,No match,FALSE,,inf,359.6771769,27.19001077,359.7233684,27.25308617,FOVNotMatch,2009/1/29 3:04:17,SAT_00750,1.740709129,20.47993281,SAT_27561,3.655441981,42.45145838,SAT_17807,0.392788708,43.40467871
frame-u-007937-2-0138,1,No match,FALSE,,inf,14.56516914,26.59359364,14.75684248,26.75099394,FOVNotMatch,2009/1/29 3:57:26,SAT_06063,4.808783083,24.95822081,SAT_25636,0.846074361,29.71125742,SAT_29835,1.323472974,31.57114091
frame-u-007937-6-0196,1,No match,FALSE,,inf,24.61182516,27.1891927,24.52574386,27.25830906,FOVNotMatch,2009/1/29 4:32:04,SAT_11133,3.955873403,9.913021833,SAT_23292,0.966422928,22.58734204,SAT_30729,0.13759918,54.5740804
frame-u-007937-3-0200,1,No match,FALSE,,inf,24.92262122,25.87101433,24.90411861,25.93518444,FOVNotMatch,2009/1/29 4:34:27,SAT_23292,0.966422928,10.79213814,SAT_26115,2.365161101,22.48118145,SAT_11133,3.955873403,23.46645835
frame-u-007937-4-0157,1,No match,FALSE,,inf,17.84785382,27.14571996,17.82746687,27.18775949,FOVNotMatch,2009/1/29 4:08:47,SAT_11883,0.096495713,7.901571653,SAT_12542,1.206321981,72.28394381,SAT_06991,5.487617893,74.14088297
frame-u-007937-4-0158,1,No match,FALSE,,inf,18.06986196,27.10384324,18.18363326,27.31863284,FOVNotMatch,2009/1/29 4:09:22,SAT_11883,0.096495713,40.65961596,SAT_27840,0.17792177,51.48916023,SAT_13803,4.369201218,52.52477275
frame-u-007937-4-0158,2,No match,FALSE,,inf,18.17449465,27.13074274,18.07836028,27.3289011,FOVNotMatch,2009/1/29 4:09:22,SAT_11883,0.096495713,7.898035204,SAT_12542,1.206321981,72.28748026,SAT_06991,5.487617893,74.14441942
frame-u-008049-2-0105,1,Success,TRUE,SAT_33438,0.141400207,15.78834835,6.698299269,15.87014687,6.705578438,,2009/9/23 11:32:44,SAT_33438,2.021294532,0.141400207,SAT_25623,3.186422819,0.817506884,SAT_21052,4.25743132,2.590165636
frame-u-008055-2-0047,1,No match,FALSE,,inf,11.59054925,24.29729202,11.50969144,24.33217613,FOVNotMatch,2009/9/26 9:04:32,SAT_10261,14.9436871,,SAT_35081,9.047423677,,SAT_17717,10.68838869,
frame-u-008055-5-0076,1,Success,TRUE,SAT_32499,4.245311746,16.44694358,25.22863666,16.29523069,25.33835085,,2009/9/26 9:21:51,SAT_32499,1.882180052,4.245311746,SAT_27368,0.200142229,49.16424372,SAT_30954,3.221728212,57.50900664
frame-u-008055-5-0076,2,No match,FALSE,,inf,16.28639082,25.40992282,16.38587796,25.36604507,FOVNotMatch,2009/9/26 9:21:51,SAT_32499,1.882180052,16.87662235,SAT_27368,0.200142229,36.53293311,SAT_30954,3.221728212,70.14031724
frame-u-008055-6-0079,1,No match,FALSE,,inf,16.80513244,25.61830336,16.96066077,25.56951235,FOVNotMatch,2009/9/26 9:23:39,SAT_32499,1.882180052,23.71776634,SAT_27368,0.200142229,29.69178912,SAT_30954,3.221728212,76.98146124
frame-u-008056-3-0012,1,No match,FALSE,,inf,10.61511113,27.16288698,10.74686637,27.05987864,FOVNotMatch,2009/9/26 10:07:19,SAT_26202,0.288038015,57.0484264,SAT_02377,11.53242538,,SAT_28264,13.66615582,
frame-u-008056-4-0033,1,Success,TRUE,SAT_25621,0.840864488,14.24941584,27.19173923,14.34166831,27.19886028,,2009/9/26 10:19:52,SAT_25621,2.997866403,0.840864488,SAT_22196,4.837476932,37.80772953,SAT_26241,5.611689799,88.04489965
frame-u-008054-3-0063,1,Success,TRUE,SAT_15166,0.576698641,330.1310812,-4.10034955,330.294046,-4.107512073,,2009/9/26 6:59:35,SAT_15166,4.823587527,0.576698641,SAT_28154,1.108294172,2.458416076,SAT_26495,1.248206255,2.459910439
frame-u-008056-4-0074,1,No match,FALSE,,inf,21.02158881,26.68544928,21.18061315,26.6834728,FOVNotMatch,2009/9/26 10:44:21,SAT_34263,5.71196395,34.5719623,SAT_24764,4.06839584,65.76979096,SAT_06302,14.22095813,
frame-u-008056-4-0078,1,No match,FALSE,,inf,21.69486475,26.6667098,21.8743147,26.63548835,FOVNotMatch,2009/9/26 10:46:44,SAT_34263,5.71196395,24.35310782,SAT_24764,4.06839584,55.55093648,SAT_06302,14.22095813,
frame-u-008056-6-0106,1,Success,TRUE,SAT_30370,0.499429527,26.62906005,26.68989466,26.60175701,26.90382473,,2009/9/26 11:03:27,SAT_30370,2.40072813,0.499429527,SAT_30344,2.65025441,1.775945817,SAT_19306,3.157457702,8.567852964
frame-u-008056-1-0137,1,No match,FALSE,,inf,31.11222943,23.76512418,31.23068632,23.82840983,FOVNotMatch,2009/9/26 11:21:58,SAT_00130,0.112963533,16.18599871,SAT_00082,4.951623981,49.93317425,SAT_23821,5.6214332,67.29882794
frame-u-008060-2-0131,1,Success,TRUE,SAT_02255,3.509444695,344.3892211,15.6432164,344.3494107,15.81770947,,2009/9/27 8:09:51,SAT_02255,2.249390513,3.509444695,SAT_29856,0.569610671,9.458731663,SAT_35799,5.402640604,15.37714575
frame-u-008060-2-0118,1,No match,FALSE,,inf,342.4547496,15.54485295,342.281346,15.57055607,FOVNotMatch,2009/9/27 8:02:06,SAT_14756,2.235304176,6.717006596,SAT_21590,3.39959406,6.797456134,SAT_07269,0.348877654,17.90915941
frame-u-008054-3-0185,1,Success,TRUE,SAT_28999,0.086683836,348.4343271,-4.994064773,348.5524664,-4.9997385,,2009/9/26 8:12:26,SAT_28999,4.264333501,0.086683836,SAT_28936,5.635973429,0.506395189,SAT_03956,4.215185183,0.999916857
frame-u-008054-3-0190,1,Success,TRUE,SAT_28999,0.053762769,349.1858878,-4.994584122,349.349884,-5.002554237,,2009/9/26 8:15:25,SAT_28999,4.264333501,0.053762769,SAT_28936,5.635973429,0.473474121,SAT_03956,4.215185183,1.032837924
frame-u-008054-3-0191,1,Success,TRUE,SAT_28999,0.092006651,349.336209,-4.994650176,349.5001919,-5.002510343,,2009/9/26 8:16:01,SAT_28999,4.264333501,0.092006651,SAT_28936,5.635973429,0.511718004,SAT_03956,4.215185183,0.994594042
frame-u-008054-3-0194,1,Success,TRUE,SAT_28999,0.363315261,349.7875293,-4.995559024,349.9512115,-5.002772678,,2009/9/26 8:17:48,SAT_28999,3.709565,0.363315261,SAT_03956,5.270417018,0.795625645,SAT_28936,5.062298059,0.945188957
frame-u-008062-4-0052,1,No match,FALSE,,inf,23.37586272,2.584829613,23.45827153,2.806757543,FOVNotMatch,2009/9/27 9:38:08,SAT_29336,5.612809351,40.94189741,SAT_11256,5.090329789,50.78521995,SAT_12850,4.170746924,53.36250857
frame-u-008062-5-0042,1,No match,FALSE,,inf,21.94148263,3.189606979,21.88015579,3.247960997,FOVNotMatch,2009/9/27 9:32:10,SAT_26779,4.978041889,6.416397188,SAT_22315,2.512045789,15.0021006,SAT_00194,2.119387684,29.87496177
frame-u-008062-4-0102,1,Success,TRUE,SAT_13753,2.711730296,30.79865906,2.601697354,30.91618567,2.61923369,,2009/9/27 10:07:59,SAT_13753,4.771866882,2.711730296,SAT_35497,2.364904841,4.916601165,SAT_20040,5.549485068,6.05176457
frame-u-008062-2-0103,1,Success,TRUE,SAT_35257,0.906865361,31.02207174,1.768551478,31.01107739,1.843369268,,2009/9/27 10:08:35,SAT_35257,2.227339819,0.906865361,SAT_29336,5.458018904,9.137817688,SAT_29328,1.134383729,17.25534307
frame-u-008067-3-0011,1,No match,FALSE,,inf,6.375226886,-7.665321711,6.242764373,-7.567605852,FOVNotMatch,2009/9/28 9:45:52,SAT_33415,3.388510551,7.545861857,SAT_28543,5.924189981,24.9374871,SAT_27893,3.032280818,25.85390777
frame-u-008066-6-0091,1,Success,TRUE,SAT_27855,0.636796907,352.2126985,-3.93384165,352.3682607,-3.955964006,,2009/9/28 8:57:31,SAT_27855,4.738605856,0.636796907,SAT_00701,3.138068595,5.751420591,SAT_26639,5.452113755,8.083360488
frame-u-008067-2-0035,1,Success,TRUE,SAT_05992,3.570259654,9.933653313,-8.070233477,9.873559316,-8.024537328,,2009/9/28 10:00:11,SAT_05992,5.834469589,3.570259654,SAT_33415,5.816963874,8.246213573,SAT_25881,5.518369967,16.82812627
frame-u-008067-2-0037,1,Success,TRUE,SAT_05992,3.783011707,10.3389288,-7.913310895,10.30973017,-7.891270295,,2009/9/28 10:01:23,SAT_05992,5.834469589,3.783011707,SAT_33415,5.816963874,8.03346152,SAT_25881,5.518369967,16.61537421
frame-u-008083-2-0090,1,No match,FALSE,,inf,326.021228,-4.555788112,326.1225938,-4.508142532,FOVNotMatch,2009/10/10 2:54:48,SAT_32998,4.199352039,6.653754868,SAT_28887,5.545885418,7.984986257,SAT_04353,4.272451364,12.52182703
frame-u-008083-2-0093,1,No match,FALSE,,inf,326.5942197,-4.758754545,326.62553,-4.744322808,FOVNotMatch,2009/10/10 2:56:36,SAT_32998,4.199352039,6.230651973,SAT_28887,5.545885418,7.561883363,SAT_04353,4.272451364,12.09872414
frame-u-008083-1-0095,1,No match,FALSE,,inf,326.7485344,-5.002958379,326.8256602,-4.966225557,FOVNotMatch,2009/10/10 2:57:47,SAT_32998,4.199352039,6.960893706,SAT_28887,5.545885418,8.292125095,SAT_04353,4.272451364,12.82896587
frame-u-008083-1-0096,1,No match,FALSE,,inf,326.8941845,-5.092567622,327.0626574,-5.012363142,FOVNotMatch,2009/10/10 2:58:23,SAT_32998,4.199352039,6.953674614,SAT_28887,5.545885418,8.284906004,SAT_04353,4.272451364,12.82174678
frame-u-008083-1-0120,1,No match,FALSE,,inf,330.6075228,-5.385544879,330.6203531,-5.161325623,FOVNotMatch,2009/10/10 3:12:43,SAT_14735,5.992529731,9.179180978,SAT_29899,1.29842613,17.18808434,SAT_22056,4.667253546,24.41600879
frame-u-008083-2-0120,1,No match,FALSE,,inf,330.6310778,-4.966678953,330.6434739,-4.743128962,FOVNotMatch,2009/10/10 3:12:43,SAT_14735,5.992529731,9.277851929,SAT_29899,1.29842613,17.28675529,SAT_22056,4.667253546,24.31733784
frame-u-008083-4-0130,1,Success,TRUE,SAT_14735,1.728451203,332.1353135,-4.15806487,332.1814491,-3.976333663,,2009/10/10 3:18:41,SAT_14735,4.632478223,1.728451203,SAT_12114,2.52279175,10.0202424,SAT_24829,2.355265295,18.52384344
frame-u-008083-1-0135,1,Success,TRUE,SAT_28040,4.591514621,332.7459616,-5.447206778,332.9088952,-5.471969552,,2009/10/10 3:21:40,SAT_28040,3.332931143,4.591514621,SAT_29645,5.405588051,5.173625582,SAT_24315,5.478205165,8.621259477
frame-u-008083-1-0136,1,Success,TRUE,SAT_28040,4.554588828,332.8969393,-5.438312508,333.0597733,-5.462953637,,2009/10/10 3:22:16,SAT_28040,3.332931143,4.554588828,SAT_29645,5.405588051,5.136699789,SAT_24315,5.478205165,8.584333684
frame-u-008083-1-0137,1,Success,TRUE,SAT_28040,4.532727365,333.0475779,-5.429389248,333.2108118,-5.454027824,,2009/10/10 3:22:52,SAT_28040,3.332931143,4.532727365,SAT_29645,5.405588051,5.114838326,SAT_24315,5.478205165,8.562472221
frame-u-008083-1-0140,1,Success,TRUE,SAT_28040,4.536216998,333.5666665,-5.412588619,333.66358,-5.427223314,,2009/10/10 3:24:40,SAT_28040,3.332931143,4.536216998,SAT_29645,5.405588051,5.118327958,SAT_24315,5.478205165,8.565961853
frame-u-008083-1-0196,1,Success,TRUE,SAT_04327,1.60497608,341.9193539,-5.636573709,341.9815547,-5.653081826,,2009/10/10 3:58:06,SAT_04327,3.07794266,1.60497608,SAT_27031,2.11821256,2.008790937,SAT_20510,1.790949873,4.867628243
frame-u-008095-3-0043,1,No match,FALSE,,inf,321.3772064,-5.845572939,321.2206252,-5.75579521,FOVNotMatch,2009/10/15 2:07:35,SAT_26278,4.070167526,14.31868078,SAT_01805,0.221378546,22.91251113,SAT_20674,2.689034451,25.14845743
frame-u-008095-4-0099,1,Success,TRUE,SAT_07084,1.550009845,329.7206167,-6.130367587,329.775838,-6.003870453,,2009/10/15 2:41:02,SAT_07084,0.044422454,1.550009845,SAT_18121,0.614857496,3.374328031,SAT_10925,2.972760364,8.323671301
frame-u-008095-2-0178,1,Success,TRUE,SAT_22275,0.921746462,341.5429095,-7.722117826,341.6579838,-7.503686017,,2009/10/15 3:28:12,SAT_22275,0.495876431,0.921746462,SAT_31820,0.331521226,39.45420046,SAT_10002,3.318476256,44.02817011
frame-u-008096-4-0107,1,Success,TRUE,SAT_26779,0.027907695,340.9530483,18.59606499,340.8792788,18.61938214,,2009/10/15 7:35:51,SAT_26779,2.267126164,0.027907695,SAT_26780,5.186389779,18.54753636,SAT_26308,1.150477742,55.3589976
frame-u-008097-2-0023,1,Success,TRUE,SAT_14621,2.454728436,25.52914317,27.54464505,25.52829214,27.77184639,,2009/10/15 9:48:41,SAT_14621,3.370948219,2.454728436,SAT_18704,4.867587777,13.25652845,SAT_14900,3.76775506,74.82051518
frame-u-008097-1-0023,1,Success,TRUE,SAT_14621,2.467679231,25.53057443,27.20725989,25.53009249,27.34581072,,2009/10/15 9:48:42,SAT_14621,3.370948219,2.467679231,SAT_18704,4.867587777,13.24357765,SAT_14900,3.76775506,74.80756438
frame-u-008097-3-0024,1,Success,TRUE,SAT_14621,2.610369497,25.86055403,27.91856493,25.86039979,28.1450063,,2009/10/15 9:49:17,SAT_14621,3.370948219,2.610369497,SAT_18704,4.867587777,13.10088739,SAT_14900,3.76775506,74.66487412
frame-u-008097-3-0029,1,No match,FALSE,,inf,26.55007843,27.80578764,26.66971581,27.87550712,FOVNotMatch,2009/10/15 9:52:16,SAT_14900,3.76775506,18.01693367,SAT_12107,2.683182537,23.00536282,SAT_18704,4.867587777,43.54705306
frame-u-008095-1-0273,1,Success,TRUE,SAT_33587,4.845793687,355.8729259,-8.630982023,355.8501611,-8.532332057,,2009/10/15 4:24:55,SAT_33587,3.733957494,4.845793687,SAT_28588,4.246041327,7.906658841,SAT_25282,1.282220211,60.39165127
frame-u-008095-2-0346,1,No match,FALSE,,inf,7.040759183,-8.281467002,6.990825244,-8.236141509,FOVNotMatch,2009/10/15 5:08:30,SAT_33415,2.534272711,11.99669084,SAT_13075,5.492346724,26.47028096,SAT_07625,4.919843563,30.01297686
frame-u-008095-3-0428,1,No match,FALSE,,inf,19.29995901,-7.684677927,19.3957968,-7.457186686,FOVNotMatch,2009/10/15 5:57:28,SAT_18704,5.74343267,12.17530439,SAT_02372,4.873071015,18.67111372,SAT_16339,2.87325679,50.98289962
frame-u-008095-4-0431,1,Success,TRUE,SAT_12472,0.248211624,19.69565979,-7.042514918,19.73332688,-7.032189585,,2009/10/15 5:59:15,SAT_12472,4.234375128,0.248211624,SAT_16339,2.87325679,0.911021922,SAT_20317,5.00015731,1.86791958
frame-u-008100-4-0048,1,Success,TRUE,SAT_12759,1.647094428,319.2110159,-4.871504536,319.2123877,-4.806735556,,2009/10/16 1:49:35,SAT_12759,0.708888713,1.647094428,SAT_21138,1.201654801,13.45771325,SAT_17478,0.968144732,28.40746554
frame-u-008100-3-0062,1,Success,TRUE,SAT_33278,0.082116822,321.1254153,-5.607406074,321.2618975,-5.599565283,,2009/10/16 1:57:57,SAT_33278,2.8776731,0.082116822,SAT_25881,3.254928729,0.255383047,SAT_02219,3.870607094,0.751810662
frame-u-008100-3-0149,1,Success,TRUE,SAT_20799,0.954023116,334.1889914,-6.559866512,334.3215833,-6.520887368,,2009/10/16 2:49:53,SAT_20799,3.547729945,0.954023116,SAT_03431,1.689271558,5.241492184,SAT_32763,2.01544945,10.4155131
frame-u-008100-3-0150,1,Success,TRUE,SAT_20799,1.010062086,334.3581428,-6.618467207,334.5034348,-6.575605827,,2009/10/16 2:50:29,SAT_20799,3.547729945,1.010062086,SAT_03431,1.689271558,5.297531154,SAT_32763,2.01544945,10.47155207
frame-u-008103-5-0071,1,Success,TRUE,SAT_24501,4.697884061,355.8987866,27.63348954,355.8694082,27.61921788,,2009/10/16 8:41:48,SAT_24501,2.017719461,4.697884061,SAT_13608,1.104850111,25.70932523,SAT_05361,3.344977361,32.45576192
frame-u-008100-5-0306,1,Success,TRUE,SAT_33415,4.151931917,357.9543927,-6.678006941,357.8686713,-6.624255724,,2009/10/16 4:23:38,SAT_33415,3.131345421,4.151931917,SAT_25881,3.954538434,22.19401895,SAT_27463,2.008496503,22.49493767
frame-u-008100-5-0307,1,Success,TRUE,SAT_33415,3.962482672,358.1054193,-6.588867955,358.1821727,-6.636647733,,2009/10/16 4:24:14,SAT_33415,3.131345421,3.962482672,SAT_25881,3.954538434,22.0045697,SAT_27463,2.008496503,22.30548842
frame-u-008103-4-0134,1,No match,FALSE,,inf,6.51248279,27.48987407,6.382763477,27.65816009,FOVNotMatch,2009/10/16 9:19:25,SAT_34241,0.149478264,23.6739022,SAT_34252,4.91283483,56.20916604,SAT_09593,3.205347679,66.50341889
frame-u-008103-4-0135,1,No match,FALSE,,inf,6.735407573,27.63524731,6.676572537,27.71255799,FOVNotMatch,2009/10/16 9:20:01,SAT_34241,0.149478264,24.03901544,SAT_34252,4.91283483,56.57427929,SAT_09593,3.205347679,66.86853214
frame-u-008101-3-0083,1,Success,TRUE,SAT_11844,0.234812833,337.3122222,17.60840139,337.3302893,17.66511226,,2009/10/16 6:05:13,SAT_11844,5.791576644,0.234812833,SAT_20553,4.148184442,12.65894648,SAT_33607,3.760350215,29.99257071
frame-u-008105-3-0039,1,Success,TRUE,SAT_22337,0.834459544,14.36228188,29.66508556,14.41618508,29.67938137,,2009/10/16 10:19:15,SAT_22337,4.006151875,0.834459544,SAT_21196,5.938343094,77.93315664,SAT_10768,4.091902393,82.0959907
frame-u-008103-3-0148,1,Success,TRUE,SAT_22611,2.729678697,8.733605638,27.19013497,8.882335886,27.22693033,,2009/10/16 9:27:47,SAT_22611,5.559829756,2.729678697,SAT_03974,3.693530724,2.893811918,SAT_21677,4.589283766,5.557317108
frame-u-008103-3-0149,1,Success,TRUE,SAT_22611,2.691033113,8.963713994,27.15424772,9.085513531,27.18431239,,2009/10/16 9:28:23,SAT_22611,5.559829756,2.691033113,SAT_03974,3.693530724,2.855166334,SAT_21677,4.589283766,5.518671524
frame-u-008105-4-0073,1,Success,TRUE,SAT_00589,0.067089162,20.30417711,29.32456056,20.24020651,29.55817973,,2009/10/16 10:39:33,SAT_00589,3.949028294,0.067089162,SAT_35239,5.085993249,2.561589976,SAT_03338,1.284717475,10.03262691
frame-u-008105-3-0064,1,No match,FALSE,,inf,18.63123315,29.22060848,18.75562803,29.21947624,FOVNotMatch,2009/10/16 10:34:11,SAT_17732,5.947959019,9.871952243,SAT_26015,4.352205802,11.09597102,SAT_26621,1.369127457,15.00296769
frame-u-008105-3-0065,1,No match,FALSE,,inf,18.836137,29.18723543,18.98723498,29.18511701,FOVNotMatch,2009/10/16 10:34:47,SAT_17732,5.947959019,10.19447129,SAT_26015,4.352205802,11.41849007,SAT_26621,1.369127457,15.32548674
frame-u-008105-2-0138,1,No match,FALSE,,inf,30.93691147,26.94630484,30.96508759,27.0199029,FOVNotMatch,2009/10/16 11:18:22,SAT_01587,2.877752281,7.972751708,SAT_23496,5.446126307,16.34803871,SAT_04857,4.774431801,30.83220399
frame-u-008105-2-0139,1,No match,FALSE,,inf,31.25844408,26.86450509,31.2922659,26.95230161,FOVNotMatch,2009/10/16 11:18:58,SAT_01587,2.877752281,8.093733938,SAT_23496,5.446126307,16.46902094,SAT_04857,4.774431801,30.95318622
frame-u-008105-1-0153,1,No match,FALSE,,inf,33.24769988,25.93103453,33.30947469,25.95394494,FOVNotMatch,2009/10/16 11:27:19,SAT_34978,2.651089108,7.73278732,SAT_02940,4.988314361,10.97944142,SAT_21512,1.5522836,11.32184535
frame-u-008105-1-0154,1,No match,FALSE,,inf,33.48557532,25.82832963,33.58835636,25.86611416,FOVNotMatch,2009/10/16 11:27:55,SAT_34978,2.651089108,7.539493971,SAT_02940,4.988314361,10.78614807,SAT_21512,1.5522836,11.128552
frame-u-008108-3-0136,1,No match,FALSE,,inf,343.1048157,20.59573371,343.0368499,20.66611692,FOVNotMatch,2009/10/17 3:00:04,SAT_31342,5.224321158,8.618873563,SAT_07780,4.169556802,16.15921828,SAT_35105,4.961909419,18.51024485
frame-u-008108-4-0110,1,No match,FALSE,,inf,338.9228011,20.46162095,338.8399004,20.58371449,FOVNotMatch,2009/10/17 2:44:33,SAT_19336,0.189703567,42.91519001,SAT_24675,5.092756089,63.64617375,SAT_10925,8.87105206,
frame-u-008108-4-0111,1,No match,FALSE,,inf,339.1755831,20.60391688,339.1338389,20.6653133,FOVNotMatch,2009/10/17 2:45:09,SAT_19336,0.189703567,42.89915202,SAT_24675,5.092756089,63.63013576,SAT_10925,8.87105206,
frame-u-008108-5-0111,1,No match,FALSE,,inf,339.0115793,20.84483735,338.9335153,20.95945923,FOVNotMatch,2009/10/17 2:45:09,SAT_19336,0.189703567,42.90144833,SAT_24675,5.092756089,63.63243208,SAT_10925,8.87105206,
frame-u-008108-5-0112,1,No match,FALSE,,inf,339.2699572,20.97964223,339.2097714,21.06820061,FOVNotMatch,2009/10/17 2:45:45,SAT_19336,0.189703567,42.97740934,SAT_24675,5.092756089,63.70839308,SAT_10925,8.87105206,
frame-u-008109-1-0164,1,No match,FALSE,,inf,349.1123356,25.42856423,349.2358639,25.47267993,FOVNotMatch,2009/10/17 5:57:55,SAT_26780,2.805619541,21.75434992,SAT_13507,1.466435295,29.61098118,SAT_26605,1.553102423,36.7001022
frame-u-008109-1-0164,2,No match,FALSE,,inf,349.2149247,25.33690681,349.27332,25.55191709,FOVNotMatch,2009/10/17 5:57:55,SAT_26605,1.553102423,17.94072247,SAT_26780,2.805619541,76.39517459,SAT_13507,1.466435295,84.25180585
frame-u-008100-4-0316,1,Success,TRUE,SAT_03051,0.06681191,359.3695142,-7.090019009,359.5344618,-7.065062605,,2009/10/16 4:29:36,SAT_03051,4.218586618,0.06681191,SAT_21941,0.211745365,0.204718569,SAT_08784,0.96458336,0.765950022
frame-u-008100-5-0331,1,No match,FALSE,,inf,1.667581775,-6.852377563,1.738859797,-6.630960373,FOVNotMatch,2009/10/16 4:38:34,SAT_02381,1.308851599,16.41935634,SAT_29310,3.807878425,34.83140144,SAT_14821,1.321340436,54.56976272
frame-u-008110-5-0063,1,Success,TRUE,SAT_18470,3.347299076,332.3746629,24.32785365,332.3754522,24.54946458,,2009/10/17 6:41:03,SAT_18470,3.284158197,3.347299076,SAT_03035,5.102589506,5.025890582,SAT_29853,2.662733972,21.19473848
frame-u-008110-6-0128,1,No match,FALSE,,inf,342.8574107,26.8028287,342.9515901,26.84661533,FOVNotMatch,2009/10/17 7:19:52,SAT_25684,4.702330336,88.8014775,SAT_22275,9.697169343,,SAT_12933,16.57486927,
frame-u-008110-2-0184,1,No match,FALSE,,inf,352.3144796,26.33503411,352.4110815,26.35523009,FOVNotMatch,2009/10/17 7:53:18,SAT_34591,0.541495212,6.659353123,SAT_33895,1.022379812,7.41697091,SAT_03611,1.644642016,12.21640194
frame-u-008111-3-0136,1,No match,FALSE,,inf,9.840939893,32.03796526,10.02282047,31.99883853,FOVNotMatch,2009/10/17 9:44:34,SAT_35329,5.441895118,27.4508376,SAT_35221,5.706180131,29.04828498,SAT_17616,3.205014766,29.09325483
frame-u-008111-5-0184,1,No match,FALSE,,inf,18.47628452,32.2018549,18.58496058,32.30403872,FOVNotMatch,2009/10/17 10:13:13,SAT_12987,0.982261141,24.5348576,SAT_34253,3.197418384,26.98630975,SAT_01571,3.02530675,31.20748515
frame-u-008116-6-0197,1,No match,FALSE,,inf,354.0890205,30.43067715,354.1741596,30.46832065,FOVNotMatch,2009/10/18 5:34:40,SAT_15429,17.01563385,,SAT_32493,8.587359459,,SAT_22014,6.027290799,
frame-u-008116-6-0198,1,No match,FALSE,,inf,354.3095608,30.4038606,354.4499604,30.46504129,FOVNotMatch,2009/10/18 5:35:15,SAT_15429,17.01563385,,SAT_32493,8.587359459,,SAT_22014,6.027290799,
frame-u-008112-2-0052,1,Success,TRUE,SAT_27764,1.392850747,19.52379933,31.0818561,19.64379946,31.09917231,,2009/10/17 10:59:22,SAT_27764,4.072607419,1.392850747,SAT_07087,5.962965258,2.907804576,SAT_21136,4.054601381,3.569587837
frame-u-008112-2-0053,1,Success,TRUE,SAT_27764,1.481237958,19.71814473,31.01933178,19.8865231,31.04341531,,2009/10/17 10:59:58,SAT_27764,4.072607419,1.481237958,SAT_07087,5.962965258,2.819417364,SAT_21136,4.054601381,3.481200626
frame-u-008112-3-0085,1,No match,FALSE,,inf,25.49075261,30.77532645,25.41163646,30.85855992,FOVNotMatch,2009/10/17 11:19:04,SAT_22187,1.507100534,59.46178726,SAT_34753,3.935971615,64.97834356,SAT_24529,5.37027534,70.31007799
frame-u-008115-1-0044,1,No match,FALSE,,inf,325.8162506,24.93766156,325.7388719,24.98778829,FOVNotMatch,2009/10/18 1:55:11,SAT_05731,0.163229123,12.27465335,SAT_31791,3.489700968,21.58391492,SAT_22056,2.556751386,31.70427451
frame-u-008116-5-0292,1,No match,FALSE,,inf,10.67215421,30.29175014,10.70773942,30.5148855,FOVNotMatch,2009/10/18 6:31:23,SAT_25806,0.255918924,32.970954,SAT_13890,7.404008094,,SAT_34825,11.48436285,
frame-u-008112-2-0116,1,Success,TRUE,SAT_21578,2.496497366,30.6223904,29.33033246,30.56676087,29.42409971,,2009/10/17 11:37:35,SAT_21578,4.445999058,2.496497366,SAT_21721,5.862216383,6.311192541,SAT_20720,3.360428383,7.033568739
frame-u-008142-2-0065,1,No match,FALSE,,inf,332.4826748,25.29812023,332.4438647,25.52055076,FOVNotMatch,2009/11/10 1:37:55,SAT_10894,2.255951903,14.14947542,SAT_25485,2.468102146,15.53170514,SAT_10925,8.535859983,
frame-u-008142-2-0118,1,No match,FALSE,,inf,340.9544726,27.23382348,340.9757513,27.28927073,FOVNotMatch,2009/11/10 2:09:34,SAT_06990,1.634798532,38.28162474,SAT_29317,5.802602874,38.55896643,SAT_32047,0.101039754,62.61862642
frame-u-008142-1-0120,1,No match,FALSE,,inf,341.4536093,26.94357727,341.4951029,27.04960022,FOVNotMatch,2009/11/10 2:10:46,SAT_06990,1.634798532,38.66978044,SAT_29317,5.802602874,38.94712213,SAT_32047,0.101039754,63.00678211
frame-u-008142-6-0080,1,No match,FALSE,,inf,334.3043899,27.48572153,334.4698452,27.56859613,FOVNotMatch,2009/11/10 1:46:53,SAT_13908,5.200765691,36.30074708,SAT_17239,0.113137607,52.98390266,SAT_10894,0.743745157,82.87549968
frame-u-008150-4-0066,1,No match,FALSE,,inf,5.290908998,32.84385725,5.210716628,32.92574135,FOVNotMatch,2009/11/16 4:31:08,SAT_00631,5.755995828,37.73280488,SAT_12753,16.82539021,,SAT_28193,12.98425572,
frame-u-008149-1-0246,1,No match,FALSE,,inf,358.5449554,31.37360539,358.7140973,31.5091793,FOVNotMatch,2009/11/16 3:24:56,SAT_22014,1.448683639,12.68804749,SAT_06252,2.143768594,53.64846751,SAT_18942,2.622848755,59.63880706
frame-u-008156-6-0224,1,No match,FALSE,,inf,357.8877279,35.83565484,357.806511,35.93542624,FOVNotMatch,2009/11/17 4:54:05,SAT_31386,5.370732185,27.70776116,SAT_28664,4.37533472,31.66675026,SAT_07382,0.075342637,58.67468324
frame-u-008156-6-0225,1,No match,FALSE,,inf,358.1934014,35.93394459,358.0823509,36.07127812,FOVNotMatch,2009/11/17 4:54:41,SAT_31386,5.370732185,27.49347336,SAT_28664,4.37533472,31.45246246,SAT_07382,0.075342637,58.46039543
frame-u-008162-6-0157,1,No match,FALSE,,inf,344.5008235,29.46460334,344.5080168,29.58398903,FOVNotMatch,2009/11/18 3:06:47,SAT_08288,1.299097332,8.428519598,SAT_26867,0.047526704,25.89244678,SAT_27569,4.625303067,71.27133702
frame-u-008162-5-0158,1,No match,FALSE,,inf,344.8129383,29.08525428,344.8177743,29.16718499,FOVNotMatch,2009/11/18 3:07:22,SAT_08288,1.299097332,8.478074564,SAT_26867,0.047526704,25.84289181,SAT_27569,4.625303067,71.22178206
frame-u-008162-1-0160,1,No match,FALSE,,inf,345.3761221,27.46753255,345.3906803,27.69671118,FOVNotMatch,2009/11/18 3:08:34,SAT_08288,1.299097332,8.207146717,SAT_26867,0.047526704,26.11381966,SAT_27569,4.625303067,71.4927099
frame-u-008158-5-0024,1,No match,FALSE,,inf,357.4469172,35.3300309,357.3538746,35.4008182,FOVNotMatch,2009/11/17 6:57:45,SAT_13890,1.813699065,21.71647152,SAT_27764,2.523530931,43.04183782,SAT_06847,0.490409925,55.08486876
frame-u-008158-5-0108,1,No match,FALSE,,inf,12.7572618,35.20585826,12.66556875,35.21866961,FOVNotMatch,2009/11/17 7:47:54,SAT_02997,4.554349295,62.83304369,SAT_21933,3.946893997,66.83613471,SAT_17333,13.39160931,
frame-u-000094-5-0174,1,No match,FALSE,N/A,inf,0.953736176,0.826306677,0.827051709,0.837798212,FOVNotMatch,1998/9/19 7:15:00,SAT_24721,4.201570936,20.5390482,SAT_04998,0.169792719,21.00980846,SAT_03029,3.175542229,21.67588812
frame-u-000094-3-0224,1,Success,TRUE,SAT_00355,3.991040119,8.431472577,-0.191840125,8.3099233,-0.156881217,,1998/9/19 7:44:51,SAT_00355,5.436746214,3.991040119,SAT_23846,5.273223931,16.00329328,SAT_24315,5.920554651,16.02303322
frame-u-000094-3-0225,1,Success,TRUE,SAT_00355,4.115756185,8.620962247,-0.160653301,8.459583291,-0.113858288,,1998/9/19 7:45:27,SAT_00355,5.436746214,4.115756185,SAT_23846,5.273223931,16.12800934,SAT_24315,5.920554651,16.14774928
frame-u-000094-3-0226,1,Success,TRUE,SAT_00355,3.861269825,8.771586882,-0.117620024,8.611323179,-0.071919026,,1998/9/19 7:46:03,SAT_00355,5.436746214,3.861269825,SAT_23846,5.273223931,15.87352298,SAT_24315,5.920554651,15.89326292
frame-u-000094-3-0227,1,Success,TRUE,SAT_00355,3.90483845,8.920626737,-0.074707039,8.759140316,-0.028524513,,1998/9/19 7:46:38,SAT_00355,5.436746214,3.90483845,SAT_23846,5.273223931,15.91709161,SAT_24315,5.920554651,15.93683155
frame-u-000094-3-0228,1,Success,TRUE,SAT_00355,3.965793632,9.070674863,-0.032280595,8.910266034,0.013778442,,1998/9/19 7:47:14,SAT_00355,5.436746214,3.965793632,SAT_23846,5.273223931,15.97804679,SAT_24315,5.920554651,15.99778673
frame-u-000094-3-0229,1,Success,TRUE,SAT_00355,4.087315488,9.220166469,0.010614927,9.142602531,0.033064452,,1998/9/19 7:47:50,SAT_00355,5.436746214,4.087315488,SAT_23846,5.273223931,16.09956864,SAT_24315,5.920554651,16.11930859
frame-u-000094-3-0230,1,No match,FALSE,N/A,inf,9.207056248,-0.177608968,9.32609387,-0.002829491,FOVNotMatch,1998/9/19 7:48:26,SAT_04902,4.711163311,38.48458032,SAT_04250,3.389196573,39.20071843,SAT_04353,4.411535581,39.33124393
frame-u-000094-3-0305,1,No match,FALSE,N/A,inf,20.43249192,0.023331637,20.50554408,0.032378404,FOVNotMatch,1998/9/19 8:33:12,SAT_21222,5.325290832,7.074738616,SAT_20946,5.261563825,7.078072614,SAT_24315,5.923312751,7.085359095
frame-u-000094-1-0313,1,Success,TRUE,SAT_07324,0.990655534,21.63109452,-0.899210509,21.79318043,-0.846559128,,1998/9/19 8:37:59,SAT_07324,2.839147393,0.990655534,SAT_04902,0.034847898,1.299110649,SAT_07298,3.403663812,1.572754801
frame-u-000094-2-0216,1,No match,FALSE,N/A,inf,7.274241222,-0.547189173,7.11258593,-0.500686182,FOVNotMatch,1998/9/19 7:40:04,SAT_14839,5.784638168,13.54609318,SAT_23846,4.852780559,16.00648463,SAT_24315,5.552615187,16.02694361
frame-u-000094-2-0218,1,No match,FALSE,N/A,inf,7.574178281,-0.461842746,7.412321654,-0.414455065,FOVNotMatch,1998/9/19 7:41:16,SAT_14839,5.784638168,13.81584164,SAT_23846,4.852780559,16.27623309,SAT_24315,5.552615187,16.29669207
frame-u-000094-3-0237,1,Success,TRUE,SAT_21634,4.513949277,10.38491162,-0.185322285,10.25530511,-0.166622909,,1998/9/19 7:52:37,SAT_21634,4.80909227,4.513949277,SAT_23846,4.8543252,8.167804536,SAT_23581,4.996803719,8.181699061
frame-u-000094-4-0238,1,No match,FALSE,N/A,inf,10.56749382,0.392925108,10.4046234,0.439209152,FOVNotMatch,1998/9/19 7:53:12,SAT_21634,4.80909227,12.16837309,SAT_23846,4.8543252,15.82222835,SAT_23581,4.996803719,15.83612287
frame-u-000094-5-0244,1,No match,FALSE,N/A,inf,11.46257287,0.647182427,11.30326468,0.692013368,FOVNotMatch,1998/9/19 7:56:48,SAT_21634,5.126692346,11.15705536,SAT_23581,5.937081136,15.68510624,SAT_03029,0.137628927,31.45692081
frame-u-000109-2-0077,1,No match,FALSE,N/A,inf,46.28239682,-0.657704029,46.12018187,-0.642892814,FOVNotMatch,1998/9/22 10:04:00,SAT_10206,0.123578934,5.42131847,SAT_08747,1.504648805,8.439279754,SAT_08746,1.452040674,8.45980802
frame-u-000109-3-0053,1,Success,TRUE,SAT_08330,3.466778527,42.67874756,-0.229537591,42.52884881,-0.254950427,,1998/9/22 9:49:40,SAT_08330,5.861626638,3.466778527,SAT_04353,5.248005998,3.621438468,SAT_10953,4.139594891,3.933204871
frame-u-000109-5-0126,1,No match,FALSE,N/A,inf,53.53470165,0.601318183,53.6196628,0.557380677,FOVNotMatch,1998/9/22 10:33:15,SAT_08746,1.208713844,12.8454657,SAT_08747,1.331540305,12.86434359,SAT_20399,4.380146275,23.61687833
frame-u-000109-5-0129,1,Success,TRUE,SAT_19777,0.593613598,54.04524775,0.559882082,53.90587563,0.540236804,,1998/9/22 10:35:03,SAT_19777,5.951205342,0.593613598,SAT_19483,5.664516536,1.936117728,SAT_10953,3.671404313,4.59824439
frame-u-000109-5-0130,1,Success,TRUE,SAT_19777,0.745835539,54.11685407,0.527876065,54.21799359,0.542406416,,1998/9/22 10:35:39,SAT_19777,5.951205342,0.745835539,SAT_19483,5.664516536,1.783895788,SAT_10953,3.671404313,4.44602245
frame-u-000109-5-0130,2,No match,FALSE,N/A,inf,54.05491702,0.466314871,54.07436703,0.660777782,FOVNotMatch,1998/9/22 10:35:39,SAT_10586,3.238200765,11.9310857,SAT_08566,5.192136669,12.26060908,SAT_18375,3.619280081,13.89986546
frame-u-000109-6-0130,1,No match,FALSE,N/A,inf,54.09337829,0.857006155,54.11631624,1.081367797,FOVNotMatch,1998/9/22 10:35:39,SAT_10586,3.238200765,11.80587945,SAT_08566,5.192136669,12.13540283,SAT_18375,3.619280081,13.7746592
frame-u-000109-4-0131,1,No match,FALSE,N/A,inf,54.30786458,0.018192477,54.33075537,0.242268283,FOVNotMatch,1998/9/22 10:36:14,SAT_10586,3.238200765,11.80960486,SAT_08566,5.192136669,12.13912824,SAT_18375,3.619280081,13.77838461
frame-u-000109-5-0182,1,No match,FALSE,N/A,inf,61.88235419,0.582591681,61.83802459,0.612401041,FOVNotMatch,1998/9/22 11:06:41,SAT_08746,2.934102142,18.81088721,SAT_08747,3.009108985,18.82913592,SAT_08195,4.934368329,38.59568193
frame-u-000125-5-0082,1,No match,FALSE,N/A,inf,1.200426006,0.437459531,1.148074035,0.4819112,FOVNotMatch,1998/9/25 6:52:32,SAT_23829,1.67168641,52.67028203,SAT_03029,3.017241439,56.81275009,SAT_23168,7.176672502,N/A
frame-u-000125-1-0093,1,No match,FALSE,N/A,inf,2.786083442,-1.238993479,2.880528123,-1.066600213,FOVNotMatch,1998/9/25 6:59:05,SAT_19230,3.083222302,20.81234601,SAT_04250,4.965466702,44.57452523,SAT_04353,5.611622198,44.88038568
frame-u-000125-2-0124,1,Success,TRUE,SAT_23846,4.879613196,7.373644303,-0.791275261,7.444330536,-0.797368043,,1998/9/25 7:17:36,SAT_23846,4.64208274,4.879613196,SAT_20946,4.61945601,4.908735199,SAT_24315,5.375813425,4.909135136
frame-u-000125-2-0124,2,Success,TRUE,SAT_23846,0.160024751,7.3734058,-0.767704714,7.533215033,-0.768282868,,1998/9/25 7:17:36,SAT_23846,4.64208274,0.160024751,SAT_20946,4.61945601,0.189146754,SAT_24315,5.375813425,0.18954669
frame-u-000125-6-0155,1,Success,TRUE,SAT_15202,4.259832422,12.17364733,0.865958506,12.01176122,0.9118994,,1998/9/25 7:36:05,SAT_15202,4.565980631,4.259832422,SAT_03428,3.403197487,30.54909341,SAT_03029,0.08778155,31.45311325
frame-u-000125-6-0158,1,Success,TRUE,SAT_15202,4.311941573,12.62199451,0.991600476,12.46036212,1.037308921,,1998/9/25 7:37:52,SAT_15202,4.565980631,4.311941573,SAT_03428,3.403197487,30.49698426,SAT_03029,0.08778155,31.4010041
frame-u-000125-5-0171,1,No match,FALSE,N/A,inf,14.4166908,0.523976471,14.52001514,0.662444426,FOVNotMatch,1998/9/25 7:45:38,SAT_08788,2.596679918,15.01987431,SAT_10089,2.106840052,26.6668786,SAT_04902,3.492818159,36.16715713
frame-u-000125-6-0242,1,No match,FALSE,N/A,inf,25.11038126,0.858173015,25.18892866,0.964997473,FOVNotMatch,1998/9/25 8:28:00,SAT_04902,0.106382713,37.22711328,SAT_04353,1.490843979,38.09836614,SAT_04250,2.052691785,38.49642595
frame-u-000125-5-0227,1,No match,FALSE,N/A,inf,22.78248455,0.605603685,22.86343971,0.662366741,FOVNotMatch,1998/9/25 8:19:03,SAT_04902,0.027850134,18.37622716,SAT_25313,3.764480585,19.24336429,SAT_04353,1.424240799,19.24801606
frame-u-000125-1-0255,1,No match,FALSE,N/A,inf,27.09074601,-1.159717369,27.13422591,-1.14004733,FOVNotMatch,1998/9/25 8:35:46,SAT_04902,1.748963928,8.14094396,SAT_04353,2.338040775,9.010153675,SAT_04250,3.850452637,9.491799887
frame-u-000125-1-0343,1,No match,FALSE,N/A,inf,40.29165044,-1.240853484,40.13697456,-1.181835819,FOVNotMatch,1998/9/25 9:28:17,SAT_08746,3.931164236,8.114330814,SAT_08747,3.988421028,8.127185936,SAT_23581,5.643700742,20.73704478
frame-u-000125-1-0344,1,No match,FALSE,N/A,inf,40.44873513,-1.186701486,40.38379155,-1.161166662,FOVNotMatch,1998/9/25 9:28:53,SAT_08746,3.931164236,8.693452833,SAT_08747,3.988421028,8.706307955,SAT_23581,5.643700742,21.3161668
frame-u-000125-5-0323,1,No match,FALSE,N/A,inf,37.22235097,0.438219281,37.25862755,0.480956828,FOVNotMatch,1998/9/25 9:16:21,SAT_05435,2.507152133,14.49793432,SAT_22781,1.645141012,15.24311123,SAT_04902,3.353775551,34.75594869
frame-u-000125-4-0324,1,No match,FALSE,N/A,inf,37.33341596,0.210191886,37.35894587,0.241859858,FOVNotMatch,1998/9/25 9:16:56,SAT_05435,2.507152133,15.94769582,SAT_22781,1.645141012,16.69287274,SAT_04902,3.353775551,36.2057102
frame-u-000125-5-0328,1,Success,TRUE,SAT_08746,0.255902274,38.05498731,0.441392133,37.96844548,0.460822136,,1998/9/25 9:19:20,SAT_08746,4.23687668,0.255902274,SAT_08747,4.264094397,0.268992049,SAT_21229,3.716452588,8.386446001
frame-u-000125-3-0263,1,Success,TRUE,SAT_20631,1.819407217,28.28349175,-0.390968193,28.31403549,-0.296967057,,1998/9/25 8:40:32,SAT_20631,5.074953931,1.819407217,SAT_13354,3.91874874,8.364523291,SAT_04902,1.26355429,55.92048213
frame-u-000125-4-0290,1,Success,TRUE,SAT_08620,0.112884994,32.22065756,0.121950676,32.35621754,0.15375546,,1998/9/25 8:56:39,SAT_08620,5.859775684,0.112884994,SAT_03428,3.54219778,0.488549978,SAT_03029,5.726193709,0.623060335
frame-u-000125-6-0354,1,No match,FALSE,N/A,inf,41.85994251,0.857246836,41.90635973,0.892697215,FOVNotMatch,1998/9/25 9:34:50,SAT_10516,5.590905319,22.58519361,SAT_04902,3.991760434,23.17309849,SAT_10953,4.922962451,23.76630994
frame-u-000125-3-0407,1,No match,FALSE,N/A,inf,49.76829866,-0.402487501,49.731807,-0.37035227,FOVNotMatch,1998/9/25 10:06:28,SAT_08746,1.998997657,27.25374892,SAT_08747,2.105470856,27.26671016,SAT_23581,5.170475444,41.18173239
frame-u-000211-2-0015,1,No match,FALSE,N/A,inf,43.23174534,-0.778564488,43.19732345,-0.610903525,FOVNotMatch,1998/10/29 7:26:42,SAT_22911,5.540026662,78.38722753,SAT_20946,4.658068572,78.45575376,SAT_14117,4.987238854,88.06553596
frame-u-000211-2-0105,1,No match,FALSE,N/A,inf,56.77585359,-0.635844554,56.7019576,-0.611158773,FOVNotMatch,1998/10/29 8:20:25,SAT_22911,5.545676537,18.45724037,SAT_20946,4.642729099,18.53320245,SAT_16250,4.705914497,28.19888075
frame-u-000211-4-0115,1,No match,FALSE,N/A,inf,58.16947042,0.007761778,58.30751563,0.193557064,FOVNotMatch,1998/10/29 8:26:25,SAT_14117,5.26150098,41.41951742,SAT_16250,4.910363924,43.74931208,SAT_20946,5.476464566,53.32800713
frame-u-000211-4-0159,1,No match,FALSE,N/A,inf,64.79054484,0.003403055,64.81144025,0.226630572,FOVNotMatch,1998/10/29 8:52:41,SAT_14117,5.913525643,73.64122285,SAT_16250,4.493670799,75.47091713,SAT_20946,5.468672975,84.59254141
frame-u-000211-1-0160,1,No match,FALSE,N/A,inf,64.97473401,-1.25519063,64.99570071,-1.032219692,FOVNotMatch,1998/10/29 8:53:15,SAT_14117,5.913525643,73.61799925,SAT_16250,4.493670799,75.44769353,SAT_20946,5.468672975,84.56931781
frame-u-000211-1-0184,1,No match,FALSE,N/A,inf,68.63540547,-1.200268605,68.47300725,-1.037457524,FOVNotMatch,1998/10/29 9:07:35,SAT_22911,5.209070207,45.0586482,SAT_20946,4.211808334,45.13768602,SAT_16250,4.4347377,53.94644689
frame-u-000211-6-0205,1,No match,FALSE,N/A,inf,71.66383554,0.851412135,71.61545776,0.858860017,FOVNotMatch,1998/10/29 9:20:10,SAT_16250,4.391584956,17.32754676,SAT_19754,14.42691692,N/A,SAT_22248,15.8626136,N/A
frame-u-000211-2-0195,1,No match,FALSE,N/A,inf,70.27448559,-0.64959316,70.17700168,-0.640304791,FOVNotMatch,1998/10/29 9:14:09,SAT_22911,5.551783322,5.423165897,SAT_20946,4.626726837,5.502365973,SAT_16250,4.391877113,14.16121604
frame-u-000211-5-0315,1,No match,FALSE,N/A,inf,88.24059364,0.594144878,88.07982528,0.617736367,FOVNotMatch,1998/10/29 10:25:51,SAT_20946,5.860123443,8.402197133,SAT_16250,4.683195083,14.98678185,SAT_22248,15.76288887,N/A
frame-u-000211-4-0223,1,No match,FALSE,N/A,inf,74.36418679,0.110259396,74.47011182,0.135811279,FOVNotMatch,1998/10/29 9:30:54,SAT_16250,4.339790487,5.259156956,SAT_20946,5.45731803,13.50372964,SAT_21041,17.09164321,N/A
frame-u-000211-4-0223,2,Success,TRUE,SAT_20946,1.930986705,74.33961286,0.001464227,74.3818835,0.00293254,,1998/10/29 9:30:54,SAT_20946,5.45731803,1.930986705,SAT_16250,4.339790487,6.313585974,SAT_21041,17.09164321,N/A
frame-u-000211-4-0292,1,No match,FALSE,N/A,inf,84.79909778,0.090849783,84.63725594,0.115579629,FOVNotMatch,1998/10/29 10:12:05,SAT_20946,5.44535099,8.742880561,SAT_16250,4.678792726,15.78355927,SAT_13012,2.573530872,60.82570839
frame-u-000211-4-0293,1,No match,FALSE,N/A,inf,84.94903685,0.113557976,84.78643283,0.137916264,FOVNotMatch,1998/10/29 10:12:41,SAT_20946,5.44535099,8.574774485,SAT_16250,4.678792726,15.61545319,SAT_13012,2.573530872,60.99381447
frame-u-000211-3-0277,1,No match,FALSE,N/A,inf,82.55472867,-0.247506164,82.39143634,-0.221976972,FOVNotMatch,1998/10/29 10:03:09,SAT_22911,5.902838037,8.863454406,SAT_20946,5.03088884,8.941789566,SAT_16250,4.744307089,16.2646495
frame-u-000211-6-0329,1,No match,FALSE,N/A,inf,90.33677977,0.889337572,90.17568998,0.911885901,FOVNotMatch,1998/10/29 10:34:11,SAT_16250,4.608076329,14.31810604,SAT_22248,15.93383151,N/A,SAT_22911,7.009012149,N/A
frame-u-000211-6-0331,1,No match,FALSE,N/A,inf,90.63610287,0.930573026,90.47463903,0.953595091,FOVNotMatch,1998/10/29 10:35:23,SAT_16250,4.608076329,14.46481746,SAT_22248,15.93383151,N/A,SAT_22911,7.009012149,N/A
frame-u-000211-6-0333,1,No match,FALSE,N/A,inf,90.93656301,0.971847477,90.77370728,0.994974231,FOVNotMatch,1998/10/29 10:36:35,SAT_16250,4.608076329,14.43257406,SAT_22248,15.93383151,N/A,SAT_22911,7.009012149,N/A
frame-u-000211-6-0334,1,No match,FALSE,N/A,inf,91.0857634,0.992860538,90.92364681,1.015465803,FOVNotMatch,1998/10/29 10:37:10,SAT_16250,4.608076329,14.28825207,SAT_22248,15.93383151,N/A,SAT_22911,7.009012149,N/A
frame-u-000211-4-0363,1,No match,FALSE,N/A,inf,95.26524301,-0.00129042,95.28811069,0.223044065,FOVNotMatch,1998/10/29 10:54:28,SAT_16250,5.292818801,78.56992183,SAT_20946,5.43370794,84.12977915,SAT_22911,6.271833801,N/A
frame-u-000125-1-0567,1,No match,FALSE,N/A,inf,73.81143137,-1.218508002,73.7573377,-1.019327302,FOVNotMatch,1998/9/25 11:41:57,SAT_10888,4.539600619,13.34321126,SAT_12992,2.568401804,26.52060597,SAT_04741,0.117675646,31.40368861
frame-u-000240-2-0074,1,Success,TRUE,SAT_12156,2.332723731,24.75377608,-0.8277602,24.67783378,-0.608685672,,1998/11/15 5:05:53,SAT_12156,1.733570742,2.332723731,SAT_17037,3.998537408,28.82988517,SAT_07629,4.335512843,29.32645343
frame-u-000240-6-0096,1,No match,FALSE,N/A,inf,27.96019536,0.844508181,27.90747138,0.929673536,FOVNotMatch,1998/11/15 5:19:02,SAT_07629,4.460028167,42.03814822,SAT_08747,5.123110866,47.37211869,SAT_08746,5.057100831,47.46828803
frame-u-000240-6-0097,1,No match,FALSE,N/A,inf,28.21969327,0.907540835,28.12016076,1.068575395,FOVNotMatch,1998/11/15 5:19:38,SAT_07629,4.460028167,41.99613187,SAT_08747,5.123110866,47.41413504,SAT_08746,5.057100831,47.51030438
frame-u-000240-4-0076,1,Success,TRUE,SAT_12156,2.03294652,25.06471428,0.00553702,24.98744856,0.226669919,,1998/11/15 5:07:05,SAT_12156,3.023894841,2.03294652,SAT_02092,1.269504474,11.46242544,SAT_04823,1.25272514,13.44570293
frame-u-000241-5-0061,1,No match,FALSE,N/A,inf,50.58445991,0.424576653,50.50899715,0.603819759,FOVNotMatch,1998/11/15 6:49:12,SAT_24368,5.635158996,42.49252293,SAT_08747,1.473210377,52.95389389,SAT_08746,0.681910732,52.99190219
frame-u-000241-3-0043,1,No match,FALSE,N/A,inf,47.97876237,-0.305631743,47.87037065,-0.264167342,FOVNotMatch,1998/11/15 6:38:28,SAT_08747,2.316740964,7.008309977,SAT_08746,2.032159971,7.0541353,SAT_20946,4.996852893,20.90016395
frame-u-000250-6-0158,1,Success,TRUE,SAT_03029,0.128869722,37.34550105,1.123297642,37.50710112,1.156222548,,1998/11/16 5:52:43,SAT_03029,5.871500037,0.128869722,SAT_04250,4.060094721,1.63248642,SAT_04353,2.669087208,2.18032104
frame-u-000250-2-0142,1,No match,FALSE,N/A,inf,35.03142361,-0.599077156,34.95315527,-0.521292048,FOVNotMatch,1998/11/16 5:43:10,SAT_23879,5.35871534,23.75011025,SAT_08747,5.146218969,32.69510521,SAT_08746,5.085861247,32.77742558
frame-u-000251-5-0027,1,Success,TRUE,SAT_02222,1.327218455,88.43345505,0.680636368,88.27432359,0.703280106,,1998/11/16 9:15:51,SAT_02222,5.802603791,1.327218455,SAT_15677,5.877255269,10.26026818,SAT_17561,5.431071666,12.8103874
frame-u-000251-5-0031,1,Success,TRUE,SAT_02222,1.375597639,89.03448538,0.76508099,88.87255257,0.788262416,,1998/11/16 9:18:15,SAT_02222,5.802603791,1.375597639,SAT_15677,5.877255269,10.30864736,SAT_17561,5.431071666,12.85876659
frame-u-000251-5-0031,2,No match,FALSE,N/A,inf,88.88269657,0.681027658,88.8717043,0.703132599,FOVNotMatch,1998/11/16 9:18:15,SAT_09568,4.232264948,9.353922707,SAT_22744,2.773457757,11.07992967,SAT_02222,5.802603791,56.7896446
frame-u-000251-5-0032,1,No match,FALSE,N/A,inf,89.18236879,0.681454425,89.10374691,0.831535822,FOVNotMatch,1998/11/16 9:18:50,SAT_09568,4.232264948,10.561775,SAT_22744,2.773457757,12.28778196,SAT_02222,5.802603791,55.58179231
frame-u-000251-5-0032,2,Success,TRUE,SAT_02222,1.285213092,89.1836001,0.786367151,89.02169008,0.809284632,,1998/11/16 9:18:50,SAT_02222,5.802603791,1.285213092,SAT_15677,5.877255269,10.21826282,SAT_17561,5.431071666,12.76838204
frame-u-000251-6-0048,1,Success,TRUE,SAT_02222,0.72952518,91.57820654,1.119240575,91.42741737,1.140721908,,1998/11/16 9:28:24,SAT_02222,5.413687249,0.72952518,SAT_17561,5.535473129,12.6714816,SAT_20499,5.187710313,13.40890553
frame-u-000251-6-0050,1,Success,TRUE,SAT_02222,0.468942148,91.87044267,1.160907626,91.71672448,1.182093204,,1998/11/16 9:29:35,SAT_02222,5.413687249,0.468942148,SAT_17561,5.535473129,12.41089857,SAT_20499,5.187710313,13.1483225
frame-u-000251-6-0054,1,Success,TRUE,SAT_02222,0.347275743,92.46754153,1.242531262,92.33398069,1.260649341,,1998/11/16 9:31:58,SAT_02222,5.413687249,0.347275743,SAT_17561,5.535473129,12.28923217,SAT_20499,5.187710313,13.02665609
frame-u-000251-4-0012,1,No match,FALSE,N/A,inf,86.02918351,0.379048547,86.19124969,0.355428642,FOVNotMatch,1998/11/16 9:06:54,SAT_20946,5.698408118,8.229479259,SAT_23846,5.695513704,8.274514306,SAT_21222,5.770630143,8.372145876
frame-u-000251-4-0016,1,No match,FALSE,N/A,inf,86.62803525,0.466207278,86.78957972,0.44286727,FOVNotMatch,1998/11/16 9:09:17,SAT_20946,5.698408118,8.158752721,SAT_23846,5.695513704,8.203787768,SAT_21222,5.770630143,8.301419338
frame-u-000251-4-0017,1,No match,FALSE,N/A,inf,86.8044766,0.484080154,86.93989739,0.464773968,FOVNotMatch,1998/11/16 9:09:53,SAT_20946,5.698408118,8.051210265,SAT_23846,5.695513704,8.096245312,SAT_21222,5.770630143,8.193876882
frame-u-000251-5-0035,1,Success,TRUE,SAT_02222,0.974329841,89.63236904,0.849895728,89.47107145,0.872507296,,1998/11/16 9:20:38,SAT_02222,5.761343489,0.974329841,SAT_20456,1.799033539,1.085718244,SAT_15677,5.832591569,10.13597383
frame-u-000250-3-0403,1,No match,FALSE,N/A,inf,73.99697532,-0.093289874,74.15619169,0.06082225,FOVNotMatch,1998/11/16 8:18:54,SAT_17267,3.867534776,28.7054072,SAT_13878,4.497408154,32.00029678,SAT_19483,1.451595117,34.74373444
frame-u-000250-1-0266,1,Success,TRUE,SAT_22221,0.978305125,53.64756383,-1.00995256,53.55799429,-0.786859662,,1998/11/16 6:57:09,SAT_22221,3.060873526,0.978305125,SAT_25408,1.267701555,16.47264831,SAT_19946,5.44523361,23.2810249
frame-u-000250-2-0269,1,No match,FALSE,N/A,inf,54.03502625,-0.590469751,53.96933862,-0.377398856,FOVNotMatch,1998/11/16 6:58:57,SAT_22221,3.060873526,5.71739886,SAT_25408,1.267701555,11.73355458,SAT_19946,5.44523361,18.54193117
frame-u-000256-1-0041,1,No match,FALSE,N/A,inf,356.3680241,-0.945066782,356.2426571,-0.820029819,FOVNotMatch,1998/11/17 3:04:39,SAT_11778,3.635979498,30.15577853,SAT_20229,4.007169914,32.40190927,SAT_11540,5.707582437,36.22491648
frame-u-000259-5-0392,1,No match,FALSE,N/A,inf,65.35025674,0.813331968,65.25030863,0.696470333,FOVNotMatch,1998/11/17 7:40:05,SAT_15644,2.105525269,17.82342668,SAT_15259,5.257465101,20.85762705,SAT_13658,4.267255878,25.09897382
frame-u-000259-5-0393,1,No match,FALSE,N/A,inf,65.56258107,0.712200735,65.50270616,0.641991088,FOVNotMatch,1998/11/17 7:40:41,SAT_15644,2.105525269,17.9046842,SAT_15259,5.257465101,20.77636953,SAT_13658,4.267255878,25.18023135
frame-u-000259-1-0396,1,Success,TRUE,SAT_08747,4.903899276,66.01157924,-0.912918923,65.84939188,-0.883349876,,1998/11/17 7:42:28,SAT_08747,3.907482575,4.903899276,SAT_08746,3.542097715,4.911242835,SAT_13631,5.083206778,16.9553873
frame-u-000259-1-0396,2,No match,FALSE,N/A,inf,65.97534038,-0.848537071,65.97002833,-0.811557421,FOVNotMatch,1998/11/17 7:42:28,SAT_14313,4.475059874,12.09836662,SAT_10998,5.297062805,18.77296681,SAT_12303,2.218057022,18.79708323
frame-u-000259-1-0397,1,Success,TRUE,SAT_08747,4.897299715,66.16178937,-0.886203892,66.00017532,-0.856719924,,1998/11/17 7:43:04,SAT_08747,3.907482575,4.897299715,SAT_08746,3.542097715,4.904643274,SAT_13631,5.083206778,16.96198686
frame-u-000259-1-0398,1,No match,FALSE,N/A,inf,66.31123534,-0.859475359,66.14987745,-0.830383931,FOVNotMatch,1998/11/17 7:43:40,SAT_08747,3.907482575,5.016262503,SAT_08746,3.542097715,5.023606062,SAT_13631,5.083206778,16.84302407
frame-u-000259-1-0399,1,No match,FALSE,N/A,inf,66.46079125,-0.832241105,66.3480551,-0.81194505,FOVNotMatch,1998/11/17 7:44:16,SAT_08747,2.582626381,5.066274645,SAT_08746,2.140285846,5.07720942,SAT_20946,4.389103582,10.15798115
frame-u-000259-2-0408,1,No match,FALSE,N/A,inf,67.80714516,-0.593164035,67.6458876,-0.564708405,FOVNotMatch,1998/11/17 7:49:38,SAT_08747,3.293523479,5.303540438,SAT_08746,2.915578162,5.319134369,SAT_20946,4.807213585,9.95809633
frame-u-000259-2-0412,1,No match,FALSE,N/A,inf,68.4061446,-0.487528965,68.24429103,-0.459183742,FOVNotMatch,1998/11/17 7:52:02,SAT_08747,3.293523479,5.377735914,SAT_08746,2.915578162,5.393329844,SAT_20946,4.807213585,9.883900855
frame-u-000259-2-0413,1,No match,FALSE,N/A,inf,68.55473015,-0.461021316,68.39422631,-0.432940743,FOVNotMatch,1998/11/17 7:52:37,SAT_08747,3.293523479,5.387565032,SAT_08746,2.915578162,5.403158963,SAT_20946,4.807213585,9.874071736
frame-u-000259-3-0429,1,No match,FALSE,N/A,inf,70.94180349,-0.051901442,70.88867718,0.026693419,FOVNotMatch,1998/11/17 8:02:11,SAT_24938,2.899641645,14.14533083,SAT_08746,4.170989931,40.54741105,SAT_08747,4.484842742,40.57402465
frame-u-000259-3-0508,1,Success,TRUE,SAT_23244,1.740606095,82.77561211,-0.152819019,82.61448223,-0.127448801,,1998/11/17 8:49:21,SAT_23244,4.455998909,1.740606095,SAT_20946,5.23686375,8.888150841,SAT_24315,5.910576963,8.926066794
frame-u-000259-3-0509,1,Success,TRUE,SAT_23244,1.68991375,82.92555068,-0.130126893,82.7639294,-0.10453272,,1998/11/17 8:49:57,SAT_23244,4.455998909,1.68991375,SAT_20946,5.23686375,8.938843185,SAT_24315,5.910576963,8.976759138
frame-u-000259-3-0509,2,No match,FALSE,N/A,inf,82.77770596,-0.199014858,82.89905558,-0.078296457,FOVNotMatch,1998/11/17 8:49:57,SAT_24675,4.623530233,14.68183193,SAT_13658,3.270181791,25.66443059,SAT_19483,0.062162898,36.20261757
frame-u-000259-3-0509,3,No match,FALSE,N/A,inf,82.7753849,-0.198525246,82.88158174,-0.090880044,FOVNotMatch,1998/11/17 8:49:57,SAT_24675,4.623530233,15.21930506,SAT_13658,3.270181791,26.20190372,SAT_19483,0.062162898,36.74009071
frame-u-000259-3-0509,4,No match,FALSE,N/A,inf,82.77367451,-0.198646935,82.83355589,-0.136332116,FOVNotMatch,1998/11/17 8:49:57,SAT_24675,4.623530233,15.97211849,SAT_13658,3.270181791,26.95471716,SAT_19483,0.062162898,37.49290414
frame-u-000259-3-0511,1,No match,FALSE,N/A,inf,83.19664648,-0.198382027,83.07439923,-0.074525362,FOVNotMatch,1998/11/17 8:51:09,SAT_13012,3.847877787,24.42025739,SAT_11296,4.030225433,24.94315492,SAT_23244,4.455998909,34.68626003
frame-u-000259-3-0511,2,Success,TRUE,SAT_23244,2.179343842,83.22465131,-0.083874851,83.06328686,-0.059732409,,1998/11/17 8:51:09,SAT_23244,4.455998909,2.179343842,SAT_20946,5.23686375,8.449413093,SAT_24315,5.910576963,8.487329046
frame-u-000259-1-0490,1,Success,TRUE,SAT_08746,2.549803727,80.08244222,-0.861950142,79.91937649,-0.824929885,,1998/11/17 8:38:36,SAT_08746,5.768215267,2.549803727,SAT_23244,3.874829702,2.685629414,SAT_20946,4.399565629,12.73394983
frame-u-000259-1-0491,1,Success,TRUE,SAT_08746,2.532946314,80.23089853,-0.828023443,80.19377243,-0.819583303,,1998/11/17 8:39:12,SAT_08746,5.768215267,2.532946314,SAT_23244,3.874829702,2.702486827,SAT_20946,4.399565629,12.75080724
frame-u-000259-5-0546,1,Success,TRUE,SAT_23244,3.894335198,88.30199478,0.711512173,88.46279488,0.688664805,,1998/11/17 9:12:02,SAT_23244,5.894813672,3.894335198,SAT_15677,5.832609676,10.25022429,SAT_17561,5.35322152,12.80135394
frame-u-000259-5-0548,1,Success,TRUE,SAT_23244,3.843821412,88.76388347,0.730916563,88.60238732,0.754007878,,1998/11/17 9:13:14,SAT_23244,5.894813672,3.843821412,SAT_15677,5.832609676,10.30073808,SAT_17561,5.35322152,12.85186773
frame-u-000259-5-0549,1,Success,TRUE,SAT_23244,3.964287834,88.75060331,0.775117434,88.91286273,0.752265093,,1998/11/17 9:13:50,SAT_23244,5.894813672,3.964287834,SAT_15677,5.832609676,10.18027166,SAT_17561,5.35322152,12.73140131
frame-u-000259-5-0550,1,Success,TRUE,SAT_23244,4.000133964,88.90067672,0.796341239,89.06266519,0.773630511,,1998/11/17 9:14:25,SAT_23244,5.894813672,4.000133964,SAT_15677,5.832609676,10.14442553,SAT_17561,5.35322152,12.69555518
frame-u-000259-5-0551,1,Success,TRUE,SAT_23244,3.986158579,89.05023899,0.817709057,89.21203087,0.794985771,,1998/11/17 9:15:01,SAT_23244,5.894813672,3.986158579,SAT_15677,5.832609676,10.15840091,SAT_17561,5.35322152,12.70953056
frame-u-000259-5-0553,1,No match,FALSE,N/A,inf,89.34963866,0.859811501,89.51248442,0.836734274,FOVNotMatch,1998/11/17 9:16:13,SAT_22927,5.974187373,9.642863316,SAT_15677,5.793147401,10.22421797,SAT_17561,5.294507501,12.73250143
frame-u-000273-4-0067,1,Success,TRUE,SAT_11027,1.506285606,19.93431088,0.136702612,19.88484431,0.171777022,,1998/11/19 4:31:15,SAT_11027,3.8597929,1.506285606,SAT_21223,1.557628202,35.10337075,SAT_24315,5.210983741,35.33099897
frame-u-000273-4-0068,1,Success,TRUE,SAT_11027,0.838218706,20.19486865,0.164492419,20.09238902,0.235374694,,1998/11/19 4:31:51,SAT_11027,3.8597929,0.838218706,SAT_21223,1.557628202,34.43530385,SAT_24315,5.210983741,34.66293207
frame-u-000273-3-0117,1,No match,FALSE,N/A,inf,27.36690407,-0.188555418,27.41259039,-0.214828181,FOVNotMatch,1998/11/19 5:01:06,SAT_11027,3.398681481,6.814419966,SAT_21778,3.665293337,14.49329783,SAT_08747,5.222606798,19.24829754
frame-u-000273-6-0162,1,Success,TRUE,SAT_21778,4.812771035,34.26450954,0.855264381,34.10242523,0.921629589,,1998/11/19 5:27:57,SAT_21778,3.860341244,4.812771035,SAT_08747,3.835744123,10.28126753,SAT_08746,3.766981214,10.37163025
frame-u-000273-6-0163,1,Success,TRUE,SAT_21778,4.349648277,34.41432703,0.916577126,34.34067015,0.946042643,,1998/11/19 5:28:33,SAT_21778,3.860341244,4.349648277,SAT_08747,3.835744123,9.818144772,SAT_08746,3.766981214,9.90850749
frame-u-000287-5-0118,1,Success,TRUE,SAT_19475,3.539558953,52.5450681,0.535320822,52.50195845,0.614708785,,1998/11/21 6:33:31,SAT_19475,1.638761204,3.539558953,SAT_02431,2.368408485,28.40164036,SAT_20712,1.879933807,35.489844
frame-u-000287-4-0333,1,Success,TRUE,SAT_10954,4.307222889,84.84468132,0.174144288,84.68402581,0.19820035,,1998/11/21 8:41:52,SAT_10954,1.476282665,4.307222889,SAT_20946,5.546995303,8.465143628,SAT_23846,5.532623792,8.497145415
frame-u-000287-4-0335,1,Success,TRUE,SAT_10954,4.510854118,85.11266318,0.223615392,84.98289568,0.242575034,,1998/11/21 8:43:04,SAT_10954,1.476282665,4.510854118,SAT_20946,5.546995303,8.261512399,SAT_23846,5.532623792,8.293514186
frame-u-000287-4-0337,1,Success,TRUE,SAT_10954,4.199908287,85.44318716,0.262836865,85.28293039,0.287140043,,1998/11/21 8:44:15,SAT_10954,1.476282665,4.199908287,SAT_20946,5.546995303,8.57245823,SAT_23846,5.532623792,8.604460017
frame-u-000287-5-0351,1,No match,FALSE,N/A,inf,87.37804131,0.593682122,87.54018852,0.569843417,FOVNotMatch,1998/11/21 8:52:38,SAT_20946,5.967548171,8.311829306,SAT_23846,5.952877667,8.343980015,SAT_22927,5.912629804,9.956379498
frame-u-000287-5-0354,1,No match,FALSE,N/A,inf,87.82682175,0.658008222,87.98728543,0.634656916,FOVNotMatch,1998/11/21 8:54:25,SAT_20946,5.967548171,8.228063017,SAT_23846,5.952877667,8.260213726,SAT_22927,5.912629804,9.872613209
frame-u-000287-5-0355,1,No match,FALSE,N/A,inf,87.97672493,0.679121043,88.1392017,0.656032002,FOVNotMatch,1998/11/21 8:55:01,SAT_20946,5.967548171,8.036260661,SAT_23846,5.952877667,8.06841137,SAT_22927,5.912629804,9.680810853
frame-u-000287-5-0359,1,No match,FALSE,N/A,inf,88.65143332,0.753772555,88.73769594,0.741559849,FOVNotMatch,1998/11/21 8:57:25,SAT_00059,0.827801571,6.688105226,SAT_20946,5.968427669,8.006032419,SAT_23846,5.953181187,8.038225876
frame-u-000287-6-0370,1,Success,TRUE,SAT_10241,0.997889557,90.22265385,0.995872299,90.38379464,0.973462366,,1998/11/21 9:03:55,SAT_10241,3.284283801,0.997889557,SAT_23867,4.456452892,12.40303592,SAT_15993,4.176317174,12.60064436
frame-u-000287-6-0373,1,Success,TRUE,SAT_10241,0.904563912,90.67133629,1.058518552,90.83250651,1.035837346,,1998/11/21 9:05:43,SAT_10241,3.284283801,0.904563912,SAT_23867,4.456452892,12.49636157,SAT_15993,4.176317174,12.69397001
frame-u-000287-5-0176,1,No match,FALSE,N/A,inf,61.27003047,0.545334444,61.24136565,0.70506906,FOVNotMatch,1998/11/21 7:08:09,SAT_14313,1.336255082,11.31299435,SAT_10998,0.017101582,20.4999378,SAT_18086,5.131870056,22.40005774
frame-u-000297-5-0069,1,No match,FALSE,N/A,inf,69.83303912,0.599550065,69.85580084,0.765763298,FOVNotMatch,1998/11/22 7:38:42,SAT_21434,2.524570913,8.674165528,SAT_22361,2.245479035,31.13664832,SAT_23257,4.356858078,36.90645196
frame-u-000297-6-0118,1,No match,FALSE,N/A,inf,77.29315932,0.965997394,77.23477081,1.189435134,FOVNotMatch,1998/11/22 8:07:58,SAT_15246,2.026819743,40.91196055,SAT_08840,2.096122322,78.38689708,SAT_13970,0.91894623,79.10107416
frame-u-000297-3-0131,1,No match,FALSE,N/A,inf,79.1119726,-0.210525568,79.19319835,-0.249689345,FOVNotMatch,1998/11/22 8:15:44,SAT_15246,1.788530866,9.214343018,SAT_20946,5.142359284,25.69725642,SAT_24315,5.816553487,25.72256083
frame-u-000297-3-0152,1,No match,FALSE,N/A,inf,82.25643351,-0.166313096,82.41840769,-0.191379301,FOVNotMatch,1998/11/22 8:28:16,SAT_20946,5.147042644,8.750877634,SAT_24315,5.818835758,8.777499504,SAT_23846,5.129289143,8.780026144
frame-u-000297-3-0154,1,No match,FALSE,N/A,inf,82.56144236,-0.121576629,82.71765865,-0.145282518,FOVNotMatch,1998/11/22 8:29:28,SAT_20946,5.147042644,8.582697205,SAT_24315,5.818835758,8.609319075,SAT_23846,5.129289143,8.611845715
frame-u-000297-3-0145,1,No match,FALSE,N/A,inf,81.23763063,-0.18300503,81.36992262,-0.199083414,FOVNotMatch,1998/11/22 8:24:05,SAT_20946,5.145632331,6.884028531,SAT_24315,5.818190289,6.910220146,SAT_23846,5.128318622,6.913118324
frame-u-000307-3-0052,1,No match,FALSE,N/A,inf,83.83406711,0.026065521,83.67160183,0.050875234,FOVNotMatch,1998/11/23 8:29:59,SAT_20946,5.405023691,8.639144498,SAT_23846,5.385473647,8.665549743,SAT_21222,5.487949168,8.750409075
frame-u-000307-3-0056,1,No match,FALSE,N/A,inf,84.43273909,0.116176103,84.27172686,0.140639801,FOVNotMatch,1998/11/23 8:32:22,SAT_20946,5.405023691,8.595997308,SAT_23846,5.385473647,8.622402554,SAT_21222,5.487949168,8.707261886
frame-u-000297-1-0084,1,No match,FALSE,N/A,inf,72.08394896,-0.93447437,72.17782675,-1.014570025,FOVNotMatch,1998/11/22 7:47:40,SAT_08746,3.584169785,25.08561738,SAT_08747,3.91299843,25.11461709,SAT_20946,4.298569928,40.43456271
frame-u-000307-3-0059,1,No match,FALSE,N/A,inf,84.88233883,0.183461785,84.82516174,0.192154062,FOVNotMatch,1998/11/23 8:34:10,SAT_20946,5.40561381,8.600378737,SAT_23846,5.385677011,8.626783235,SAT_21222,5.486682607,8.712158184
frame-u-000297-4-0167,1,No match,FALSE,N/A,inf,84.50073043,0.173053252,84.66063665,0.149801345,FOVNotMatch,1998/11/22 8:37:13,SAT_20946,5.567888739,8.226097313,SAT_23846,5.551077251,8.255337953,SAT_21222,5.649236333,8.337451059
frame-u-000297-4-0168,1,No match,FALSE,N/A,inf,84.65054923,0.195379165,84.81250583,0.171507026,FOVNotMatch,1998/11/22 8:37:49,SAT_20946,5.567888739,8.337661828,SAT_23846,5.551077251,8.366902468,SAT_21222,5.649236333,8.449015575
frame-u-000297-4-0175,1,No match,FALSE,N/A,inf,85.71022838,0.349507486,85.86070745,0.327159117,FOVNotMatch,1998/11/22 8:41:59,SAT_20946,5.569463479,8.399772429,SAT_23846,5.552145187,8.429043499,SAT_21222,5.64865702,8.511680365
frame-u-000297-5-0186,1,No match,FALSE,N/A,inf,87.34501197,0.59096577,87.5071387,0.568018517,FOVNotMatch,1998/11/22 8:48:33,SAT_20946,5.989941185,8.007810019,SAT_23846,5.973366161,8.037101597,SAT_22927,5.934494709,9.652870145
frame-u-000297-5-0187,1,No match,FALSE,N/A,inf,87.49460197,0.612545449,87.65767337,0.589721313,FOVNotMatch,1998/11/22 8:49:09,SAT_20946,5.989941185,7.919352846,SAT_23846,5.973366161,7.948644425,SAT_22927,5.934494709,9.564412973
frame-u-000297-5-0191,1,No match,FALSE,N/A,inf,88.09385542,0.698841558,88.2556152,0.675904475,FOVNotMatch,1998/11/22 8:51:33,SAT_20946,5.989941185,8.022480087,SAT_23846,5.973366161,8.051771666,SAT_22927,5.934494709,9.667540214
frame-u-000297-5-0200,1,Success,TRUE,SAT_15677,0.264045342,89.44087633,0.744825812,89.56304109,0.750028291,,1998/11/22 8:56:55,SAT_15677,5.694871419,0.264045342,SAT_13970,1.392316623,0.443090219,SAT_22927,5.87803846,0.845430699
frame-u-000297-5-0193,1,No match,FALSE,N/A,inf,88.3958099,0.74049049,88.55509712,0.718428563,FOVNotMatch,1998/11/22 8:52:44,SAT_20946,5.991843165,7.837017814,SAT_23846,5.97482433,7.866309593,SAT_22927,5.906535489,9.481264998
frame-u-000297-5-0195,1,No match,FALSE,N/A,inf,88.72656588,0.779094848,88.85456961,0.76135678,FOVNotMatch,1998/11/22 8:53:56,SAT_20946,5.991843165,7.841057378,SAT_23846,5.97482433,7.870349157,SAT_22927,5.906535489,9.485304562
frame-u-000307-4-0068,1,No match,FALSE,N/A,inf,86.20292332,0.386832612,86.06698294,0.407026055,FOVNotMatch,1998/11/23 8:39:32,SAT_20946,5.824024658,8.405061982,SAT_23846,5.805327223,8.43145232,SAT_21222,5.899409231,8.517447461
frame-u-000307-4-0070,1,No match,FALSE,N/A,inf,86.52813776,0.426557357,86.3667424,0.450884444,FOVNotMatch,1998/11/23 8:40:43,SAT_20946,5.824024658,8.527472169,SAT_23846,5.805327223,8.553862508,SAT_21222,5.899409231,8.639857649
frame-u-000307-5-0092,1,No match,FALSE,N/A,inf,89.82118761,0.899555301,89.65934016,0.922304839,FOVNotMatch,1998/11/23 8:53:52,SAT_15677,5.936200332,10.17949522,SAT_20499,3.220265482,13.27176946,SAT_13631,2.591906185,13.62101331
frame-u-000307-5-0093,1,No match,FALSE,N/A,inf,89.97113428,0.920664586,89.80842108,0.943274312,FOVNotMatch,1998/11/23 8:54:28,SAT_15677,5.936200332,10.08921206,SAT_20499,3.220265482,13.1814863,SAT_13631,2.591906185,13.53073015
frame-u-000307-5-0095,1,No match,FALSE,N/A,inf,90.26977994,0.962009666,90.10853234,0.984978921,FOVNotMatch,1998/11/23 8:55:39,SAT_15677,5.936200332,10.28556236,SAT_20499,3.220265482,13.3778366,SAT_13631,2.591906185,13.72708045
frame-u-000307-5-0096,1,No match,FALSE,N/A,inf,90.25760998,1.005843019,90.42033174,0.983236222,FOVNotMatch,1998/11/23 8:56:15,SAT_15677,5.936200332,10.08793221,SAT_20499,3.220265482,13.18020645,SAT_13631,2.591906185,13.5294503
frame-u-000307-6-0109,1,No match,FALSE,N/A,inf,92.20397437,1.272029201,92.33517269,1.254672486,FOVNotMatch,1998/11/23 9:04:00,SAT_20499,3.406653842,12.66702292,SAT_13631,2.762583531,12.98768625,SAT_15995,5.734709813,13.42857388
frame-u-000307-6-0113,1,No match,FALSE,N/A,inf,92.80205918,1.226507166,92.84515325,1.374593536,FOVNotMatch,1998/11/23 9:06:24,SAT_18335,0.618592319,22.43107403,SAT_25330,0.584029577,32.39994598,SAT_05211,4.588923501,34.65369912
frame-u-000307-6-0113,2,No match,FALSE,N/A,inf,92.80189054,1.352849531,92.96399997,1.331197711,FOVNotMatch,1998/11/23 9:06:24,SAT_20499,3.406653842,12.73873536,SAT_13631,2.762583531,13.05939868,SAT_15995,5.734709813,13.50028632
frame-u-000307-6-0114,1,No match,FALSE,N/A,inf,92.95220272,1.372868454,93.11343534,1.351100714,FOVNotMatch,1998/11/23 9:06:59,SAT_20499,3.406653842,12.82016174,SAT_13631,2.762583531,13.14082507,SAT_15995,5.734709813,13.5817127
frame-u-000307-6-0114,2,No match,FALSE,N/A,inf,93.10089375,1.225002639,93.11497246,1.273265553,FOVNotMatch,1998/11/23 9:06:59,SAT_18335,0.618592319,22.46847564,SAT_25330,0.584029577,32.43734758,SAT_05211,4.588923501,34.69110073
frame-u-000308-5-0179,1,Success,TRUE,SAT_10843,0.084593761,133.1056947,0.799793309,133.1223231,0.851579671,,1998/11/23 11:46:54,SAT_10843,2.781744782,0.084593761,SAT_06125,0.528755972,0.715578908,SAT_22671,4.643305431,37.22529185
frame-u-000308-4-0180,1,Success,TRUE,SAT_10843,0.315466783,133.2743308,0.380144883,133.3445167,0.604101747,,1998/11/23 11:47:29,SAT_10843,2.781744782,0.315466783,SAT_06125,0.528755972,0.315518364,SAT_22671,4.643305431,36.82523131
frame-u-000308-4-0181,1,Success,TRUE,SAT_22671,3.574398014,133.3452144,0.380130679,133.3374039,0.407638227,,1998/11/23 11:48:05,SAT_22671,4.643305431,3.574398014,SAT_22676,0.029298215,10.17740186,SAT_06125,0.528755972,32.93531493
frame-u-000308-5-0183,1,Success,TRUE,SAT_22671,3.25727625,133.7993013,0.873652376,133.7777007,0.948147672,,1998/11/23 11:49:17,SAT_22671,4.643305431,3.25727625,SAT_22676,0.029298215,9.8602801,SAT_06125,0.528755972,33.25243669
frame-u-000727-5-0045,1,Success,TRUE,SAT_04673,4.77391569,240.2495106,0.418568697,240.1290705,0.641135805,,1999/3/14 11:37:25,SAT_04673,5.240348377,4.77391569,SAT_23837,3.173864446,26.03866185,SAT_20316,5.088066074,55.48026316
frame-u-000727-1-0057,1,No match,FALSE,N/A,inf,241.992911,-1.259047992,241.8854582,-1.079915834,FOVNotMatch,1999/3/14 11:44:34,SAT_18910,3.241535566,12.26481847,SAT_12635,5.073740745,44.57856109,SAT_19020,5.283985051,50.49614265
frame-u-000727-2-0032,1,No match,FALSE,N/A,inf,238.1460021,-0.816335518,238.2455894,-0.617334121,FOVNotMatch,1999/3/14 11:29:40,SAT_03911,5.978870966,6.975673586,SAT_16263,3.6455981,10.7858394,SAT_19689,5.555774134,55.60896205
frame-u-000727-4-0036,1,No match,FALSE,N/A,inf,238.8110304,-0.001438242,238.8511167,0.221191707,FOVNotMatch,1999/3/14 11:32:03,SAT_16263,3.6455981,5.590211316,SAT_03911,5.978870966,23.35172431,SAT_19689,5.555774134,71.98501276
frame-u-000727-3-0012,1,Success,TRUE,SAT_04384,0.274152119,235.2028818,-0.258161973,235.1831353,-0.196708448,,1999/3/14 11:17:44,SAT_04384,1.42249544,0.274152119,SAT_18525,3.486219663,23.08279235,SAT_18600,3.074142515,35.7857286
frame-u-000727-5-0014,1,Success,TRUE,SAT_04384,0.149985375,235.5786417,0.418160623,235.50482,0.642187457,,1999/3/14 11:18:56,SAT_04384,1.42249544,0.149985375,SAT_18525,3.486219663,23.50692985,SAT_18600,3.074142515,36.20986609
frame-u-000745-3-0144,1,No match,FALSE,N/A,inf,180.2519883,-0.111481429,180.399878,-0.060158396,FOVNotMatch,1999/3/20 7:15:05,SAT_21727,4.558979399,19.03379129,SAT_23846,5.188972968,19.09298501,SAT_15642,3.449648786,19.11284292
frame-u-000745-1-0450,1,Success,TRUE,SAT_15994,0.306621592,226.2008711,-1.006224499,226.038685,-0.997075999,,1999/3/20 10:17:43,SAT_15994,2.557346141,0.306621592,SAT_15677,2.94248719,1.204718838,SAT_15642,3.130884952,1.967621799
frame-u-000745-1-0455,1,Success,TRUE,SAT_08425,0.137609064,226.7859966,-0.977045657,226.8413537,-0.826525827,,1999/3/20 10:20:43,SAT_08425,5.707424065,0.137609064,SAT_12708,2.20634137,9.650139216,SAT_16962,3.652233283,39.50360783
frame-u-000745-2-0455,1,Success,TRUE,SAT_08425,0.264379736,226.9135339,-0.630947906,226.9489447,-0.533994836,,1999/3/20 10:20:43,SAT_08425,5.707424065,0.264379736,SAT_12708,2.20634137,9.523368544,SAT_16962,3.652233283,39.37683716
frame-u-000745-6-0473,1,No match,FALSE,N/A,inf,229.5747252,1.049779667,229.4824183,1.173692376,FOVNotMatch,1999/3/20 10:31:27,SAT_25593,3.984814113,16.59834783,SAT_15697,1.886754213,17.09109413,SAT_21855,2.206235617,17.09210941
frame-u-000745-6-0489,1,No match,FALSE,N/A,inf,231.9233111,1.255333694,231.9075576,1.271462954,FOVNotMatch,1999/3/20 10:41:00,SAT_17106,1.457548805,14.29240061,SAT_15697,4.841683195,25.00319704,SAT_13631,5.994098543,38.75139828
frame-u-000745-4-0504,1,No match,FALSE,N/A,inf,234.2467234,0.208395819,234.1724555,0.431875784,FOVNotMatch,1999/3/20 10:49:57,SAT_22543,2.781991006,5.165782932,SAT_22633,0.458009485,36.61073918,SAT_08308,0.046836711,38.09223385
frame-u-000745-1-0533,1,Success,TRUE,SAT_25542,3.829538196,238.4976115,-0.99538247,238.6192666,-0.983077935,,1999/3/20 11:07:16,SAT_25542,3.577309006,3.829538196,SAT_24655,2.879243887,4.550678012,SAT_24315,5.151413789,5.736587933
frame-u-000745-3-0545,1,No match,FALSE,N/A,inf,240.2965554,-0.129645565,240.2531997,-0.074878595,FOVNotMatch,1999/3/20 11:14:26,SAT_00574,3.980482442,40.05583158,SAT_13631,5.742405966,44.71246258,SAT_25493,1.106199183,45.79355955
frame-u-000745-1-0559,1,No match,FALSE,N/A,inf,242.347818,-0.971594684,242.4010902,-0.825447512,FOVNotMatch,1999/3/20 11:22:47,SAT_10881,1.431039558,15.90564594,SAT_00574,2.58279044,18.8287725,SAT_08419,0.092028045,27.52664817
frame-u-000745-1-0560,1,No match,FALSE,N/A,inf,242.6181156,-1.050236916,242.6602532,-0.935742924,FOVNotMatch,1999/3/20 11:23:23,SAT_10881,1.431039558,15.72821512,SAT_00574,2.58279044,19.00620332,SAT_08419,0.092028045,27.70407899
frame-u-000752-6-0076,1,No match,FALSE,N/A,inf,155.0341103,1.059494398,154.8727608,1.022667597,FOVNotMatch,1999/3/21 5:29:55,SAT_23845,5.11040649,10.69600222,SAT_15642,4.678134622,12.07026875,SAT_15677,3.909180587,12.13624459
frame-u-000752-6-0079,1,No match,FALSE,N/A,inf,155.482936,0.957722987,155.3213212,0.921289188,FOVNotMatch,1999/3/21 5:31:42,SAT_23845,5.11040649,10.54267608,SAT_15642,4.678134622,11.91694261,SAT_15677,3.909180587,11.98291845
frame-u-000752-6-0081,1,No match,FALSE,N/A,inf,155.7824502,0.88984197,155.7455581,0.881415319,FOVNotMatch,1999/3/21 5:32:54,SAT_23845,5.11040649,10.70471066,SAT_15642,4.678134622,12.07897718,SAT_15677,3.909180587,12.14495303
frame-u-000752-4-0110,1,No match,FALSE,N/A,inf,160.1228026,0.122691931,160.0164214,0.225146158,FOVNotMatch,1999/3/21 5:50:13,SAT_03029,2.60289384,27.4483811,SAT_02969,4.223089269,27.80558788,SAT_04250,2.3060472,27.99496763
frame-u-000752-1-0139,1,No match,FALSE,N/A,inf,164.3164427,-1.257430452,164.3460052,-1.236297187,FOVNotMatch,1999/3/21 6:07:31,SAT_10476,3.156171319,27.00223317,SAT_15642,2.474895374,35.05128541,SAT_15677,1.721144287,35.24482946
frame-u-000752-2-0252,1,No match,FALSE,N/A,inf,181.2233518,-0.837738099,181.3760889,-0.752896739,FOVNotMatch,1999/3/21 7:15:00,SAT_25053,3.217210224,15.521543,SAT_23238,5.842302027,27.7617266,SAT_23846,4.560896438,29.00829507
frame-u-000752-2-0351,1,No match,FALSE,N/A,inf,196.183499,-0.752413123,196.0335869,-0.636999926,FOVNotMatch,1999/3/21 8:14:06,SAT_04748,3.892548237,22.80213343,SAT_10953,4.816839871,23.516612,SAT_14943,1.238471892,26.61488172
frame-u-002190-5-0395,1,No match,FALSE,N/A,inf,241.2054098,3.491602737,241.1522152,3.516039327,FOVNotMatch,2001/3/19 11:17:56,SAT_25660,5.83230939,19.85064803,SAT_22797,2.208755969,27.94871792,SAT_04818,4.183598101,41.38541677
frame-u-002206-2-0067,1,No match,FALSE,N/A,inf,226.1930071,60.10119016,226.0920455,60.18840295,FOVNotMatch,2001/3/23 6:42:26,SAT_03743,1.430149346,19.92965513,SAT_22275,4.445365492,28.52848242,SAT_20282,0.96700739,53.16278204
frame-u-002206-1-0275,1,No match,FALSE,N/A,inf,256.0445584,35.48690871,256.2729681,35.61326067,FOVNotMatch,2001/3/23 8:46:38,SAT_04320,3.901888754,22.47115307,SAT_21279,1.817706216,33.29484549,SAT_25363,5.99282239,41.48935093
frame-u-002206-3-0275,1,No match,FALSE,N/A,inf,256.9031733,35.95867563,256.9796095,35.99973843,FOVNotMatch,2001/3/23 8:46:38,SAT_04320,3.901888754,23.10473406,SAT_21279,1.817706216,33.92842648,SAT_25363,5.99282239,42.12293192
frame-u-002206-1-0170,1,No match,FALSE,N/A,inf,244.51057,48.81705561,244.7094727,48.81635383,FOVNotMatch,2001/3/23 7:43:56,SAT_25816,2.186784242,5.499196018,SAT_10938,0.209918667,21.53907024,SAT_21322,6.519962277,N/A
frame-u-002206-2-0310,1,Success,TRUE,SAT_10990,1.965323009,259.5602238,31.21499595,259.6103452,31.26404986,,2001/3/23 9:07:32,SAT_10990,0.58906566,1.965323009,SAT_07851,3.995695433,3.960062715,SAT_19137,2.21935721,26.55792984
frame-u-002206-3-0311,1,Success,TRUE,SAT_10990,1.98494212,259.9300182,31.15718404,260.1163003,31.33960758,,2001/3/23 9:08:08,SAT_10990,0.58906566,1.98494212,SAT_07851,3.995695433,3.940443604,SAT_19137,2.21935721,26.53831073
frame-u-002206-1-0089,1,Success,TRUE,SAT_02364,1.803177923,230.6069243,57.67159731,230.8239871,57.86783299,,2001/3/23 6:55:35,SAT_02364,2.387312846,1.803177923,SAT_12726,4.544158924,12.69871363,SAT_22636,5.094118297,14.91341001
frame-u-002206-3-0121,1,No match,FALSE,N/A,inf,238.0118265,54.94005526,237.9259881,55.01522818,FOVNotMatch,2001/3/23 7:14:41,SAT_16183,2.527621144,68.09747298,SAT_26682,5.220137433,75.21700408,SAT_15188,14.50625502,N/A
frame-u-002206-5-0104,1,Success,TRUE,SAT_10710,0.516998641,235.7864228,57.34361807,235.9417305,57.43501547,,2001/3/23 7:04:32,SAT_10710,4.184194972,0.516998641,SAT_19544,5.723650878,23.44022334,SAT_16266,11.52020777,N/A
frame-u-002206-2-0282,1,No match,FALSE,N/A,inf,257.1668196,34.98031636,257.2929823,34.96313486,FOVNotMatch,2001/3/23 8:50:49,SAT_10824,5.402798979,58.70929673,SAT_04793,2.438395678,59.59428123,SAT_22007,2.774430951,79.34438414
frame-u-002206-2-0283,1,No match,FALSE,N/A,inf,257.1257334,34.7465129,257.3638557,34.71364155,FOVNotMatch,2001/3/23 8:51:25,SAT_10824,5.402798979,58.80819568,SAT_04793,2.438395678,59.69318018,SAT_22007,2.774430951,79.44328309
frame-u-002207-3-0128,1,No match,FALSE,N/A,inf,256.7169755,36.24565068,256.7489211,36.32616771,FOVNotMatch,2001/3/23 11:11:12,SAT_13075,2.893914676,12.44767923,SAT_21475,5.35388132,30.83022087,SAT_22231,3.550538196,55.15743378
frame-u-002207-2-0134,1,No match,FALSE,N/A,inf,256.8827773,35.31588866,256.7987339,35.35902041,FOVNotMatch,2001/3/23 11:14:47,SAT_22231,3.325995996,21.73637564,SAT_26016,0.628991963,57.66795629,SAT_08073,0.14753187,61.97117664
frame-u-002207-2-0135,1,No match,FALSE,N/A,inf,256.8631257,35.15296045,256.9904023,35.08761825,FOVNotMatch,2001/3/23 11:15:23,SAT_22231,3.325995996,21.79643723,SAT_26016,0.628991963,57.72801787,SAT_08073,0.14753187,62.03123823
frame-u-002207-6-0062,1,No match,FALSE,N/A,inf,251.8451837,45.45282289,251.7815045,45.45269763,FOVNotMatch,2001/3/23 10:31:48,SAT_11044,0.146778223,44.8506632,SAT_16925,1.877042828,64.2216796,SAT_01864,0.256465793,72.11203091
frame-u-002243-5-0072,1,No match,FALSE,N/A,inf,125.6321473,42.0426871,125.617487,42.23385042,FOVNotMatch,2001/4/15 3:01:04,SAT_15214,5.078499916,25.25607952,SAT_20742,3.183502965,29.01978173,SAT_26605,5.368746581,41.29389353
frame-u-002243-5-0072,2,No match,FALSE,N/A,inf,125.6382088,42.04735118,125.6246521,42.23019185,FOVNotMatch,2001/4/15 3:01:04,SAT_15214,5.078499916,25.36390158,SAT_20742,3.183502965,28.91195967,SAT_26605,5.368746581,41.18607147
frame-u-002243-1-0162,1,No match,FALSE,N/A,inf,141.5359058,50.15636864,141.5643692,50.20443255,FOVNotMatch,2001/4/15 3:54:48,SAT_10756,2.049367278,9.220735467,SAT_19391,1.197217166,26.70831892,SAT_09494,0.816451772,33.09562141
frame-u-002194-3-0382,1,No match,FALSE,N/A,inf,167.5012992,-2.670768234,167.3917689,-2.580920277,FOVNotMatch,2001/3/20 5:37:29,SAT_05587,3.655395661,23.0035437,SAT_08585,5.003589678,23.79244264,SAT_03431,1.724108,24.41683618
frame-u-002244-3-0016,1,No match,FALSE,N/A,inf,254.168133,40.63842596,254.1632562,40.60914388,FOVNotMatch,2001/4/15 6:48:51,SAT_21497,1.609598919,15.9570846,SAT_15773,3.984159858,51.21858675,SAT_13075,8.271021623,N/A
frame-u-002243-5-0353,1,Success,TRUE,SAT_23621,1.561144446,189.7036062,60.47733311,189.7641314,60.50848458,,2001/4/15 5:48:51,SAT_23621,1.794835535,1.561144446,SAT_20868,3.231299543,2.742643992,SAT_21706,3.72293462,5.107502218
frame-u-002243-5-0354,1,Success,TRUE,SAT_20868,2.041682659,190.0216175,60.31045264,190.3387341,60.47022455,,2001/4/15 5:49:27,SAT_20868,3.231299543,2.041682659,SAT_23621,1.794835535,2.262105778,SAT_12962,4.510462988,4.757608436
frame-u-002248-6-0074,1,No match,FALSE,N/A,inf,241.5616549,51.21895705,241.7067865,51.23347468,FOVNotMatch,2001/4/16 6:49:07,SAT_18564,5.918428224,14.50758731,SAT_09980,5.76548719,33.07902789,SAT_07021,0.671906142,35.80340907
frame-u-002248-5-0031,1,No match,FALSE,N/A,inf,233.3497874,55.49359168,233.4263857,55.51507289,FOVNotMatch,2001/4/16 6:23:26,SAT_07369,4.000818588,10.14355342,SAT_21890,1.380147798,10.32389865,SAT_00273,0.262119062,43.51697285
frame-u-002248-5-0031,2,Success,TRUE,SAT_21890,1.833164948,233.3686507,55.61507407,233.6274934,55.65200951,,2001/4/16 6:23:26,SAT_21890,1.380147798,1.833164948,SAT_07369,4.000818588,2.013510177,SAT_26264,5.310981622,50.51447762
frame-u-002248-4-0032,1,No match,FALSE,N/A,inf,233.0370547,55.08772522,233.4078304,55.19623282,FOVNotMatch,2001/4/16 6:24:02,SAT_07369,4.000818588,10.91400649,SAT_21890,1.380147798,11.09435172,SAT_00273,0.262119062,42.74651977
frame-u-002248-5-0147,1,No match,FALSE,N/A,inf,250.5793354,42.30574415,250.8965768,42.33215771,FOVNotMatch,2001/4/16 7:32:42,SAT_18231,0.944636918,56.9828831,SAT_13075,11.50032424,N/A,SAT_25488,16.77217385,N/A
frame-u-002248-5-0148,1,No match,FALSE,N/A,inf,250.7843722,42.05678106,250.8456282,42.06202349,FOVNotMatch,2001/4/16 7:33:18,SAT_18231,0.944636918,56.83206631,SAT_13075,11.50032424,N/A,SAT_25488,16.77217385,N/A
frame-u-002247-1-0034,1,No match,FALSE,N/A,inf,165.7751811,3.585188559,165.8618255,3.69057767,FOVNotMatch,2001/4/16 2:56:55,SAT_22448,3.751205788,16.47142007,SAT_21706,4.575106049,23.65515021,SAT_20347,5.790668175,35.01624934
frame-u-002247-1-0035,1,No match,FALSE,N/A,inf,165.9844528,3.483975152,166.0877,3.609707287,FOVNotMatch,2001/4/16 2:57:31,SAT_22448,3.751205788,16.50176513,SAT_21706,4.575106049,23.62480515,SAT_20347,5.790668175,34.98590428
frame-u-002247-3-0039,1,No match,FALSE,N/A,inf,166.5041658,4.325894139,166.6663747,4.377569555,FOVNotMatch,2001/4/16 2:59:54,SAT_22448,3.751205788,16.44195683,SAT_22984,5.583316259,17.24694572,SAT_22624,3.675056922,17.76352235
frame-u-002247-3-0040,1,No match,FALSE,N/A,inf,166.7947888,4.331410909,166.8177646,4.338513602,FOVNotMatch,2001/4/16 3:00:30,SAT_22984,5.583316259,16.75334688,SAT_22448,3.751205788,16.93555567,SAT_22624,3.675056922,17.26992351
frame-u-002248-5-0132,1,No match,FALSE,N/A,inf,248.9513405,44.2171106,249.0880359,44.22775314,FOVNotMatch,2001/4/16 7:23:45,SAT_04635,3.523390412,16.73805576,SAT_26670,3.806567269,45.13861406,SAT_18231,3.571121317,52.3931003
frame-u-002248-5-0133,1,No match,FALSE,N/A,inf,248.9713355,43.95922059,249.2293859,43.97607853,FOVNotMatch,2001/4/16 7:24:20,SAT_04635,3.523390412,17.75201339,SAT_26670,3.806567269,46.15257169,SAT_18231,3.571121317,53.40705793
frame-u-002297-1-0021,1,No match,FALSE,N/A,inf,147.7662467,55.6021906,147.7827551,55.74711185,FOVNotMatch,2001/5/17 3:11:32,SAT_18688,2.215998492,23.24638137,SAT_13001,1.528403778,41.36126091,SAT_7161U,2.474218524,41.50574118
frame-u-002267-2-0096,1,Success,TRUE,SAT_05000,1.664828489,149.0158806,-2.704140571,148.9892997,-2.634073124,,2001/4/24 3:31:47,SAT_05000,0.54617424,1.664828489,SAT_06235,2.569405196,1.855697408,SAT_04857,3.03386077,12.98788662
frame-u-002267-3-0096,1,Success,TRUE,SAT_05000,1.615516325,148.914485,-2.436912277,148.8630567,-2.300963095,,2001/4/24 3:31:47,SAT_05000,0.54617424,1.615516325,SAT_06235,2.569405196,1.905009573,SAT_04857,3.03386077,13.03719878
frame-u-002267-3-0097,1,Success,TRUE,SAT_05000,1.550021146,149.1746182,-2.342402299,149.12744,-2.217247677,,2001/4/24 3:32:22,SAT_05000,0.54617424,1.550021146,SAT_06235,2.569405196,1.970504751,SAT_04857,3.03386077,13.10269396
frame-u-002259-3-0090,1,Success,TRUE,SAT_25821,0.598593747,134.3651686,-1.929862875,134.2324144,-1.937729863,,2001/4/17 3:47:00,SAT_25821,4.858754213,0.598593747,SAT_23330,4.649995074,1.359270395,SAT_21762,3.086859937,1.444714321
frame-u-002259-3-0091,1,Success,TRUE,SAT_25821,0.866932578,134.4405106,-1.953051257,134.5445474,-1.947374665,,2001/4/17 3:47:36,SAT_25821,4.858754213,0.866932578,SAT_23330,4.649995074,1.090931565,SAT_21762,3.086859937,1.17637549
frame-u-002259-3-0100,1,No match,FALSE,N/A,inf,135.7953036,-2.049436937,135.8636786,-1.829177792,FOVNotMatch,2001/4/17 3:52:58,SAT_22691,0.095987467,31.72082294,SAT_23330,3.944814194,70.81585301,SAT_21762,4.362176652,70.95660603
frame-u-002259-5-0103,1,No match,FALSE,N/A,inf,136.2347659,-1.206743639,136.3426045,-1.003400025,FOVNotMatch,2001/4/17 3:54:46,SAT_22691,0.095987467,42.41803673,SAT_23330,3.944814194,60.11863922,SAT_21762,4.362176652,60.25939224
frame-u-002259-3-0064,1,Success,TRUE,SAT_02222,0.418607986,130.5025575,-1.814575205,130.3401067,-1.78288927,,2001/4/17 3:31:29,SAT_02222,5.47442119,0.418607986,SAT_01883,0.845132067,0.809444503,SAT_25111,2.601407712,6.407153352
frame-u-002259-1-0109,1,No match,FALSE,N/A,inf,137.1228612,-2.93260435,137.0506411,-2.811081216,FOVNotMatch,2001/4/17 3:58:21,SAT_19891,1.415930064,27.76697373,SAT_02222,4.726764146,48.53056964,SAT_25538,5.42380216,50.70549718
frame-u-002259-1-0110,1,No match,FALSE,N/A,inf,137.362626,-2.843000738,137.2854078,-2.712717389,FOVNotMatch,2001/4/17 3:58:56,SAT_19891,1.415930064,27.70139232,SAT_02222,4.726764146,48.59615105,SAT_25538,5.42380216,50.77107859
frame-u-002259-6-0169,1,Success,TRUE,SAT_23330,4.090772665,146.2272358,-0.894224388,146.0994194,-0.906154153,,2001/4/17 4:34:10,SAT_23330,3.651301324,4.090772665,SAT_16274,5.117426229,4.336698467,SAT_21762,3.255317774,4.657059202
frame-u-002259-6-0169,2,No match,FALSE,N/A,inf,146.2608572,-0.889513856,146.2378968,-0.881347421,FOVNotMatch,2001/4/17 4:34:10,SAT_25111,1.531227791,7.477728092,SAT_25538,5.175923418,9.706307192,SAT_22725,2.298450183,12.64655588
frame-u-002259-3-0214,1,No match,FALSE,N/A,inf,152.8516764,-2.531577026,152.802161,-2.461860732,FOVNotMatch,2001/4/17 5:01:02,SAT_25538,5.530364486,43.81657277,SAT_22725,4.571418271,46.12452721,SAT_26728,4.91831491,49.55020384
frame-u-002298-3-0072,1,No match,FALSE,N/A,inf,167.357094,61.33615906,167.2362801,61.27280544,FOVNotMatch,2001/5/17 4:12:40,SAT_18946,5.629051453,60.28678821,SAT_21836,3.32069208,80.52134216,SAT_14905,5.035419979,83.60203706
frame-u-002298-3-0072,2,No match,FALSE,N/A,inf,167.3562567,61.33896526,167.2340343,61.27529468,FOVNotMatch,2001/5/17 4:12:40,SAT_18946,5.629051453,60.1007982,SAT_21836,3.32069208,80.33535215,SAT_14905,5.035419979,83.41604705
frame-u-002299-1-0280,1,No match,FALSE,N/A,inf,239.2622111,47.02305766,239.3542485,47.02746456,FOVNotMatch,2001/5/17 7:18:06,SAT_15808,5.282472307,53.08386822,SAT_11896,4.702656191,56.38103237,SAT_23793,2.224518806,84.77195716
frame-u-002299-6-0060,1,Success,TRUE,SAT_13012,1.489530459,186.3871238,63.52876495,186.658962,63.59668958,,2001/5/17 5:06:44,SAT_13012,5.915046089,1.489530459,SAT_8701U,3.030942247,7.532184379,SAT_7373U,2.290218685,13.00749097
frame-u-002299-4-0139,1,No match,FALSE,N/A,inf,210.7938613,60.37075158,210.9756069,60.38459899,FOVNotMatch,2001/5/17 5:53:54,SAT_13012,4.772602598,10.90318285,SAT_21706,5.946591967,18.31594518,SAT_16220,4.164659881,27.19911667
frame-u-002305-5-0089,1,No match,FALSE,N/A,inf,253.5370512,36.20110099,253.7293567,36.2096376,FOVNotMatch,2001/5/18 7:05:53,SAT_22231,2.497792175,53.52911269,SAT_15916,5.868016538,61.23857087,SAT_21121,0.025589856,62.18140665
frame-u-002305-6-0128,1,Success,TRUE,SAT_10442,1.570301652,257.8581424,31.47866207,258.0046614,31.65482925,,2001/5/18 7:29:10,SAT_10442,1.851963124,1.570301652,SAT_23835,0.096088131,48.14800396,SAT_22231,3.947115441,69.70889963
frame-u-002304-4-0199,1,No match,FALSE,N/A,inf,185.4224829,62.69473558,185.565038,62.91814608,FOVNotMatch,2001/5/18 4:39:44,SAT_21706,4.620500369,31.55701315,SAT_22438,5.034754821,34.04114784,SAT_07373,0.640574416,35.74135103
frame-u-002304-3-0200,1,No match,FALSE,N/A,inf,185.8689904,62.37475288,185.9485608,62.49728035,FOVNotMatch,2001/5/18 4:40:20,SAT_21706,4.620500369,31.08802821,SAT_22438,5.034754821,33.5721629,SAT_07373,0.640574416,35.27236609
frame-u-002304-4-0340,1,No match,FALSE,N/A,inf,225.4540398,56.02652249,225.6625011,56.05863452,FOVNotMatch,2001/5/18 6:03:56,SAT_25485,4.547581496,25.06631291,SAT_13070,2.103563586,30.79885421,SAT_16223,3.703242457,37.64310941
frame-u-002304-5-0237,1,Success,TRUE,SAT_03094,1.979073164,198.1719456,62.67886304,198.0829812,62.73453279,,2001/5/18 5:02:26,SAT_03094,5.888906754,1.979073164,SAT_3094U,5.886862586,1.984587038,SAT_26016,0.094491876,12.8450068
frame-u-002322-2-0027,1,Success,TRUE,SAT_12933,3.479151102,176.4146606,61.37521651,176.5606596,61.54453543,,2001/5/22 6:13:21,SAT_12933,4.295239391,3.479151102,SAT_23736,2.872563203,10.35257502,SAT_18725,4.499938088,46.74854096
frame-u-002322-3-0076,1,Success,TRUE,SAT_22633,0.128599916,191.7425679,61.98323624,191.7984759,61.99928109,,2001/5/22 6:42:36,SAT_22633,4.008594584,0.128599916,SAT_15811,5.981456301,2.572849432,SAT_15182,5.737479186,11.37687875
frame-u-002322-3-0077,1,Success,TRUE,SAT_22633,0.129013524,192.1412802,61.88405895,192.4059681,61.95942673,,2001/5/22 6:43:12,SAT_22633,4.008594584,0.129013524,SAT_15811,5.981456301,2.315235992,SAT_15182,5.737479186,11.6344922
frame-u-002322-5-0133,1,No match,FALSE,N/A,inf,209.6460767,60.88258667,209.9059891,60.80478568,FOVNotMatch,2001/5/22 7:16:38,SAT_14909,3.245046126,9.858872083,SAT_18911,0.105725441,25.25941697,SAT_20302,3.497584606,52.70552194
frame-u-002326-6-0294,1,No match,FALSE,N/A,inf,241.9829124,47.86078382,242.0217013,47.85722533,FOVNotMatch,2001/5/23 6:45:24,SAT_02682,4.158895298,14.63296795,SAT_2682U,4.136384399,14.97061982,SAT_26324,4.382120843,31.30468376
frame-u-002326-4-0141,1,No match,FALSE,N/A,inf,208.4169184,60.4207891,208.7094809,60.60621181,FOVNotMatch,2001/5/23 5:14:03,SAT_19189,3.764546233,8.13541829,SAT_16220,3.70713483,13.98529967,SAT_26483,4.4282138,17.0217818
frame-u-002326-3-0142,1,No match,FALSE,N/A,inf,208.4392586,59.9686422,208.6882594,60.12830273,FOVNotMatch,2001/5/23 5:14:39,SAT_19189,3.764546233,8.063645203,SAT_16220,3.70713483,13.91352659,SAT_26483,4.4282138,16.95000872
frame-u-002328-4-0135,1,No match,FALSE,N/A,inf,257.5744871,30.14282038,257.7343657,30.11157223,FOVNotMatch,2001/5/23 9:44:23,SAT_5786U,0.905256896,14.35091143,SAT_19945,4.50213367,41.92595293,SAT_19478,5.790894416,74.25812578
frame-u-002328-3-0064,1,No match,FALSE,N/A,inf,250.0418612,38.57904528,250.0563533,38.6601899,FOVNotMatch,2001/5/23 9:02:00,SAT_10935,0.037789016,8.775178544,SAT_20533,3.500635433,37.47769735,SAT_1739U,2.701801375,58.7670398
frame-u-002328-2-0032,1,No match,FALSE,N/A,inf,245.5711061,42.01939056,245.6582419,42.22481466,FOVNotMatch,2001/5/23 8:42:53,SAT_20533,5.213830049,23.13773345,SAT_23952,2.823163458,28.31925251,SAT_24286,5.836071291,31.76150593
frame-u-002328-2-0032,2,No match,FALSE,N/A,inf,245.6076635,42.22695171,245.7838534,42.17958647,FOVNotMatch,2001/5/23 8:42:53,SAT_1613U,0.070296917,29.16535033,SAT_01613,0.088178231,29.57336398,SAT_24286,5.836071291,55.75671629
frame-u-002328-3-0033,1,No match,FALSE,N/A,inf,246.1357842,42.30608183,246.1134552,42.33926033,FOVNotMatch,2001/5/23 8:43:29,SAT_24286,5.836071291,12.15749441,SAT_23952,2.823163458,15.59974783,SAT_20533,5.213830049,67.0567338
frame-u-002328-3-0034,1,No match,FALSE,N/A,inf,246.3750952,42.09435452,246.2766321,42.24360822,FOVNotMatch,2001/5/23 8:44:05,SAT_24286,5.836071291,11.75935451,SAT_23952,2.823163458,15.20160793,SAT_20533,5.213830049,66.65859389
frame-u-002328-3-0035,1,No match,FALSE,N/A,inf,246.5370365,41.99928939,246.506512,42.04626908,FOVNotMatch,2001/5/23 8:44:41,SAT_24286,5.836071291,11.46851599,SAT_23952,2.823163458,14.91076941,SAT_20533,5.213830049,66.36775537
frame-u-002328-1-0173,1,No match,FALSE,N/A,inf,259.718922,24.63359608,259.8456975,24.51402326,FOVNotMatch,2001/5/23 10:07:05,SAT_5076U,3.098115583,5.92901127,SAT_05076,3.097285493,5.933270813,SAT_14551,0.363326533,7.840697711
frame-u-002327-5-0082,1,No match,FALSE,N/A,inf,234.6047431,2.046311064,234.7639912,2.263628046,FOVNotMatch,2001/5/23 8:01:36,SAT_3841U,3.343233587,37.23186308,SAT_03841,3.343349621,37.2327909,SAT_12659,2.357849326,54.53187235
frame-u-002333-3-0048,1,No match,FALSE,N/A,inf,204.1430723,-2.689121446,204.0161314,-2.750318443,FOVNotMatch,2001/5/24 4:17:54,SAT_8134U,0.606938086,7.919350094,SAT_23756,1.331080382,13.59352955,SAT_23553,3.163451276,25.7269759
frame-u-002333-1-0050,1,Success,TRUE,SAT_19483,0.539304859,204.4310644,-3.611323044,204.2934928,-3.586666611,,2001/5/24 4:19:05,SAT_19483,3.03761031,0.539304859,SAT_13631,2.826577206,2.906782097,SAT_18316,1.930987956,2.976187301
frame-u-002333-1-0051,1,Success,TRUE,SAT_19483,0.575014201,204.6058887,-3.584710937,204.4426496,-3.555558108,,2001/5/24 4:19:41,SAT_19483,3.03761031,0.575014201,SAT_13631,2.826577206,2.871072755,SAT_18316,1.930987956,2.940477959
frame-u-002334-5-0075,1,No match,FALSE,N/A,inf,207.1799962,-1.52429892,207.1074121,-1.45879849,FOVNotMatch,2001/5/24 6:01:27,SAT_26360,2.818439619,17.36194129,SAT_26680,3.006493894,24.42386753,SAT_9009U,5.329661694,28.25038627
frame-u-002333-4-0074,1,No match,FALSE,N/A,inf,208.0307399,-2.179398994,207.9496132,-2.226484835,FOVNotMatch,2001/5/24 4:33:25,SAT_8134U,2.267589223,12.9150471,SAT_23553,3.212060396,30.11517693,SAT_23192,3.311925487,30.12137411
frame-u-002335-6-0048,1,No match,FALSE,N/A,inf,254.2709925,39.21352223,254.5614097,39.16313122,FOVNotMatch,2001/5/24 8:56:16,SAT_24764,5.063586273,51.48944201,SAT_22178,14.30291969,N/A,SAT_13875,8.935438914,N/A
frame-u-002333-2-0101,1,No match,FALSE,N/A,inf,212.0324536,-3.063275224,211.9305131,-2.982242421,FOVNotMatch,2001/5/24 4:49:32,SAT_10953,5.140622558,23.81459603,SAT_19483,2.815538671,27.30398354,SAT_13631,2.6704834,30.75309687
frame-u-002335-6-0013,1,No match,FALSE,N/A,inf,250.7619411,43.61303996,250.6380061,43.69120941,FOVNotMatch,2001/5/24 8:35:23,SAT_24764,3.217467891,21.31950835,SAT_1616U,5.471053737,40.16935004,SAT_13075,5.742401511,85.55534128
frame-u-002335-3-0017,1,No match,FALSE,N/A,inf,249.7702606,42.32837016,249.6089376,42.4436611,FOVNotMatch,2001/5/24 8:37:46,SAT_24764,3.217467891,18.34345644,SAT_1616U,5.471053737,43.14540195,SAT_13075,5.742401511,82.57928937
frame-u-002335-1-0100,1,Success,TRUE,SAT_12858,3.343484038,257.1126751,31.34936177,257.0880421,31.50394627,,2001/5/24 9:27:19,SAT_12858,5.326844734,3.343484038,SAT_25883,0.01849155,45.74731897,SAT_00011,1.270847459,88.73125923
frame-u-002334-2-0192,1,No match,FALSE,N/A,inf,224.7104833,-2.34169248,224.5713648,-2.489804005,FOVNotMatch,2001/5/24 7:11:18,SAT_12787,2.181741225,12.24983364,SAT_18272,3.054408912,21.2805226,SAT_8134U,4.949848034,38.71014272
frame-u-002334-6-0201,1,Success,TRUE,SAT_8134U,1.3139378,225.9382131,-0.763490972,225.8695696,-0.77115382,,2001/5/24 7:16:41,SAT_8134U,3.323964551,1.3139378,SAT_26480,5.376321985,5.784647063,SAT_21906,4.93997083,6.351814651
frame-u-002334-6-0202,1,Success,TRUE,SAT_8134U,1.436759388,226.1819989,-0.761165514,226.0199621,-0.778902509,,2001/5/24 7:17:17,SAT_8134U,3.323964551,1.436759388,SAT_26480,5.376321985,5.661825475,SAT_21906,4.93997083,6.228993064
frame-u-002334-2-0228,1,No match,FALSE,N/A,inf,229.9968205,-2.169375291,229.9590252,-2.216977493,FOVNotMatch,2001/5/24 7:32:48,SAT_12787,3.540894562,18.18435874,SAT_8134U,4.772214123,45.25438262,SAT_26480,4.203613998,50.9264311
frame-u-002336-2-0041,1,No match,FALSE,N/A,inf,312.5221136,-0.836734894,312.4296172,-0.694928874,FOVNotMatch,2001/5/24 10:31:07,SAT_02362,0.2506176,36.4798138,SAT_10469,1.742974033,41.91116956,SAT_23178,4.09461579,51.49458811
frame-u-002336-3-0066,1,No match,FALSE,N/A,inf,316.2047706,-0.417230934,316.1723298,-0.359023239,FOVNotMatch,2001/5/24 10:46:03,SAT_10466,1.509366156,59.13564846,SAT_24936,5.524085332,60.86201942,SAT_26469,5.360936259,60.87408067
frame-u-002336-3-0067,1,No match,FALSE,N/A,inf,316.4849983,-0.383019734,316.3790245,-0.192964987,FOVNotMatch,2001/5/24 10:46:39,SAT_10466,1.509366156,59.14763179,SAT_24936,5.524085332,60.85003609,SAT_26469,5.360936259,60.86209735
frame-u-002346-3-0094,1,Success,TRUE,SAT_24748,1.61654819,247.3623798,-0.21140707,247.4353324,-0.209340771,,2001/5/30 8:12:15,SAT_24748,5.731944985,1.61654819,SAT_24313,5.434679438,1.61878051,SAT_26056,5.21533974,1.625238325
frame-u-002346-2-0131,1,No match,FALSE,N/A,inf,252.8122452,-0.67310389,252.9734382,-0.652800909,FOVNotMatch,2001/5/30 8:34:21,SAT_24748,5.356550313,7.171257624,SAT_24313,5.038813403,7.173811626,SAT_26056,4.807243231,7.182079698
frame-u-002346-2-0132,1,No match,FALSE,N/A,inf,252.9614941,-0.692864333,253.1227839,-0.671767996,FOVNotMatch,2001/5/30 8:34:56,SAT_24748,5.356550313,7.444304646,SAT_24313,5.038813403,7.446858648,SAT_26056,4.807243231,7.455126719
frame-u-002347-1-0051,1,No match,FALSE,N/A,inf,251.2836797,-1.147911601,251.3494586,-1.031023254,FOVNotMatch,2001/5/30 9:42:30,SAT_04971,3.04484697,56.67226208,SAT_4971U,3.05210491,56.68235261,SAT_26495,4.23840658,60.61631728
frame-u-002347-1-0063,1,No match,FALSE,N/A,inf,253.0755959,-1.148245411,252.9843189,-1.128435836,FOVNotMatch,2001/5/30 9:49:40,SAT_23687,5.132485789,5.784397517,SAT_21925,5.52384142,6.472281548,SAT_19621,5.677454615,7.907608916
frame-u-002348-3-0011,1,No match,FALSE,N/A,inf,246.6737203,-3.61017139,246.5954092,-3.721570972,FOVNotMatch,2001/5/30 10:01:35,SAT_11027,4.014635458,30.187868,SAT_11879,2.763703868,36.61247751,SAT_23230,5.586314173,38.79103758
frame-u-002348-3-0011,2,Success,TRUE,SAT_19020,4.128941279,246.6898587,-3.77070292,246.6074102,-3.751564547,,2001/5/30 10:01:35,SAT_19020,5.157645743,4.128941279,SAT_21824,4.388236003,6.874748517,SAT_15561,2.930665178,7.600236354
frame-u-002348-4-0073,1,Success,TRUE,SAT_8751U,3.136894241,252.8943412,3.300501117,252.8090222,3.286213347,,2001/5/30 10:38:36,SAT_8751U,4.254772907,3.136894241,SAT_08751,4.25598888,3.137231595,SAT_00506,0.473554767,46.90863783
frame-u-002348-1-0036,1,No match,FALSE,N/A,inf,249.8964591,-1.6419726,249.7406825,-1.579993236,FOVNotMatch,2001/5/30 10:16:31,SAT_15561,5.113183928,16.25312245,SAT_22213,5.874339282,16.48373004,SAT_23330,3.20036739,17.54022282
frame-u-002348-2-0037,1,No match,FALSE,N/A,inf,249.7544631,-1.289877495,249.5978468,-1.22762436,FOVNotMatch,2001/5/30 10:17:07,SAT_15561,5.113183928,16.23102944,SAT_22213,5.874339282,16.46163703,SAT_23330,3.20036739,17.51812981
frame-u-002385-3-0040,1,Success,TRUE,SAT_24714,4.801349043,311.7497728,-0.144952636,311.8757717,-0.134292314,,2001/6/15 7:51:06,SAT_24714,5.381883604,4.801349043,SAT_23051,5.121344096,4.818646481,SAT_26580,5.351478291,4.831687408
frame-u-002379-4-0192,1,No match,FALSE,N/A,inf,237.8817949,-1.504381378,237.9676715,-1.448928521,FOVNotMatch,2001/6/15 5:30:51,SAT_8746U,3.87496494,19.40646909,SAT_26299,1.415728737,28.80273159,SAT_20946,5.953064029,32.84119069
frame-u-002379-3-0196,1,No match,FALSE,N/A,inf,238.473385,-1.858837262,238.6304788,-1.740801373,FOVNotMatch,2001/6/15 5:33:15,SAT_8746U,3.87496494,23.48011262,SAT_22178,5.284263112,32.64523238,SAT_26299,1.415728737,32.87637512
frame-u-002379-3-0092,1,No match,FALSE,N/A,inf,223.0079881,-2.384756908,223.0230762,-2.161239697,FOVNotMatch,2001/6/15 4:31:09,SAT_21666,0.141025288,11.96919842,SAT_8746U,5.306263282,72.69461949,SAT_26299,5.579511082,78.00445504
frame-u-002379-2-0092,1,No match,FALSE,N/A,inf,222.9810388,-2.805034347,222.9958826,-2.581214773,FOVNotMatch,2001/6/15 4:31:09,SAT_21666,0.141025288,11.90060611,SAT_8746U,5.306263282,72.7632118,SAT_26299,5.579511082,78.07304735
frame-u-002391-6-0183,1,No match,FALSE,N/A,inf,234.7133226,5.848998345,234.6370918,5.943667,FOVNotMatch,2001/6/16 5:32:54,SAT_23007,0.268996978,10.47909804,SAT_12643,0.107430662,18.88218242,SAT_06058,5.917693519,22.67616025
frame-u-002379-3-0041,1,No match,FALSE,N/A,inf,215.2626306,-2.557294952,215.4225302,-2.445448326,FOVNotMatch,2001/6/15 4:00:42,SAT_20946,4.125882155,34.97968897,SAT_26624,2.852212808,34.99963261,SAT_24315,5.978164329,35.00287391
frame-u-002391-4-0186,1,Success,TRUE,SAT_22178,1.210980275,234.906523,4.891450322,234.9700451,5.066649994,,2001/6/16 5:34:42,SAT_22178,5.261847847,1.210980275,SAT_21305,0.139983666,29.59309346,SAT_08709,5.21395329,44.47717127
frame-u-002379-1-0078,1,No match,FALSE,N/A,inf,220.8954504,-3.278883976,220.8749961,-3.229538306,FOVNotMatch,2001/6/15 4:22:47,SAT_4928U,2.336149484,5.888744039,SAT_04928,2.334916688,5.889760108,SAT_26448,2.112543805,15.93577794
frame-u-002379-6-0161,1,No match,FALSE,N/A,inf,233.2410498,-0.821225197,233.2954038,-0.595701433,FOVNotMatch,2001/6/15 5:12:21,SAT_7680U,0.083861515,31.89602343,SAT_07680,0.078554167,31.89744817,SAT_8746U,2.28025841,62.90655401
frame-u-002379-5-0162,1,No match,FALSE,N/A,inf,233.4574113,-1.159225084,233.4929982,-1.009346654,FOVNotMatch,2001/6/15 5:12:57,SAT_7680U,0.083861515,31.70102948,SAT_07680,0.078554167,31.70245422,SAT_8746U,2.28025841,63.10154796
frame-u-002379-2-0163,1,No match,FALSE,N/A,inf,233.5558979,-2.489436571,233.5451226,-2.267031856,FOVNotMatch,2001/6/15 5:13:32,SAT_7680U,0.083861515,15.57508865,SAT_07680,0.078554167,15.57651339,SAT_23125,3.648876011,74.77661893
frame-u-002379-2-0164,1,No match,FALSE,N/A,inf,233.8554438,-2.479857213,233.844246,-2.256879286,FOVNotMatch,2001/6/15 5:14:08,SAT_7680U,0.083861515,15.47398319,SAT_07680,0.078554167,15.47540793,SAT_23125,3.648876011,74.67551347
frame-u-002392-3-0069,1,Success,TRUE,SAT_09823,3.945124512,259.7352987,70.69866141,259.9237473,70.66424833,,2001/6/16 7:03:38,SAT_09823,0.505937584,3.945124512,SAT_9823U,0.500779676,3.958567911,SAT_23622,0.033806353,4.314839271
frame-u-002379-2-0152,1,No match,FALSE,N/A,inf,231.9337022,-2.54202349,232.0498961,-2.498496542,FOVNotMatch,2001/6/15 5:06:58,SAT_8746U,3.189309204,6.999190493,SAT_8747U,5.420296381,7.042060586,SAT_08747,5.422522378,7.042314887
frame-u-002392-1-0238,1,No match,FALSE,N/A,inf,268.3442079,45.60385408,268.3445986,45.74755021,FOVNotMatch,2001/6/16 8:44:32,SAT_07156,0.918187953,15.687258,SAT_7156U,0.913612313,15.70332145,SAT_07737,0.09045459,30.89936753
frame-u-002507-2-0158,1,No match,FALSE,N/A,inf,340.6440171,13.00955083,340.8030351,13.08882089,FOVNotMatch,2001/8/23 7:21:25,SAT_7794U,5.529501353,9.137791327,SAT_07794,3.540828307,9.879121431,SAT_08747,5.564430813,30.99053669
frame-u-002507-3-0162,1,No match,FALSE,N/A,inf,341.3674982,13.52329947,341.3077401,13.63663827,FOVNotMatch,2001/8/23 7:23:48,SAT_602U0,3.947429869,26.69220666,SAT_00602,3.946008257,26.69246972,SAT_12999,2.131099817,38.09813953
frame-u-002507-6-0267,1,No match,FALSE,N/A,inf,357.3299216,15.77933001,357.350366,15.85754633,FOVNotMatch,2001/8/23 8:26:30,SAT_9880U,2.657456501,35.33825632,SAT_6764U,5.685668378,85.86918834,SAT_11888,15.9772603,N/A
frame-u-002392-1-0098,1,Success,TRUE,SAT_18881,2.818228765,260.3524381,66.16542205,260.5229047,66.23374905,,2001/6/16 7:20:57,SAT_18881,1.69505955,2.818228765,SAT_22671,4.275171619,3.72920837,SAT_9829U,1.347376715,26.80171326
frame-u-002392-3-0101,1,Success,TRUE,SAT_18881,1.917087563,262.6059325,65.97737833,262.6798475,66.00632332,,2001/6/16 7:22:44,SAT_18881,1.69505955,1.917087563,SAT_22671,4.275171619,2.828067168,SAT_9829U,1.347376715,25.90057206
frame-u-002507-3-0251,1,No match,FALSE,N/A,inf,354.9429311,14.404911,355.0366426,14.54223161,FOVNotMatch,2001/8/23 8:16:56,SAT_10167,5.482510209,16.7574625,SAT_00341,1.747704569,48.45518187,SAT_341U0,1.747762656,48.45519756
frame-u-002507-1-0256,1,No match,FALSE,N/A,inf,355.87683,13.67512486,355.712218,13.74289625,FOVNotMatch,2001/8/23 8:19:56,SAT_22649,2.582650778,9.422296286,SAT_341U0,1.747762656,31.05535631,SAT_00341,1.747704569,31.05537199
frame-u-002507-2-0274,1,No match,FALSE,N/A,inf,358.5399508,14.23922015,358.4643461,14.29561432,FOVNotMatch,2001/8/23 8:30:40,SAT_00406,3.240604891,20.13653195,SAT_406U0,3.259786201,20.15349587,SAT_9880U,2.136638314,31.51911014
frame-u-002507-2-0275,1,No match,FALSE,N/A,inf,358.7866322,14.2934114,358.720362,14.3433048,FOVNotMatch,2001/8/23 8:31:16,SAT_00406,3.240604891,20.40067093,SAT_406U0,3.259786201,20.41763485,SAT_9880U,2.136638314,31.25497116
frame-u-002566-6-0134,1,Success,TRUE,SAT_15774,4.971361078,333.1185038,13.73541921,333.0165401,13.8751531,,2001/9/18 5:07:36,SAT_15774,1.502359993,4.971361078,SAT_25485,8.459737099,N/A,SAT_21630,14.97110405,N/A
frame-u-002566-3-0225,1,No match,FALSE,N/A,inf,347.0692534,13.97870405,347.0358087,14.01681087,FOVNotMatch,2001/9/18 6:01:56,SAT_24937,4.955797955,41.25773713,SAT_22877,0.058161689,72.21700248,SAT_20630,12.30145599,N/A
frame-u-002566-3-0226,1,No match,FALSE,N/A,inf,347.3100748,13.95471344,347.332834,14.1218541,FOVNotMatch,2001/9/18 6:02:32,SAT_22877,0.058161689,24.27421581,SAT_24937,4.955797955,89.2005238,SAT_20630,12.30145599,N/A
frame-u-002566-3-0226,2,No match,FALSE,N/A,inf,347.3583398,14.023379,347.2746512,14.11777947,FOVNotMatch,2001/9/18 6:02:32,SAT_24937,4.955797955,40.98205221,SAT_22877,0.058161689,72.4926874,SAT_20630,12.30145599,N/A
frame-u-002566-5-0230,1,No match,FALSE,N/A,inf,347.8042347,14.9994729,347.9103476,14.88076522,FOVNotMatch,2001/9/18 6:04:55,SAT_24937,4.955797955,40.85864543,SAT_22877,0.058161689,72.61609418,SAT_20630,12.30145599,N/A
frame-u-002566-4-0261,1,No match,FALSE,N/A,inf,352.5653244,14.67984599,352.6390061,14.70316922,FOVNotMatch,2001/9/18 6:23:26,SAT_4882U,0.069780159,6.997340102,SAT_04882,0.069464222,6.998003326,SAT_24937,1.960387192,27.93130966
frame-u-002566-4-0262,1,No match,FALSE,N/A,inf,352.7976609,14.67196868,352.8877823,14.70059562,FOVNotMatch,2001/9/18 6:24:02,SAT_4882U,0.069780159,6.938457514,SAT_04882,0.069464222,6.939120737,SAT_24937,1.960387192,27.99019225
frame-u-002566-4-0064,1,No match,FALSE,N/A,inf,322.487359,11.2382737,322.6481451,11.2747849,FOVNotMatch,2001/9/18 4:25:48,SAT_8746U,4.790876972,12.58015851,SAT_08746,4.790296503,12.58208513,SAT_08747,4.11275481,12.75173255
frame-u-002566-4-0065,1,No match,FALSE,N/A,inf,322.7998159,11.29337915,322.7330454,11.27845412,FOVNotMatch,2001/9/18 4:26:24,SAT_8746U,4.790876972,12.38433068,SAT_08746,4.790296503,12.3862573,SAT_08747,4.11275481,12.55590472
frame-u-002566-5-0305,1,No match,FALSE,N/A,inf,359.5271986,15.52813793,359.476572,15.57384672,FOVNotMatch,2001/9/18 6:49:42,SAT_24937,3.020847232,31.54205495,SAT_12908,4.836265588,44.24358056,SAT_19716,2.795710966,66.25105331
frame-u-002574-2-0035,1,No match,FALSE,N/A,inf,260.2932672,60.29660499,260.1659255,60.42359114,FOVNotMatch,2001/9/19 2:57:42,SAT_21706,5.904707213,13.97443007,SAT_08861,0.191810888,15.3773496,SAT_8861U,0.05016792,15.60793524
frame-u-002570-2-0303,1,Success,TRUE,SAT_26724,3.5956774,53.60419606,-0.445194625,53.4624703,-0.454109941,,2001/9/18 11:14:36,SAT_26724,5.410332231,3.5956774,SAT_21222,4.882620778,3.600797858,SAT_25913,5.220488232,3.619197171
frame-u-002570-2-0304,1,Success,TRUE,SAT_26724,3.142635912,53.77223674,-0.453749779,53.67900475,-0.458874837,,2001/9/18 11:15:12,SAT_26724,5.410332231,3.142635912,SAT_21222,4.882620778,3.14775637,SAT_25913,5.220488232,3.166155683
frame-u-002570-6-0297,1,No match,FALSE,N/A,inf,52.69553755,1.095491323,52.56319716,1.114420863,FOVNotMatch,2001/9/18 11:11:01,SAT_12472,2.343906253,19.64750494,SAT_14943,1.435566871,20.35685363,SAT_12851,2.434558437,20.60230235
frame-u-002570-6-0298,1,No match,FALSE,N/A,inf,52.87499052,1.112504592,52.77099159,1.127528831,FOVNotMatch,2001/9/18 11:11:37,SAT_12472,2.343906253,19.72775356,SAT_14943,1.435566871,20.43710225,SAT_12851,2.434558437,20.68255096
frame-u-002570-1-0275,1,No match,FALSE,N/A,inf,49.3487578,-1.048577568,49.26909568,-1.031108812,FOVNotMatch,2001/9/18 10:57:53,SAT_26352,5.428682642,12.18347415,SAT_23313,4.493047442,12.34390599,SAT_22930,4.713624318,12.34847698
frame-u-002570-1-0276,1,No match,FALSE,N/A,inf,49.58108936,-1.033907154,49.41907895,-0.997737676,FOVNotMatch,2001/9/18 10:58:29,SAT_26352,5.428682642,12.40017537,SAT_23313,4.493047442,12.56060721,SAT_22930,4.713624318,12.5651782
frame-u-002570-1-0277,1,No match,FALSE,N/A,inf,49.73080046,-1.000790081,49.56843723,-0.964876864,FOVNotMatch,2001/9/18 10:59:05,SAT_26352,5.428682642,12.28737449,SAT_23313,4.493047442,12.44780633,SAT_22930,4.713624318,12.45237732
frame-u-002570-1-0280,1,No match,FALSE,N/A,inf,50.17939774,-0.901825731,50.018032,-0.865902825,FOVNotMatch,2001/9/18 11:00:52,SAT_26352,5.428682642,12.36498556,SAT_23313,4.493047442,12.5254174,SAT_22930,4.713624318,12.52998839
frame-u-002574-1-0091,1,No match,FALSE,N/A,inf,263.2884579,52.0637746,263.3221589,52.1587885,FOVNotMatch,2001/9/19 3:31:08,SAT_22241,5.453824339,14.41240839,SAT_19557,4.947773699,16.18780627,SAT_17536,2.960911414,29.49274798
frame-u-002574-3-0183,1,No match,FALSE,N/A,inf,268.4133372,38.90785773,268.5343697,38.81160764,FOVNotMatch,2001/9/19 4:26:04,SAT_4637U,1.888330752,29.30321772,SAT_04637,1.901039239,29.3717118,SAT_21217,0.013337729,68.93535045
frame-u-002574-3-0184,1,No match,FALSE,N/A,inf,268.4372367,38.64696027,268.4935062,38.60206613,FOVNotMatch,2001/9/19 4:26:40,SAT_4637U,1.888330752,29.30408361,SAT_04637,1.901039239,29.37257769,SAT_21217,0.013337729,68.93621634
frame-u-002574-3-0185,1,No match,FALSE,N/A,inf,268.5752823,38.52663158,268.6652133,38.63839318,FOVNotMatch,2001/9/19 4:27:16,SAT_23512,0.225520602,7.523425801,SAT_21217,0.013337729,7.632539986,SAT_04637,1.901039239,47.19617864
frame-u-002574-1-0099,1,No match,FALSE,N/A,inf,263.9041001,51.01772585,263.8617966,51.08537806,FOVNotMatch,2001/9/19 3:35:55,SAT_17535,0.102458442,10.22828753,SAT_26840,0.321500429,14.02645026,SAT_3391U,2.35508514,20.89053179
frame-u-002574-1-0100,1,No match,FALSE,N/A,inf,263.9780509,50.78219672,263.8835052,50.93231356,FOVNotMatch,2001/9/19 3:36:30,SAT_17535,0.102458442,10.45083038,SAT_26840,0.321500429,13.80390741,SAT_3391U,2.35508514,20.66798894
frame-u-002576-3-0156,1,No match,FALSE,N/A,inf,344.8747722,-9.812481434,344.8356818,-9.691643354,FOVNotMatch,2001/9/19 7:06:21,SAT_25154,0.710267602,61.02570363,SAT_26612,3.87551094,62.40216794,SAT_20413,1.395243157,63.40262405
frame-u-002576-3-0157,1,No match,FALSE,N/A,inf,345.1487261,-9.74119799,345.1198412,-9.651504172,FOVNotMatch,2001/9/19 7:06:57,SAT_25154,0.710267602,61.09754376,SAT_26612,3.87551094,62.47400808,SAT_20413,1.395243157,63.33078391
frame-u-002576-3-0103,1,No match,FALSE,N/A,inf,336.899159,-9.253741904,336.8332251,-9.022681005,FOVNotMatch,2001/9/19 6:34:42,SAT_10167,4.404486584,26.34984436,SAT_26791,1.656346327,42.45358011,SAT_23778,5.515653185,73.2738975
frame-u-002578-4-0138,1,No match,FALSE,N/A,inf,49.06748652,0.213660088,49.1943211,0.437670568,FOVNotMatch,2001/9/19 9:26:26,SAT_25827,3.975101821,22.42962216,SAT_15626,3.236252262,46.80302408,SAT_10143,4.251585497,47.06034911
frame-u-002575-6-0040,1,No match,FALSE,N/A,inf,321.2288197,-6.254202795,321.0851071,-6.200180692,FOVNotMatch,2001/9/19 5:01:40,SAT_21990,2.249850804,11.91563646,SAT_16482,3.16675447,18.79989978,SAT_23846,5.437842133,20.67307808
frame-u-002575-6-0040,2,No match,FALSE,N/A,inf,321.1455585,-6.381166229,321.0725453,-6.275475391,FOVNotMatch,2001/9/19 5:01:40,SAT_3138U,4.339845824,9.994636723,SAT_9737U,3.652281105,39.48541771,SAT_09737,3.657663321,39.49087214
frame-u-002575-6-0077,1,No match,FALSE,N/A,inf,326.6295755,-6.971579779,326.6133198,-6.812636093,FOVNotMatch,2001/9/19 5:23:46,SAT_23789,3.441546234,11.12396701,SAT_7022U,1.310503361,17.36191693,SAT_3138U,3.093056979,18.86751996
frame-u-002578-1-0084,1,Success,TRUE,SAT_10143,2.661495363,40.98003699,-0.841779492,41.0493212,-0.820395571,,2001/9/19 8:54:11,SAT_10143,4.558128662,2.661495363,SAT_15626,3.607850003,3.213020643,SAT_2865U,5.946895989,7.363578468
frame-u-002578-1-0158,1,No match,FALSE,N/A,inf,52.19562191,-0.911452857,52.03336183,-0.867465847,FOVNotMatch,2001/9/19 9:38:22,SAT_26871,4.937102834,14.98329617,SAT_26469,4.413839073,15.10476297,SAT_23741,4.833991507,15.14260126
frame-u-002582-3-0050,1,No match,FALSE,N/A,inf,242.9646696,80.55112213,242.6602635,80.65476752,FOVNotMatch,2001/9/20 2:32:12,SAT_02360,2.357975739,8.033655664,SAT_2360U,2.350685913,8.063976938,SAT_4863U,1.22740594,23.50491657
frame-u-002579-2-0095,1,Success,TRUE,SAT_26724,3.131394743,50.17375048,-0.788740319,50.0136583,-0.797507092,,2001/9/19 11:15:52,SAT_26724,5.028495415,3.131394743,SAT_25558,5.126439703,3.158385856,SAT_23313,5.480545058,3.159462906
frame-u-002579-2-0096,1,Success,TRUE,SAT_25331,2.940754627,50.32495548,-0.797083502,50.24405393,-0.801466798,,2001/9/19 11:16:28,SAT_25331,5.517412001,2.940754627,SAT_26402,5.49702776,3.079264281,SAT_24748,5.353698178,3.095809854
frame-u-002579-3-0102,1,Success,TRUE,SAT_22535,0.344232616,51.10850868,-0.230278019,51.06041691,-0.206664787,,2001/9/19 11:20:03,SAT_22535,4.081318112,0.344232616,SAT_25493,5.098452424,16.41055953,SAT_26745,4.851600233,25.52501959
frame-u-002579-2-0038,1,Success,TRUE,SAT_26644,2.118442991,41.56254691,-0.764696561,41.4788537,-0.713524541,,2001/9/19 10:41:50,SAT_26644,5.501144909,2.118442991,SAT_26745,4.555763797,30.90073701,SAT_23313,5.370468135,31.41602942
frame-u-002579-2-0039,1,Success,TRUE,SAT_26644,2.160011162,41.79094903,-0.721662801,41.63713931,-0.627771813,,2001/9/19 10:42:26,SAT_26644,5.501144909,2.160011162,SAT_26745,4.555763797,30.85916884,SAT_23313,5.370468135,31.37446125
frame-u-002582-6-0063,1,No match,FALSE,N/A,inf,254.406807,79.37983126,254.5271516,79.50417047,FOVNotMatch,2001/9/20 2:39:57,SAT_12889,0.081784375,63.17652396,SAT_21691,2.963374103,70.18923862,SAT_25997,3.445794102,71.02381079
frame-u-002579-1-0124,1,Success,TRUE,SAT_12472,0.13229691,54.5106673,-1.124776635,54.36771151,-1.152871941,,2001/9/19 11:33:11,SAT_12472,3.668226743,0.13229691,SAT_14943,1.898401134,1.006982544,SAT_19765,5.763632457,2.297329464
frame-u-002583-6-0048,1,Success,TRUE,SAT_23403,1.01766975,310.1125878,0.843233392,310.2009654,1.068175471,,2001/9/20 5:33:59,SAT_23403,3.956847398,1.01766975,SAT_19755,3.964131799,4.434823552,SAT_11015,2.888638356,7.346958214
frame-u-002583-5-0049,1,Success,TRUE,SAT_23403,0.976063379,310.2480136,0.424241648,310.3354765,0.647352855,,2001/9/20 5:34:35,SAT_23403,3.956847398,0.976063379,SAT_19755,3.964131799,4.39321718,SAT_11015,2.888638356,7.305351843
frame-u-002583-4-0051,1,Success,TRUE,SAT_23403,0.890842949,310.6835978,0.004718053,310.7069251,0.064488276,,2001/9/20 5:35:47,SAT_23403,3.956847398,0.890842949,SAT_19755,3.964131799,4.30799675,SAT_11015,2.888638356,7.220131413
frame-u-002583-3-0051,1,Success,TRUE,SAT_23403,0.8824854,310.5438144,-0.35377294,310.6074641,-0.19061836,,2001/9/20 5:35:47,SAT_23403,3.956847398,0.8824854,SAT_19755,3.964131799,4.299639202,SAT_11015,2.888638356,7.211773865
frame-u-002583-3-0052,1,Success,TRUE,SAT_23403,0.775013274,310.8197379,-0.414644266,310.85639,-0.320171163,,2001/9/20 5:36:23,SAT_23403,3.956847398,0.775013274,SAT_19755,3.964131799,4.192167076,SAT_11015,2.888638356,7.104301738
frame-u-002583-2-0053,1,Success,TRUE,SAT_23403,1.001516159,310.9564254,-0.834155559,311.0062717,-0.707173372,,2001/9/20 5:36:58,SAT_23403,3.956847398,1.001516159,SAT_19755,3.964131799,4.41866996,SAT_11015,2.888638356,7.330804623
frame-u-002583-1-0054,1,Success,TRUE,SAT_23403,0.733411459,311.093598,-1.253888158,311.1561741,-1.092276839,,2001/9/20 5:37:34,SAT_23403,3.956847398,0.733411459,SAT_19755,3.964131799,4.150565261,SAT_11015,2.888638356,7.062699924
frame-u-002583-1-0136,1,No match,FALSE,N/A,inf,323.3557668,-1.126358249,323.2708653,-1.089451196,FOVNotMatch,2001/9/20 6:26:32,SAT_10025,4.140546664,10.72888686,SAT_21948,2.302491778,20.86887749,SAT_26579,3.21044465,21.27125593
frame-u-002583-1-0164,1,No match,FALSE,N/A,inf,327.5196579,-1.253148494,327.4618708,-1.223580407,FOVNotMatch,2001/9/20 6:43:15,SAT_10025,4.425540944,10.71568619,SAT_26233,4.379998438,23.18001668,SAT_26579,3.448218393,23.84245017
frame-u-002583-1-0166,1,Success,TRUE,SAT_23232,2.225562661,327.9229314,-1.221137342,327.7661681,-1.227236768,,2001/9/20 6:44:27,SAT_23232,2.369163405,2.225562661,SAT_25922,4.106839802,2.238221335,SAT_22117,4.253123624,2.247252399
frame-u-002583-5-0180,1,No match,FALSE,N/A,inf,329.906064,0.42400664,329.9489343,0.647629562,FOVNotMatch,2001/9/20 6:52:48,SAT_6061U,3.643158203,12.89414119,SAT_06061,3.640083161,13.10856356,SAT_26483,5.6807487,30.24593258
frame-u-002583-4-0180,1,No match,FALSE,N/A,inf,329.8561167,0.154739823,329.8705253,0.228688995,FOVNotMatch,2001/9/20 6:52:48,SAT_6061U,3.643158203,13.06776689,SAT_06061,3.640083161,13.28218926,SAT_26483,5.6807487,30.41955828
frame-u-002583-4-0181,1,No match,FALSE,N/A,inf,330.1273046,0.004470234,330.1685642,0.221424517,FOVNotMatch,2001/9/20 6:53:24,SAT_6061U,3.643158203,12.80991465,SAT_06061,3.640083161,13.02433703,SAT_26483,5.6807487,30.16170605
frame-u-002583-2-0194,1,No match,FALSE,N/A,inf,332.0949328,-0.833826119,331.952957,-0.792282632,FOVNotMatch,2001/9/20 7:01:10,SAT_26579,4.43672717,11.9901404,SAT_23232,3.780283925,13.26655163,SAT_23016,5.710834204,16.279113
frame-u-002583-1-0225,1,Success,TRUE,SAT_26579,1.850508424,336.6738408,-1.179255753,336.5937068,-1.169088945,,2001/9/20 7:19:40,SAT_26579,4.725936758,1.850508424,SAT_23016,5.017726433,7.19699645,SAT_23877,4.831544291,7.201384519
frame-u-002583-1-0226,1,Success,TRUE,SAT_26579,1.965286801,336.9058975,-1.170688436,336.7486538,-1.150418356,,2001/9/20 7:20:16,SAT_26579,4.725936758,1.965286801,SAT_23016,5.017726433,7.311774827,SAT_23877,4.831544291,7.316162896
frame-u-002583-5-0241,1,Success,TRUE,SAT_00721,1.423807203,339.1345216,0.424586852,339.1367094,0.648073882,,2001/9/20 7:29:14,SAT_00721,5.070761568,1.423807203,SAT_721U0,5.06379255,1.429574718,SAT_19242,4.549870869,7.370322513
frame-u-002583-6-0241,1,Success,TRUE,SAT_00721,1.287641481,339.1383265,0.844169271,339.1410546,1.068376077,,2001/9/20 7:29:14,SAT_00721,5.070761568,1.287641481,SAT_721U0,5.06379255,1.293408996,SAT_19242,4.549870869,7.506488235
frame-u-002583-4-0250,1,No match,FALSE,N/A,inf,340.3792042,0.005280917,340.39274,0.228469811,FOVNotMatch,2001/9/20 7:34:36,SAT_10167,2.94433944,7.507124285,SAT_12671,4.297522226,15.68679324,SAT_22952,3.499429119,20.40421507
frame-u-002585-1-0061,1,Success,TRUE,SAT_18951,3.450477664,335.7119905,-1.180517474,335.6192539,-1.173767367,,2001/9/20 8:28:00,SAT_18951,5.783211735,3.450477664,SAT_23754,4.471947786,4.154630502,SAT_26388,4.888320057,8.689441141
frame-u-002585-1-0062,1,Success,TRUE,SAT_18951,3.83514178,335.9306223,-1.174670809,335.7903798,-1.163516007,,2001/9/20 8:28:35,SAT_18951,5.783211735,3.83514178,SAT_23754,4.471947786,4.539294617,SAT_26388,4.888320057,9.074105256
frame-u-002589-6-0234,1,Success,TRUE,SAT_21223,1.13604396,50.28398735,1.057595634,50.16374413,1.060422219,,2001/9/21 8:56:45,SAT_21223,3.493111611,1.13604396,SAT_18387,5.616688904,11.22183779,SAT_15219,5.125384301,15.24219477
frame-u-002589-6-0235,1,Success,TRUE,SAT_21223,1.455151307,50.47662422,1.060025386,50.31342048,1.062952654,,2001/9/21 8:57:21,SAT_21223,3.493111611,1.455151307,SAT_18387,5.616688904,10.90273044,SAT_15219,5.125384301,14.92308742
frame-u-002589-6-0236,1,Success,TRUE,SAT_21223,1.446376315,50.6264563,1.062806523,50.46394649,1.065746235,,2001/9/21 8:57:57,SAT_21223,3.493111611,1.446376315,SAT_18387,5.616688904,10.91150543,SAT_15219,5.125384301,14.93186242
frame-u-002589-6-0237,1,Success,TRUE,SAT_21223,1.471640261,50.77581834,1.065534311,50.61293555,1.068408936,,2001/9/21 8:58:32,SAT_21223,3.493111611,1.471640261,SAT_18387,5.616688904,10.88624149,SAT_15219,5.125384301,14.90659847
frame-u-002589-6-0238,1,Success,TRUE,SAT_21223,1.320612573,50.92530722,1.068356458,50.76261831,1.071656574,,2001/9/21 8:59:08,SAT_21223,3.493111611,1.320612573,SAT_18387,5.616688904,11.03726917,SAT_15219,5.125384301,15.05762616
frame-u-002589-6-0239,1,Success,TRUE,SAT_21223,1.357009249,51.07565152,1.070735031,50.91265071,1.073937904,,2001/9/21 8:59:44,SAT_21223,3.493111611,1.357009249,SAT_18387,5.616688904,11.0008725,SAT_15219,5.125384301,15.02122948
frame-u-002589-6-0240,1,Success,TRUE,SAT_21223,1.223273186,51.22437583,1.073560693,51.19676515,1.07416769,,2001/9/21 9:00:20,SAT_21223,3.493111611,1.223273186,SAT_18387,5.616688904,11.13460856,SAT_15219,5.125384301,15.15496554
frame-u-002589-1-0283,1,No match,FALSE,N/A,inf,57.61091868,-0.880775669,57.50104906,-0.937588287,FOVNotMatch,2001/9/21 9:26:00,SAT_15219,4.437934332,13.88710702,SAT_19020,3.242394711,17.1645979,SAT_18387,2.409635962,17.68179683
frame-u-002589-1-0284,1,No match,FALSE,N/A,inf,57.81320988,-0.930621839,57.68448695,-0.99712697,FOVNotMatch,2001/9/21 9:26:36,SAT_15219,4.437934332,13.86766764,SAT_19020,3.242394711,17.14515852,SAT_18387,2.409635962,17.66235745
frame-u-002589-6-0265,1,Success,TRUE,SAT_11718,0.006908276,54.89402926,1.10140676,54.80654014,1.070700133,,2001/9/21 9:15:15,SAT_11718,5.804347891,0.006908276,SAT_15219,4.792203438,5.700297981,SAT_19020,5.73604528,9.12768474
frame-u-002589-2-0270,1,Success,TRUE,SAT_11718,3.268762139,55.65074775,-0.427648181,55.55923077,-0.465777031,,2001/9/21 9:18:15,SAT_11718,5.804347891,3.268762139,SAT_15219,4.792203438,8.975968396,SAT_26763,4.26303052,9.980262881
frame-u-002589-2-0271,1,Success,TRUE,SAT_11718,2.881151621,55.86389103,-0.462576865,55.7348384,-0.515322213,,2001/9/21 9:18:50,SAT_11718,5.804347891,2.881151621,SAT_15219,4.792203438,8.588357877,SAT_26763,4.26303052,10.3678734
frame-u-002589-3-0290,1,No match,FALSE,N/A,inf,58.62179273,-0.068148077,58.55104624,-0.111175218,FOVNotMatch,2001/9/21 9:30:11,SAT_25768,2.195933721,13.45168852,SAT_15219,4.484206221,17.92738106,SAT_19020,3.893408527,21.14492846
frame-u-002589-4-0275,1,Success,TRUE,SAT_10990,1.37001772,56.4653525,0.242074036,56.44870802,0.213636575,,2001/9/21 9:21:14,SAT_10990,3.862421569,1.37001772,SAT_5218U,2.326337901,38.15142413,SAT_05218,2.326306388,38.15147324
frame-u-002591-2-0014,1,Success,TRUE,SAT_13595,0.035421593,42.77434139,-0.735411726,42.66607293,-0.754206459,,2001/9/21 10:09:29,SAT_13595,5.68103237,0.035421593,SAT_19483,5.906788557,1.956228634,SAT_12472,4.020945997,2.255951576
frame-u-002591-2-0015,1,Success,TRUE,SAT_13595,0.043809127,42.97734294,-0.752169173,42.84120123,-0.775608554,,2001/9/21 10:10:05,SAT_13595,5.68103237,0.043809127,SAT_19483,5.906788557,2.035459353,SAT_12472,4.020945997,2.335182295
frame-u-002649-4-0043,1,Success,TRUE,SAT_5146U,0.703634521,348.2746971,0.213822612,348.2975524,0.435080058,,2001/10/14 6:25:14,SAT_5146U,1.196728823,0.703634521,SAT_10998,3.250755816,4.679908939,SAT_13386,5.439246248,30.71952194
frame-u-002591-1-0074,1,Success,TRUE,SAT_10855,1.00285709,51.79430896,-1.084051706,51.6491333,-1.120546116,,2001/9/21 10:45:18,SAT_10855,2.315674141,1.00285709,SAT_7250U,3.213933056,1.172906798,SAT_07250,3.21434033,1.173114885
frame-u-002591-1-0075,1,Success,TRUE,SAT_10855,0.62852334,51.86274921,-1.141240684,51.96123937,-1.117165254,,2001/9/21 10:45:54,SAT_10855,2.315674141,0.62852334,SAT_7250U,3.213933056,0.798573048,SAT_07250,3.21434033,0.798781135
frame-u-002649-3-0076,1,No match,FALSE,N/A,inf,353.2570553,-0.203707996,353.1466611,0.013207352,FOVNotMatch,2001/10/14 6:44:57,SAT_13817,4.428557251,12.61841,SAT_21722,0.157301893,35.58502157,SAT_22117,5.847388503,62.96336398
frame-u-002662-3-0182,1,No match,FALSE,N/A,inf,345.030047,-0.153778205,345.0576788,-0.065778674,FOVNotMatch,2001/10/15 6:30:58,SAT_10998,4.143860266,6.830110972,SAT_7800U,5.43105407,32.4780007,SAT_24941,5.145678197,37.08995338
frame-u-002662-3-0210,1,No match,FALSE,N/A,inf,349.1597698,-0.174445393,349.086479,-0.071026407,FOVNotMatch,2001/10/15 6:47:41,SAT_9843U,3.616779845,5.273408583,SAT_09843,3.587443685,5.285327504,SAT_16765,2.203837062,38.0531966
frame-u-002662-3-0211,1,Success,TRUE,SAT_9843U,4.883519042,349.398551,-0.08950733,349.3219629,0.02013872,,2001/10/15 6:48:17,SAT_9843U,3.616779845,4.883519042,SAT_09843,3.587443685,4.895437963,SAT_16765,2.203837062,37.66330706
frame-u-002650-2-0068,1,No match,FALSE,N/A,inf,13.85044624,-0.623846373,13.74320044,-0.399709518,FOVNotMatch,2001/10/14 8:33:51,SAT_24841,0.691558862,9.241511296,SAT_20299,4.434208191,27.80326479,SAT_12893,2.010812617,36.86917114
frame-u-002662-2-0297,1,No match,FALSE,N/A,inf,2.274082861,-0.417675177,2.214343688,-0.399513588,FOVNotMatch,2001/10/15 7:39:38,SAT_02371,5.334641361,13.83944441,SAT_23879,2.56785381,16.79026699,SAT_26745,4.149088352,16.850905
frame-u-002662-1-0335,1,No match,FALSE,N/A,inf,7.9635262,-0.92985906,7.801894019,-0.895739133,FOVNotMatch,2001/10/15 8:02:19,SAT_26745,3.748717766,11.78806574,SAT_23016,4.325802982,11.87837814,SAT_22117,4.59219662,11.88455059
frame-u-002662-6-0340,1,No match,FALSE,N/A,inf,8.66527777,1.129044289,8.550324369,1.164860619,FOVNotMatch,2001/10/15 8:05:18,SAT_26745,3.748717766,17.1755434,SAT_23016,4.325802982,17.26585581,SAT_22117,4.59219662,17.27202826
frame-u-002662-5-0372,1,No match,FALSE,N/A,inf,13.45683567,0.634221923,13.3506842,0.836491542,FOVNotMatch,2001/10/15 8:24:25,SAT_8908U,3.182365144,31.72164903,SAT_08908,3.122943207,31.81888929,SAT_14813,3.769378818,32.72588259
frame-u-002677-3-0111,1,No match,FALSE,N/A,inf,20.26967421,-0.204619832,20.20137551,-0.166834694,FOVNotMatch,2001/10/25 8:11:59,SAT_02124,2.132520733,22.95059946,SAT_2124U,2.132590431,22.95066469,SAT_24320,2.941361726,28.2527523
frame-u-002677-3-0112,1,No match,FALSE,N/A,inf,20.51244402,-0.173696011,20.37561149,-0.097915997,FOVNotMatch,2001/10/25 8:12:34,SAT_02124,2.132520733,22.97606866,SAT_2124U,2.132590431,22.97613389,SAT_24320,2.941361726,28.22728311
frame-u-002677-3-0122,1,No match,FALSE,N/A,inf,22.00924461,-0.179798147,21.84759417,-0.13097298,FOVNotMatch,2001/10/25 8:18:33,SAT_24786,5.45432498,16.74313341,SAT_23016,5.154900428,16.76521819,SAT_22096,5.592938874,16.77966932
frame-u-002677-3-0195,1,Success,TRUE,SAT_21285,1.213759583,32.82225205,-0.186656677,32.77680286,-0.197894635,,2001/10/25 9:02:08,SAT_21285,2.711307514,1.213759583,SAT_25619,2.547189718,26.41569148,SAT_4377U,0.978108485,49.72877833
frame-u-002677-2-0157,1,Success,TRUE,SAT_22448,4.647674045,27.19585964,-0.441779403,27.08736097,-0.525177846,,2001/10/25 8:39:27,SAT_22448,3.719755621,4.647674045,SAT_00515,5.556700201,13.34886381,SAT_15384,5.944875824,29.50318181
frame-u-002700-2-0046,1,No match,FALSE,N/A,inf,27.08178994,-0.617722657,26.9470262,-0.503279979,FOVNotMatch,2001/11/11 6:55:30,SAT_21906,4.356334809,40.30843689,SAT_26056,4.658743794,40.31735657,SAT_25922,5.820693,40.34498847
frame-u-002700-1-0116,1,No match,FALSE,N/A,inf,37.47323394,-1.046016457,37.42485441,-1.012286552,FOVNotMatch,2001/11/11 7:37:17,SAT_04053,3.098764182,14.50971781,SAT_4053U,3.101413076,14.51682432,SAT_09330,3.845676872,25.32104761
frame-u-002700-1-0117,1,No match,FALSE,N/A,inf,37.73756461,-1.021823598,37.62921316,-0.947039032,FOVNotMatch,2001/11/11 7:37:53,SAT_04053,3.098764182,14.23894649,SAT_4053U,3.101413076,14.246053,SAT_09330,3.845676872,25.05027629
frame-u-002700-3-0239,1,Success,TRUE,SAT_18387,2.267730557,56.00197323,-0.127643977,55.83944946,-0.149134169,,2001/11/11 8:50:44,SAT_18387,5.491734681,2.267730557,SAT_18631,3.021821315,2.399612115,SAT_12472,0.001163535,3.45250074
frame-u-002700-3-0240,1,Success,TRUE,SAT_18387,2.251552971,56.15120345,-0.14754761,55.98978592,-0.168937881,,2001/11/11 8:51:20,SAT_18387,5.491734681,2.251552971,SAT_18631,3.021821315,2.38343453,SAT_12472,0.001163535,3.436323154
frame-u-002700-3-0245,1,No match,FALSE,N/A,inf,56.80707045,-0.206609615,56.73790596,-0.025073287,FOVNotMatch,2001/11/11 8:54:19,SAT_23749,1.834175604,11.15089568,SAT_19143,3.40473903,14.80751083,SAT_21766,0.059375243,61.58003813
frame-u-002708-5-0082,1,No match,FALSE,N/A,inf,356.0540092,0.856366833,355.9704533,0.769042042,FOVNotMatch,2001/11/12 3:39:30,SAT_21052,5.005955182,29.289919,SAT_4297U,3.556637115,30.03974764,SAT_25667,5.370136262,46.2804871
frame-u-002708-5-0083,1,No match,FALSE,N/A,inf,356.2823869,0.782479281,356.1382335,0.632133618,FOVNotMatch,2001/11/12 3:40:05,SAT_21052,5.005955182,29.23030227,SAT_4297U,3.556637115,29.98013091,SAT_25667,5.370136262,46.22087037
frame-u-002708-4-0042,1,Success,TRUE,SAT_26837,0.206261127,350.1444538,0.390988254,349.9956575,0.421919758,,2001/11/12 3:15:37,SAT_26837,0.597160778,0.206261127,SAT_19485,4.404266738,1.180231816,SAT_20169,2.560846313,5.753087441
frame-u-002708-1-0221,1,Success,TRUE,SAT_25667,1.586483595,16.94090103,-1.035915926,16.77901863,-1.043884852,,2001/11/12 5:02:29,SAT_25667,3.500263631,1.586483595,SAT_22205,5.74917897,2.597711203,SAT_20706,5.805962115,2.608267702
frame-u-002708-1-0222,1,Success,TRUE,SAT_25667,1.763122709,17.09116588,-1.043232182,17.03253093,-1.046299783,,2001/11/12 5:03:05,SAT_25667,3.500263631,1.763122709,SAT_22205,5.74917897,2.774350316,SAT_20706,5.805962115,2.784906815
frame-u-002708-3-0224,1,No match,FALSE,N/A,inf,17.31241835,-0.117846765,17.2280081,-0.060898689,FOVNotMatch,2001/11/12 5:04:17,SAT_8747U,5.49347879,22.12200775,SAT_08747,5.486606221,22.12345057,SAT_23313,5.359987275,33.96202108
frame-u-002711-2-0121,1,No match,FALSE,N/A,inf,125.3513605,34.86554041,125.402692,34.66873187,FOVNotMatch,2001/11/12 9:47:35,SAT_11309,3.260286317,26.5284689,SAT_15355,15.86084011,N/A,SAT_17799,13.18675556,N/A
frame-u-002711-1-0094,1,No match,FALSE,N/A,inf,122.4352337,31.63470932,122.2701196,31.68584794,FOVNotMatch,2001/11/12 9:31:28,SAT_16993,5.939879013,45.90487907,SAT_09652,1.604478883,64.58931102,SAT_10937,0.905982658,69.86558993
frame-u-002708-6-0262,1,Success,TRUE,SAT_10830,0.072883943,23.01420846,1.051743866,22.93743678,1.275507068,,2001/11/12 5:26:58,SAT_10830,4.152210611,0.072883943,SAT_03212,5.879050379,1.694381327,SAT_3212U,5.878169211,1.700142921
frame-u-002709-5-0026,1,Success,TRUE,SAT_12680,4.596405283,23.73675484,0.422494777,23.75888086,0.645154528,,2001/11/12 5:52:21,SAT_12680,4.991685862,4.596405283,SAT_14264,1.796434286,13.22326518,SAT_22779,5.775260754,38.05064404
frame-u-002728-2-0198,1,No match,FALSE,N/A,inf,327.8390535,-0.518965366,327.7600398,-0.449966605,FOVNotMatch,2001/11/18 2:38:29,SAT_20706,5.810124684,40.62464591,SAT_21906,4.810419929,41.10074089,SAT_23877,4.759763249,41.12917107
frame-u-002728-2-0199,1,No match,FALSE,N/A,inf,328.0724289,-0.462434059,328.0003819,-0.399774508,FOVNotMatch,2001/11/18 2:39:05,SAT_20706,5.810124684,40.50891862,SAT_21906,4.810419929,40.9850136,SAT_23877,4.759763249,41.01344377
frame-u-002709-6-0065,1,No match,FALSE,N/A,inf,29.60717873,0.915171055,29.54766581,0.940597742,FOVNotMatch,2001/11/12 6:15:38,SAT_08774,5.438002035,37.37879269,SAT_8774U,5.437502823,37.37880314,SAT_14821,5.994124016,38.17945871
frame-u-002728-1-0162,1,No match,FALSE,N/A,inf,322.4494469,-1.043031451,322.3715287,-0.99574758,FOVNotMatch,2001/11/18 2:16:59,SAT_24847,4.270592944,17.61877002,SAT_20706,5.377318667,30.67600485,SAT_21906,4.393204834,31.22729066
frame-u-002709-5-0084,1,No match,FALSE,N/A,inf,32.45163692,0.45039858,32.28984057,0.553231513,FOVNotMatch,2001/11/12 6:26:59,SAT_26724,5.850241442,32.43212787,SAT_8774U,4.324986159,46.63614428,SAT_08774,4.325513959,46.63615771
frame-u-002709-5-0125,1,No match,FALSE,N/A,inf,38.58951386,0.563481551,38.53441513,0.645569654,FOVNotMatch,2001/11/12 6:51:28,SAT_8145U,1.701766402,11.01422635,SAT_08145,1.708178445,11.01711549,SAT_26678,3.265444076,45.0731491
frame-u-002709-3-0076,1,No match,FALSE,N/A,inf,31.25453391,-0.308092436,31.09214447,-0.204175356,FOVNotMatch,2001/11/12 6:22:12,SAT_25240,4.319249114,18.19215929,SAT_23879,4.780239194,28.06210211,SAT_23313,4.959379319,32.57788719
frame-u-002709-4-0077,1,No match,FALSE,N/A,inf,31.39004631,0.003297123,31.29143981,0.138136637,FOVNotMatch,2001/11/12 6:22:48,SAT_25240,4.319249114,39.39817071,SAT_13298,4.121892478,47.09792985,SAT_23879,4.780239194,49.26811354
frame-u-002728-5-0283,1,No match,FALSE,N/A,inf,340.5517568,0.791603432,340.5438231,0.819082283,FOVNotMatch,2001/11/18 3:29:14,SAT_26463,0.768373808,32.25415706,SAT_26464,0.05749834,32.45419471,SAT_26410,0.904204619,32.48082416
frame-u-002728-3-0287,1,No match,FALSE,N/A,inf,341.2038626,-0.017557003,341.1954428,0.011773233,FOVNotMatch,2001/11/18 3:31:37,SAT_26463,0.768373808,32.16834266,SAT_26464,0.05749834,32.36838031,SAT_26410,0.904204619,32.39500976
frame-u-002728-2-0263,1,No match,FALSE,N/A,inf,337.6136055,-0.480293033,337.4925222,-0.3993313,FOVNotMatch,2001/11/18 3:17:18,SAT_22195,1.15858743,16.82713914,SAT_19512,1.006070393,30.01241598,SAT_21528,2.249500224,30.28782999
frame-u-002728-4-0292,1,No match,FALSE,N/A,inf,341.8486311,0.225860159,341.9944054,0.309952504,FOVNotMatch,2001/11/18 3:34:37,SAT_23877,5.597973074,29.98356708,SAT_21906,5.649096916,30.01173627,SAT_23246,5.26701023,31.37124587
frame-u-002734-4-0025,1,No match,FALSE,N/A,inf,132.0673782,43.41259905,131.817139,43.42532962,FOVNotMatch,2001/11/20 10:15:17,SAT_20830,5.564494566,47.31337815,SAT_19796,4.732911478,75.23708521,SAT_01804,0.10899821,87.37455153
frame-u-002728-3-0328,1,No match,FALSE,N/A,inf,347.3404875,-0.023355557,347.3241309,0.02016039,FOVNotMatch,2001/11/18 3:56:06,SAT_05904,5.557493777,20.66897113,SAT_5904U,5.553724034,20.67845402,SAT_24803,0.055923773,41.86189222
frame-u-002728-5-0329,1,No match,FALSE,N/A,inf,347.3855559,0.634634434,347.3705328,0.672125424,FOVNotMatch,2001/11/18 3:56:42,SAT_05904,5.557493777,21.9041092,SAT_5904U,5.553724034,21.91359209,SAT_24803,0.055923773,43.09703028
frame-u-002728-4-0329,1,No match,FALSE,N/A,inf,347.5333037,0.251944598,347.4617577,0.438724493,FOVNotMatch,2001/11/18 3:56:42,SAT_05904,5.557493777,21.02787845,SAT_5904U,5.553724034,21.03736134,SAT_24803,0.055923773,42.22079954
frame-u-002728-5-0330,1,No match,FALSE,N/A,inf,347.6828732,0.638677496,347.6490422,0.72856675,FOVNotMatch,2001/11/18 3:57:18,SAT_05904,5.557493777,20.6920017,SAT_5904U,5.553724034,20.70148459,SAT_24803,0.055923773,41.88492278
frame-u-002734-4-0067,1,No match,FALSE,N/A,inf,138.7080562,47.51726976,138.5946909,47.54399762,FOVNotMatch,2001/11/20 10:40:22,SAT_15429,2.749081483,33.16421873,SAT_14907,5.467735231,36.5240142,SAT_21108,0.031494918,64.68614479
frame-u-002734-5-0069,1,No match,FALSE,N/A,inf,138.8954095,48.00198453,138.8587063,48.01056233,FOVNotMatch,2001/11/20 10:41:33,SAT_15429,2.749081483,33.15763595,SAT_14907,5.467735231,36.51743141,SAT_21108,0.031494918,64.67956201
frame-u-002728-1-0387,1,No match,FALSE,N/A,inf,356.117649,-0.97916648,356.0540138,-0.948857512,FOVNotMatch,2001/11/18 4:31:20,SAT_22416,4.414151999,11.36504371,SAT_23246,5.99495292,14.74297113,SAT_21766,4.160768165,25.34086185
frame-u-002735-2-0011,1,No match,FALSE,N/A,inf,143.3457319,48.61136266,143.1025763,48.6894746,FOVNotMatch,2001/11/20 10:55:30,SAT_14277,3.0832849,7.236090774,SAT_15429,3.515296038,30.35939997,SAT_08310,0.124717919,44.62464213
frame-u-002728-5-0442,1,No match,FALSE,N/A,inf,4.389563512,0.634515013,4.449555449,0.742470374,FOVNotMatch,2001/11/18 5:04:10,SAT_26339,1.288507538,45.18833516,SAT_11844,0.083604251,58.02108196,SAT_21128,1.803447424,67.43986969
frame-u-002728-4-0443,1,No match,FALSE,N/A,inf,4.504500838,0.303165538,4.580030942,0.438837385,FOVNotMatch,2001/11/18 5:04:46,SAT_26339,1.288507538,45.1432825,SAT_11844,0.083604251,57.9760293,SAT_21128,1.803447424,67.39481703
frame-u-002735-2-0071,1,No match,FALSE,N/A,inf,155.6583211,53.08377692,155.4506018,53.10036792,FOVNotMatch,2001/11/20 11:31:19,SAT_14739,2.129588222,58.85368027,SAT_8425U,15.55448514,N/A,SAT_15714,7.99821041,N/A
frame-u-002728-3-0491,1,No match,FALSE,N/A,inf,11.6991778,-0.144198354,11.62233577,-0.109361037,FOVNotMatch,2001/11/18 5:33:26,SAT_17563,4.518318908,18.63848244,SAT_21906,5.248612217,24.35661631,SAT_23877,5.183025359,24.37813688
frame-u-002728-1-0496,1,Success,TRUE,SAT_17563,3.342490806,12.44869484,-1.013450121,12.37149379,-1.001097712,,2001/11/18 5:36:25,SAT_17563,4.518318908,3.342490806,SAT_21906,5.248612217,9.060624673,SAT_23877,5.183025359,9.082145249
frame-u-002728-1-0497,1,Success,TRUE,SAT_17563,3.00613106,12.68341295,-1.003098016,12.52608444,-0.978871082,,2001/11/18 5:37:01,SAT_17563,4.518318908,3.00613106,SAT_21906,5.248612217,8.724264927,SAT_23877,5.183025359,8.745785503
frame-u-002728-1-0537,1,No match,FALSE,N/A,inf,18.66348888,-0.821502148,18.50910367,-0.964667361,FOVNotMatch,2001/11/18 6:00:54,SAT_01576,0.114663166,19.95305695,SAT_1576U,0.114195457,19.95744612,SAT_13056,5.359026825,27.68069372
frame-u-002738-2-0034,1,No match,FALSE,N/A,inf,17.43418023,-0.565049031,17.3961778,-0.625866934,FOVNotMatch,2001/11/21 5:14:21,SAT_25593,3.583593297,12.27524575,SAT_16962,4.062960374,13.15553831,SAT_8893U,1.207045476,17.99826944
frame-u-002738-2-0034,2,No match,FALSE,N/A,inf,17.4383456,-0.456467598,17.35185389,-0.415655266,FOVNotMatch,2001/11/21 5:14:21,SAT_1672U,5.83366219,20.45235691,SAT_22779,0.006825005,32.14595325,SAT_8285U,3.76741294,34.9316728
frame-u-002738-2-0053,1,No match,FALSE,N/A,inf,20.24266167,-0.593708381,20.1218267,-0.523223965,FOVNotMatch,2001/11/21 5:25:42,SAT_22779,4.182434363,27.6769967,SAT_8808U,4.902118259,44.85876181,SAT_12447,5.324276612,46.15841084
frame-u-002738-2-0054,1,No match,FALSE,N/A,inf,20.4338897,-0.530806582,20.31785532,-0.463037027,FOVNotMatch,2001/11/21 5:26:18,SAT_22779,4.951838423,27.76163929,SAT_26056,5.722691838,30.29795066,SAT_25558,5.44615983,30.29951957
frame-u-002738-2-0106,1,No match,FALSE,N/A,inf,28.17787212,-0.625370944,28.05553082,-0.50097821,FOVNotMatch,2001/11/21 5:57:21,SAT_9702U,3.484796324,21.7470369,SAT_09702,3.476689787,21.7536148,SAT_18639,4.898832715,35.29598383
frame-u-002738-5-0171,1,No match,FALSE,N/A,inf,37.9447053,0.850082529,37.78721864,0.786587526,FOVNotMatch,2001/11/21 6:36:09,SAT_12447,2.303229907,7.083523117,SAT_15236,4.212482065,7.500604856,SAT_14117,3.901281156,7.559451019
frame-u-002738-5-0172,1,No match,FALSE,N/A,inf,38.09878077,0.791455583,38.02058727,0.760931651,FOVNotMatch,2001/11/21 6:36:45,SAT_12447,2.303229907,6.449003232,SAT_15236,4.212482065,6.866084972,SAT_14117,3.901281156,6.924931134
frame-u-002738-1-0195,1,No match,FALSE,N/A,inf,41.54210172,-0.907723178,41.37975808,-0.878135133,FOVNotMatch,2001/11/21 6:50:29,SAT_26056,5.381356258,10.32877792,SAT_25558,5.073827527,10.33342488,SAT_26402,4.353158502,10.3439393
frame-u-002738-1-0196,1,No match,FALSE,N/A,inf,41.69193601,-0.880501899,41.65198779,-0.873528786,FOVNotMatch,2001/11/21 6:51:05,SAT_26056,5.381356258,9.901016304,SAT_25558,5.073827527,9.905663261,SAT_26402,4.353158502,9.91617768
frame-u-002740-1-0208,1,No match,FALSE,N/A,inf,135.8599681,41.69301378,135.8118986,41.70358584,FOVNotMatch,2001/11/21 10:33:42,SAT_22273,5.312561742,34.65703735,SAT_10141,3.079226851,79.11914394,SAT_6708U,5.501655737,79.46757425
frame-u-002740-2-0250,1,Success,TRUE,SAT_7169U,4.081380057,142.4722363,45.72156589,142.3884462,45.63617719,,2001/11/21 10:58:47,SAT_7169U,2.583272241,4.081380057,SAT_16326,2.637799975,6.261973678,SAT_23486,4.266333451,6.465220835
frame-u-002740-1-0263,1,No match,FALSE,N/A,inf,145.282875,46.34432752,145.0947688,46.30807825,FOVNotMatch,2001/11/21 11:06:32,SAT_03569,4.276451727,23.82553829,SAT_04621,0.434761968,68.85595401,SAT_13532,2.742037766,80.65703361
frame-u-002740-1-0264,1,No match,FALSE,N/A,inf,145.4839566,46.4686137,145.3236672,46.43769207,FOVNotMatch,2001/11/21 11:07:08,SAT_03569,4.276451727,23.77520607,SAT_04621,0.434761968,68.90628623,SAT_13532,2.742037766,80.70736583
frame-u-002740-4-0290,1,No match,FALSE,N/A,inf,149.6109142,49.38696158,149.4266619,49.3523621,FOVNotMatch,2001/11/21 11:22:40,SAT_8425U,12.4952629,N/A,SAT_13012,11.83122758,N/A,SAT_21722,7.883593339,N/A
frame-u-002740-4-0291,1,No match,FALSE,N/A,inf,149.8521964,49.49779689,149.6769366,49.46628212,FOVNotMatch,2001/11/21 11:23:15,SAT_8425U,12.4952629,N/A,SAT_13012,11.83122758,N/A,SAT_21722,7.883593339,N/A
frame-u-002740-3-0344,1,No match,FALSE,N/A,inf,161.5510443,52.26669556,161.333642,52.38852274,FOVNotMatch,2001/11/21 11:54:54,SAT_09509,0.197273829,78.68558378,SAT_9509U,0.150253273,79.15938137,SAT_8425U,5.108207905,86.19341797
frame-u-002766-6-0025,1,Success,TRUE,SAT_24809,0.012418683,9.058069983,-5.17674783,8.835600829,-5.175423463,,2001/12/10 2:04:07,SAT_24809,3.381432216,0.012418683,SAT_26624,5.815197038,0.3099625,SAT_20946,3.134087572,0.320317661
frame-u-002766-2-0033,1,No match,FALSE,N/A,inf,10.66028241,-4.012470019,10.51774126,-3.944478203,FOVNotMatch,2001/12/10 2:08:54,SAT_963U0,5.435514298,12.36048675,SAT_00963,5.441622789,12.38552789,SAT_20169,2.248038269,15.65884279
frame-u-002766-3-0050,1,No match,FALSE,N/A,inf,10.16980906,-1.393023775,10.18289843,-1.433222043,FOVNotMatch,2001/12/10 2:19:03,SAT_22037,1.900083663,12.60143234,SAT_274U0,2.145950597,18.29716561,SAT_00274,2.144613357,18.30213972
frame-u-002766-3-0048,1,Success,TRUE,SAT_12647,2.108008275,10.0972615,-1.763310865,10.12553544,-1.852123,,2001/12/10 2:17:51,SAT_12647,2.916145021,2.108008275,SAT_16393,0.698789003,35.07623924,SAT_20169,4.265675419,62.25469971
frame-u-002766-2-0076,1,No match,FALSE,N/A,inf,10.57589344,2.465698369,10.6191476,2.334582201,FOVNotMatch,2001/12/10 2:34:34,SAT_7369U,4.521049861,22.23823817,SAT_07369,4.52429978,22.23852191,SAT_23194,1.75490777,36.46801144
frame-u-002777-2-0180,1,No match,FALSE,N/A,inf,133.4502895,41.03729522,133.4045197,41.04642797,FOVNotMatch,2001/12/15 8:50:33,SAT_27022,3.588483388,9.770806352,SAT_10684,5.09651809,49.8337922,SAT_14806,1.784848818,64.82855104
frame-u-002777-3-0181,1,No match,FALSE,N/A,inf,133.4022818,41.29932928,133.2562162,41.3284208,FOVNotMatch,2001/12/15 8:51:09,SAT_27022,3.588483388,9.738187098,SAT_10684,5.09651809,49.80117295,SAT_14806,1.784848818,64.79593179
frame-u-002777-2-0213,1,No match,FALSE,N/A,inf,138.8297878,44.118011,138.6719924,43.99827656,FOVNotMatch,2001/12/15 9:10:15,SAT_17081,5.028411802,12.90657862,SAT_13169,5.043954202,13.50948969,SAT_22273,5.664178966,18.94316018
frame-u-002777-2-0159,1,No match,FALSE,N/A,inf,130.5333064,38.92872998,130.2620094,38.92613897,FOVNotMatch,2001/12/15 8:38:01,SAT_20830,3.041130286,53.75205779,SAT_25613,4.766415703,55.86671653,SAT_17081,5.677751325,62.12412436
frame-u-002820-1-0070,1,Success,TRUE,SAT_17939,2.69852131,30.58980411,-0.958383409,30.47358112,-0.994642766,,2001/12/18 5:14:12,SAT_17939,5.213947096,2.69852131,SAT_8330U,2.192340118,3.356104895,SAT_15144,3.88369361,4.845804798
frame-u-002768-5-0249,1,No match,FALSE,N/A,inf,17.55625959,0.64153953,17.3981632,0.758334319,FOVNotMatch,2001/12/10 5:36:31,SAT_06123,0.749960591,28.06117181,SAT_6123U,0.75057603,28.06136809,SAT_23773,0.884151211,32.863009
frame-u-002768-1-0201,1,Success,TRUE,SAT_14607,4.046584791,10.21854181,-0.987841588,10.30073576,-0.817092061,,2001/12/10 5:07:51,SAT_14607,5.74442284,4.046584791,SAT_25598,5.300916306,5.144095059,SAT_26989,2.225556693,5.341541785
frame-u-002820-2-0213,1,No match,FALSE,N/A,inf,52.04357677,-0.592597761,51.96614279,-0.510397422,FOVNotMatch,2001/12/18 6:39:35,SAT_26675,4.083419328,15.56480471,SAT_15398,1.119715706,25.12606302,SAT_1508U,3.124997376,36.96767648
frame-u-002820-2-0213,2,No match,FALSE,N/A,inf,52.0072772,-0.626170812,51.88229397,-0.601351757,FOVNotMatch,2001/12/18 6:39:35,SAT_26722,5.548584722,10.49773982,SAT_23016,4.852852676,11.25021549,SAT_22096,5.782280323,11.25879023
frame-u-002820-2-0219,1,No match,FALSE,N/A,inf,52.94184535,-0.564265985,52.78331362,-0.402174106,FOVNotMatch,2001/12/18 6:43:10,SAT_26675,4.083419328,16.63916412,SAT_15398,1.119715706,26.20042243,SAT_1508U,3.124997376,38.04203589
frame-u-002820-2-0219,2,No match,FALSE,N/A,inf,52.94187134,-0.455575514,52.77976533,-0.422934381,FOVNotMatch,2001/12/18 6:43:10,SAT_26722,5.548584722,10.65046494,SAT_23016,4.852852676,11.40294062,SAT_22096,5.782280323,11.41151536
frame-u-002822-5-0052,1,No match,FALSE,N/A,inf,115.1480793,29.41365815,114.9113642,29.51235591,FOVNotMatch,2001/12/18 10:09:57,SAT_07902,5.40927618,16.79847533,SAT_7902U,5.409243169,16.80870114,SAT_23841,0.848094018,59.77853538
frame-u-002822-1-0116,1,No match,FALSE,N/A,inf,123.8898276,35.86208582,123.9620551,35.68980212,FOVNotMatch,2001/12/18 10:48:10,SAT_11141,2.042098073,10.37505962,SAT_12940,5.882463573,35.21191239,SAT_26573,0.695998625,46.17761413
frame-u-002822-5-0116,1,No match,FALSE,N/A,inf,122.4005622,36.77786295,122.3229578,36.77689913,FOVNotMatch,2001/12/18 10:48:10,SAT_04143,5.570686338,48.90747107,SAT_4143U,5.545280769,49.22945533,SAT_26573,0.695998625,61.71876851
frame-u-002822-1-0205,1,No match,FALSE,N/A,inf,136.7735067,44.91850916,136.5812538,44.85818222,FOVNotMatch,2001/12/18 11:41:18,SAT_25961,0.079363175,12.30596605,SAT_15330,0.153452208,19.80607985,SAT_13909,2.504356338,36.75734334
frame-u-002821-1-0223,1,No match,FALSE,N/A,inf,190.2601463,53.96038726,190.0074544,53.93954768,FOVNotMatch,2001/12/18 9:31:24,SAT_05548,5.537663194,8.498145829,SAT_5548U,5.537522958,8.502891709,SAT_06122,0.131226284,14.99535683
frame-u-002822-2-0225,1,No match,FALSE,N/A,inf,139.7295573,47.15592191,139.519694,47.21859301,FOVNotMatch,2001/12/18 11:53:15,SAT_20646,0.331825093,32.44212745,SAT_10462,0.154284851,55.70827084,SAT_22633,4.252223797,87.08520769
frame-u-002825-2-0143,1,No match,FALSE,N/A,inf,127.8065828,39.19083025,127.7997406,39.27436627,FOVNotMatch,2001/12/19 7:17:56,SAT_11690,4.584500185,19.12964137,SAT_10450,1.028606778,45.97187587,SAT_9730U,11.32397326,N/A
frame-u-002826-1-0114,1,No match,FALSE,N/A,inf,142.4104853,47.9494951,142.1586846,47.90715501,FOVNotMatch,2001/12/19 9:51:08,SAT_13012,1.229436486,39.5805211,SAT_8425U,0.012102325,41.58910519,SAT_08425,0.011682897,41.5917622
frame-u-002826-1-0115,1,No match,FALSE,N/A,inf,142.5460363,48.08143975,142.2926311,48.04004341,FOVNotMatch,2001/12/19 9:51:43,SAT_13012,1.229436486,39.93253507,SAT_8425U,0.012102325,41.94111916,SAT_08425,0.011682897,41.94377617
frame-u-002826-1-0116,1,No match,FALSE,N/A,inf,142.6824115,48.21355578,142.5841095,48.1980784,FOVNotMatch,2001/12/19 9:52:19,SAT_13012,1.229436486,40.37564702,SAT_8425U,0.012102325,42.3842311,SAT_08425,0.011682897,42.38688811
frame-u-002826-5-0131,1,No match,FALSE,N/A,inf,144.1235198,50.68342995,144.0372669,50.62919826,FOVNotMatch,2001/12/19 10:01:17,SAT_13012,1.548159048,6.710581994,SAT_8425U,1.073448897,7.579295219,SAT_08425,1.071374596,7.582322358
frame-u-002826-2-0159,1,Success,TRUE,SAT_08195,1.475386542,150.7165498,51.87356777,150.7528124,51.91034461,,2001/12/19 10:18:00,SAT_08195,5.611352711,1.475386542,SAT_8195U,5.607396046,1.480751508,SAT_13012,2.30445274,10.78833552
frame-u-002826-4-0160,1,Success,TRUE,SAT_8425U,3.245326756,150.5086794,52.68574633,150.313974,52.57366562,,2001/12/19 10:18:35,SAT_8425U,4.283455094,3.245326756,SAT_08425,4.280976329,3.249008913,SAT_13012,2.30445274,4.407555924
frame-u-002826-4-0161,1,Success,TRUE,SAT_8425U,3.756190114,150.663515,52.6689471,150.7626045,52.72489109,,2001/12/19 10:19:11,SAT_8425U,4.283455094,3.756190114,SAT_08425,4.280976329,3.759872272,SAT_13012,2.30445274,4.918419283
frame-u-002826-1-0261,1,No match,FALSE,N/A,inf,175.8475263,56.16294152,175.7992589,56.17569481,FOVNotMatch,2001/12/19 11:18:54,SAT_26626,4.153784042,15.05432839,SAT_15702,4.490003968,29.46695877,SAT_26605,4.74438746,30.57901781
frame-u-002826-1-0290,1,No match,FALSE,N/A,inf,183.6252244,56.43395494,183.6013977,56.50067112,FOVNotMatch,2001/12/19 11:36:13,SAT_26626,4.200325599,34.70652881,SAT_20149,0.107339736,44.70554446,SAT_13585,3.039830236,45.94144607
frame-u-002826-2-0291,1,No match,FALSE,N/A,inf,184.0166491,56.85673779,183.944902,57.05442569,FOVNotMatch,2001/12/19 11:36:48,SAT_26626,4.200325599,34.67257282,SAT_20149,0.107339736,44.73950044,SAT_13585,3.039830236,45.97540205
frame-u-002826-5-0326,1,No match,FALSE,N/A,inf,194.0306641,57.93335795,193.7500553,57.86427659,FOVNotMatch,2001/12/19 11:57:42,SAT_22511,1.377844026,15.27765261,SAT_13585,1.382266496,27.40991176,SAT_8868U,3.53819687,63.23519809
frame-u-002826-2-0357,1,No match,FALSE,N/A,inf,201.677172,55.89976652,201.7671312,55.91447209,FOVNotMatch,2001/12/19 12:16:13,SAT_13528,2.751160737,20.80800586,SAT_13585,5.328671774,31.68875696,SAT_8418U,5.913006368,33.30086212
frame-u-002826-2-0358,1,No match,FALSE,N/A,inf,201.8976443,55.77984813,202.2187071,55.83045847,FOVNotMatch,2001/12/19 12:16:49,SAT_13528,2.751160737,21.39840385,SAT_13585,5.328671774,32.27915494,SAT_8418U,5.913006368,33.89126011
frame-u-002826-2-0359,1,No match,FALSE,N/A,inf,202.4383501,55.70944284,202.2113482,55.67409966,FOVNotMatch,2001/12/19 12:17:24,SAT_13528,2.751160737,21.62454535,SAT_13585,5.328671774,32.50529645,SAT_8418U,5.913006368,34.11740161
frame-u-002830-4-0346,1,Success,TRUE,SAT_4321U,4.41961876,167.2160107,51.24887657,166.9901986,51.14673423,,2001/12/20 9:24:59,SAT_4321U,0.13050204,4.41961876,SAT_8015U,5.814003349,12.22359889,SAT_08015,5.803682081,12.23887517
frame-u-002826-5-0350,1,No match,FALSE,N/A,inf,200.5807135,57.21002544,200.3689097,57.397206,FOVNotMatch,2001/12/19 12:12:02,SAT_13016,0.054399953,15.01737555,SAT_11879,0.142341564,39.22304644,SAT_7736U,1.116554675,51.35350002
frame-u-002826-4-0368,1,No match,FALSE,N/A,inf,205.1792082,56.18433949,205.0554449,56.27737031,FOVNotMatch,2001/12/19 12:22:47,SAT_13016,0.033178729,8.138217966,SAT_18784,0.610598323,69.20870432,SAT_15620,1.511597999,76.67950881
frame-u-002830-5-0356,1,Success,TRUE,SAT_16860,1.742180325,169.1664584,51.93061512,169.3410845,52.0202584,,2001/12/20 9:30:57,SAT_16860,3.930665445,1.742180325,SAT_09570,1.309666527,4.930553784,SAT_9570U,1.309136278,4.931834459
frame-u-002830-6-0399,1,No match,FALSE,N/A,inf,179.5837958,53.21141657,179.7108956,53.4419124,FOVNotMatch,2001/12/20 9:56:37,SAT_16267,5.158961678,12.4689318,SAT_23621,4.599963796,31.30962303,SAT_19163,1.282180885,43.57531507
frame-u-002830-3-0402,1,No match,FALSE,N/A,inf,180.4343294,52.14001587,180.474943,52.21222106,FOVNotMatch,2001/12/20 9:58:25,SAT_16267,5.158961678,11.66663488,SAT_23621,4.599963796,30.50732611,SAT_19163,1.282180885,44.37761199
frame-u-002830-4-0402,1,No match,FALSE,N/A,inf,180.5872343,52.41168652,180.6617578,52.54258712,FOVNotMatch,2001/12/20 9:58:25,SAT_16267,5.158961678,11.57320378,SAT_23621,4.599963796,30.41389501,SAT_19163,1.282180885,44.47104309
frame-u-002830-2-0456,1,No match,FALSE,N/A,inf,193.6185902,51.42988836,193.4946654,51.43354593,FOVNotMatch,2001/12/20 10:30:39,SAT_22363,5.078878014,31.21047761,SAT_19367,5.648850208,32.7896151,SAT_10563,7.420444802,N/A
frame-u-002830-2-0404,1,Success,TRUE,SAT_14469,0.878072604,181.0717311,51.58811773,181.2032177,51.8171781,,2001/12/20 9:59:37,SAT_14469,2.733709449,0.878072604,SAT_26003,1.927721012,1.543931507,SAT_10413,2.127370856,27.79236176
frame-u-002831-6-0027,1,Success,TRUE,SAT_15811,3.89279849,139.7534519,49.09594036,139.8999755,49.23938817,,2001/12/20 11:52:50,SAT_15811,5.686915926,3.89279849,SAT_22633,4.214117111,6.671807687,SAT_24285,1.219899071,43.66717392
frame-u-002831-2-0045,1,No match,FALSE,N/A,inf,144.7796957,49.18927149,144.6549996,49.2138986,FOVNotMatch,2001/12/20 12:03:34,SAT_05066,1.626366833,30.96309238,SAT_5066U,1.642705848,31.03012929,SAT_7376U,5.701633566,40.51780587
frame-u-002831-2-0046,1,No match,FALSE,N/A,inf,145.0711027,49.37054028,144.8005942,49.42328116,FOVNotMatch,2001/12/20 12:04:10,SAT_05066,1.626366833,31.10407009,SAT_5066U,1.642705848,31.171107,SAT_7376U,5.701633566,40.65878358
frame-u-002855-1-0045,1,Success,TRUE,SAT_24937,0.940327265,25.96959252,-0.978320758,25.82069525,-0.904159056,,2002/1/8 3:10:00,SAT_24937,4.934843861,0.940327265,SAT_25640,4.989769434,21.50911515,SAT_21906,4.417534161,26.44758469
frame-u-002855-3-0012,1,No match,FALSE,N/A,inf,20.87958609,-0.18260752,20.92675059,-0.105241296,FOVNotMatch,2002/1/8 2:50:18,SAT_575U0,3.692026852,18.21507343,SAT_12907,0.592673363,20.49757101,SAT_6976U,0.140303939,39.93428362
frame-u-002855-2-0014,1,No match,FALSE,N/A,inf,21.27651923,-0.513961665,21.34282768,-0.405134119,FOVNotMatch,2002/1/8 2:51:29,SAT_575U0,3.692026852,18.22951858,SAT_12907,0.592673363,20.48312586,SAT_6976U,0.140303939,39.94872877
frame-u-002856-5-0026,1,Success,TRUE,SAT_25640,3.151258129,31.86611136,0.660752007,31.7661888,0.678083059,,2002/1/8 3:45:50,SAT_25640,5.579153015,3.151258129,SAT_10144,4.795820989,4.034207821,SAT_23016,5.789790851,9.851647752
frame-u-002856-5-0027,1,Success,TRUE,SAT_25640,3.339596885,32.0775249,0.675663413,31.94143587,0.699728299,,2002/1/8 3:46:26,SAT_25640,5.579153015,3.339596885,SAT_10144,4.795820989,4.222546577,SAT_23016,5.789790851,10.03998651
frame-u-002856-2-0104,1,No match,FALSE,N/A,inf,43.51400249,-0.625319351,43.44227216,-0.597819879,FOVNotMatch,2002/1/8 4:32:25,SAT_10478,4.991767284,17.66842493,SAT_23877,5.027729722,20.98882313,SAT_25922,4.761117723,20.9999653
frame-u-002863-2-0121,1,Success,TRUE,SAT_12078,2.359511917,140.9463209,47.72679427,141.0068853,47.7868499,,2002/1/9 6:33:41,SAT_12078,0.895529511,2.359511917,SAT_09323,14.00040001,N/A,SAT_11694,11.45335537,N/A
frame-u-002861-3-0094,1,Success,TRUE,SAT_7032U,1.45936697,46.44436022,-0.090671998,46.39219979,0.017609634,,2002/1/9 3:06:18,SAT_7032U,5.442159555,1.45936697,SAT_23410,4.302828719,4.295690467,SAT_18517,0.390762741,11.06385174
frame-u-002861-3-0135,1,No match,FALSE,N/A,inf,52.58215569,-0.111296287,52.45547144,-0.032360074,FOVNotMatch,2002/1/9 3:30:47,SAT_23581,5.512170405,31.68921505,SAT_20946,5.348802411,31.9201069,SAT_26624,4.419310316,31.93344156
frame-u-002863-4-0187,1,Success,TRUE,SAT_10415,0.853760817,153.7110024,53.52231157,153.6725426,53.64557339,,2002/1/9 7:13:06,SAT_10415,2.067054578,0.853760817,SAT_20586,5.278436798,29.87183066,SAT_19891,2.77931129,36.11989906
frame-u-002863-1-0190,1,No match,FALSE,N/A,inf,155.2054326,52.55548489,155.2567946,52.70564256,FOVNotMatch,2002/1/9 7:14:53,SAT_19891,2.77931129,13.89751404,SAT_10415,2.067054578,23.07614584,SAT_12078,3.348592478,30.04940755
frame-u-002863-5-0213,1,No match,FALSE,N/A,inf,159.3423205,55.463544,159.4495607,55.68216953,FOVNotMatch,2002/1/9 7:28:37,SAT_21981,1.575874317,7.671069371,SAT_23492,2.796575822,17.50906327,SAT_6305U,5.90706276,23.70070432
frame-u-002864-1-0172,1,No match,FALSE,N/A,inf,133.4886872,37.69409937,133.1955944,37.79451456,FOVNotMatch,2002/1/9 9:31:32,SAT_22277,3.176087724,16.058824,SAT_3900U,3.888600264,23.87092555,SAT_03900,3.947011509,24.42245249
frame-u-002864-1-0256,1,No match,FALSE,N/A,inf,147.3215966,44.80948176,147.1278514,44.72244111,FOVNotMatch,2002/1/9 10:21:41,SAT_15182,4.616215764,24.85474299,SAT_1996U,4.56677229,30.49345124,SAT_01996,4.640501271,36.15148463
frame-u-002882-3-0011,1,No match,FALSE,N/A,inf,141.2449369,43.04792925,141.0405205,42.99652955,FOVNotMatch,2002/1/13 7:57:56,SAT_13012,4.834099037,35.63391885,SAT_8195U,1.358727694,41.5607698,SAT_2361U,0.447431273,65.8043876
frame-u-002882-2-0081,1,No match,FALSE,N/A,inf,154.5708615,47.63638653,154.4837736,47.63967442,FOVNotMatch,2002/1/13 8:39:44,SAT_03901,3.585281088,51.54869386,SAT_3901U,3.446312092,52.94680408,SAT_16220,5.466235903,63.98056359
frame-u-002883-6-0033,1,Success,TRUE,SAT_23642,1.841446036,146.6874056,46.83247978,146.531572,47.02856794,,2002/1/13 9:09:34,SAT_23642,0.055477355,1.841446036,SAT_12814,3.391560152,5.618736044,SAT_25834,6.73376224,N/A
frame-u-002883-1-0166,1,No match,FALSE,N/A,inf,176.7068569,51.33784958,176.4476985,51.32872816,FOVNotMatch,2002/1/13 10:28:58,SAT_26626,4.831209862,53.16564623,SAT_15259,4.575005355,60.01216938,SAT_12933,5.68988109,63.43699319
frame-u-002883-1-0167,1,No match,FALSE,N/A,inf,176.9444632,51.36317091,176.8649306,51.36090715,FOVNotMatch,2002/1/13 10:29:34,SAT_26626,4.831209862,52.55144088,SAT_15259,4.575005355,59.39796403,SAT_12933,5.68988109,64.05119854
frame-u-002883-3-0203,1,Success,TRUE,SAT_9980U,0.915054099,185.5227984,52.27688387,185.5700207,52.31383094,,2002/1/13 10:51:04,SAT_9980U,5.408890136,0.915054099,SAT_13070,4.921255672,3.480580194,SAT_13535,4.346706622,11.76269312
frame-u-002873-6-0108,1,No match,FALSE,N/A,inf,29.70057276,1.133200045,29.85833084,1.275815379,FOVNotMatch,2002/1/13 2:19:03,SAT_17130,0.970649174,21.00836546,SAT_2866U,2.481919449,31.87243427,SAT_25365,2.281403202,57.59626915
frame-u-002873-6-0109,1,No match,FALSE,N/A,inf,29.93260008,1.072838828,30.0132531,1.145534399,FOVNotMatch,2002/1/13 2:19:39,SAT_17130,0.970649174,20.92293588,SAT_2866U,2.481919449,31.78700468,SAT_25365,2.281403202,57.68169874
frame-u-002873-5-0077,1,No match,FALSE,N/A,inf,25.17882953,0.632053415,25.1107686,0.657346141,FOVNotMatch,2002/1/13 2:00:33,SAT_23299,3.279211294,11.665033,SAT_26724,5.771344841,20.40466996,SAT_21726,5.962914873,20.42468665
frame-u-002873-6-0080,1,No match,FALSE,N/A,inf,25.60562773,1.051451933,25.50937878,1.273628591,FOVNotMatch,2002/1/13 2:02:20,SAT_23299,3.279211294,34.529371,SAT_15260,5.833635217,42.48518674,SAT_26724,5.771344841,66.59907396
frame-u-002873-5-0081,1,No match,FALSE,N/A,inf,25.69620713,0.731013127,25.65906062,0.777548039,FOVNotMatch,2002/1/13 2:02:56,SAT_23299,3.279211294,19.35155839,SAT_26724,5.771344841,51.42126135,SAT_21726,5.962914873,51.44127804
frame-u-002873-5-0082,1,No match,FALSE,N/A,inf,25.97114539,0.760703926,25.89308233,0.856789862,FOVNotMatch,2002/1/13 2:03:32,SAT_23299,3.279211294,18.85913519,SAT_26724,5.771344841,50.92883815,SAT_21726,5.962914873,50.94885484
frame-u-002873-1-0221,1,No match,FALSE,N/A,inf,46.77927514,-1.017301846,46.64184488,-0.948287227,FOVNotMatch,2002/1/13 3:26:32,SAT_23313,5.236795424,26.6696883,SAT_24748,5.120015935,26.68824386,SAT_26724,4.42688984,26.69032595
frame-u-002888-1-0135,1,No match,FALSE,N/A,inf,128.7939059,32.29739013,128.6324968,32.20812409,FOVNotMatch,2002/1/14 9:25:57,SAT_25818,2.027699252,6.191827295,SAT_21706,2.577487176,30.79716804,SAT_22633,4.033337475,32.48763543
frame-u-002888-1-0136,1,No match,FALSE,N/A,inf,128.9178004,32.40539145,128.7562234,32.31641576,FOVNotMatch,2002/1/14 9:26:33,SAT_25818,2.027699252,6.273237191,SAT_21706,2.577487176,30.87857793,SAT_22633,4.033337475,32.56904533
frame-u-002888-4-0153,1,No match,FALSE,N/A,inf,130.1919602,34.8987578,130.1746607,34.89456976,FOVNotMatch,2002/1/14 9:36:42,SAT_01613,0.651938638,23.80389773,SAT_1613U,0.627732613,25.02367645,SAT_21706,3.121968067,46.55901183
frame-u-002888-4-0154,1,No match,FALSE,N/A,inf,130.4767929,35.08530257,130.2660143,35.04107017,FOVNotMatch,2002/1/14 9:37:18,SAT_01613,0.651938638,21.73902077,SAT_1613U,0.627732613,22.9587995,SAT_21706,3.121968067,48.62388879
frame-u-002888-4-0155,1,No match,FALSE,N/A,inf,130.5685089,35.23127557,130.4766676,35.21193226,FOVNotMatch,2002/1/14 9:37:54,SAT_01613,0.651938638,21.81613911,SAT_1613U,0.627732613,23.03591784,SAT_21706,3.121968067,48.54677045
frame-u-002961-4-0043,1,Success,TRUE,SAT_19796,4.528333588,120.6179681,27.51236482,120.6382187,27.59035432,,2002/2/8 3:14:04,SAT_19796,2.451954509,4.528333588,SAT_12078,2.039621299,6.599284138,SAT_6985U,4.872795271,8.708858481
frame-u-002886-2-0145,1,No match,FALSE,N/A,inf,35.3911131,-0.836462967,35.34140395,-0.61220564,FOVNotMatch,2002/1/14 2:40:21,SAT_4853U,0.913542327,24.89321684,SAT_20196,0.04783171,27.25725255,SAT_20185,0.579805879,41.27145512
frame-u-002886-3-0145,1,No match,FALSE,N/A,inf,35.2968569,-0.416771022,35.2551896,-0.227899475,FOVNotMatch,2002/1/14 2:40:21,SAT_4853U,0.913542327,24.83667406,SAT_20196,0.04783171,27.20070978,SAT_20185,0.579805879,41.21491234
frame-u-002886-3-0146,1,No match,FALSE,N/A,inf,35.56176171,-0.262284604,35.55479557,-0.228060337,FOVNotMatch,2002/1/14 2:40:57,SAT_4853U,0.913542327,23.90094725,SAT_20196,0.04783171,26.26498296,SAT_20185,0.579805879,40.27918553
frame-u-002886-3-0246,1,No match,FALSE,N/A,inf,50.44107023,-0.385204001,50.36899181,-0.345467899,FOVNotMatch,2002/1/14 3:40:39,SAT_24748,5.473529284,28.88917393,SAT_26724,5.12336236,28.8904711,SAT_25331,5.440867273,28.90406752
frame-u-002886-3-0155,1,No match,FALSE,N/A,inf,36.90902997,-0.201023574,36.8866754,-0.19222084,FOVNotMatch,2002/1/14 2:46:19,SAT_24748,5.368448262,21.50320616,SAT_26724,5.193443852,21.51297565,SAT_25331,5.337010659,21.53250191
frame-u-002886-3-0209,1,Success,TRUE,SAT_26524,0.651479944,44.9269788,-0.41658143,44.99246935,-0.384925927,,2002/1/14 3:18:34,SAT_26524,4.70177401,0.651479944,SAT_11U00,5.703981765,1.651151678,SAT_11144,5.897324276,10.49960375
frame-u-002955-6-0072,1,No match,FALSE,N/A,inf,83.16497192,1.055003234,83.10861129,1.276680387,FOVNotMatch,2002/2/7 2:20:54,SAT_01500,0.516835875,22.66647281,SAT_16294,5.715805063,43.13034931,SAT_17191,0.070479619,54.74560794
frame-u-002964-2-0050,1,No match,FALSE,N/A,inf,132.2746466,35.13356043,132.0731187,35.12601381,FOVNotMatch,2002/2/8 6:11:54,SAT_21602,7.983201498,N/A,SAT_8425U,6.140641045,N/A,SAT_21458,11.42169045,N/A
frame-u-002955-2-0118,1,Success,TRUE,SAT_9696U,2.998759664,89.92828174,-0.525935678,89.98465071,-0.401248511,,2002/2/7 2:48:22,SAT_9696U,2.093391619,2.998759664,SAT_22602,3.287998551,5.579816236,SAT_21850,5.80042795,12.2121254
frame-u-002964-5-0163,1,No match,FALSE,N/A,inf,150.2261149,45.22327199,150.0824625,45.27944339,FOVNotMatch,2002/2/8 7:19:22,SAT_7376U,5.597882909,27.56641865,SAT_23642,3.149201409,32.43071183,SAT_15540,2.759499071,81.61004996
frame-u-002960-4-0092,1,No match,FALSE,N/A,inf,88.75143026,0.004093446,88.68741484,0.074250682,FOVNotMatch,2002/2/8 2:21:56,SAT_5015U,5.071205715,24.73911338,SAT_05015,5.141315944,24.74438223,SAT_14839,0.603041616,29.08682201
frame-u-002960-4-0093,1,No match,FALSE,N/A,inf,88.9997171,0.059209843,88.86886497,0.204084996,FOVNotMatch,2002/2/8 2:22:32,SAT_5015U,5.071205715,24.44849842,SAT_05015,5.141315944,24.45376726,SAT_14839,0.603041616,29.37743698
frame-u-002964-6-0365,1,No match,FALSE,N/A,inf,195.2876631,50.59000546,195.1184754,50.67501923,FOVNotMatch,2002/2/8 9:19:59,SAT_26626,4.696278812,16.24956774,SAT_26113,4.784488208,41.6338639,SAT_09941,3.300287362,89.065643
frame-u-002964-6-0321,1,No match,FALSE,N/A,inf,184.8271534,51.19162362,184.6853109,51.24546115,FOVNotMatch,2002/2/8 8:53:43,SAT_26626,2.666716941,20.06329038,SAT_22347,0.719729829,64.27706474,SAT_15616,2.372867813,75.21104936
frame-u-002964-3-0323,1,No match,FALSE,N/A,inf,185.4112279,49.97495433,185.3069181,50.00436781,FOVNotMatch,2002/2/8 8:54:54,SAT_26626,2.666716941,27.59656465,SAT_22347,0.719729829,56.74379048,SAT_15616,2.372867813,67.6777751
frame-u-002964-4-0324,1,No match,FALSE,N/A,inf,185.5308592,50.29085729,185.3969089,50.32696458,FOVNotMatch,2002/2/8 8:55:30,SAT_26626,2.666716941,28.39504718,SAT_22347,0.719729829,55.94530794,SAT_15616,2.372867813,66.87929256
frame-u-002964-1-0529,1,No match,FALSE,N/A,inf,227.479876,40.10891288,227.3286659,40.21703924,FOVNotMatch,2002/2/8 10:57:54,SAT_18881,5.114127212,72.78511161,SAT_25379,16.14094265,N/A,SAT_24960,16.62602603,N/A
frame-u-002964-1-0529,2,No match,FALSE,N/A,inf,227.481619,40.11795976,227.3934205,40.17980513,FOVNotMatch,2002/2/8 10:57:54,SAT_18881,5.114127212,73.35041192,SAT_25379,16.14094265,N/A,SAT_24960,16.62602603,N/A
frame-u-002964-2-0534,1,No match,FALSE,N/A,inf,228.6554829,40.23254592,228.6121843,40.29758942,FOVNotMatch,2002/2/8 11:00:53,SAT_18881,5.114127212,52.81133425,SAT_25379,16.14094265,N/A,SAT_24960,16.62602603,N/A
frame-u-002964-6-0370,1,No match,FALSE,N/A,inf,196.5100292,50.6701274,196.4883984,50.70452616,FOVNotMatch,2002/2/8 9:22:58,SAT_26113,3.619729873,11.49006228,SAT_26626,5.487748656,12.75651881,SAT_13910,5.24668162,59.45139574
frame-u-002964-2-0561,1,No match,FALSE,N/A,inf,232.8775194,38.05866774,232.9683652,38.08152864,FOVNotMatch,2002/2/8 11:17:00,SAT_14632,2.881135352,58.48225176,SAT_21136,0.499042712,75.31011046,SAT_21900,3.425421885,76.65032365
frame-u-002964-1-0563,1,No match,FALSE,N/A,inf,232.8074354,37.38705302,232.8663848,37.5148036,FOVNotMatch,2002/2/8 11:18:12,SAT_14632,2.881135352,6.327745554,SAT_21136,0.499042712,23.15560426,SAT_21900,3.425421885,51.19517014
frame-u-002964-1-0564,1,No match,FALSE,N/A,inf,233.1568417,37.3037107,233.2177458,37.43462661,FOVNotMatch,2002/2/8 11:18:48,SAT_14632,2.881135352,6.499272188,SAT_21136,0.499042712,23.32713089,SAT_21900,3.425421885,51.36669677
frame-u-002964-2-0564,1,No match,FALSE,N/A,inf,233.3039806,37.62468654,233.404835,37.84191787,FOVNotMatch,2002/2/8 11:18:48,SAT_14632,2.881135352,6.370728293,SAT_21136,0.499042712,23.19858699,SAT_21900,3.425421885,51.23815288
frame-u-002987-1-0123,1,Success,TRUE,SAT_16854,0.304417613,176.5723299,58.65880296,176.6494761,58.72539233,,2002/2/13 9:55:00,SAT_16854,5.391398386,0.304417613,SAT_12933,5.827817661,6.703565567,SAT_05574,2.722157142,25.19526882
frame-u-002986-5-0266,1,No match,FALSE,N/A,inf,158.3604102,7.243994338,158.4184646,7.3535807,FOVNotMatch,2002/2/13 7:52:27,SAT_13070,4.841747619,6.004048628,SAT_23642,5.1524186,48.63611714,SAT_13631,4.060381929,64.72631321
frame-u-002986-5-0233,1,No match,FALSE,N/A,inf,153.4597373,6.838369716,153.3476138,6.981427407,FOVNotMatch,2002/2/13 7:32:44,SAT_4864U,4.040611647,22.1982,SAT_04864,4.041947793,22.20121392,SAT_13912,5.627696061,31.45501718
frame-u-002986-5-0234,1,No match,FALSE,N/A,inf,153.6629334,6.982638358,153.6041126,7.057621443,FOVNotMatch,2002/2/13 7:33:20,SAT_4864U,4.040611647,22.21606032,SAT_04864,4.041947793,22.21907424,SAT_13912,5.627696061,31.43715686
frame-u-002986-2-0176,1,No match,FALSE,N/A,inf,145.047302,4.921932778,144.9332164,5.094212553,FOVNotMatch,2002/2/13 6:58:42,SAT_869U0,4.86101165,14.60990629,SAT_26819,2.711950136,29.51034108,SAT_2671U,5.308988627,31.20076455
frame-u-002968-5-0046,1,No match,FALSE,N/A,inf,86.83457666,0.791709003,86.74757922,0.853870456,FOVNotMatch,2002/2/9 2:15:24,SAT_25662,5.284507395,36.39649644,SAT_20800,0.766964198,42.51403019,SAT_18578,1.915671333,43.35425415
frame-u-002968-6-0057,1,No match,FALSE,N/A,inf,88.55679814,1.20007357,88.47463343,1.276896867,FOVNotMatch,2002/2/9 2:21:58,SAT_2436U,1.151228421,35.60836656,SAT_25662,5.242845773,43.65893641,SAT_20800,0.829820355,49.87676061
frame-u-003015-5-0112,1,No match,FALSE,N/A,inf,130.7985225,5.078044079,130.7077021,5.197014498,FOVNotMatch,2002/3/5 3:11:03,SAT_7018U,5.889402998,25.90194966,SAT_07018,5.873035778,25.91421943,SAT_8894U,2.87603674,29.18229905
frame-u-003015-5-0113,1,No match,FALSE,N/A,inf,131.0224337,5.207690592,130.9650009,5.283525446,FOVNotMatch,2002/3/5 3:11:39,SAT_7018U,5.889402998,25.67795743,SAT_07018,5.873035778,25.6902272,SAT_8894U,2.87603674,28.95830682
frame-u-003015-6-0191,1,No match,FALSE,N/A,inf,142.5033959,6.731412271,142.6620711,6.796901484,FOVNotMatch,2002/3/5 3:58:13,SAT_02516,1.313756434,11.47097408,SAT_14493,4.197284199,20.18618809,SAT_879U0,5.964207932,21.81048487
frame-u-003015-6-0194,1,No match,FALSE,N/A,inf,143.0004905,6.643735377,143.124309,6.694485389,FOVNotMatch,2002/3/5 4:00:00,SAT_02516,1.313756434,11.61530856,SAT_14493,4.197284199,20.04185361,SAT_879U0,5.964207932,21.95481935
frame-u-003015-5-0199,1,No match,FALSE,N/A,inf,143.7375636,6.457744639,143.8960332,6.523077151,FOVNotMatch,2002/3/5 4:03:00,SAT_16797,4.250556246,24.13917235,SAT_14248,3.700709214,25.39657056,SAT_123U0,4.057429643,25.69619772
frame-u-003015-5-0201,1,No match,FALSE,N/A,inf,144.0458728,6.388145416,144.2045837,6.453892483,FOVNotMatch,2002/3/5 4:04:11,SAT_16797,4.250556246,24.23398607,SAT_14248,3.700709214,25.49138428,SAT_123U0,4.057429643,25.601384
frame-u-003015-2-0211,1,No match,FALSE,N/A,inf,145.7298067,5.191056151,145.8178724,5.248008849,FOVNotMatch,2002/3/5 4:10:09,SAT_27005,3.853347177,26.08949907,SAT_16797,4.120427621,34.84313531,SAT_14248,3.863449354,36.08635649
frame-u-003031-5-0031,1,No match,FALSE,N/A,inf,124.601236,5.468284307,124.5345067,5.501851075,FOVNotMatch,2002/3/12 3:12:40,SAT_4353U,5.945017415,17.84759194,SAT_11571,4.360408117,18.66134138,SAT_12908,4.743087189,26.70962003
frame-u-003031-2-0093,1,No match,FALSE,N/A,inf,134.0248821,5.489660179,134.0489983,5.718827765,FOVNotMatch,2002/3/12 3:49:41,SAT_21360,3.682379879,16.57745515,SAT_24273,0.031384016,27.36106834,SAT_10882,5.011416375,28.08958075
frame-u-003031-1-0094,1,No match,FALSE,N/A,inf,134.2781142,5.101133883,134.2995436,5.303522943,FOVNotMatch,2002/3/12 3:50:17,SAT_21360,3.682379879,16.61796281,SAT_24273,0.031384016,27.401576,SAT_10882,5.011416375,28.13008841
frame-u-003031-5-0032,1,No match,FALSE,N/A,inf,124.8464722,5.53961098,124.6675939,5.628377368,FOVNotMatch,2002/3/12 3:13:16,SAT_4353U,5.497538492,17.30028682,SAT_11571,4.872544336,18.08607496,SAT_15144,2.90381477,26.44979453
frame-u-003031-5-0033,1,No match,FALSE,N/A,inf,124.9790084,5.666132927,124.9453801,5.68303627,FOVNotMatch,2002/3/12 3:13:52,SAT_4353U,5.497538492,17.59879535,SAT_11571,4.872544336,18.38458349,SAT_15144,2.90381477,26.74830306
frame-u-003031-5-0170,1,No match,FALSE,N/A,inf,145.3806049,8.382629814,145.3020175,8.348989876,FOVNotMatch,2002/3/12 4:35:40,SAT_27026,5.581188443,16.47724731,SAT_15144,2.376722599,28.0057879,SAT_3522U,2.825377769,35.81963634
frame-u-003031-5-0171,1,No match,FALSE,N/A,inf,145.4571281,8.319762285,145.61516,8.387505247,FOVNotMatch,2002/3/12 4:36:15,SAT_27026,5.581188443,16.50627645,SAT_15144,2.376722599,28.03481704,SAT_3522U,2.825377769,35.7906072
frame-u-003031-5-0172,1,No match,FALSE,N/A,inf,145.654704,8.308386318,145.7701371,8.358141285,FOVNotMatch,2002/3/12 4:36:51,SAT_27026,5.581188443,16.62025779,SAT_15144,2.376722599,28.14879838,SAT_3522U,2.825377769,35.67662586
frame-u-003031-4-0220,1,No match,FALSE,N/A,inf,152.9268954,8.497854925,153.0090787,8.730301557,FOVNotMatch,2002/3/12 5:05:31,SAT_15144,3.211346164,76.86638628,SAT_3029U,14.43431243,N/A,SAT_23208,15.59059314,N/A
frame-u-003031-1-0437,1,No match,FALSE,N/A,inf,185.8775348,8.894667958,185.7829581,8.861889814,FOVNotMatch,2002/3/12 7:15:05,SAT_14496,1.95864791,27.68946919,SAT_3569U,2.668200826,32.66701312,SAT_03569,2.677805554,32.7381394
frame-u-003031-1-0438,1,No match,FALSE,N/A,inf,185.9555712,8.816490254,186.0972208,8.865152057,FOVNotMatch,2002/3/12 7:15:41,SAT_14496,1.95864791,27.53048411,SAT_3569U,2.668200826,32.8259982,SAT_03569,2.677805554,32.89712448
frame-u-003059-6-0046,1,No match,FALSE,N/A,inf,160.4690374,48.34797151,160.4088927,48.31482577,FOVNotMatch,2002/3/21 8:55:27,SAT_21709,3.910309011,12.49130412,SAT_16854,5.234124884,28.71582784,SAT_15702,5.06007633,86.14781233
frame-u-003059-6-0047,1,No match,FALSE,N/A,inf,160.8529174,48.41906321,160.6509742,48.30534578,FOVNotMatch,2002/3/21 8:56:02,SAT_21709,3.910309011,11.86584509,SAT_16854,5.234124884,28.09036881,SAT_15702,5.06007633,85.5223533
frame-u-003059-6-0048,1,No match,FALSE,N/A,inf,161.0954978,48.40838879,161.0474868,48.38202211,FOVNotMatch,2002/3/21 8:56:38,SAT_21709,3.910309011,12.5542453,SAT_16854,5.234124884,28.77876902,SAT_15702,5.06007633,86.21075351
frame-u-003059-5-0058,1,No match,FALSE,N/A,inf,163.4565676,48.40830169,163.170896,48.4800483,FOVNotMatch,2002/3/21 9:02:36,SAT_20185,5.012680056,12.44048062,SAT_21709,5.23911235,71.96824354,SAT_25488,5.293465312,76.79856789
frame-u-003059-4-0059,1,No match,FALSE,N/A,inf,163.6653324,47.97763325,163.704785,48.10100473,FOVNotMatch,2002/3/21 9:03:12,SAT_16854,4.443657008,10.09527886,SAT_25488,5.293465312,21.86956364,SAT_21709,5.23911235,26.699888
frame-u-003059-2-0134,1,Success,TRUE,SAT_24293,4.005948426,180.763971,49.07593742,180.5609472,49.29132552,,2002/3/21 9:47:59,SAT_24293,4.528446105,4.005948426,SAT_11045,0.739236672,15.73455798,SAT_3825U,0.126975383,23.74541879
frame-u-003063-5-0030,1,No match,FALSE,N/A,inf,184.3956619,13.07033366,184.3546299,13.02383486,FOVNotMatch,2002/3/23 9:18:15,SAT_15264,3.616668629,62.80933584,SAT_12561,7.857442993,N/A,SAT_22744,13.79015726,N/A
frame-u-003103-4-0097,1,No match,FALSE,N/A,inf,169.8554598,54.21374073,169.7147948,54.24517636,FOVNotMatch,2002/4/1 3:16:32,SAT_20724,3.770207786,21.33314677,SAT_15702,2.576556726,40.16602624,SAT_23397,2.654129696,42.94887781
frame-u-003103-4-0097,2,No match,FALSE,N/A,inf,169.8946769,54.1046294,169.8196759,54.12891672,FOVNotMatch,2002/4/1 3:16:32,SAT_20724,3.770207786,13.3360779,SAT_15702,2.576556726,32.16895737,SAT_23397,2.654129696,34.95180893
frame-u-003103-4-0097,3,No match,FALSE,N/A,inf,169.7502821,54.15051308,169.7098023,54.16380639,FOVNotMatch,2002/4/1 3:16:32,SAT_20724,3.770207786,12.97134796,SAT_15702,2.576556726,31.80422743,SAT_23397,2.654129696,34.58707899
frame-u-003103-4-0097,4,No match,FALSE,N/A,inf,169.6768109,54.17417949,169.6360578,54.18691768,FOVNotMatch,2002/4/1 3:16:32,SAT_20724,3.770207786,14.14928286,SAT_15702,2.576556726,32.98216233,SAT_23397,2.654129696,35.7650139
frame-u-003103-4-0097,5,No match,FALSE,N/A,inf,169.6187526,54.1930566,169.5838801,54.20316532,FOVNotMatch,2002/4/1 3:16:32,SAT_20724,3.770207786,15.89602748,SAT_15702,2.576556726,34.72890695,SAT_23397,2.654129696,37.51175852
frame-u-003103-3-0126,1,No match,FALSE,N/A,inf,177.1716568,54.31509965,177.0634515,54.53333755,FOVNotMatch,2002/4/1 3:33:50,SAT_22071,5.836893179,51.51001716,SAT_16728,1.805154293,64.51341502,SAT_13910,1.719671797,66.39478418
frame-u-003103-4-0127,1,No match,FALSE,N/A,inf,177.4815852,54.75676733,177.4425581,54.83782843,FOVNotMatch,2002/4/1 3:34:26,SAT_22071,5.836893179,50.93125194,SAT_16728,1.805154293,63.9346498,SAT_13910,1.719671797,65.81601896
frame-u-003103-6-0191,1,No match,FALSE,N/A,inf,194.2141157,55.64312011,194.1022291,55.6557501,FOVNotMatch,2002/4/1 4:12:39,SAT_20452,3.328594822,7.544575299,SAT_21114,0.899121623,24.14246847,SAT_24292,2.56781447,46.78426253
frame-u-003103-6-0193,1,No match,FALSE,N/A,inf,194.9153744,55.60230728,194.8562394,55.60952001,FOVNotMatch,2002/4/1 4:13:51,SAT_20452,3.328594822,6.673169704,SAT_21114,0.899121623,25.01387407,SAT_24292,2.56781447,45.91285694
frame-u-003104-3-0015,1,No match,FALSE,N/A,inf,207.5198142,6.845025601,207.3866142,6.749260483,FOVNotMatch,2002/4/1 5:15:03,SAT_24959,2.214761383,38.05928698,SAT_18270,1.665662963,40.71284409,SAT_16650,8.024926856,N/A
frame-u-003130-2-0048,1,No match,FALSE,N/A,inf,192.4760377,54.12246803,192.593211,54.33977807,FOVNotMatch,2002/4/15 4:43:32,SAT_25379,5.004692413,53.248555,SAT_17078,5.025359184,58.6013381,SAT_9829U,17.09697669,N/A
frame-u-003177-1-0111,1,No match,FALSE,N/A,inf,223.0274646,46.97151115,222.8868253,47.05489494,FOVNotMatch,2002/5/8 4:08:43,SAT_3848U,1.818352437,15.04971591,SAT_23298,3.048324566,78.62983189,SAT_14910,6.901834351,N/A
frame-u-003130-2-0019,1,Success,TRUE,SAT_8179U,4.488192204,185.0426179,54.41510031,185.2200719,54.53470143,,2002/4/15 4:26:13,SAT_8179U,1.825026695,4.488192204,SAT_25379,0.704677401,78.63065271,SAT_26626,2.097723502,80.33192442
frame-u-003177-4-0336,1,No match,FALSE,N/A,inf,255.7936474,25.49582798,255.7100162,25.49745982,FOVNotMatch,2002/5/8 6:23:03,SAT_25968,4.961772686,7.928292841,SAT_21850,0.113510773,65.17982244,SAT_26005,2.23815717,67.79390334
frame-u-003180-1-0083,1,No match,FALSE,N/A,inf,216.6193216,49.65047133,216.5783744,49.64535029,FOVNotMatch,2002/5/8 8:51:54,SAT_16385,3.798071381,42.70445332,SAT_10893,0.960078985,47.87354503,SAT_16533,4.5413218,56.73891697
frame-u-003180-6-0212,1,No match,FALSE,N/A,inf,240.7537117,40.32819102,240.9838787,40.27909831,FOVNotMatch,2002/5/8 10:08:55,SAT_11007,4.202477075,47.00048706,SAT_24729,1.848226522,47.57073907,SAT_26025,0.624376945,48.15206695
frame-u-003180-3-0137,1,No match,FALSE,N/A,inf,227.5328195,46.29448322,227.795136,46.27311853,FOVNotMatch,2002/5/8 9:24:08,SAT_11007,2.956734281,49.66265418,SAT_13875,3.848004237,58.31345051,SAT_16533,5.178937768,71.48552297
frame-u-003184-2-0156,1,No match,FALSE,N/A,inf,242.6896991,41.74268835,242.815919,41.76428394,FOVNotMatch,2002/5/9 6:04:07,SAT_2016U,5.276102245,38.23068239,SAT_02016,5.257917391,38.48429132,SAT_3898U,5.242050977,80.39942834
frame-u-003184-6-0156,1,No match,FALSE,N/A,inf,244.2633521,42.78481025,244.507044,42.8858065,FOVNotMatch,2002/5/9 6:04:07,SAT_2016U,5.276102245,54.78723484,SAT_02016,5.257917391,55.04084378,SAT_3898U,5.242050977,83.04401921
frame-u-003185-3-0070,1,No match,FALSE,N/A,inf,249.4688379,31.49556177,249.4695472,31.55081402,FOVNotMatch,2002/5/9 7:07:21,SAT_3504U,4.4299808,54.6661576,SAT_25850,12.3189164,N/A,SAT_16527,16.77993732,N/A
frame-u-003185-3-0071,1,No match,FALSE,N/A,inf,249.7052136,31.31222946,249.7054744,31.37328487,FOVNotMatch,2002/5/9 7:07:57,SAT_3504U,4.4299808,55.08413536,SAT_25850,12.3189164,N/A,SAT_16527,16.77993732,N/A
frame-u-003185-6-0112,1,No match,FALSE,N/A,inf,255.3417407,27.6269448,255.3226724,27.64033671,FOVNotMatch,2002/5/9 7:32:26,SAT_467U0,0.08236836,22.42632542,SAT_17081,0.105830258,24.67869761,SAT_11007,5.160797987,26.78666211
frame-u-003185-6-0113,1,No match,FALSE,N/A,inf,255.5493101,27.40066148,255.401566,27.50347323,FOVNotMatch,2002/5/9 7:33:02,SAT_467U0,0.08236836,22.72890993,SAT_17081,0.105830258,24.98128212,SAT_11007,5.160797987,27.08924662
frame-u-003185-4-0099,1,No match,FALSE,N/A,inf,253.0294295,28.4225788,253.1243885,28.45231532,FOVNotMatch,2002/5/9 7:24:40,SAT_27367,2.46313497,8.954795343,SAT_8396U,0.095696962,43.01389619,SAT_25850,5.19961993,44.17968893
frame-u-003185-3-0100,1,No match,FALSE,N/A,inf,252.8811393,28.07887928,253.027773,28.1251886,FOVNotMatch,2002/5/9 7:25:16,SAT_27367,2.46313497,9.051453414,SAT_8396U,0.095696962,42.91723812,SAT_25850,5.19961993,44.08303086
frame-u-003184-5-0024,1,Success,TRUE,SAT_21733,0.365850953,220.4306876,55.1454505,220.6794596,55.32254843,,2002/5/9 4:45:18,SAT_21733,0.059277916,0.365850953,SAT_22744,3.383945002,1.687868865,SAT_1522U,1.23058613,6.856231314
frame-u-003187-4-0026,1,No match,FALSE,N/A,inf,229.3945635,48.34749055,229.2712581,48.33166666,FOVNotMatch,2002/5/9 8:45:58,SAT_16533,3.688979171,54.93513087,SAT_14894,3.534464489,63.79162729,SAT_16268,5.143883431,88.65606748
frame-u-003187-5-0012,1,No match,FALSE,N/A,inf,227.129044,50.01996064,227.0730842,50.01483867,FOVNotMatch,2002/5/9 8:37:37,SAT_329U0,5.008971474,55.98356811,SAT_16533,2.521549565,58.53938603,SAT_2412U,3.294610964,79.00963897
frame-u-003187-5-0013,1,No match,FALSE,N/A,inf,227.1613925,49.82320664,227.4831475,49.84725434,FOVNotMatch,2002/5/9 8:38:12,SAT_329U0,5.008971474,54.48632315,SAT_16533,2.521549565,60.03663098,SAT_2412U,3.294610964,77.51239402
frame-u-003187-6-0103,1,No match,FALSE,N/A,inf,242.4021496,41.42221141,242.3554775,41.44189921,FOVNotMatch,2002/5/9 9:31:57,SAT_20816,0.099323742,31.72572443,SAT_16922,5.744020582,86.18604401,SAT_23423,6.818996017,N/A
frame-u-003187-4-0168,1,Success,TRUE,SAT_20630,2.485070775,250.0287001,33.63657243,250.0856622,33.82239337,,2002/5/9 10:10:45,SAT_20630,2.884344109,2.485070775,SAT_17267,5.597703107,12.33628445,SAT_01584,1.417747489,17.46585531
frame-u-003204-4-0042,1,No match,FALSE,N/A,inf,254.2527181,0.230897745,254.1487099,0.121999159,FOVNotMatch,2002/5/30 7:59:02,SAT_17264,3.949536118,22.45869474,SAT_8747U,4.794779055,35.75129134,SAT_25955,5.754895351,41.20910604
frame-u-003225-1-0221,1,No match,FALSE,N/A,inf,243.5548636,40.5329312,243.7241829,40.49034268,FOVNotMatch,2002/6/9 6:28:44,SAT_08425,4.828805323,46.70964657,SAT_8425U,4.835472051,46.71144993,SAT_16527,5.980800042,85.1211904
frame-u-003204-5-0093,1,Success,TRUE,SAT_21847,0.303215478,261.8814564,0.666227192,261.8575358,0.749645116,,2002/5/30 8:29:29,SAT_21847,4.083440563,0.303215478,SAT_8425U,4.638056677,1.859154115,SAT_14978,4.102876247,35.45652837
frame-u-003225-3-0200,1,No match,FALSE,N/A,inf,241.5415411,43.36615742,241.5567167,43.48316727,FOVNotMatch,2002/6/9 6:16:12,SAT_02796,2.959823216,5.174913432,SAT_2796U,2.957930039,5.180071081,SAT_16527,2.621730991,16.47691377
frame-u-003225-2-0202,1,No match,FALSE,N/A,inf,241.4106511,42.87411969,241.6424634,42.90322827,FOVNotMatch,2002/6/9 6:17:24,SAT_26362,4.058502947,24.7407931,SAT_16922,3.998295494,55.33091131,SAT_16527,2.621730991,58.41686125
frame-u-003225-6-0250,1,No match,FALSE,N/A,inf,249.265582,38.60939317,249.5219728,38.71868,FOVNotMatch,2002/6/9 6:46:03,SAT_8599U,5.148255176,8.378403508,SAT_3315U,5.251912723,23.23496596,SAT_03315,5.240375701,23.23884396
frame-u-003225-6-0279,1,No match,FALSE,N/A,inf,252.8258025,35.20865281,252.7136246,35.26149775,FOVNotMatch,2002/6/9 7:03:22,SAT_22688,0.146572983,48.21688391,SAT_15738,1.2168799,87.28208779,SAT_4332U,1.521474801,87.53945601
frame-u-003225-6-0280,1,No match,FALSE,N/A,inf,252.9466801,35.01439754,252.7842711,35.09119852,FOVNotMatch,2002/6/9 7:03:58,SAT_22688,0.146572983,48.1775806,SAT_15738,1.2168799,87.24278448,SAT_4332U,1.521474801,87.57875932
frame-u-003225-1-0281,1,No match,FALSE,N/A,inf,250.9040585,33.75103372,251.026786,33.77447841,FOVNotMatch,2002/6/9 7:04:34,SAT_4332U,1.521474801,44.62438295,SAT_15738,1.2168799,49.80283915,SAT_22688,0.146572983,88.86804303
frame-u-003225-1-0282,1,No match,FALSE,N/A,inf,251.0173312,33.49383863,251.1617689,33.52114106,FOVNotMatch,2002/6/9 7:05:09,SAT_4332U,1.521474801,44.79236509,SAT_15738,1.2168799,49.97082129,SAT_22688,0.146572983,89.03602517
frame-u-003226-2-0041,1,No match,FALSE,N/A,inf,237.8907119,45.23776424,237.7323533,45.29947594,FOVNotMatch,2002/6/9 8:25:24,SAT_900U0,2.109695697,17.89002075,SAT_15182,2.585540592,29.78272989,SAT_26407,2.580931911,73.01031116
frame-u-003225-3-0315,1,No match,FALSE,N/A,inf,255.3962534,30.16396079,255.3404486,30.2019684,FOVNotMatch,2002/6/9 7:24:52,SAT_11878,0.083688086,26.89552529,SAT_26476,4.226950165,40.00136155,SAT_22729,10.15625606,N/A
frame-u-003225-3-0316,1,No match,FALSE,N/A,inf,255.5517796,29.94987423,255.4020557,30.05316271,FOVNotMatch,2002/6/9 7:25:28,SAT_11878,0.083688086,26.58958872,SAT_26476,4.226950165,40.30729812,SAT_22729,10.15625606,N/A
frame-u-003225-4-0318,1,No match,FALSE,N/A,inf,256.1621268,29.96179456,255.9863013,30.04548752,FOVNotMatch,2002/6/9 7:26:39,SAT_26476,4.226950165,30.56243012,SAT_11878,0.083688086,36.33445672,SAT_22729,10.15625606,N/A
frame-u-003226-3-0022,1,No match,FALSE,N/A,inf,235.3018499,47.50650643,235.1670259,47.57737364,FOVNotMatch,2002/6/9 8:14:03,SAT_18710,0.077856585,16.62207223,SAT_15182,2.165375495,17.35816855,SAT_22732,2.992252143,84.84257324
frame-u-003226-4-0023,1,No match,FALSE,N/A,inf,235.8137474,47.66856025,235.8813052,47.64709877,FOVNotMatch,2002/6/9 8:14:39,SAT_18710,0.077856585,29.27774322,SAT_15182,2.165375495,30.01383953,SAT_22181,5.081101644,78.0741818
frame-u-003229-6-0079,1,No match,FALSE,N/A,inf,186.8889876,8.697005833,186.9458606,8.702847454,FOVNotMatch,2002/6/10 4:11:57,SAT_1863U,1.596437232,10.6647406,SAT_01863,1.584909561,10.82499113,SAT_25360,4.686844414,16.47989311
frame-u-003229-2-0083,1,No match,FALSE,N/A,inf,187.4844332,7.01610313,187.5419484,7.022035522,FOVNotMatch,2002/6/10 4:14:20,SAT_1863U,1.596437232,10.66557062,SAT_01863,1.584909561,10.82582114,SAT_25360,4.686844414,16.48072312
frame-u-003230-5-0025,1,No match,FALSE,N/A,inf,201.2496502,7.989434885,201.3595612,8.052892585,FOVNotMatch,2002/6/10 4:56:02,SAT_23127,5.235801144,31.59507891,SAT_22407,0.869906087,45.88995744,SAT_12780,0.100912657,71.84946234
frame-u-003323-4-0049,1,Success,TRUE,SAT_25766,0.49623084,315.4571052,0.631588974,315.2322987,0.708538218,,2002/9/5 5:45:19,SAT_25766,1.653105156,0.49623084,SAT_26039,5.368604621,15.64737745,SAT_23867,4.225000486,18.12113664
frame-u-003322-2-0057,1,Success,TRUE,SAT_26039,2.092996491,308.8643213,-0.563998977,308.7305289,-0.572259286,,2002/9/5 4:27:55,SAT_26039,1.492129821,2.092996491,SAT_26352,5.11215052,3.295171583,SAT_24315,4.713908361,3.521925661
frame-u-003325-1-0025,1,No match,FALSE,N/A,inf,347.6387151,-1.229405033,347.6894404,-1.172335353,FOVNotMatch,2002/9/5 6:45:04,SAT_7376U,5.264587222,23.39686999,SAT_27389,5.809438734,33.56932544,SAT_21149,5.207454672,46.8984411
frame-u-003325-5-0026,1,No match,FALSE,N/A,inf,347.8021243,0.594466802,347.7029428,0.643329764,FOVNotMatch,2002/9/5 6:45:40,SAT_27038,4.410842682,16.7752176,SAT_26729,2.600373346,19.29504048,SAT_27299,5.580522459,24.23744825
frame-u-003322-1-0091,1,Success,TRUE,SAT_4208U,3.53513726,313.8955809,-1.154401987,313.8213683,-0.929717483,,2002/9/5 4:48:13,SAT_4208U,5.030683465,3.53513726,SAT_04208,5.027521355,3.54201952,SAT_3138U,4.805870742,5.613776277
frame-u-003322-2-0092,1,Success,TRUE,SAT_4208U,3.479697534,314.0552547,-0.734597065,313.9811608,-0.510975121,,2002/9/5 4:48:49,SAT_4208U,5.030683465,3.479697534,SAT_04208,5.027521355,3.486579794,SAT_3138U,4.805870742,5.558336551
frame-u-003313-6-0043,1,Success,TRUE,SAT_2215U,0.212322768,326.5376113,0.973600256,326.6998599,0.999665946,,2002/8/30 6:13:47,SAT_2215U,4.729598271,0.212322768,SAT_04632,4.306854791,2.008337048,SAT_4632U,4.304039418,2.008351539
frame-u-003325-4-0205,1,Success,TRUE,SAT_27415,2.116726194,14.56621236,0.0934129,14.47449724,0.0687238,,2002/9/5 8:32:33,SAT_27415,5.070751061,2.116726194,SAT_5485U,4.173488839,11.1144665,SAT_05485,4.173535462,11.11459938
frame-u-003325-3-0176,1,No match,FALSE,N/A,inf,10.19361921,-0.218317814,10.15329158,-0.195960209,FOVNotMatch,2002/9/5 8:15:14,SAT_23230,1.4743715,14.81092395,SAT_23192,5.258388792,28.93249869,SAT_23598,5.244100956,28.95254522
frame-u-003325-5-0232,1,Success,TRUE,SAT_27415,3.030958984,18.57122093,0.459636828,18.51744958,0.448888967,,2002/9/5 8:48:40,SAT_27415,4.468164643,3.030958984,SAT_21149,5.987249563,9.526597532,SAT_23538,5.436782228,9.620609706
frame-u-003325-5-0233,1,Success,TRUE,SAT_27415,3.115684412,18.83019398,0.451555416,18.66963119,0.419708749,,2002/9/5 8:49:16,SAT_27415,4.468164643,3.115684412,SAT_21149,5.987249563,9.441872104,SAT_23538,5.436782228,9.535884279
frame-u-003325-3-0293,1,Success,TRUE,SAT_13970,0.193368704,27.70683426,-0.22972415,27.65039354,-0.235834658,,2002/9/5 9:25:05,SAT_13970,3.724325821,0.193368704,SAT_27415,5.967722514,3.943336011,SAT_21149,4.868948169,4.409395524
frame-u-003325-3-0295,1,Success,TRUE,SAT_13970,0.203756439,28.11209663,-0.251271469,28.08069037,-0.254451567,,2002/9/5 9:26:17,SAT_13970,3.724325821,0.203756439,SAT_21149,4.868948169,4.012270381,SAT_27415,5.967722514,4.340461154
frame-u-003325-1-0269,1,No match,FALSE,N/A,inf,24.21998864,-1.19627786,24.13122215,-1.035591176,FOVNotMatch,2002/9/5 9:10:45,SAT_12666,4.287311982,28.57514553,SAT_15245,4.270637776,34.55060808,SAT_23230,2.32228885,44.5729311
frame-u-003325-3-0271,1,No match,FALSE,N/A,inf,24.49564149,-0.230536143,24.45361929,-0.196802032,FOVNotMatch,2002/9/5 9:11:57,SAT_15245,4.270637776,12.2197349,SAT_23230,2.32228885,22.24205792,SAT_10184,2.439550072,36.47133057
frame-u-003325-3-0333,1,Success,TRUE,SAT_7902U,4.789456436,33.80190737,-0.331044867,33.63938664,-0.313813288,,2002/9/5 9:48:58,SAT_7902U,0.062225769,4.789456436,SAT_25895,3.855103264,5.347147595,SAT_23192,5.212791644,5.999781463
frame-u-003325-5-0407,1,Success,TRUE,SAT_24640,0.571377584,44.77920432,0.418539708,44.73072453,0.550545098,,2002/9/5 10:33:09,SAT_24640,1.959091824,0.571377584,SAT_18415,5.667236881,9.167728494,SAT_07015,0.072882541,42.63686712
frame-u-003325-2-0501,1,No match,FALSE,N/A,inf,58.85957633,-0.838543748,58.80435111,-0.804214017,FOVNotMatch,2002/9/5 11:29:17,SAT_25954,4.965761072,31.84601813,SAT_23192,4.906221634,31.84815702,SAT_26298,4.618786171,31.85255897
frame-u-003355-2-0023,1,No match,FALSE,N/A,inf,22.15230042,-0.776024498,22.22831486,-0.610464963,FOVNotMatch,2002/10/4 8:21:39,SAT_20742,3.905707683,6.009217465,SAT_82U00,4.193083817,33.35873407,SAT_00082,4.180052884,33.45762324
frame-u-003355-1-0060,1,No match,FALSE,N/A,inf,27.85470547,-1.145120331,27.69281019,-1.09914534,FOVNotMatch,2002/10/4 8:43:45,SAT_23538,3.918372887,11.0433739,SAT_26738,4.072811982,14.70131065,SAT_27501,5.526373912,15.8279919
frame-u-003355-3-0070,1,Success,TRUE,SAT_2121U,0.461001592,29.32773429,-0.263691974,29.19064565,-0.276500157,,2002/10/4 8:49:43,SAT_2121U,2.421289478,0.461001592,SAT_2221U,5.115514709,4.040777653,SAT_26724,5.030953968,5.330813474
frame-u-003355-3-0071,1,Success,TRUE,SAT_2121U,0.419887871,29.50139741,-0.275567618,29.33832166,-0.290921804,,2002/10/4 8:50:19,SAT_2121U,2.421289478,0.419887871,SAT_2221U,5.115514709,4.081891374,SAT_26724,5.030953968,5.371927195
frame-u-003356-1-0018,1,No match,FALSE,N/A,inf,4.384614431,32.91107554,4.328560814,32.87096859,FOVNotMatch,2002/10/4 11:19:05,SAT_2201U,5.385269331,11.90069014,SAT_02201,5.373669769,11.92457503,SAT_13797,5.451655457,26.54828669
frame-u-003355-5-0120,1,Success,TRUE,SAT_26914,0.313204303,36.72475507,0.535474335,36.83705663,0.551476714,,2002/10/4 9:19:34,SAT_26914,1.279334074,0.313204303,SAT_18634,5.232124789,2.262065206,SAT_11484,4.680855698,3.628402036
frame-u-003356-1-0060,1,No match,FALSE,N/A,inf,9.033018103,37.91033845,8.909525149,37.93468798,FOVNotMatch,2002/10/4 11:44:09,SAT_6118U,4.295710771,23.50580439,SAT_06118,4.29291094,23.50592096,SAT_5551U,4.029076681,23.87242602
frame-u-003356-1-0061,1,No match,FALSE,N/A,inf,9.1821137,38.16401011,8.962816346,38.20647843,FOVNotMatch,2002/10/4 11:44:45,SAT_6118U,4.295710771,23.31281746,SAT_06118,4.29291094,23.31293402,SAT_5551U,4.029076681,23.67943908
frame-u-003355-1-0144,1,No match,FALSE,N/A,inf,40.32910299,-1.254823596,40.29478792,-1.030123205,FOVNotMatch,2002/10/4 9:33:54,SAT_21164,0.391793993,10.8873106,SAT_17269,3.638354883,16.45838568,SAT_21434,5.871528644,23.02018071
frame-u-003356-6-0070,1,No match,FALSE,N/A,inf,7.956959171,40.45724315,7.868454572,40.42562879,FOVNotMatch,2002/10/4 11:50:08,SAT_12671,0.579777149,11.91669072,SAT_13471,0.291692328,12.86483635,SAT_26802,3.958373775,24.39013099
frame-u-003358-5-0041,1,No match,FALSE,N/A,inf,263.8191786,58.53583826,264.2220237,58.61868749,FOVNotMatch,2002/10/5 2:02:56,SAT_13882,5.398729617,19.22229856,SAT_23621,4.596892997,61.1993763,SAT_08820,14.46779971,N/A
frame-u-003355-6-0238,1,No match,FALSE,N/A,inf,54.50336746,0.990458874,54.34126134,1.055600959,FOVNotMatch,2002/10/4 10:30:02,SAT_23538,5.019213459,9.296955061,SAT_2221U,5.596753987,18.61462192,SAT_18718,5.242907981,31.6822048
frame-u-003355-6-0239,1,No match,FALSE,N/A,inf,54.65421872,1.049963765,54.61231152,1.066953447,FOVNotMatch,2002/10/4 10:30:37,SAT_23538,5.019213459,9.472777929,SAT_2221U,5.596753987,18.79044479,SAT_18718,5.242907981,31.85802766
frame-u-003355-1-0273,1,Success,TRUE,SAT_21217,3.785090678,59.71958624,-1.255358565,59.64893313,-1.03255696,,2002/10/4 10:50:56,SAT_21217,1.404836516,3.785090678,SAT_22061,2.305111455,4.008974151,SAT_23512,2.706068953,4.521930197
frame-u-003358-5-0175,1,No match,FALSE,N/A,inf,269.7386315,38.84870496,269.7708951,38.92012031,FOVNotMatch,2002/10/5 3:22:56,SAT_12640,0.732238619,26.19549143,SAT_10293,0.125738258,59.21253002,SAT_10617,1.220637886,68.53624151
frame-u-003358-5-0176,1,No match,FALSE,N/A,inf,269.8245515,38.61004072,269.9037846,38.78467646,FOVNotMatch,2002/10/5 3:23:32,SAT_12640,0.732238619,26.31939377,SAT_10293,0.125738258,59.33643236,SAT_10617,1.220637886,68.66014385
frame-u-003360-1-0062,1,Success,TRUE,SAT_01671,0.741625546,315.3163189,-1.064487987,315.1745139,-1.056151789,,2002/10/5 4:29:37,SAT_01671,4.865976809,0.741625546,SAT_1671U,4.867437669,0.752590695,SAT_26738,3.182479552,3.004437442
frame-u-003360-5-0339,1,No match,FALSE,N/A,inf,356.7241474,0.424389719,356.6211476,0.494752919,FOVNotMatch,2002/10/5 7:15:01,SAT_10893,5.443135391,31.96452848,SAT_25240,5.734657665,33.14913838,SAT_26738,5.141970159,33.36264934
frame-u-003360-5-0340,1,No match,FALSE,N/A,inf,356.933482,0.484947406,356.7984625,0.577061892,FOVNotMatch,2002/10/5 7:15:36,SAT_10893,5.443135391,31.99973608,SAT_25240,5.734657665,33.11393078,SAT_26738,5.141970159,33.32744174
frame-u-003360-1-0349,1,Success,TRUE,SAT_26738,2.95611033,358.2818919,-1.249658534,358.1185317,-1.238387195,,2002/10/5 7:20:59,SAT_26738,3.489729287,2.95611033,SAT_26807,2.555398449,3.243959206,SAT_27299,5.704871198,3.737386864
frame-u-003360-1-0368,1,No match,FALSE,N/A,inf,1.062249736,-1.254724091,0.98281,-1.227487407,FOVNotMatch,2002/10/5 7:32:19,SAT_26807,2.028622409,10.82837649,SAT_26738,3.539742911,17.91020242,SAT_26056,4.16168132,18.86543777
frame-u-003366-6-0085,1,No match,FALSE,N/A,inf,10.58257066,43.07306701,10.46929767,43.08041879,FOVNotMatch,2002/10/6 7:40:15,SAT_25475,1.744026923,18.6190712,SAT_21934,4.58885375,24.76242038,SAT_19348,5.744390604,34.44870626
frame-u-003367-5-0048,1,No match,FALSE,N/A,inf,6.872887138,38.10858344,6.60239998,38.19592451,FOVNotMatch,2002/10/6 8:47:09,SAT_22502,0.809139641,38.40083641,SAT_16993,5.788293419,41.3091558,SAT_3814U,6.172542903,N/A
frame-u-003360-3-0447,1,No match,FALSE,N/A,inf,12.84060732,-0.415610995,12.79295452,-0.252657317,FOVNotMatch,2002/10/5 8:19:30,SAT_26807,4.130319744,61.18194069,SAT_26738,5.015669082,72.59829685,SAT_26056,5.433068332,73.63952411
frame-u-003362-5-0171,1,No match,FALSE,N/A,inf,45.44768578,0.694811383,45.40082038,0.651373414,FOVNotMatch,2002/10/5 11:00:35,SAT_11147,2.433788614,26.79305479,SAT_13907,5.597222764,28.64710668,SAT_15219,1.312279424,29.06054049
frame-u-003362-5-0172,1,No match,FALSE,N/A,inf,45.68027974,0.632979047,45.71412298,0.664125744,FOVNotMatch,2002/10/5 11:01:10,SAT_11147,2.433788614,26.59056678,SAT_13907,5.597222764,28.44461867,SAT_15219,1.312279424,28.85805248
frame-u-003362-1-0203,1,Success,TRUE,SAT_2218U,3.400496979,50.33549382,-1.016100415,50.19245527,-1.003245688,,2002/10/5 11:19:41,SAT_2218U,4.793970306,3.400496979,SAT_25151,2.544821869,4.45684264,SAT_23877,5.352591347,5.106185117
frame-u-003362-5-0228,1,Success,TRUE,SAT_16204,2.786183751,53.95801795,0.633285698,54.0634451,0.856939896,,2002/10/5 11:34:37,SAT_16204,1.852344062,2.786183751,SAT_11028,5.627309119,37.26975441,SAT_10856,5.112935355,44.26496262
frame-u-003384-6-0053,1,No match,FALSE,N/A,inf,312.7781236,1.077730776,312.6166273,1.10149641,FOVNotMatch,2002/10/10 4:13:37,SAT_26717,2.238319823,11.32563138,SAT_20811,0.500440048,13.032368,SAT_04996,3.495891798,49.17112719
frame-u-003384-1-0158,1,Success,TRUE,SAT_26056,1.845584017,328.4967053,-0.883726736,328.3353188,-0.888847535,,2002/10/10 5:16:18,SAT_26056,5.477870202,1.845584017,SAT_21906,4.45704553,1.846782865,SAT_25922,4.871912137,1.853377002
frame-u-003384-2-0178,1,Success,TRUE,SAT_27040,4.281265779,331.4304048,-0.590019322,331.3283989,-0.569262387,,2002/10/10 5:28:15,SAT_27040,5.383199657,4.281265779,SAT_27046,1.404469166,6.394354924,SAT_22101,5.665491164,7.944251874
frame-u-003384-1-0184,1,Success,TRUE,SAT_27040,3.740531764,332.3894889,-0.845115711,332.2659118,-0.821182831,,2002/10/10 5:31:50,SAT_27040,5.383199657,3.740531764,SAT_27046,1.404469166,5.853620909,SAT_22101,5.665491164,7.403517859
frame-u-003384-3-0211,1,Success,TRUE,SAT_27040,2.189657657,336.3589743,-0.142723763,336.2685686,-0.126099968,,2002/10/10 5:47:57,SAT_27040,2.741342838,2.189657657,SAT_27046,1.500326649,4.332229568,SAT_19773,5.829258061,5.628499857
frame-u-003384-3-0212,1,Success,TRUE,SAT_27040,2.13736313,336.5808351,-0.128146006,336.4185058,-0.098450032,,2002/10/10 5:48:33,SAT_27040,2.741342838,2.13736313,SAT_27046,1.500326649,4.279935041,SAT_19773,5.829258061,5.57620533
frame-u-003384-4-0229,1,No match,FALSE,N/A,inf,339.045045,0.297163594,338.9635786,0.363430601,FOVNotMatch,2002/10/10 5:58:42,SAT_11027,5.669809122,5.823406325,SAT_20404,4.472893545,9.957297333,SAT_27040,1.251798174,30.34395493
frame-u-003384-4-0230,1,No match,FALSE,N/A,inf,339.2758823,0.353009648,339.1713069,0.437707975,FOVNotMatch,2002/10/10 5:59:18,SAT_11027,5.669809122,5.944161585,SAT_20404,4.472893545,9.836542073,SAT_27040,1.251798174,30.22319967
frame-u-003384-3-0273,1,No match,FALSE,N/A,inf,345.6796638,-0.022825845,345.6477126,0.018085384,FOVNotMatch,2002/10/10 6:24:58,SAT_26607,4.240242259,7.730063673,SAT_20404,0.892207241,19.73787338,SAT_15245,5.132381181,40.51215247
frame-u-003384-4-0274,1,No match,FALSE,N/A,inf,345.7955018,0.212893556,345.7544738,0.2659373,FOVNotMatch,2002/10/10 6:25:34,SAT_26607,4.240242259,7.998688924,SAT_20404,0.892207241,20.00649864,SAT_15245,5.132381181,40.78077772
frame-u-003384-1-0239,1,Success,TRUE,SAT_20404,4.792757547,340.6161791,-1.038495804,340.4605289,-0.965789993,,2002/10/10 6:04:40,SAT_20404,4.95524663,4.792757547,SAT_18332,3.588552547,9.431253422,SAT_27040,1.534562649,15.94984524
frame-u-003384-1-0240,1,Success,TRUE,SAT_20404,4.733810594,340.7727446,-0.972282849,340.6887213,-0.932928825,,2002/10/10 6:05:16,SAT_20404,4.95524663,4.733810594,SAT_18332,3.588552547,9.372306469,SAT_27040,1.534562649,16.00879219
frame-u-003384-1-0450,1,No match,FALSE,N/A,inf,12.1854464,-0.924704706,12.06808621,-0.821326208,FOVNotMatch,2002/10/10 8:10:39,SAT_23877,4.35362016,41.32800493,SAT_21906,4.470017139,41.3384278,SAT_25922,4.906411967,41.34825855
frame-u-003384-2-0548,1,No match,FALSE,N/A,inf,26.77451262,-0.402135764,26.72077789,-0.464228341,FOVNotMatch,2002/10/10 9:09:10,SAT_5709U,2.222775387,33.46242291,SAT_10516,3.09801887,33.48959069,SAT_08366,5.543885196,34.27066621
frame-u-003384-2-0549,1,No match,FALSE,N/A,inf,26.95973844,-0.533814991,27.03357209,-0.448553873,FOVNotMatch,2002/10/10 9:09:46,SAT_5709U,2.222775387,33.44385696,SAT_10516,3.09801887,33.47102475,SAT_08366,5.543885196,34.25210026
frame-u-003384-6-0556,1,Success,TRUE,SAT_23538,1.01674803,27.95309079,1.242325561,27.91863646,1.246127103,,2002/10/10 9:13:56,SAT_23538,3.066360638,1.01674803,SAT_25151,5.068223746,11.357992,SAT_02864,2.771522998,15.81280954
frame-u-003384-6-0557,1,Success,TRUE,SAT_23538,0.094986162,28.23110805,1.244641588,28.06885474,1.259906859,,2002/10/10 9:14:32,SAT_23538,3.066360638,0.094986162,SAT_25151,5.068223746,10.43623013,SAT_02864,2.771522998,14.89104768
frame-u-003384-6-0631,1,No match,FALSE,N/A,inf,39.30988133,1.13308855,39.14839065,1.204473217,FOVNotMatch,2002/10/10 9:58:43,SAT_23538,1.169146723,15.88208857,SAT_23877,4.805917559,23.81149072,SAT_21906,4.845013408,23.82021154
frame-u-003384-6-0675,1,Success,TRUE,SAT_23538,3.040744489,45.89782689,1.135545692,45.73583168,1.173428169,,2002/10/10 10:24:59,SAT_23538,3.594173045,3.040744489,SAT_02864,5.241735599,19.0701585,SAT_2864U,5.218281759,19.11680867
frame-u-003384-6-0677,1,Success,TRUE,SAT_23538,2.962895991,46.19713988,1.204595916,46.03548607,1.242166082,,2002/10/10 10:26:11,SAT_23538,3.594173045,2.962895991,SAT_02864,5.241735599,18.99231,SAT_2864U,5.218281759,19.03896017
frame-u-003384-6-0678,1,Success,TRUE,SAT_23538,2.84990869,46.34736106,1.2392659,46.18742704,1.276103684,,2002/10/10 10:26:47,SAT_23538,3.594173045,2.84990869,SAT_02864,5.241735599,18.8793227,SAT_2864U,5.218281759,18.92597287
frame-u-003384-5-0730,1,No match,FALSE,N/A,inf,53.97017308,0.718158541,54.13245889,0.824367114,FOVNotMatch,2002/10/10 10:57:50,SAT_10516,5.622445175,20.29794948,SAT_5709U,5.989933095,20.77853927,SAT_7544U,2.648678672,21.21906022
frame-u-003388-2-0078,1,No match,FALSE,N/A,inf,323.8328329,-0.834653202,323.919664,-0.610917795,FOVNotMatch,2002/10/11 5:16:12,SAT_18361,1.638502346,29.53929825,SAT_17637,2.791997134,39.55796857,SAT_2401U,0.46314467,44.79283878
frame-u-003388-1-0113,1,Success,TRUE,SAT_20127,3.817115548,329.1870971,-1.098859336,329.1359137,-1.081746988,,2002/10/11 5:37:05,SAT_20127,3.240495372,3.817115548,SAT_25844,2.913956839,5.705172592,SAT_25821,2.713852177,15.91123685
frame-u-003388-2-0046,1,Success,TRUE,SAT_26806,4.152865531,318.9944335,-0.77790096,319.157088,-0.743899044,,2002/10/11 4:57:05,SAT_26806,4.169180331,4.152865531,SAT_26922,1.598478854,6.925808983,SAT_24786,5.950427911,11.65857301
frame-u-003388-1-0218,1,No match,FALSE,N/A,inf,344.8424107,-1.069137051,344.7516535,-1.046767952,FOVNotMatch,2002/10/11 6:39:47,SAT_23637,0.846147253,6.279201041,SAT_25821,5.105657923,7.446674275,SAT_26922,1.924373432,8.492817632
frame-u-003388-4-0299,1,Success,TRUE,SAT_4991U,4.019348198,357.032629,0.013977878,356.9057965,0.051284884,,2002/10/11 7:28:09,SAT_4991U,4.963068238,4.019348198,SAT_04991,4.963580152,4.020312602,SAT_23637,4.37224665,4.977095222
frame-u-003388-5-0135,1,Success,TRUE,SAT_20127,3.826263726,332.4811427,0.503984381,332.4011161,0.52087325,,2002/10/11 5:50:14,SAT_20127,5.231678306,3.826263726,SAT_23637,5.184935624,7.342513446,SAT_25821,0.991772157,8.512730699
frame-u-003384-4-0763,1,Success,TRUE,SAT_23877,2.210130551,59.07320403,0.222089996,58.91059767,0.228437978,,2002/10/10 11:17:32,SAT_23877,5.644790359,2.210130551,SAT_21906,5.728835963,2.216214337,SAT_22254,0.107252233,4.364815687
frame-u-003388-4-0459,1,No match,FALSE,N/A,inf,20.98774933,0.193620995,20.84736633,0.228002683,FOVNotMatch,2002/10/11 9:03:41,SAT_23016,5.526244526,13.73410082,SAT_25922,5.761851268,13.7491807,SAT_22117,5.422737335,13.79138074
frame-u-003388-2-0470,1,No match,FALSE,N/A,inf,22.60560603,-0.834636797,22.63520413,-0.757441575,FOVNotMatch,2002/10/11 9:10:15,SAT_15618,1.03713649,16.09820115,SAT_16450,1.688689364,17.24285389,SAT_23255,2.670956074,51.51953726
frame-u-003388-1-0490,1,No match,FALSE,N/A,inf,25.62928988,-1.102040187,25.46683004,-1.056809209,FOVNotMatch,2002/10/11 9:22:11,SAT_24786,5.663201735,15.46473561,SAT_23877,5.945512736,15.51808937,SAT_23016,4.314904057,15.53454495
frame-u-003388-1-0525,1,No match,FALSE,N/A,inf,30.83346995,-1.185245178,30.70678451,-1.167766394,FOVNotMatch,2002/10/11 9:43:05,SAT_24786,5.673433321,7.743081743,SAT_23877,5.947212834,7.81743028,SAT_23016,4.317596456,7.833179814
frame-u-003388-1-0526,1,No match,FALSE,N/A,inf,31.01899351,-1.16974865,30.85662174,-1.147350557,FOVNotMatch,2002/10/11 9:43:41,SAT_24786,5.673433321,7.741531739,SAT_23877,5.947212834,7.815880276,SAT_23016,4.317596456,7.83162981
frame-u-003388-1-0527,1,No match,FALSE,N/A,inf,31.16847944,-1.149353827,31.00611579,-1.126955103,FOVNotMatch,2002/10/11 9:44:17,SAT_24786,5.673433321,7.742082623,SAT_23877,5.947212834,7.816431159,SAT_23016,4.317596456,7.832180694
frame-u-003388-2-0497,1,No match,FALSE,N/A,inf,26.67757259,-0.812005483,26.51470708,-0.766928306,FOVNotMatch,2002/10/11 9:26:22,SAT_24786,5.960656602,15.37266071,SAT_23016,4.717490304,15.44657974,SAT_22096,5.749466117,15.4569956
frame-u-003388-3-0606,1,No match,FALSE,N/A,inf,42.96340765,-0.216621672,42.99627965,-0.19633462,FOVNotMatch,2002/10/11 10:31:27,SAT_10516,3.301539169,17.42063092,SAT_5709U,3.094993951,18.01102904,SAT_7544U,3.626562026,18.78407102
frame-u-003388-2-0686,1,Success,TRUE,SAT_04784,1.736579327,54.97185895,-0.713778928,54.92314183,-0.612394583,,2002/10/11 11:19:13,SAT_04784,2.23704424,1.736579327,SAT_4784U,2.235819003,1.741607399,SAT_13215,4.794447247,42.36847268
frame-u-003427-5-0053,1,Success,TRUE,SAT_07800,1.190477217,315.9268542,0.423392653,315.888874,0.542003339,,2002/10/29 2:38:16,SAT_07800,0.811534528,1.190477217,SAT_7800U,0.777085045,1.220241094,SAT_11888,2.046230861,29.4761373
frame-u-003430-3-0051,1,Success,TRUE,SAT_11669,1.470179847,27.84545971,-0.288605085,27.72339687,-0.314892035,,2002/10/29 5:30:47,SAT_11669,2.402022131,1.470179847,SAT_11964,4.359891499,2.950697138,SAT_8585U,4.012117698,3.051664731
frame-u-003434-2-0029,1,No match,FALSE,N/A,inf,311.607278,-0.69107462,311.45654,-0.661301853,FOVNotMatch,2002/10/30 1:45:02,SAT_25282,5.423423877,7.062154145,SAT_25913,4.934126385,11.1368093,SAT_27501,4.987036677,11.14126906
frame-u-003434-1-0083,1,No match,FALSE,N/A,inf,319.7019793,-1.142968689,319.6265201,-1.031763807,FOVNotMatch,2002/10/30 2:17:17,SAT_7069U,3.416362327,7.574775456,SAT_23190,0.148633783,38.04506435,SAT_11888,3.825468598,45.59265635
frame-u-003434-6-0121,1,No match,FALSE,N/A,inf,325.3387695,0.841397066,325.2718162,0.855588346,FOVNotMatch,2002/10/30 2:39:58,SAT_26039,2.55977476,10.23332353,SAT_27042,1.801136017,11.97247207,SAT_26806,3.71849686,17.32985576
frame-u-003434-2-0136,1,Success,TRUE,SAT_26806,3.057135379,327.600565,-0.676358832,327.4736439,-0.69415971,,2002/10/30 2:48:55,SAT_26806,2.685024319,3.057135379,SAT_26352,5.546687178,7.902088234,SAT_26724,5.328164133,7.985426605
frame-u-003434-2-0137,1,Success,TRUE,SAT_26806,3.099700726,327.6760791,-0.707986283,327.7859112,-0.692498998,,2002/10/30 2:49:31,SAT_26806,2.685024319,3.099700726,SAT_26352,5.546687178,7.94465358,SAT_26724,5.328164133,8.027991951
frame-u-003434-4-0323,1,No match,FALSE,N/A,inf,355.5977236,0.017223989,355.559742,0.060119852,FOVNotMatch,2002/10/30 4:40:34,SAT_23125,4.971878228,48.34475733,SAT_4353U,5.115094224,48.42481387,SAT_23313,5.463017057,48.44295527
frame-u-003434-2-0299,1,No match,FALSE,N/A,inf,351.9251108,-0.836867368,351.8766538,-0.681152334,FOVNotMatch,2002/10/30 4:26:15,SAT_24833,4.640657188,13.90680758,SAT_26398,4.913481139,69.27388333,SAT_23313,4.623949039,72.6811595
frame-u-003434-3-0300,1,No match,FALSE,N/A,inf,352.0921251,-0.417429443,352.0234928,-0.196915146,FOVNotMatch,2002/10/30 4:26:50,SAT_24833,4.640657188,13.90314474,SAT_26398,4.913481139,69.27022049,SAT_23313,4.623949039,72.67749667
frame-u-003434-4-0420,1,No match,FALSE,N/A,inf,10.14973491,0.107963814,9.987477564,0.142815124,FOVNotMatch,2002/10/30 5:38:29,SAT_12546,5.258005369,9.169748342,SAT_23313,5.471750375,12.09130282,SAT_22930,5.831238601,12.09220165
frame-u-003434-4-0421,1,No match,FALSE,N/A,inf,10.29969716,0.139872903,10.13754655,0.174735562,FOVNotMatch,2002/10/30 5:39:05,SAT_12546,5.258005369,9.18134078,SAT_23313,5.471750375,12.10289525,SAT_22930,5.831238601,12.10379409
frame-u-003434-4-0422,1,No match,FALSE,N/A,inf,10.44929765,0.171914765,10.28727114,0.206513731,FOVNotMatch,2002/10/30 5:39:41,SAT_12546,5.258005369,9.101227733,SAT_23313,5.471750375,12.02278221,SAT_22930,5.831238601,12.02368104
frame-u-003434-4-0423,1,No match,FALSE,N/A,inf,10.59926559,0.203959605,10.49308436,0.226447424,FOVNotMatch,2002/10/30 5:40:17,SAT_12546,5.258005369,9.005218019,SAT_23313,5.471750375,11.92677249,SAT_22930,5.831238601,11.92767133
frame-u-003434-5-0430,1,No match,FALSE,N/A,inf,11.64699857,0.426716916,11.48424434,0.461383459,FOVNotMatch,2002/10/30 5:44:28,SAT_12546,5.272664823,8.436428351,SAT_23313,5.891164976,11.99393493,SAT_21222,5.87998263,12.00356807
frame-u-003434-5-0433,1,No match,FALSE,N/A,inf,12.09610034,0.521714607,11.93362155,0.556002031,FOVNotMatch,2002/10/30 5:46:15,SAT_12546,5.272664823,8.328448139,SAT_23313,5.891164976,11.88595472,SAT_21222,5.87998263,11.89558786
frame-u-003434-5-0435,1,No match,FALSE,N/A,inf,12.39538458,0.584592153,12.23323502,0.618905984,FOVNotMatch,2002/10/30 5:47:27,SAT_12546,5.272664823,8.361009026,SAT_23313,5.891164976,11.9185156,SAT_21222,5.87998263,11.92814875
frame-u-003434-5-0436,1,No match,FALSE,N/A,inf,12.54508991,0.616207712,12.40152896,0.646422795,FOVNotMatch,2002/10/30 5:48:03,SAT_12546,5.272664823,8.298003253,SAT_23313,5.891164976,11.85550983,SAT_21222,5.87998263,11.86514297
frame-u-003437-3-0053,1,No match,FALSE,N/A,inf,316.5771066,-0.092804855,316.4767928,-0.120783525,FOVNotMatch,2002/10/31 1:59:23,SAT_1616U,0.06633501,9.309871994,SAT_26352,5.827412742,15.47737198,SAT_21222,5.214437382,15.59057191
frame-u-003437-3-0054,1,No match,FALSE,N/A,inf,316.6533651,-0.15464359,316.7885067,-0.117352985,FOVNotMatch,2002/10/31 1:59:59,SAT_1616U,0.06633501,9.151660344,SAT_26352,5.827412742,15.31916033,SAT_21222,5.214437382,15.43236026
frame-u-003437-2-0070,1,No match,FALSE,N/A,inf,319.021309,-0.615925374,319.0527041,-0.627163764,FOVNotMatch,2002/10/31 2:09:32,SAT_25844,3.283337367,16.80830473,SAT_23313,4.864675212,19.66253822,SAT_22930,5.070632488,19.66381304
frame-u-003437-2-0071,1,No match,FALSE,N/A,inf,319.3339645,-0.620832987,319.2512676,-0.590294964,FOVNotMatch,2002/10/31 2:10:08,SAT_25844,3.283337367,17.38061684,SAT_23313,4.864675212,20.23485033,SAT_22930,5.070632488,20.23612515
frame-u-003437-6-0074,1,No match,FALSE,N/A,inf,319.620555,1.132228333,319.7156643,1.275674502,FOVNotMatch,2002/10/31 2:11:55,SAT_11888,4.563316808,22.21683287,SAT_26352,5.458803897,56.35883513,SAT_21222,4.795390207,56.46729636
frame-u-003437-2-0075,1,No match,FALSE,N/A,inf,319.7696618,-0.483511826,319.8150094,-0.403519926,FOVNotMatch,2002/10/31 2:12:31,SAT_11888,4.563316808,18.22531454,SAT_26352,5.458803897,60.35035346,SAT_21222,4.795390207,60.45881469
frame-u-003437-1-0348,1,Success,TRUE,SAT_05587,1.677421907,0.781627898,-0.821571709,0.66175653,-0.860917813,,2002/10/31 4:55:31,SAT_05587,2.734288684,1.677421907,SAT_5587U,2.734921401,1.677452228,SAT_4902U,5.820749403,2.05817898
frame-u-003437-5-0224,1,No match,FALSE,N/A,inf,342.1475491,0.63224868,342.1161577,0.666810363,FOVNotMatch,2002/10/31 3:41:29,SAT_24810,1.935669047,20.10747592,SAT_13376,5.498037806,21.43640048,SAT_13511,5.699091373,32.23493627
frame-u-003437-5-0224,2,No match,FALSE,N/A,inf,342.1309349,0.632491221,342.1159111,0.650077445,FOVNotMatch,2002/10/31 3:41:29,SAT_13376,5.498037806,19.69545408,SAT_24810,1.935669047,21.84842233,SAT_13511,5.699091373,33.97588268
frame-u-003437-6-0364,1,No match,FALSE,N/A,inf,3.032388104,1.06264693,3.126989141,1.140710871,FOVNotMatch,2002/10/31 5:05:04,SAT_05587,3.733532302,23.16622629,SAT_5587U,3.733888228,23.16626568,SAT_4902U,5.980080054,23.60592604
frame-u-003437-6-0365,1,No match,FALSE,N/A,inf,3.318218699,1.051219427,3.344245433,1.072608969,FOVNotMatch,2002/10/31 5:05:40,SAT_05587,3.733532302,23.05108472,SAT_5587U,3.733888228,23.0511241,SAT_4902U,5.980080054,23.49078447
frame-u-003437-3-0417,1,No match,FALSE,N/A,inf,11.10921856,-0.203287195,10.96604486,-0.037781581,FOVNotMatch,2002/10/31 5:36:43,SAT_8747U,5.747041775,37.26156526,SAT_08747,5.719471871,37.2639899,SAT_26352,5.780504469,49.09828298
frame-u-003437-3-0418,1,No match,FALSE,N/A,inf,11.2784035,-0.053423143,11.21756996,0.017353291,FOVNotMatch,2002/10/31 5:37:19,SAT_8747U,5.747041775,37.44393735,SAT_08747,5.719471871,37.446362,SAT_26352,5.780504469,49.28065507
frame-u-003437-3-0440,1,No match,FALSE,N/A,inf,14.57182611,-0.109730908,14.46284401,-0.060697374,FOVNotMatch,2002/10/31 5:50:27,SAT_8747U,5.472815042,12.09239562,SAT_08747,5.445241299,12.09448421,SAT_26352,5.644430938,24.17526241
frame-u-003460-6-0087,1,No match,FALSE,N/A,inf,31.89054705,0.971042904,31.81178882,1.06281114,FOVNotMatch,2002/11/7 5:49:09,SAT_8747U,5.386136628,36.83945729,SAT_25126,3.620237586,46.67213282,SAT_14951,5.48413098,62.94490653
frame-u-003458-4-0040,1,No match,FALSE,N/A,inf,43.95302262,0.004388957,43.89830231,0.228572274,FOVNotMatch,2002/11/6 8:08:56,SAT_22591,0.741856249,10.07185072,SAT_25802,2.401172974,47.05795966,SAT_5816U,5.938045888,52.83833515
frame-u-003462-6-0212,1,No match,FALSE,N/A,inf,140.3426292,38.84687108,140.3019183,38.83978876,FOVNotMatch,2002/11/7 11:12:19,SAT_13490,4.656338161,43.63946395,SAT_23197,4.0173209,81.70814429,SAT_23734,14.70712214,N/A
frame-u-003462-6-0214,1,No match,FALSE,N/A,inf,140.7839724,39.11108953,140.7124622,39.09673266,FOVNotMatch,2002/11/7 11:13:31,SAT_13490,4.656338161,41.72486927,SAT_23197,4.0173209,83.62273898,SAT_23734,14.70712214,N/A
frame-u-003460-5-0192,1,No match,FALSE,N/A,inf,47.57378534,0.520812008,47.51267773,0.422232889,FOVNotMatch,2002/11/7 6:51:51,SAT_9652U,4.468779397,7.714487841,SAT_15267,5.151975113,21.7884342,SAT_14951,0.524364194,45.21390662
frame-u-003438-2-0134,1,No match,FALSE,N/A,inf,50.02178768,-0.836558355,50.0600935,-0.613032827,FOVNotMatch,2002/10/31 7:55:14,SAT_19299,4.563904085,9.445064502,SAT_20673,2.691907771,42.3362708,SAT_12851,4.268576652,67.09880902
frame-u-003438-1-0135,1,No match,FALSE,N/A,inf,50.25077168,-1.256125526,50.28935887,-1.032277154,FOVNotMatch,2002/10/31 7:55:50,SAT_19299,4.563904085,9.500113206,SAT_20673,2.691907771,42.39131951,SAT_12851,4.268576652,67.04376031
frame-u-003438-5-0033,1,Success,TRUE,SAT_4902U,0.225649598,34.96871502,0.474512071,34.89261115,0.458144617,,2002/10/31 6:54:56,SAT_4902U,5.91477685,0.225649598,SAT_5587U,5.282112172,0.834940404,SAT_05587,5.282248118,0.835072481
frame-u-003438-5-0034,1,Success,TRUE,SAT_4902U,0.048510767,35.04363295,0.426865871,35.20524985,0.460816233,,2002/10/31 6:55:32,SAT_4902U,5.91477685,0.048510767,SAT_4353U,5.269646974,0.735301229,SAT_5587U,5.282112172,1.109100769
frame-u-003462-1-0286,1,No match,FALSE,N/A,inf,154.5911005,41.97071426,154.5288673,41.98949493,FOVNotMatch,2002/11/7 11:56:30,SAT_8418U,3.155230997,77.96635793,SAT_16103,3.944858661,88.79066853,SAT_26988,12.06613479,N/A
frame-u-003462-1-0287,1,No match,FALSE,N/A,inf,154.9260387,42.093216,154.8640878,42.11161526,FOVNotMatch,2002/11/7 11:57:06,SAT_8418U,3.155230997,77.68726936,SAT_16103,3.944858661,88.51157996,SAT_26988,12.06613479,N/A
frame-u-003461-1-0016,1,Success,TRUE,SAT_12242,0.222141607,44.52212747,-1.04662489,44.50040003,-1.001658227,,2002/11/7 7:57:59,SAT_12242,4.176710466,0.222141607,SAT_25558,4.958751437,64.19809243,SAT_27378,4.380704679,64.21842062
frame-u-003461-1-0017,1,Success,TRUE,SAT_12242,0.134645075,44.81052621,-1.024882061,44.77341777,-0.947781928,,2002/11/7 7:58:35,SAT_12242,4.176710466,0.134645075,SAT_25558,4.958751437,64.28558896,SAT_27378,4.380704679,64.30591715
frame-u-003461-6-0063,1,No match,FALSE,N/A,inf,51.6969518,1.195346433,51.56892402,1.275021961,FOVNotMatch,2002/11/7 8:26:03,SAT_25558,5.209096852,31.88393464,SAT_26402,4.773269337,31.90465454,SAT_27378,4.800114221,31.90584575
frame-u-003465-5-0257,1,Success,TRUE,SAT_22779,0.852097735,3.755245224,0.423106906,3.631494473,0.62518793,,2002/11/8 5:18:08,SAT_22779,1.811785244,0.852097735,SAT_16961,4.289450637,50.30640578,SAT_22513,2.393071593,50.33350473
frame-u-003465-3-0251,1,No match,FALSE,N/A,inf,2.89385033,-0.416587831,2.733092843,-0.26448344,FOVNotMatch,2002/11/8 5:14:33,SAT_22779,0.117204804,14.00050457,SAT_22458,1.347154901,30.02417422,SAT_21694,3.979677438,39.65327241
frame-u-003513-1-0098,1,No match,FALSE,N/A,inf,125.3906419,27.70525368,125.4798147,27.79873876,FOVNotMatch,2002/12/6 9:11:25,SAT_10512,3.067780851,8.197687484,SAT_21270,11.05714006,N/A,SAT_8418U,14.88993901,N/A
frame-u-003513-5-0130,1,No match,FALSE,N/A,inf,128.5502518,31.88956542,128.5660288,32.04310153,FOVNotMatch,2002/12/6 9:30:31,SAT_20508,3.977177196,10.96086809,SAT_13070,9.491173962,N/A,SAT_16272,9.096143929,N/A
frame-u-003513-5-0130,2,No match,FALSE,N/A,inf,128.557035,31.89389965,128.5714312,32.03722334,FOVNotMatch,2002/12/6 9:30:31,SAT_20508,3.977177196,11.0724078,SAT_13070,9.491173962,N/A,SAT_16272,9.096143929,N/A
frame-u-003513-5-0130,3,No match,FALSE,N/A,inf,128.5468228,31.887141,128.5632196,32.04635652,FOVNotMatch,2002/12/6 9:30:31,SAT_20508,3.977177196,10.94995694,SAT_13070,9.491173962,N/A,SAT_16272,9.096143929,N/A
frame-u-003478-5-0145,1,Success,TRUE,SAT_10644,0.919293633,138.0076224,7.627571915,138.0529403,7.725302602,,2002/11/13 11:46:14,SAT_10644,3.604761735,0.919293633,SAT_26897,5.388961748,23.52154998,SAT_8867U,1.564129183,37.48352369
frame-u-003478-4-0147,1,No match,FALSE,N/A,inf,138.2868595,7.106055892,138.3205443,7.336247671,FOVNotMatch,2002/11/13 11:47:26,SAT_10644,3.604761735,17.34017957,SAT_8867U,1.564129183,21.06263776,SAT_22324,1.708865672,25.04130811
frame-u-003478-5-0185,1,Success,TRUE,SAT_11543,0.531611598,144.0866866,8.258827151,144.0421817,8.444866162,,2002/11/13 12:10:07,SAT_11543,5.566782998,0.531611598,SAT_21033,0.112079147,13.17984425,SAT_18603,3.039360102,18.04228519
frame-u-003518-6-0116,1,Success,TRUE,SAT_25136,3.116434995,157.957986,10.19752245,157.8343973,10.14717252,,2002/12/7 12:08:26,SAT_25136,2.058788578,3.116434995,SAT_19483,5.399146572,27.46861765,SAT_12544,4.810324422,29.44106307
frame-u-003518-6-0117,1,Success,TRUE,SAT_25136,2.330278927,158.1094457,10.16000881,158.1499755,10.17588324,,2002/12/7 12:09:02,SAT_25136,2.058788578,2.330278927,SAT_19483,5.399146572,26.68246158,SAT_12544,4.810324422,28.654907
frame-u-003518-6-0016,1,No match,FALSE,N/A,inf,142.7388132,8.626686739,142.7769462,8.678620475,FOVNotMatch,2002/12/7 11:08:44,SAT_7071U,2.405718495,12.13748868,SAT_07071,2.401079582,12.15562931,SAT_26021,2.029580997,39.94736941
frame-u-003518-4-0021,1,No match,FALSE,N/A,inf,143.588944,7.871783355,143.668707,7.975925898,FOVNotMatch,2002/12/7 11:11:43,SAT_7071U,2.405718495,13.34496446,SAT_07071,2.401079582,13.36310509,SAT_26021,2.029580997,41.15484519
frame-u-003518-4-0022,1,No match,FALSE,N/A,inf,143.8780809,7.891966171,143.90045,7.920725126,FOVNotMatch,2002/12/7 11:12:19,SAT_7071U,2.405718495,13.77275064,SAT_07071,2.401079582,13.79089128,SAT_26021,2.029580997,41.58263137
frame-u-003518-3-0041,1,No match,FALSE,N/A,inf,146.6481408,7.712994729,146.6819433,7.756590157,FOVNotMatch,2002/12/7 11:23:39,SAT_17153,2.361391401,15.88877077,SAT_2206U,3.640919364,27.03546814,SAT_20040,3.871855289,53.43462169
frame-u-003525-5-0100,1,Success,TRUE,SAT_177U0,3.589324423,169.7191553,10.35128678,169.8147671,10.42896142,,2002/12/11 10:54:42,SAT_177U0,1.650717021,3.589324423,SAT_24131,0.746343407,17.16255534,SAT_14358,3.942490788,20.3094255
frame-u-003525-2-0068,1,Success,TRUE,SAT_20083,3.435715618,164.9914069,8.864010986,164.9319056,8.870653015,,2002/12/11 10:35:36,SAT_20083,5.4213111,3.435715618,SAT_15219,4.184787998,3.728769261,SAT_15235,5.98438082,4.457974061
frame-u-003525-1-0069,1,No match,FALSE,N/A,inf,165.2083945,8.413540981,165.2741277,8.431455287,FOVNotMatch,2002/12/11 10:36:12,SAT_15235,5.98438082,17.390866,SAT_20083,5.4213111,18.41312445,SAT_15219,4.184787998,25.57760933
frame-u-003525-5-0163,1,No match,FALSE,N/A,inf,179.4699157,10.76487998,179.4463116,10.80806643,FOVNotMatch,2002/12/11 11:32:19,SAT_05180,4.315011368,29.28622744,SAT_5180U,4.316047003,29.28933824,SAT_26530,3.531226137,37.11917548
frame-u-003525-1-0188,1,No match,FALSE,N/A,inf,183.2555073,8.946544728,183.1514049,9.169988673,FOVNotMatch,2002/12/11 11:47:15,SAT_26530,5.284599477,39.11893187,SAT_15516,5.998834095,41.04069583,SAT_15952,1.576323379,47.36423514
frame-u-003525-2-0218,1,No match,FALSE,N/A,inf,187.7969642,9.358530324,187.8405877,9.38943889,FOVNotMatch,2002/12/11 12:05:10,SAT_15952,2.369680894,30.28083046,SAT_21199,5.345345695,37.16430922,SAT_13875,1.69235448,37.44151014
frame-u-003530-4-0306,1,Success,TRUE,SAT_15808,1.590600758,167.158083,46.42684224,167.2394472,46.5409765,,2002/12/13 11:44:33,SAT_15808,3.903859209,1.590600758,SAT_22192,1.123779171,5.124990995,SAT_17625,5.534179266,11.12052483
frame-u-003530-4-0307,1,Success,TRUE,SAT_15808,1.867839777,167.4764862,46.34806951,167.5944694,46.51172888,,2002/12/13 11:45:09,SAT_15808,3.903859209,1.867839777,SAT_22192,1.123779171,5.402230014,SAT_17625,5.534179266,11.39776385
frame-u-003530-4-0307,2,Success,TRUE,SAT_15808,1.449866924,167.4420644,46.45617036,167.5348753,46.58708327,,2002/12/13 11:45:09,SAT_15808,3.903859209,1.449866924,SAT_22192,1.123779171,4.984257161,SAT_17625,5.534179266,10.97979099
frame-u-003530-3-0386,1,No match,FALSE,N/A,inf,184.9023332,47.4729712,184.7892387,47.45606041,FOVNotMatch,2002/12/13 12:32:19,SAT_21890,4.13758419,24.50965678,SAT_18883,4.577240137,52.1630898,SAT_24963,5.108267431,73.69033872
frame-u-003559-4-0066,1,No match,FALSE,N/A,inf,71.57586329,25.52481236,71.40009836,25.60187028,FOVNotMatch,2002/12/31 5:33:19,SAT_10949,2.278039178,42.48733273,SAT_14405,1.71522604,70.53309181,SAT_02362,17.12497314,N/A
frame-u-003538-6-0068,1,No match,FALSE,N/A,inf,127.8435603,7.707652293,127.9123984,7.92130962,FOVNotMatch,2002/12/14 9:51:36,SAT_22324,4.540768046,33.87133255,SAT_17328,2.802302853,39.77540258,SAT_26975,0.234911459,39.83066966
frame-u-003560-3-0021,1,Success,TRUE,SAT_21110,4.630605017,113.7204605,17.35886556,113.7051925,17.43067514,,2002/12/31 6:08:05,SAT_21110,3.296281032,4.630605017,SAT_5012U,1.890022103,14.19930178,SAT_26013,3.659617027,34.09994956
frame-u-003538-3-0176,1,No match,FALSE,N/A,inf,144.2461367,9.246143247,144.2188681,9.326523791,FOVNotMatch,2002/12/14 10:56:05,SAT_21784,5.940917868,16.14367411,SAT_11926,3.795581323,48.77936546,SAT_10953,4.900847565,63.56879921
frame-u-003538-5-0221,1,No match,FALSE,N/A,inf,150.7694533,10.97228879,150.8212345,11.03869996,FOVNotMatch,2002/12/14 11:22:57,SAT_27518,4.76645142,21.28058463,SAT_19073,4.799906851,55.7804722,SAT_15946,3.733876449,58.35052989
frame-u-003538-3-0228,1,No match,FALSE,N/A,inf,152.0800681,10.11638122,151.9309222,10.32472446,FOVNotMatch,2002/12/14 11:27:08,SAT_01863,5.405902407,32.65682842,SAT_1863U,5.979683235,32.93116378,SAT_10953,5.933732255,45.20759299
frame-u-003560-3-0199,1,No match,FALSE,N/A,inf,137.1938771,33.5526541,137.1562675,33.53748731,FOVNotMatch,2002/12/31 7:54:22,SAT_12854,3.941016928,5.106195351,SAT_22849,2.438850912,44.24775496,SAT_20237,4.989435278,51.03447939
frame-u-003538-6-0306,1,Success,TRUE,SAT_22840,0.321221862,163.7743836,12.51452888,163.7087228,12.73411499,,2002/12/14 12:13:42,SAT_22840,3.583743435,0.321221862,SAT_18472,5.981833499,32.6210208,SAT_17291,0.149682974,35.97352414
frame-u-003538-1-0306,1,No match,FALSE,N/A,inf,163.9984887,10.5714387,163.8344958,10.54082866,FOVNotMatch,2002/12/14 12:13:42,SAT_25743,1.980772653,8.117494065,SAT_25334,5.423939356,8.521874326,SAT_04486,5.370532108,8.674830701
frame-u-003538-2-0298,1,No match,FALSE,N/A,inf,162.5871667,10.83822256,162.6099333,10.96204692,FOVNotMatch,2002/12/14 12:08:56,SAT_13777,1.044150217,37.52618391,SAT_25743,3.724374813,76.75643079,SAT_25334,5.991685143,77.08280987
frame-u-003538-2-0299,1,No match,FALSE,N/A,inf,162.8713062,10.75972209,162.9003975,10.91574969,FOVNotMatch,2002/12/14 12:09:31,SAT_13777,1.044150217,37.66926008,SAT_25743,3.724374813,76.61335461,SAT_25334,5.991685143,76.9397337
frame-u-003538-1-0299,1,No match,FALSE,N/A,inf,162.7912467,10.33224893,162.8343367,10.55988724,FOVNotMatch,2002/12/14 12:09:31,SAT_13777,1.044150217,37.83714205,SAT_25743,3.724374813,76.44547265,SAT_25334,5.991685143,76.77185173
frame-u-003538-3-0291,1,No match,FALSE,N/A,inf,161.6605074,11.08084643,161.5684379,11.28581577,FOVNotMatch,2002/12/14 12:04:45,SAT_8964U,0.384225746,41.02205285,SAT_08964,0.388673722,41.03480803,SAT_25334,5.486631306,69.30456453
frame-u-003538-2-0290,1,Success,TRUE,SAT_12680,0.814939352,161.5385846,10.64978374,161.44174,10.86677074,,2002/12/14 12:04:09,SAT_12680,0.097946476,0.814939352,SAT_01574,3.621186425,15.50854584,SAT_1574U,3.618724316,15.51116628
frame-u-003560-1-0282,1,No match,FALSE,N/A,inf,151.3372786,38.63791404,151.2682808,38.56813798,FOVNotMatch,2002/12/31 8:43:56,SAT_07127,1.839357831,6.048557341,SAT_7127U,1.839335525,6.056429223,SAT_16854,1.469313402,16.03854659
frame-u-003560-1-0283,1,No match,FALSE,N/A,inf,151.4876483,38.55187855,151.6328011,38.69679919,FOVNotMatch,2002/12/31 8:44:31,SAT_07127,1.839357831,6.396163028,SAT_7127U,1.839335525,6.40403491,SAT_16854,1.469313402,16.38615227
frame-u-003562-1-0069,1,No match,FALSE,N/A,inf,158.7638853,40.79614815,158.6425874,40.7395627,FOVNotMatch,2002/12/31 11:15:25,SAT_18117,2.760729205,30.14319587,SAT_20724,1.996191439,77.38798028,SAT_25382,1.019764328,84.90090811
frame-u-003562-3-0074,1,No match,FALSE,N/A,inf,159.4590254,41.61236976,159.4283237,41.75290578,FOVNotMatch,2002/12/31 11:18:24,SAT_25382,1.019764328,17.26557754,SAT_26988,0.836123077,19.81013056,SAT_20724,1.996191439,34.97668915
frame-u-003560-6-0302,1,No match,FALSE,N/A,inf,154.0229597,41.71295296,153.9724839,41.73011057,FOVNotMatch,2002/12/31 8:55:52,SAT_14511,1.068429629,58.66843133,SAT_5210U,4.735089663,79.85690417,SAT_16854,0.105882305,87.95636432
frame-u-003605-4-0027,1,No match,FALSE,N/A,inf,114.4355267,18.86983466,114.4276082,18.98339857,FOVNotMatch,2003/1/25 4:10:34,SAT_21966,0.076462222,75.90922785,SAT_15235,17.69970333,N/A,SAT_5975U,10.87662475,N/A
frame-u-003610-5-0063,1,No match,FALSE,N/A,inf,45.9450659,45.27760037,46.19254072,45.40606496,FOVNotMatch,2003/1/27 2:59:39,SAT_10650,0.117659473,42.3784992,SAT_21547,0.904997859,45.01295102,SAT_08184,1.405766588,86.98429033
frame-u-003565-2-0151,1,No match,FALSE,N/A,inf,33.23869886,-0.672597196,33.26746957,-0.614027177,FOVNotMatch,2003/1/1 2:18:23,SAT_2256U,1.453475454,24.7720998,SAT_7298U,5.108378191,47.40554681,SAT_17264,3.379891169,48.97315948
frame-u-003614-6-0064,1,No match,FALSE,N/A,inf,119.6543912,21.97809278,119.6566823,22.02572993,FOVNotMatch,2003/1/27 5:43:08,SAT_4653U,4.270237694,29.76135049,SAT_00410,4.412250374,33.72642221,SAT_410U0,4.406661184,33.74191177
frame-u-003565-5-0164,1,No match,FALSE,N/A,inf,35.09678583,0.450898794,35.14872525,0.642265188,FOVNotMatch,2003/1/1 2:26:08,SAT_16229,3.105697407,42.16594434,SAT_1571U,5.492546516,55.40970215,SAT_01571,5.491497863,55.40988402
frame-u-003565-3-0176,1,No match,FALSE,N/A,inf,36.98117415,-0.279849675,36.89321373,-0.226421237,FOVNotMatch,2003/1/1 2:33:18,SAT_23846,5.497814146,31.27438771,SAT_23192,4.544737716,31.28925991,SAT_24315,4.18005755,31.29657062
frame-u-003565-3-0177,1,No match,FALSE,N/A,inf,37.20564382,-0.23488456,37.13930356,-0.194668551,FOVNotMatch,2003/1/1 2:33:54,SAT_23846,5.497814146,31.22380371,SAT_23192,4.544737716,31.2386759,SAT_24315,4.18005755,31.24598661
frame-u-003628-2-0120,1,No match,FALSE,N/A,inf,52.77267339,40.44593602,52.68034437,40.42644873,FOVNotMatch,2003/1/28 2:38:12,SAT_23704,0.951631647,6.126773808,SAT_24869,0.217339802,20.69836519,SAT_25802,4.907874873,21.95184959
frame-u-003631-4-0270,1,No match,FALSE,N/A,inf,157.0542595,13.48092677,156.8890669,13.45643375,FOVNotMatch,2003/1/28 10:04:06,SAT_15775,2.963135772,60.31768534,SAT_3827U,5.182368304,64.77001574,SAT_03827,5.004382639,64.77921218
frame-u-003631-5-0271,1,No match,FALSE,N/A,inf,157.1539164,13.92094056,157.01858,13.89275883,FOVNotMatch,2003/1/28 10:04:42,SAT_3827U,5.182368304,61.33097478,SAT_03827,5.004382639,61.34017122,SAT_12529,2.07488028,62.55390166
frame-u-003631-3-0147,1,Success,TRUE,SAT_2643U,1.49591485,138.5038694,10.02222003,138.3870726,10.07203016,,2003/1/28 8:50:39,SAT_2643U,5.277549128,1.49591485,SAT_02643,5.322339528,1.600486347,SAT_10143,5.822273603,12.61398183
frame-u-003630-6-0073,1,No match,FALSE,N/A,inf,127.121897,8.018764001,127.110629,7.969938466,FOVNotMatch,2003/1/28 5:19:21,SAT_7823U,1.04010638,21.26725126,SAT_07823,1.042203424,21.26878945,SAT_18597,1.162249227,33.39632167
frame-u-003630-6-0074,1,No match,FALSE,N/A,inf,127.3978156,7.98744859,127.4154565,8.058696455,FOVNotMatch,2003/1/28 5:19:57,SAT_7823U,1.04010638,20.36465482,SAT_07823,1.042203424,20.366193,SAT_18597,1.162249227,34.29891811
frame-u-003631-6-0358,1,Success,TRUE,SAT_15952,1.327657702,170.4039185,15.42647859,170.389959,15.37378853,,2003/1/28 10:56:38,SAT_15952,4.464580251,1.327657702,SAT_14192,3.040213061,2.664030109,SAT_1571U,2.214597288,21.22971993
frame-u-003631-3-0361,1,Success,TRUE,SAT_15952,1.424779989,170.9810796,14.14931298,171.0408466,14.37770478,,2003/1/28 10:58:26,SAT_15952,4.464580251,1.424779989,SAT_14192,3.040213061,2.761152396,SAT_1571U,2.214597288,21.32684222
frame-u-003630-1-0170,1,Success,TRUE,SAT_18443,4.954438076,142.0132403,8.261094847,141.9403832,8.256746796,,2003/1/28 6:17:16,SAT_18443,2.828052327,4.954438076,SAT_16729,1.742198117,7.358393279,SAT_15219,4.43385088,7.360737841
frame-u-003630-1-0171,1,Success,TRUE,SAT_18443,4.470246292,142.2514975,8.301181949,142.1013702,8.293482713,,2003/1/28 6:17:52,SAT_18443,2.828052327,4.470246292,SAT_16729,1.742198117,6.874201495,SAT_15219,4.43385088,6.876546057
frame-u-003624-5-0054,1,No match,FALSE,N/A,inf,168.0524664,0.423052798,167.9488412,0.646899619,FOVNotMatch,2003/1/27 11:17:21,SAT_23614,5.268555968,24.63853774,SAT_14182,5.388488158,37.63358516,SAT_8366U,3.713659546,49.46701256
frame-u-000752-2-0660,1,Success,TRUE,SAT_16452,1.475646318,242.393019,-0.833511368,242.4483154,-0.681678959,,1999/3/21 11:18:36,SAT_16452,0.933430332,1.475646318,SAT_13565,3.820149726,36.25586831,SAT_14467,3.994639777,38.08508501
frame-u-000752-6-0631,1,No match,FALSE,N/A,inf,237.943262,1.016478006,238.0242637,1.041780601,FOVNotMatch,1999/3/21 11:01:17,SAT_25518,0.645819572,17.44195911,SAT_15642,5.344471633,18.85092844,SAT_15677,5.280030652,19.63775382
frame-u-000752-6-0636,1,Success,TRUE,SAT_05337,1.73385599,238.692174,0.971079,238.7503344,1.067748389,,1999/3/21 11:04:16,SAT_05337,3.651123644,1.73385599,SAT_25518,0.645819572,59.06316572,SAT_15642,5.344471633,60.47213506
frame-u-000752-6-0637,1,Success,TRUE,SAT_05337,1.226778062,238.987157,0.964014773,239.004384,0.993230749,,1999/3/21 11:04:52,SAT_05337,3.651123644,1.226778062,SAT_25518,0.645819572,59.57024365,SAT_15642,5.344471633,60.97921299
frame-u-000752-2-0360,1,No match,FALSE,N/A,inf,197.4074759,-0.7018806,197.5418505,-0.683196194,FOVNotMatch,1999/3/21 8:19:29,SAT_07545,0.623415828,5.488697219,SAT_24315,5.365646888,7.885830031,SAT_23846,4.551365814,7.886046145
frame-u-000752-1-0393,1,Success,TRUE,SAT_11057,2.525853144,202.4307987,-1.256730604,202.3670278,-1.03310976,,1999/3/21 8:39:11,SAT_11057,2.733786663,2.525853144,SAT_10953,5.415610674,59.8535477,SAT_14943,2.417294925,62.65821614
frame-u-000752-5-0490,1,Success,TRUE,SAT_19765,1.185239093,216.9982057,0.551334709,216.8782234,0.568716255,,1999/3/21 9:37:06,SAT_19765,3.752115514,1.185239093,SAT_13631,3.622713162,1.659867946,SAT_19483,3.344683552,1.770461858
frame-u-000752-3-0445,1,Success,TRUE,SAT_14943,4.402782831,210.2646635,-0.416812632,210.1886719,-0.394697599,,1999/3/21 9:10:14,SAT_14943,3.371863831,4.402782831,SAT_15946,5.03756963,5.59529821,SAT_19483,1.364083584,6.559627099
frame-u-000752-2-0596,1,Success,TRUE,SAT_19483,2.085485352,232.8522305,-0.713574481,232.7053637,-0.681359542,,1999/3/21 10:40:23,SAT_19483,4.913045864,2.085485352,SAT_19765,4.443648333,5.03386004,SAT_13631,4.196422627,5.434103043
frame-u-000752-2-0597,1,Success,TRUE,SAT_19483,2.348797404,233.0174321,-0.684097472,232.9265383,-0.663721756,,1999/3/21 10:40:59,SAT_19483,4.913045864,2.348797404,SAT_19765,4.443648333,5.297172092,SAT_13631,4.196422627,5.697415096
frame-u-000752-1-0604,1,Success,TRUE,SAT_15265,4.308283586,234.0219502,-1.16150365,233.9037238,-1.037782711,,1999/3/21 10:45:10,SAT_15265,4.106313563,4.308283586,SAT_13910,3.264634621,14.54445144,SAT_19483,4.691748732,36.02984431
frame-u-000756-4-0092,1,No match,FALSE,N/A,inf,129.6505859,0.266398432,129.5318574,0.242679275,FOVNotMatch,1999/3/22 3:44:57,SAT_25154,5.886030264,6.751092062,SAT_17561,2.749871405,8.720318164,SAT_21533,1.111643855,8.971369338
frame-u-000756-4-0093,1,No match,FALSE,N/A,inf,129.7156145,0.220321118,129.8426734,0.245517771,FOVNotMatch,1999/3/22 3:45:33,SAT_25154,5.886030264,6.670079116,SAT_17561,2.749871405,8.639305218,SAT_21533,1.111643855,8.890356392
frame-u-000756-2-0098,1,Success,TRUE,SAT_08702,0.560013522,130.5906121,-0.450296526,130.443569,-0.419423277,,1999/3/22 3:48:32,SAT_08702,0.066449906,0.560013522,SAT_02969,5.810494088,0.686226417,SAT_03029,5.176571356,1.262754983
frame-u-000756-4-0136,1,No match,FALSE,N/A,inf,136.1536937,0.214265117,136.2794176,0.241269443,FOVNotMatch,1999/3/22 4:11:14,SAT_17561,3.285701965,10.13923013,SAT_15994,2.118679985,10.30598168,SAT_21533,1.344662653,10.32710269
frame-u-000756-4-0192,1,No match,FALSE,N/A,inf,144.6064002,0.213713836,144.5295777,0.290723759,FOVNotMatch,1999/3/22 4:44:40,SAT_00511,4.138261446,29.43855478,SAT_03029,1.437427621,29.77258926,SAT_02969,4.197023716,30.26042771
frame-u-000756-5-0325,1,No match,FALSE,N/A,inf,164.4361146,0.760554777,164.471743,0.857362642,FOVNotMatch,1999/3/22 6:04:05,SAT_16445,0.580808079,8.405866825,SAT_18745,5.273179893,39.9579599,SAT_15642,4.362803086,69.28532075
frame-u-000756-5-0311,1,No match,FALSE,N/A,inf,162.3112582,0.692209812,162.3386325,0.855504963,FOVNotMatch,1999/3/22 5:55:44,SAT_21521,1.040903053,9.870351296,SAT_18949,4.481813135,9.907423165,SAT_12322,5.44273399,10.59029644
frame-u-000756-6-0311,1,No match,FALSE,N/A,inf,162.3714192,1.052200511,162.4092504,1.275209034,FOVNotMatch,1999/3/22 5:55:44,SAT_21521,1.040903053,9.759860467,SAT_18949,4.481813135,9.796932335,SAT_12322,5.44273399,10.47980561
frame-u-000756-4-0312,1,No match,FALSE,N/A,inf,162.5290134,0.213084414,162.567426,0.435220068,FOVNotMatch,1999/3/22 5:56:19,SAT_21521,1.040903053,9.575277477,SAT_18949,4.481813135,9.612349345,SAT_12322,5.44273399,10.29522262
frame-u-000756-2-0357,1,No match,FALSE,N/A,inf,169.2879701,-0.481060412,169.1974501,-0.515354963,FOVNotMatch,1999/3/22 6:23:11,SAT_23125,4.621409069,8.37836163,SAT_15642,3.068747356,20.38437691,SAT_15677,2.328447639,20.64259064
frame-u-000756-2-0358,1,No match,FALSE,N/A,inf,169.3630976,-0.566440615,169.5077454,-0.511265101,FOVNotMatch,1999/3/22 6:23:47,SAT_23125,4.621409069,8.507933806,SAT_15642,3.068747356,20.51394909,SAT_15677,2.328447639,20.77216282
frame-u-000756-4-0404,1,No match,FALSE,N/A,inf,176.3945193,0.328520103,176.2983815,0.436208074,FOVNotMatch,1999/3/22 6:51:15,SAT_04475,4.634879462,7.647145445,SAT_08567,0.863645867,19.06618072,SAT_10845,5.810938846,22.73532772
frame-u-000756-5-0496,1,No match,FALSE,N/A,inf,190.1587756,0.694516209,190.0646194,0.856361964,FOVNotMatch,1999/3/22 7:46:12,SAT_21388,4.199851761,9.717304487,SAT_25058,3.351139991,21.49661518,SAT_19549,3.916048338,24.704098
frame-u-000756-6-0497,1,No match,FALSE,N/A,inf,190.2493982,1.051445936,190.2340135,1.080533637,FOVNotMatch,1999/3/22 7:46:48,SAT_21388,4.199851761,7.400816956,SAT_25058,3.351139991,19.18012765,SAT_19549,3.916048338,27.02058553
frame-u-000756-3-0527,1,No match,FALSE,N/A,inf,194.6431793,-0.152354211,194.7182036,0.018114761,FOVNotMatch,1999/3/22 8:04:42,SAT_22089,1.00988083,33.16128474,SAT_23538,3.839815751,61.30274475,SAT_23126,3.861679779,63.03158477
frame-u-000756-3-0528,1,No match,FALSE,N/A,inf,194.9184227,-0.206245113,194.9553328,-0.122774994,FOVNotMatch,1999/3/22 8:05:18,SAT_22089,1.00988083,33.06108783,SAT_23538,3.839815751,61.20254784,SAT_23126,3.861679779,62.93138787
frame-u-000756-1-0530,1,Success,TRUE,SAT_19549,2.770811871,195.1367913,-0.968575065,195.0922113,-0.939134443,,1999/3/22 8:06:30,SAT_19549,4.954541981,2.770811871,SAT_14194,1.196960085,18.03089135,SAT_10953,4.990045543,19.42195091
frame-u-000756-5-0653,1,No match,FALSE,N/A,inf,213.5106232,0.635363988,213.6675064,0.777189312,FOVNotMatch,1999/3/22 9:19:57,SAT_10229,4.659868031,37.28027496,SAT_15642,4.580257312,43.08007704,SAT_15677,4.206714236,43.78636454
frame-u-000756-1-0754,1,Success,TRUE,SAT_24315,2.944831903,228.6495848,-0.87789444,228.774092,-0.871410545,,1999/3/22 10:20:15,SAT_24315,5.857065132,2.944831903,SAT_22911,5.465345364,2.94768633,SAT_21222,4.837650568,2.9549446
frame-u-000756-2-0791,1,No match,FALSE,N/A,inf,234.3258966,-0.433023426,234.2220467,-0.396146995,FOVNotMatch,1999/3/22 10:42:21,SAT_19483,5.37888223,9.274499762,SAT_19765,5.745329024,12.22318496,SAT_13631,4.626436993,12.60863441
frame-u-000994-5-0043,1,No match,FALSE,N/A,inf,83.99040288,3.543503335,83.83850529,3.605214965,FOVNotMatch,1999/10/6 11:11:07,SAT_22923,2.76708147,8.315329963,SAT_01959,4.370988395,9.204920897,SAT_25025,5.17923615,24.09669846
frame-u-001000-1-0186,1,No match,FALSE,N/A,inf,355.5373239,72.99501419,355.3080182,72.83892235,FOVNotMatch,1999/10/7 6:31:27,SAT_00933,2.726101745,36.48726132,SAT_20044,3.096015275,37.26077075,SAT_12114,3.593587159,39.53384346
frame-u-000994-5-0066,1,No match,FALSE,N/A,inf,87.12833494,2.559688415,87.20331361,2.621478505,FOVNotMatch,1999/10/6 11:24:51,SAT_07815,4.781532171,30.85968636,SAT_19090,1.859276418,31.57007116,SAT_17969,2.156488647,31.6611583
frame-u-000994-5-0067,1,No match,FALSE,N/A,inf,87.39736871,2.46688566,87.43529305,2.497652437,FOVNotMatch,1999/10/6 11:25:27,SAT_07815,4.781532171,30.41652735,SAT_19090,1.859276418,31.12691215,SAT_17969,2.156488647,31.21799929
frame-u-001009-4-0085,1,Success,TRUE,SAT_20717,4.526428621,320.5998422,0.329075681,320.6686038,0.33470734,,1999/10/8 5:09:05,SAT_20717,3.048685954,4.526428621,SAT_25922,5.527759204,4.643704733,SAT_22117,5.60204338,4.739515928
frame-u-001009-4-0085,2,Success,TRUE,SAT_19773,1.005731487,320.5365877,0.30168523,320.5064187,0.303270346,,1999/10/8 5:09:05,SAT_19773,5.758611296,1.005731487,SAT_22117,5.60204338,2.950368808,SAT_25922,5.527759204,3.046180003
frame-u-001009-4-0086,1,Success,TRUE,SAT_19773,0.913052406,320.8178334,0.302311446,320.6567947,0.310511421,,1999/10/8 5:09:41,SAT_19773,5.758611296,0.913052406,SAT_22117,5.60204338,2.857689727,SAT_25922,5.527759204,2.953500922
frame-u-001009-5-0190,1,No match,FALSE,N/A,inf,336.3802011,0.792648568,336.2205508,0.832283527,FOVNotMatch,1999/10/8 6:11:47,SAT_19773,1.434045755,7.066990742,SAT_25922,5.935681396,13.95797847,SAT_00011,4.563414931,14.38370768
frame-u-001006-6-0058,1,Success,TRUE,SAT_08751,1.574138094,71.33672181,0.980508471,71.18460668,1.025616242,,1999/10/7 11:44:27,SAT_08751,3.775373854,1.574138094,SAT_25667,5.025871426,3.648714103,SAT_19484,5.523239403,16.4935666
frame-u-001011-6-0139,1,No match,FALSE,N/A,inf,16.70737364,15.81853605,16.81128032,15.82301636,FOVNotMatch,1999/10/8 9:57:45,SAT_15245,4.018649694,8.343672874,SAT_23494,2.391055647,58.59128968,SAT_14756,12.90450677,N/A
frame-u-001011-5-0155,1,Success,TRUE,SAT_15245,2.396126477,19.27471646,15.2384381,19.16017288,15.21489914,,1999/10/8 10:07:18,SAT_15245,4.302167677,2.396126477,SAT_14756,8.055103675,N/A,SAT_09998,11.63461526,N/A
frame-u-001011-5-0156,1,Success,TRUE,SAT_15245,2.194485054,19.40987235,15.18330812,19.48297732,15.19807455,,1999/10/8 10:07:54,SAT_15245,4.302167677,2.194485054,SAT_14756,8.055103675,N/A,SAT_09998,11.63461526,N/A
frame-u-001010-3-0063,1,Success,TRUE,SAT_21766,0.754175423,21.74457704,-2.478309727,21.90731796,-2.466020792,,1999/10/8 7:25:06,SAT_21766,5.387949937,0.754175423,SAT_15677,5.400848304,2.758568832,SAT_15642,4.920513905,3.433808165
frame-u-001010-3-0066,1,Success,TRUE,SAT_21766,0.816241861,22.35656031,-2.488485267,22.19393492,-2.500588279,,1999/10/8 7:26:54,SAT_21766,5.387949937,0.816241861,SAT_15677,5.400848304,2.696502393,SAT_15642,4.920513905,3.371741726
frame-u-001010-3-0068,1,Success,TRUE,SAT_21766,0.598216738,22.65620467,-2.503184928,22.49394646,-2.51588092,,1999/10/8 7:28:05,SAT_21766,5.387949937,0.598216738,SAT_15677,5.400848304,2.914527517,SAT_15642,4.920513905,3.58976685
frame-u-001022-3-0043,1,No match,FALSE,N/A,inf,9.060407441,14.82366882,9.013312804,14.83892669,FOVNotMatch,1999/10/12 7:33:47,SAT_02360,2.925906899,69.30651953,SAT_07629,1.196769118,82.76501541,SAT_19643,14.2275222,N/A
frame-u-001022-3-0044,1,No match,FALSE,N/A,inf,9.335669844,14.82846858,9.16927775,14.88246857,FOVNotMatch,1999/10/12 7:34:22,SAT_02360,2.925906899,69.27521288,SAT_07629,1.196769118,82.73370876,SAT_19643,14.2275222,N/A
frame-u-001013-3-0082,1,No match,FALSE,N/A,inf,68.89448856,-0.086453411,68.83351003,-0.138272912,FOVNotMatch,1999/10/8 11:25:26,SAT_17969,1.443030816,30.31759083,SAT_14050,0.521039077,31.43074296,SAT_14128,1.953513021,32.30074642
frame-u-001013-2-0085,1,No match,FALSE,N/A,inf,69.36039561,-0.657849126,69.20058135,-0.632558699,FOVNotMatch,1999/10/8 11:27:13,SAT_25339,5.419044585,8.607674952,SAT_25558,5.169958966,8.986231793,SAT_24313,5.248832348,8.993080225
frame-u-001013-3-0066,1,Success,TRUE,SAT_02161,2.970263102,66.51691204,-0.123959945,66.35492451,-0.185248552,,1999/10/8 11:15:52,SAT_02161,5.588555869,2.970263102,SAT_17969,1.255273806,10.44306111,SAT_14050,0.897025206,11.61403044
frame-u-001013-1-0066,1,No match,FALSE,N/A,inf,66.51608741,-1.109611744,66.35471067,-1.083157395,FOVNotMatch,1999/10/8 11:15:52,SAT_25339,5.430048224,8.934234269,SAT_25558,5.169787375,9.302956475,SAT_24313,5.248774224,9.310328358
frame-u-001013-3-0067,1,Success,TRUE,SAT_02161,2.866982941,66.66676445,-0.180421863,66.50351663,-0.24252373,,1999/10/8 11:16:28,SAT_02161,5.588555869,2.866982941,SAT_17969,1.255273806,10.54634127,SAT_14050,0.897025206,11.71731061
frame-u-001013-1-0067,1,No match,FALSE,N/A,inf,66.66638743,-1.084987929,66.5048971,-1.059175047,FOVNotMatch,1999/10/8 11:16:28,SAT_25339,5.430048224,8.70590904,SAT_25558,5.169787375,9.074631246,SAT_24313,5.248774224,9.082003129
frame-u-001013-3-0068,1,Success,TRUE,SAT_02161,2.842324961,66.81603268,-0.237417615,66.68227452,-0.288366901,,1999/10/8 11:17:04,SAT_02161,5.588555869,2.842324961,SAT_17969,1.255273806,10.57099925,SAT_14050,0.897025206,11.74196859
frame-u-001013-1-0068,1,No match,FALSE,N/A,inf,66.81643729,-1.061074855,66.65525611,-1.035332324,FOVNotMatch,1999/10/8 11:17:04,SAT_25339,5.430048224,8.698582114,SAT_25558,5.169787375,9.067304319,SAT_24313,5.248774224,9.074676203
frame-u-001013-1-0069,1,No match,FALSE,N/A,inf,66.96451544,-1.037173313,66.80383244,-1.010829636,FOVNotMatch,1999/10/8 11:17:40,SAT_25339,5.430048224,8.93508088,SAT_25558,5.169787375,9.303803086,SAT_24313,5.248774224,9.31117497
frame-u-001013-1-0070,1,No match,FALSE,N/A,inf,67.11522494,-1.013200061,66.95396021,-0.98754904,FOVNotMatch,1999/10/8 11:18:16,SAT_25339,5.430048224,8.662113345,SAT_25558,5.169787375,9.030835551,SAT_24313,5.248774224,9.038207435
frame-u-001013-1-0071,1,No match,FALSE,N/A,inf,67.26517531,-0.989546242,67.10390116,-0.96372256,FOVNotMatch,1999/10/8 11:18:52,SAT_25339,5.430048224,8.721355599,SAT_25558,5.169787375,9.090077805,SAT_24313,5.248774224,9.097449688
frame-u-001013-3-0101,1,No match,FALSE,N/A,inf,71.75483717,-0.286171551,71.59483866,-0.26161318,FOVNotMatch,1999/10/8 11:36:46,SAT_25339,5.407782783,8.332165591,SAT_25558,5.170120122,8.721572307,SAT_24313,5.248864024,8.727783953
frame-u-001013-3-0102,1,No match,FALSE,N/A,inf,71.90479118,-0.263292869,71.74328829,-0.238497497,FOVNotMatch,1999/10/8 11:37:22,SAT_25339,5.407782783,8.334261422,SAT_25558,5.170120122,8.723668138,SAT_24313,5.248864024,8.729879784
frame-u-001013-3-0103,1,No match,FALSE,N/A,inf,72.05431484,-0.240228759,71.89360519,-0.21574879,FOVNotMatch,1999/10/8 11:37:58,SAT_25339,5.407782783,8.266795626,SAT_25558,5.170120122,8.656202342,SAT_24313,5.248864024,8.662413988
frame-u-001013-3-0105,1,No match,FALSE,N/A,inf,72.35477105,-0.194893676,72.19344091,-0.169810808,FOVNotMatch,1999/10/8 11:39:10,SAT_25339,5.407782783,8.443145167,SAT_25558,5.170120122,8.832551883,SAT_24313,5.248864024,8.838763528
frame-u-001013-3-0107,1,No match,FALSE,N/A,inf,72.65370453,-0.14919461,72.49255658,-0.124332016,FOVNotMatch,1999/10/8 11:40:21,SAT_25339,5.407782783,8.376477986,SAT_25558,5.170120122,8.765884702,SAT_24313,5.248864024,8.772096348
frame-u-001013-6-0075,1,No match,FALSE,N/A,inf,67.7016685,1.112643071,67.72478654,1.173636416,FOVNotMatch,1999/10/8 11:21:15,SAT_00893,3.15545208,22.36776699,SAT_17070,0.224277646,25.15257608,SAT_12663,0.855467371,34.96362497
frame-u-001013-6-0076,1,Success,TRUE,SAT_00893,4.800505161,67.90468649,0.949419418,67.91712763,1.172820006,,1999/10/8 11:21:51,SAT_00893,3.15545208,4.800505161,SAT_17070,0.224277646,7.58531425,SAT_12663,0.855467371,17.39636314
frame-u-001013-6-0076,2,No match,FALSE,N/A,inf,67.98170452,1.062363243,68.01456749,1.1484174,FOVNotMatch,1999/10/8 11:21:51,SAT_00893,3.15545208,22.51120839,SAT_17070,0.224277646,25.29601748,SAT_12663,0.855467371,35.10706637
frame-u-001013-3-0108,1,No match,FALSE,N/A,inf,72.80336701,-0.126270555,72.64286893,-0.101909753,FOVNotMatch,1999/10/8 11:40:57,SAT_25339,5.404073772,8.233358479,SAT_25558,5.170146803,8.626530633,SAT_24313,5.248858607,8.632503806
frame-u-001024-1-0091,1,No match,FALSE,N/A,inf,49.89622595,-8.142380839,49.89959986,-7.917800794,FOVNotMatch,1999/10/12 10:22:31,SAT_16007,1.823431922,51.5066978,SAT_16293,4.736659864,63.96951374,SAT_25837,2.81188374,65.32485967
frame-u-001035-6-0017,1,Success,TRUE,SAT_17178,2.719000429,7.996635911,15.82303431,7.988725269,15.86506109,,1999/10/13 7:30:45,SAT_17178,1.881367982,2.719000429,SAT_07629,0.028751718,21.63006119,SAT_21552,7.134714034,N/A
frame-u-001024-4-0145,1,No match,FALSE,N/A,inf,57.77047068,-5.753379633,57.87089962,-5.626867283,FOVNotMatch,1999/10/12 10:54:46,SAT_06853,0.922490325,27.88198554,SAT_11115,5.964613743,40.51083049,SAT_13636,4.505096842,40.80460453
frame-u-001033-2-0163,1,Success,TRUE,SAT_20439,2.166644297,341.5427664,-0.603972518,341.3915749,-0.401306349,,1999/10/13 5:39:55,SAT_20439,2.915757498,2.166644297,SAT_24303,3.495101543,38.81253382,SAT_16274,5.954792509,53.00661865
frame-u-001033-1-0234,1,Success,TRUE,SAT_25637,4.075148103,352.171713,-0.847565095,352.010578,-0.815337881,,1999/10/13 6:22:18,SAT_25637,5.67995037,4.075148103,SAT_19485,4.851070047,5.113519097,SAT_16274,5.775412128,11.22532508
frame-u-001033-3-0219,1,No match,FALSE,N/A,inf,349.8610731,-0.198586479,349.7646272,0.01184562,FOVNotMatch,1999/10/13 6:13:21,SAT_13016,3.314445267,6.634788059,SAT_21034,3.180513362,21.2188452,SAT_19484,5.184445085,65.32998994
frame-u-001033-3-0221,1,No match,FALSE,N/A,inf,350.2251555,-0.060941358,350.0637315,-0.015477843,FOVNotMatch,1999/10/13 6:14:32,SAT_19484,5.184445085,15.68240634,SAT_21906,5.606027147,15.68755164,SAT_23877,5.186544829,15.69423576
frame-u-001033-3-0221,2,No match,FALSE,N/A,inf,350.2244233,-0.064119149,350.0638543,-0.017555615,FOVNotMatch,1999/10/13 6:14:32,SAT_19484,5.184445085,16.12471593,SAT_21906,5.606027147,16.12986123,SAT_23877,5.186544829,16.13654534
frame-u-001033-5-0241,1,No match,FALSE,N/A,inf,353.2184938,0.69168855,353.0579811,0.728256004,FOVNotMatch,1999/10/13 6:26:29,SAT_19485,4.990078581,6.014714306,SAT_24285,2.917934622,77.79380303,SAT_21429,4.515572267,80.45317841
frame-u-001035-2-0089,1,No match,FALSE,N/A,inf,19.08627081,13.73077542,19.08167162,13.80532978,FOVNotMatch,1999/10/13 8:13:44,SAT_13080,0.018291906,14.29865206,SAT_01271,4.036434569,22.73047294,SAT_15390,2.449241491,69.53285089
frame-u-001035-4-0128,1,No match,FALSE,N/A,inf,25.22287449,14.11550283,25.13194327,14.22110783,FOVNotMatch,1999/10/13 8:37:02,SAT_24984,2.313511715,23.80782363,SAT_21272,5.816833862,50.16493819,SAT_13080,5.844453414,51.10700389
frame-u-001035-2-0135,1,No match,FALSE,N/A,inf,26.25510011,13.30827906,26.1643518,13.36872673,FOVNotMatch,1999/10/13 8:41:12,SAT_12284,3.429910657,49.33847012,SAT_19535,3.994849324,73.70047496,SAT_11015,15.97777983,N/A
frame-u-001037-4-0097,1,Success,TRUE,SAT_19094,2.265643399,54.24534702,-6.516668503,54.08455427,-6.548489115,,1999/10/13 10:54:45,SAT_19094,3.073200785,2.265643399,SAT_20266,2.440375482,4.317965194,SAT_15825,1.752016331,4.574060251
frame-u-001037-3-0049,1,No match,FALSE,N/A,inf,47.04072588,-7.869578674,46.93290731,-7.731576204,FOVNotMatch,1999/10/13 10:26:05,SAT_22649,5.10391657,30.76674369,SAT_21343,1.921521875,43.36567216,SAT_25922,2.695616827,52.21512836
frame-u-001037-4-0107,1,No match,FALSE,N/A,inf,55.58478385,-6.372161775,55.72214965,-6.19772852,FOVNotMatch,1999/10/13 11:00:43,SAT_22293,2.504493275,27.57888096,SAT_19094,3.096925635,42.98158215,SAT_20266,2.427097624,45.01281658
frame-u-001037-4-0125,1,Success,TRUE,SAT_23599,2.377986239,58.31929494,-5.833087254,58.24620853,-5.855639245,,1999/10/13 11:11:28,SAT_23599,3.400583988,2.377986239,SAT_19094,3.127891678,8.386702248,SAT_20086,5.651875695,9.800651347
frame-u-001037-4-0126,1,Success,TRUE,SAT_23599,2.305003857,58.55660837,-5.809555732,58.40055376,-5.85749314,,1999/10/13 11:12:04,SAT_23599,3.400583988,2.305003857,SAT_19094,3.127891678,8.313719865,SAT_20086,5.651875695,9.727668965
frame-u-001043-1-0056,1,Success,TRUE,SAT_06153,4.818056252,8.381503865,14.11984068,8.363911158,14.1192506,,1999/10/14 7:31:05,SAT_06153,4.289696835,4.818056252,SAT_23487,2.815054086,61.46355788,SAT_07373,4.689482901,73.20536082
frame-u-001043-2-0125,1,No match,FALSE,N/A,inf,19.11508988,14.02436594,19.10607837,14.16271689,FOVNotMatch,1999/10/14 8:12:17,SAT_13080,0.018965742,14.54399654,SAT_21380,2.874949022,78.50436361,SAT_02757,2.368620756,81.82650119
frame-u-001037-5-0166,1,No match,FALSE,N/A,inf,64.4685519,-4.671727171,64.27897582,-4.508801057,FOVNotMatch,1999/10/13 11:35:57,SAT_12445,2.144357172,18.20106577,SAT_19904,5.388453582,24.705633,SAT_25922,0.38251317,40.68311626
frame-u-001037-2-0170,1,Success,TRUE,SAT_12445,3.637907146,65.16423259,-5.771979111,65.07520848,-5.741603708,,1999/10/13 11:38:20,SAT_12445,2.144357172,3.637907146,SAT_25922,0.38251317,18.84414335,SAT_23016,4.352128468,18.89422856
frame-u-001037-1-0183,1,Success,TRUE,SAT_25661,3.476781272,67.13077532,-5.846683806,67.07418685,-5.861589679,,1999/10/13 11:46:06,SAT_25661,5.958755615,3.476781272,SAT_19094,4.007542158,6.433977828,SAT_20266,2.713208801,8.187476946
frame-u-001040-5-0141,1,No match,FALSE,N/A,inf,321.2503654,0.597854369,321.2160263,0.616659194,FOVNotMatch,1999/10/14 4:00:31,SAT_24748,5.881067756,28.6626848,SAT_23754,5.853901712,28.67056794,SAT_24313,5.868064415,28.68213646
frame-u-001045-4-0042,1,Success,TRUE,SAT_25629,2.015589706,40.41045041,-7.798373053,40.25502648,-7.75442328,,1999/10/14 10:05:47,SAT_25629,4.279683866,2.015589706,SAT_17254,5.713944367,4.370541205,SAT_25586,5.227156887,14.14769331
frame-u-001045-1-0115,1,No match,FALSE,N/A,inf,51.49728959,-7.944181714,51.39150344,-7.980499414,FOVNotMatch,1999/10/14 10:49:22,SAT_23968,4.244092489,6.987476296,SAT_22033,2.490986498,9.35883412,SAT_15825,5.559176305,12.42176398
frame-u-001056-5-0020,1,No match,FALSE,N/A,inf,327.257927,0.406001522,327.1422989,0.492055333,FOVNotMatch,1999/10/16 6:54:04,SAT_22369,2.570203978,20.0238695,SAT_24751,3.786264165,22.62922209,SAT_07831,2.751898452,27.81231744
frame-u-001056-5-0021,1,No match,FALSE,N/A,inf,327.4522596,0.483865714,327.3337397,0.571485776,FOVNotMatch,1999/10/16 6:54:39,SAT_22369,2.570203978,20.20625764,SAT_24751,3.786264165,22.44683396,SAT_07831,2.751898452,27.99470557
frame-u-001056-2-0077,1,Success,TRUE,SAT_15244,2.784944429,335.8396163,-0.686683347,335.7103366,-0.628273082,,1999/10/16 7:28:06,SAT_15244,1.866940978,2.784944429,SAT_24751,5.433632437,5.609638456,SAT_24715,3.936133123,14.35616324
frame-u-001056-2-0098,1,No match,FALSE,N/A,inf,338.9847399,-0.819103588,338.8223285,-0.720660468,FOVNotMatch,1999/10/16 7:40:38,SAT_15244,4.045295773,6.374529974,SAT_00134,3.035551477,19.97787607,SAT_24715,5.221177997,20.37680494
frame-u-001056-2-0099,1,No match,FALSE,N/A,inf,339.1344151,-0.728721731,339.0817965,-0.696576147,FOVNotMatch,1999/10/16 7:41:14,SAT_15244,4.045295773,6.574138288,SAT_00134,3.035551477,19.77826775,SAT_24715,5.221177997,20.57641326
frame-u-001056-4-0178,1,No match,FALSE,N/A,inf,350.8027937,0.162595548,350.814665,0.197170521,FOVNotMatch,1999/10/16 8:28:24,SAT_19422,0.41746109,23.08161422,SAT_23671,1.276826326,60.94358182,SAT_12803,5.27649237,61.52723313
frame-u-001057-3-0016,1,No match,FALSE,N/A,inf,57.49535294,-0.25455375,57.40052718,-0.31176773,FOVNotMatch,1999/10/16 9:23:18,SAT_16483,2.474969082,6.244600865,SAT_10855,3.554786031,18.21492012,SAT_10953,2.219631169,18.60197896
frame-u-001122-5-0034,1,Success,TRUE,SAT_25612,0.508768088,129.6423999,0.421248513,129.6742436,0.644633579,,2000/2/8 7:47:41,SAT_25612,2.539761458,0.508768088,SAT_15267,5.944711807,7.675434251,SAT_16295,4.832616693,55.78374598
frame-u-001122-3-0036,1,No match,FALSE,N/A,inf,130.0572857,-0.215265006,129.8947645,-0.200333966,FOVNotMatch,2000/2/8 7:48:53,SAT_19484,5.814755366,5.256034006,SAT_23877,5.845998595,5.266616974,SAT_12474,4.396843209,5.57261116
frame-u-001057-6-0109,1,Success,TRUE,SAT_10855,1.962381682,71.37312631,1.168430511,71.2575205,1.141421703,,1999/10/16 10:18:49,SAT_10855,4.519298087,1.962381682,SAT_10953,3.771346687,2.752333223,SAT_13954,3.64746819,2.823054508
frame-u-001057-1-0110,1,No match,FALSE,N/A,inf,71.57045036,-1.011946555,71.40819743,-0.927399615,FOVNotMatch,1999/10/16 10:19:25,SAT_23716,4.605721502,30.7415112,SAT_13631,4.731932749,34.46079109,SAT_19483,2.80806304,37.20732576
frame-u-001140-6-0014,1,Success,TRUE,SAT_19094,0.187743458,155.1036066,-1.08363022,154.9420065,-1.074587149,,2000/2/12 8:34:56,SAT_19094,5.431417937,0.187743458,SAT_12472,5.882097691,1.998168479,SAT_21648,4.052238514,2.357719086
frame-u-001140-6-0034,1,Success,TRUE,SAT_19094,0.993440395,158.0990276,-1.06217507,157.9364164,-1.055098058,,2000/2/12 8:46:52,SAT_19094,5.311789588,0.993440395,SAT_21648,4.086221487,1.274299301,SAT_13269,5.431915826,1.910402065
frame-u-001140-6-0038,1,Success,TRUE,SAT_19094,1.047558715,158.6978732,-1.059437731,158.5361468,-1.052552236,,2000/2/12 8:49:15,SAT_19094,5.311789588,1.047558715,SAT_21648,4.086221487,1.220180982,SAT_13269,5.431915826,1.856283746
frame-u-001140-6-0065,1,Success,TRUE,SAT_21648,0.241882882,162.741278,-1.052607026,162.5792116,-1.047017943,,2000/2/12 9:05:23,SAT_21648,5.281397934,0.241882882,SAT_23322,1.747841321,1.912898414,SAT_24748,4.939838236,1.961890833
frame-u-001140-6-0043,1,Success,TRUE,SAT_19094,0.951704725,159.4459033,-1.057180158,159.2855846,-1.049501694,,2000/2/12 8:52:15,SAT_19094,5.249945762,0.951704725,SAT_21648,4.095797935,1.35789287,SAT_13269,5.442412568,2.002045284
frame-u-001140-2-0113,1,No match,FALSE,N/A,inf,169.8704948,-3.007307816,169.7439761,-2.916075408,FOVNotMatch,2000/2/12 9:34:02,SAT_21590,2.192121988,16.03814131,SAT_05587,3.564596353,18.82807254,SAT_20962,2.758433451,19.75518469
frame-u-001140-2-0114,1,No match,FALSE,N/A,inf,170.0557294,-2.928665501,169.9469031,-2.849989845,FOVNotMatch,2000/2/12 9:34:38,SAT_21590,2.192121988,16.10604074,SAT_05587,3.564596353,18.89597197,SAT_20962,2.758433451,19.82308412
frame-u-001140-5-0128,1,Success,TRUE,SAT_21590,1.463459565,172.0877497,-1.61784637,172.0142219,-1.588414765,,2000/2/12 9:43:00,SAT_21590,2.991102377,1.463459565,SAT_05587,3.674534964,4.728928865,SAT_20962,1.861460026,5.581698737
frame-u-001140-1-0134,1,No match,FALSE,N/A,inf,172.9275724,-3.487363629,172.9897123,-3.440133519,FOVNotMatch,2000/2/12 9:46:35,SAT_23244,2.985817462,27.62734103,SAT_18571,2.565325735,29.55297122,SAT_20705,2.734862829,37.0230942
frame-u-001140-3-0238,1,No match,FALSE,N/A,inf,188.6438712,-2.597405808,188.492328,-2.475326559,FOVNotMatch,2000/2/12 10:48:40,SAT_20229,5.806745548,20.72320797,SAT_20962,5.896687482,22.2850897,SAT_14608,0.038973368,22.2857108
frame-u-001140-4-0243,1,No match,FALSE,N/A,inf,189.3638424,-2.082056029,189.329401,-2.052084789,FOVNotMatch,2000/2/12 10:51:39,SAT_14608,1.759920297,20.63227325,SAT_13516,4.551933372,21.09783676,SAT_20229,5.379782303,22.55077929
frame-u-001140-5-0276,1,Success,TRUE,SAT_08366,3.080455321,194.2163368,-1.741389655,194.1727121,-1.725818407,,2000/2/12 11:11:22,SAT_08366,4.929561123,3.080455321,SAT_23201,4.289172432,4.427303592,SAT_10953,5.682490224,5.162639482
frame-u-001140-5-0278,1,No match,FALSE,N/A,inf,194.6322895,-1.761617259,194.5369349,-1.636894311,FOVNotMatch,2000/2/12 11:12:33,SAT_10925,4.627243065,21.54426513,SAT_08366,4.929561123,36.04192534,SAT_23201,4.289172432,37.38877361
frame-u-001140-1-0282,1,Success,TRUE,SAT_10925,1.791002961,195.1039186,-3.477778632,195.0816254,-3.388867585,,2000/2/12 11:14:57,SAT_10925,4.627243065,1.791002961,SAT_19580,1.994833085,14.60914527,SAT_22633,3.29716792,33.1435146
frame-u-001140-1-0282,2,Success,TRUE,SAT_25334,2.864173767,195.1067611,-3.35971723,195.0846223,-3.362328728,,2000/2/12 11:14:57,SAT_25334,4.990598826,2.864173767,SAT_21942,3.225176261,4.244920879,SAT_22930,5.765998098,6.717430573
frame-u-001140-3-0284,1,No match,FALSE,N/A,inf,195.4997239,-2.66124407,195.4466335,-2.448240577,FOVNotMatch,2000/2/12 11:16:08,SAT_14883,3.160472025,9.885164302,SAT_07678,0.92594839,28.61530012,SAT_12644,0.021820427,29.99734481
frame-u-001140-5-0305,1,Success,TRUE,SAT_08084,0.78616034,198.6156237,-1.768149645,198.5400354,-1.579939416,,2000/2/12 11:28:41,SAT_08084,2.151811812,0.78616034,SAT_25828,5.921484866,15.85899811,SAT_23201,3.592732145,51.01666818
frame-u-001142-5-0044,1,No match,FALSE,N/A,inf,232.6553321,0.633118663,232.6279694,0.65180296,FOVNotMatch,2000/2/12 12:39:57,SAT_21135,5.486764915,28.37363223,SAT_23847,0.615177141,28.47753719,SAT_22044,5.110686238,29.55259193
frame-u-001142-5-0045,1,No match,FALSE,N/A,inf,232.9408012,0.642173574,232.7779269,0.756967167,FOVNotMatch,2000/2/12 12:40:33,SAT_21135,5.486764915,29.2233356,SAT_23847,0.615177141,29.32724057,SAT_22044,5.110686238,30.4022953
frame-u-001142-5-0046,1,No match,FALSE,N/A,inf,233.0904178,0.747082806,232.9339172,0.857620024,FOVNotMatch,2000/2/12 12:41:09,SAT_21135,5.486764915,29.28159193,SAT_23847,0.615177141,29.3854969,SAT_22044,5.110686238,30.46055164
frame-u-001231-1-0097,1,No match,FALSE,N/A,inf,183.8720935,-3.682843894,183.7094118,-3.530757693,FOVNotMatch,2000/3/3 10:32:27,SAT_08620,3.670141741,30.37290669,SAT_15139,3.79807614,30.61095847,SAT_15141,5.250216847,31.69270444
frame-u-001231-1-0074,1,Success,TRUE,SAT_10184,3.730537833,180.3991297,-3.741759048,180.2905695,-3.70349455,,2000/3/3 10:18:43,SAT_10184,4.371352759,3.730537833,SAT_08620,4.412740589,7.014861654,SAT_15139,4.37444372,7.215913853
frame-u-001233-1-0027,1,Success,TRUE,SAT_17256,1.036967819,203.1893489,-0.903696338,203.2190936,-0.815980585,,2000/3/3 12:12:17,SAT_17256,4.865682859,1.036967819,SAT_20174,5.21559623,4.397531929,SAT_07682,0.462111929,15.5203598
frame-u-001241-1-0084,1,Success,TRUE,SAT_03287,3.32426971,150.8562886,-3.169061547,150.9440601,-3.192717835,,2000/3/4 7:38:40,SAT_03287,5.422256891,3.32426971,SAT_23178,4.188760994,6.183532108,SAT_24313,5.151347025,15.09675702
frame-u-003635-3-0099,1,No match,FALSE,N/A,inf,125.6550916,24.63786056,125.515861,24.59242356,FOVNotMatch,2003/1/29 4:09:20,SAT_20U00,4.782519956,30.17772377,SAT_00020,4.775102033,30.49082339,SAT_27540,5.482352648,35.59384575
frame-u-003634-6-0127,1,No match,FALSE,N/A,inf,53.21254796,39.79506821,53.15154497,39.78822664,FOVNotMatch,2003/1/29 2:42:35,SAT_07493,0.249759497,16.66345183,SAT_7493U,0.233563222,16.68206991,SAT_10661,2.879570614,65.52781554
frame-u-003635-6-0054,1,No match,FALSE,N/A,inf,118.9009099,21.43881669,118.8690662,21.46141985,FOVNotMatch,2003/1/29 3:42:28,SAT_20944,4.702449119,26.09413746,SAT_24293,0.100029189,29.12462891,SAT_19138,5.304645857,69.81102218
frame-u-003634-1-0145,1,No match,FALSE,N/A,inf,54.42035114,36.52626167,54.61851008,36.4900836,FOVNotMatch,2003/1/29 2:53:19,SAT_17608,0.870377303,40.87750411,SAT_13080,0.123123097,44.04133221,SAT_08398,2.373477052,50.13350461
frame-u-003634-1-0146,1,No match,FALSE,N/A,inf,54.62022712,36.3708236,54.73947695,36.34865565,FOVNotMatch,2003/1/29 2:53:55,SAT_17608,0.870377303,41.078593,SAT_13080,0.123123097,43.84024332,SAT_08398,2.373477052,49.93241572
frame-u-003631-5-0453,1,No match,FALSE,N/A,inf,185.2770627,15.44754854,185.2270455,15.64121429,FOVNotMatch,2003/1/28 11:53:22,SAT_19139,1.137689174,15.05681435,SAT_22315,4.33010424,66.56292225,SAT_27529,5.801648004,79.92772431
frame-u-003631-5-0500,1,Success,TRUE,SAT_27529,0.066369462,192.5991844,15.45265316,192.5214737,15.45022872,,2003/1/28 12:21:26,SAT_27529,4.45225463,0.066369462,SAT_26389,2.451882605,14.15689137,SAT_9964U,4.955031007,52.57721674
frame-u-003631-5-0439,1,No match,FALSE,N/A,inf,183.1217019,15.57887013,182.9531114,15.49876542,FOVNotMatch,2003/1/28 11:45:00,SAT_01000,3.722442293,35.31640968,SAT_1000U,3.726146532,35.3178695,SAT_2671U,0.201845208,50.86566328
frame-u-003635-3-0159,1,No match,FALSE,N/A,inf,133.9637792,29.56605335,133.8978571,29.53779934,FOVNotMatch,2003/1/29 4:45:09,SAT_2176U,0.691956011,28.61995442,SAT_02176,0.659976859,28.69204809,SAT_7191U,2.843951072,29.55131407
frame-u-003635-3-0160,1,No match,FALSE,N/A,inf,134.2036466,29.70022384,134.0359187,29.62797417,FOVNotMatch,2003/1/29 4:45:45,SAT_2176U,0.691956011,28.48034193,SAT_02176,0.659976859,28.5524356,SAT_7191U,2.843951072,29.41170158
frame-u-003631-3-0412,1,No match,FALSE,N/A,inf,178.841867,14.68305011,178.7810221,14.70709515,FOVNotMatch,2003/1/28 11:28:53,SAT_26360,5.000657479,34.08571172,SAT_9588U,4.670571207,42.7394797,SAT_1613U,0.056658847,45.56427335
frame-u-003643-1-0030,1,No match,FALSE,N/A,inf,42.72343702,42.13132656,42.62983972,42.13519858,FOVNotMatch,2003/2/1 2:47:30,SAT_25814,5.96458062,18.72027183,SAT_9702U,4.930207294,19.69846735,SAT_23794,5.81688307,20.12062461
frame-u-003643-2-0049,1,No match,FALSE,N/A,inf,46.28533504,41.11982096,46.04571343,41.08047548,FOVNotMatch,2003/2/1 2:58:51,SAT_23794,5.676676864,37.92956708,SAT_12329,2.617813451,67.22007156,SAT_8174U,0.729766468,70.02025518
frame-u-003643-2-0050,1,No match,FALSE,N/A,inf,46.41194672,40.93367903,46.22463658,40.90284109,FOVNotMatch,2003/2/1 2:59:27,SAT_23794,5.676676864,37.92836831,SAT_12329,2.617813451,67.21887279,SAT_8174U,0.729766468,70.01905641
frame-u-003644-1-0087,1,No match,FALSE,N/A,inf,123.8921324,22.5778327,123.8343566,22.54851061,FOVNotMatch,2003/2/1 4:38:45,SAT_2657U,5.968795184,60.89396197,SAT_11690,4.980223046,81.84709964,SAT_01589,13.82045366,N/A
frame-u-003644-5-0125,1,No match,FALSE,N/A,inf,127.9670861,27.26243494,127.875886,27.4797979,FOVNotMatch,2003/2/1 5:01:27,SAT_08820,13.21926269,N/A,SAT_23622,16.93554793,N/A,SAT_22849,16.67112877,N/A
frame-u-003644-1-0213,1,No match,FALSE,N/A,inf,141.9532596,32.68527352,141.8473397,32.67826248,FOVNotMatch,2003/2/1 5:53:59,SAT_25622,3.893054369,29.49890484,SAT_18603,6.775289466,N/A,SAT_04053,11.9974789,N/A
frame-u-003644-2-0224,1,No match,FALSE,N/A,inf,143.5870857,33.80495284,143.3474093,33.87313734,FOVNotMatch,2003/2/1 6:00:33,SAT_13070,17.25215464,N/A,SAT_15808,13.62483469,N/A,SAT_22192,13.18207925,N/A
frame-u-003647-4-0141,1,No match,FALSE,N/A,inf,160.234355,39.97363258,160.2088261,40.17360709,FOVNotMatch,2003/2/1 9:32:15,SAT_15261,3.513838736,19.70449471,SAT_23396,2.348229895,19.7939031,SAT_22512,0.363852588,22.12015405
frame-u-003647-3-0141,1,No match,FALSE,N/A,inf,160.2887339,39.54858239,160.2597462,39.77649152,FOVNotMatch,2003/2/1 9:32:15,SAT_15261,3.513838736,19.69174585,SAT_23396,2.348229895,19.78115424,SAT_22512,0.363852588,22.10740519
frame-u-003647-6-0050,1,No match,FALSE,N/A,inf,143.7730099,35.81335704,143.6363011,35.77641673,FOVNotMatch,2003/2/1 8:37:55,SAT_22462,5.228569729,23.28268477,SAT_23734,5.286544095,44.84327686,SAT_23208,4.450398843,45.57441816
frame-u-003648-2-0034,1,No match,FALSE,N/A,inf,187.1557065,49.16099163,187.4069744,49.2146326,FOVNotMatch,2003/2/1 10:32:23,SAT_26483,4.192340665,35.16648872,SAT_04688,0.143075615,62.9966403,SAT_4688U,0.137147546,63.00111328
frame-u-003650-3-0081,1,No match,FALSE,N/A,inf,201.4903281,48.44611239,201.2852703,48.44503103,FOVNotMatch,2003/2/1 12:11:50,SAT_14504,2.403249371,35.89854525,SAT_354U0,5.014938124,40.45362634,SAT_00354,5.014889909,40.45623688
frame-u-003650-3-0043,1,No match,FALSE,N/A,inf,192.9341425,49.41518182,192.8061816,49.53043785,FOVNotMatch,2003/2/1 11:49:09,SAT_21121,5.19814058,63.61592671,SAT_22178,5.743007046,64.20738906,SAT_04789,4.961719097,80.90206675
frame-u-003650-5-0061,1,Success,TRUE,SAT_11844,0.427710019,197.1213442,50.00574252,197.0455747,49.90346292,,2003/2/1 11:59:53,SAT_11844,5.86464901,0.427710019,SAT_21121,3.097336459,3.549577273,SAT_16996,2.064546915,3.942875575
frame-u-003650-5-0062,1,Success,TRUE,SAT_11844,0.328219004,197.5372094,49.90007208,197.4236368,49.74703086,,2003/2/1 12:00:29,SAT_11844,5.86464901,0.328219004,SAT_21121,3.097336459,3.450086258,SAT_16996,2.064546915,3.84338456
frame-u-003664-4-0015,1,No match,FALSE,N/A,inf,210.1557508,47.30188862,209.9592601,47.41688944,FOVNotMatch,2003/2/11 10:50:34,SAT_26867,4.886182736,86.43138535,SAT_19611,15.27937362,N/A,SAT_22674,14.17157764,N/A
frame-u-003650-3-0128,1,No match,FALSE,N/A,inf,211.4496866,46.61746862,211.3446044,46.59238759,FOVNotMatch,2003/2/1 12:39:54,SAT_17216,3.328400076,47.73047304,SAT_12319,0.135096816,62.28004592,SAT_21329,2.478432065,79.90453462
frame-u-003699-1-0078,1,No match,FALSE,N/A,inf,197.0931616,45.57397957,197.0491135,45.60686478,FOVNotMatch,2003/3/6 10:29:05,SAT_8701U,4.595282239,11.30396608,SAT_13295,4.552258588,12.23164376,SAT_26789,2.509876921,71.88795862
frame-u-003699-5-0176,1,No match,FALSE,N/A,inf,217.6925637,43.25728693,217.5606802,43.16819813,FOVNotMatch,2003/3/6 11:27:36,SAT_21426,3.168978062,20.27178541,SAT_19827,4.055856793,80.11263901,SAT_10491,0.078998485,88.00987111
frame-u-003699-3-0134,1,No match,FALSE,N/A,inf,209.1485492,44.66452084,208.9411844,44.64371228,FOVNotMatch,2003/3/6 11:02:31,SAT_02161,4.493150154,16.9796881,SAT_2161U,4.488251149,17.03389861,SAT_24876,0.016704354,50.5571546
frame-u-003699-5-0208,1,No match,FALSE,N/A,inf,223.4723885,41.10304625,223.3315307,41.027137,FOVNotMatch,2003/3/6 11:46:42,SAT_11079,4.401192729,22.24475502,SAT_13882,5.784907488,23.09499208,SAT_21426,2.400786535,25.51978308
frame-u-003699-4-0209,1,No match,FALSE,N/A,inf,223.4472486,40.76252863,223.3044765,40.68556054,FOVNotMatch,2003/3/6 11:47:18,SAT_11079,4.401192729,22.37480633,SAT_13882,5.784907488,23.22504339,SAT_21426,2.400786535,25.64983438
frame-u-003699-2-0225,1,No match,FALSE,N/A,inf,225.6567317,38.76370606,225.4663794,38.7356859,FOVNotMatch,2003/3/6 11:56:51,SAT_23420,3.548289812,50.52149906,SAT_10574,4.970253053,55.22375705,SAT_4578U,0.33438326,58.7449059
frame-u-003704-1-0046,1,No match,FALSE,N/A,inf,138.7494982,30.93701484,138.6510872,30.86256305,FOVNotMatch,2003/3/7 6:18:13,SAT_18985,1.167505898,76.51457166,SAT_26422,3.983934506,84.16405832,SAT_22671,13.02044599,N/A
frame-u-003704-4-0157,1,Success,TRUE,SAT_22192,0.659962814,156.6051344,38.96725193,156.6179755,38.99892843,,2003/3/7 7:24:29,SAT_22192,5.734926356,0.659962814,SAT_22189,4.024676596,1.914883205,SAT_16925,4.007167683,3.53835044
frame-u-003704-3-0080,1,No match,FALSE,N/A,inf,143.4907157,34.08083414,143.3977293,34.06409617,FOVNotMatch,2003/3/7 6:38:31,SAT_26500,0.728694895,34.18576855,SAT_22192,5.001223329,61.65179463,SAT_22671,9.106938999,N/A
frame-u-003704-3-0081,1,No match,FALSE,N/A,inf,143.7363562,34.20104252,143.5394629,34.16648731,FOVNotMatch,2003/3/7 6:39:07,SAT_26500,0.728694895,34.46817218,SAT_22192,5.001223329,61.93419825,SAT_22671,9.106938999,N/A
frame-u-003705-2-0254,1,No match,FALSE,N/A,inf,240.8344685,40.62777202,240.7570918,40.60160663,FOVNotMatch,2003/3/7 10:26:14,SAT_22241,3.229661333,44.99618614,SAT_23293,4.759116376,82.03593802,SAT_24643,6.704001776,N/A
frame-u-003705-4-0386,1,No match,FALSE,N/A,inf,257.1433699,26.29974124,256.9955593,26.2921238,FOVNotMatch,2003/3/7 11:45:03,SAT_14607,4.711355331,57.95807742,SAT_22061,1.583977325,59.43512984,SAT_8539U,0.366512319,60.21193728
frame-u-003705-4-0269,1,No match,FALSE,N/A,inf,243.6866463,39.81419221,243.5971817,39.78915067,FOVNotMatch,2003/3/7 10:35:12,SAT_22879,4.69537427,42.57620944,SAT_24643,3.476027439,46.71716272,SAT_22241,0.085744574,47.90954304
frame-u-003705-4-0270,1,No match,FALSE,N/A,inf,243.9082738,39.58507064,243.8084649,39.55737324,FOVNotMatch,2003/3/7 10:35:48,SAT_22879,4.69537427,42.35699578,SAT_24643,3.476027439,46.93637638,SAT_22241,0.085744574,48.1287567
frame-u-003712-6-0103,1,No match,FALSE,N/A,inf,189.1756166,58.25992138,189.1032301,58.48641487,FOVNotMatch,2003/3/10 9:34:43,SAT_11844,0.630981128,28.16020712,SAT_22633,1.330772622,37.60716538,SAT_22189,5.594234921,42.80667339
frame-u-003716-2-0050,1,No match,FALSE,N/A,inf,187.4731105,47.05861375,187.3960459,46.90297106,FOVNotMatch,2003/3/11 9:53:57,SAT_22178,4.839730947,14.91605902,SAT_22392,1.15706544,32.5593283,SAT_23294,5.476188704,53.55057326
frame-u-003712-2-0197,1,No match,FALSE,N/A,inf,212.7715248,53.32289824,212.8131917,53.519403,FOVNotMatch,2003/3/10 10:30:50,SAT_19611,5.521855868,16.85697441,SAT_27542,5.374228331,24.50062965,SAT_25847,5.864613382,27.07812837
frame-u-003712-2-0198,1,No match,FALSE,N/A,inf,213.2644441,53.35331328,213.282293,53.43486604,FOVNotMatch,2003/3/10 10:31:26,SAT_19611,5.521855868,16.62309896,SAT_27542,5.374228331,24.7345051,SAT_25847,5.864613382,26.84425291
frame-u-003712-3-0263,1,No match,FALSE,N/A,inf,226.981027,48.88513988,227.0534913,48.938314,FOVNotMatch,2003/3/10 11:10:14,SAT_15738,5.113958978,8.381251645,SAT_16922,1.347631647,15.36444518,SAT_15054,1.605636276,15.61799733
frame-u-003716-2-0226,1,No match,FALSE,N/A,inf,223.0159334,40.01504717,222.9589581,40.17200608,FOVNotMatch,2003/3/11 11:39:02,SAT_26837,2.419959416,8.865328716,SAT_23420,4.236105951,44.8066548,SAT_21426,4.969885386,45.93483913
frame-u-003716-6-0254,1,No match,FALSE,N/A,inf,228.8731837,39.64412106,228.8372462,39.68298937,FOVNotMatch,2003/3/11 11:55:45,SAT_22068,5.766122843,9.163141026,SAT_20362,0.254585447,44.69878722,SAT_8895U,1.11576077,49.65337349
frame-u-003723-4-0087,1,No match,FALSE,N/A,inf,237.1689577,34.11750229,237.1212677,34.32813918,FOVNotMatch,2003/3/12 10:27:34,SAT_26793,2.023350437,85.38923967,SAT_24640,15.67700534,N/A,SAT_17213,12.69410571,N/A
frame-u-003723-4-0088,1,No match,FALSE,N/A,inf,237.4187709,34.13501107,237.4093654,34.17647853,FOVNotMatch,2003/3/12 10:28:09,SAT_26793,2.023350437,85.36235505,SAT_24640,15.67700534,N/A,SAT_17213,12.69410571,N/A
frame-u-003723-6-0140,1,No match,FALSE,N/A,inf,245.1156789,29.8999829,245.1695958,29.90115747,FOVNotMatch,2003/3/12 10:59:12,SAT_5485U,2.157827131,7.975867765,SAT_21630,4.977241641,66.69340961,SAT_22238,2.353629532,66.90394013
frame-u-003723-6-0167,1,No match,FALSE,N/A,inf,248.6733537,27.37932267,248.7739567,27.43301668,FOVNotMatch,2003/3/12 11:15:20,SAT_16007,3.579817343,21.10121582,SAT_9931U,4.0845607,24.38986949,SAT_15214,0.017995886,35.20526337
frame-u-003723-2-0167,1,No match,FALSE,N/A,inf,247.3868403,26.03152588,247.2967972,26.11548828,FOVNotMatch,2003/3/12 11:15:20,SAT_7780U,3.402838495,18.62101251,SAT_07780,3.400697028,18.62162304,SAT_15002,3.057502684,34.81679326
frame-u-003723-4-0230,1,Success,TRUE,SAT_16007,3.695539381,255.6125539,20.31088552,255.6872757,20.32253619,,2003/3/12 11:52:56,SAT_16007,4.305851696,3.695539381,SAT_9931U,5.720080735,7.788566523,SAT_16294,4.571669669,30.24427966
frame-u-003723-2-0216,1,No match,FALSE,N/A,inf,253.3756542,21.2003482,253.2559747,21.13930513,FOVNotMatch,2003/3/12 11:44:35,SAT_16007,3.640030257,22.03772956,SAT_544U0,1.85184204,23.96290188,SAT_9931U,5.230984638,25.85266771
frame-u-003804-3-0066,1,No match,FALSE,N/A,inf,167.3953559,11.59294981,167.3177535,11.73249765,FOVNotMatch,2003/3/23 3:48:50,SAT_26483,0.045470832,49.64654756,SAT_13763,3.089592464,59.2378315,SAT_4882U,4.742590845,88.89305467
frame-u-003805-6-0028,1,No match,FALSE,N/A,inf,191.4045711,13.34347849,191.2780663,13.28125384,FOVNotMatch,2003/3/23 5:41:51,SAT_27529,4.001251361,26.29902516,SAT_23018,2.141858262,48.01527317,SAT_27099,8.016958252,N/A
frame-u-003805-6-0029,1,No match,FALSE,N/A,inf,191.5568365,13.25968674,191.5991757,13.28018587,FOVNotMatch,2003/3/23 5:42:27,SAT_27529,4.001251361,25.93224851,SAT_23018,2.141858262,47.64849652,SAT_27099,8.016958252,N/A
frame-u-003804-4-0199,1,No match,FALSE,N/A,inf,187.6787028,12.60262077,187.6428453,12.71212844,FOVNotMatch,2003/3/23 5:08:15,SAT_252U0,0.578176963,6.693787397,SAT_00252,0.572248542,6.696240357,SAT_23018,3.84294362,55.14542723
frame-u-003813-3-0455,1,No match,FALSE,N/A,inf,228.7494265,35.75538646,228.7785228,35.83308117,FOVNotMatch,2003/3/24 6:51:26,SAT_25827,0.604556264,5.115037182,SAT_23837,4.38469081,8.528682422,SAT_25600,4.993129159,9.617939176
frame-u-003813-4-0455,1,Success,TRUE,SAT_25827,4.929003876,228.8494312,36.0243986,228.9325635,36.24287785,,2003/3/24 6:51:26,SAT_25827,0.604556264,4.929003876,SAT_23837,4.38469081,8.342649116,SAT_25600,4.993129159,9.43190587
frame-u-003813-5-0456,1,Success,TRUE,SAT_25827,4.821571405,229.3282137,36.28776947,229.4124921,36.5070488,,2003/3/24 6:52:02,SAT_25827,0.604556264,4.821571405,SAT_23837,4.38469081,8.235216645,SAT_25600,4.993129159,9.3244734
frame-u-003813-5-0501,1,No match,FALSE,N/A,inf,236.4471358,32.94231933,236.2783566,32.92514065,FOVNotMatch,2003/3/24 7:18:54,SAT_10444,1.358421233,38.1658916,SAT_20452,3.572939971,62.72051868,SAT_15715,4.684899522,64.45668793
frame-u-003813-1-0503,1,No match,FALSE,N/A,inf,235.6222822,31.29964426,235.4272538,31.2816061,FOVNotMatch,2003/3/24 7:20:06,SAT_10444,1.358421233,38.90313809,SAT_20452,3.572939971,61.98327219,SAT_15715,4.684899522,63.71944144
frame-u-003818-4-0103,1,No match,FALSE,N/A,inf,171.2437769,44.15742592,171.0229452,44.28146445,FOVNotMatch,2003/3/26 6:25:02,SAT_16761,4.554422774,68.61554083,SAT_22189,5.411380239,75.61147574,SAT_9927U,0.099518431,84.00739349
frame-u-003818-4-0104,1,No match,FALSE,N/A,inf,171.4573924,44.3193187,171.3240163,44.39473359,FOVNotMatch,2003/3/26 6:25:38,SAT_16761,4.554422774,68.36539008,SAT_22189,5.411380239,75.36132499,SAT_9927U,0.099518431,83.75724274
frame-u-003818-1-0255,1,No match,FALSE,N/A,inf,202.6469958,42.55126862,202.4616239,42.43777102,FOVNotMatch,2003/3/26 7:55:47,SAT_24297,2.919830756,5.86849355,SAT_15597,4.584566375,49.89843569,SAT_24764,2.807438883,71.75275223
frame-u-003818-1-0256,1,No match,FALSE,N/A,inf,202.7696907,42.32025877,202.8810849,42.38775348,FOVNotMatch,2003/3/26 7:56:23,SAT_24297,2.919830756,6.225290649,SAT_15597,4.584566375,50.25523279,SAT_24764,2.807438883,72.10954932
frame-u-003829-5-0024,1,No match,FALSE,N/A,inf,150.7099167,11.05457366,150.5535979,11.22355642,FOVNotMatch,2003/3/30 3:03:11,SAT_10000,2.455843169,36.03659366,SAT_14086,4.232482063,38.03787919,SAT_11145,5.712692691,39.5474035
frame-u-003830-6-0058,1,No match,FALSE,N/A,inf,125.6395155,8.880039909,125.5597723,8.835159023,FOVNotMatch,2003/3/30 3:50:48,SAT_25660,5.456737292,22.45125449,SAT_13954,2.382668666,32.50409864,SAT_13624,1.44332772,34.03330432
frame-u-003830-5-0063,1,No match,FALSE,N/A,inf,126.4451192,8.82656988,126.2976701,8.741710582,FOVNotMatch,2003/3/30 3:53:47,SAT_25660,4.32193733,23.35682011,SAT_13954,1.7616124,33.39388753,SAT_13624,0.062726017,34.91566231
frame-u-003830-5-0065,1,No match,FALSE,N/A,inf,126.7615463,8.801021354,126.6120037,8.714834054,FOVNotMatch,2003/3/30 3:54:59,SAT_25660,4.32193733,23.39069807,SAT_13954,1.7616124,33.42776549,SAT_13624,0.062726017,34.94954027
frame-u-003830-5-0067,1,No match,FALSE,N/A,inf,127.0783531,8.77496668,126.9942978,8.726857035,FOVNotMatch,2003/3/30 3:56:11,SAT_25660,4.32193733,23.21763864,SAT_13954,1.7616124,33.25470607,SAT_13624,0.062726017,34.77648085
frame-u-003830-2-0091,1,No match,FALSE,N/A,inf,130.8754235,8.429484351,130.7256105,8.344077422,FOVNotMatch,2003/3/30 4:10:31,SAT_25660,3.581120329,24.23792888,SAT_13954,1.985591244,34.18313384,SAT_13624,0.007500236,35.67562089
frame-u-003830-2-0092,1,No match,FALSE,N/A,inf,131.0332097,8.413214311,130.8849978,8.328955375,FOVNotMatch,2003/3/30 4:11:06,SAT_25660,3.581120329,24.16789165,SAT_13954,1.985591244,34.11309661,SAT_13624,0.007500236,35.60558365
frame-u-003830-4-0074,1,No match,FALSE,N/A,inf,128.1853236,8.680367186,128.0376017,8.595356659,FOVNotMatch,2003/3/30 4:00:21,SAT_25660,3.959827494,23.78869616,SAT_13954,1.80772516,33.79767512,SAT_13624,0.032251992,35.3090574
frame-u-003830-3-0083,1,No match,FALSE,N/A,inf,129.6090995,8.550724221,129.4595749,8.465636207,FOVNotMatch,2003/3/30 4:05:44,SAT_25660,3.725408931,23.86964419,SAT_13954,1.888086745,33.84804065,SAT_13624,0.041049763,35.3498451
frame-u-003830-3-0084,1,No match,FALSE,N/A,inf,129.7670884,8.535746812,129.6177868,8.450367556,FOVNotMatch,2003/3/30 4:06:20,SAT_25660,3.725408931,23.99042718,SAT_13954,1.888086745,33.96882364,SAT_13624,0.041049763,35.47062809
frame-u-003830-1-0101,1,No match,FALSE,N/A,inf,132.4431177,8.30336385,132.3021293,8.206215199,FOVNotMatch,2003/3/30 4:16:29,SAT_25660,3.419847083,29.55276909,SAT_13954,2.04790488,39.44816192,SAT_13624,0.067680527,40.92794032
frame-u-003836-1-0017,1,Success,TRUE,SAT_16294,4.791835066,151.0416832,9.514094149,150.890703,9.389674724,,2003/3/31 3:20:08,SAT_16294,3.375498533,4.791835066,SAT_17037,5.234723,25.58827672,SAT_20412,2.747067111,28.22986879
frame-u-003836-1-0018,1,Success,TRUE,SAT_16294,4.779218812,151.2041311,9.436064749,151.1413787,9.384368803,,2003/3/31 3:20:44,SAT_16294,3.375498533,4.779218812,SAT_17037,5.234723,25.60089297,SAT_20412,2.747067111,28.24248505
frame-u-003836-1-0266,1,No match,FALSE,N/A,inf,188.84731,11.42035086,188.7851196,11.43698645,FOVNotMatch,2003/3/31 5:48:48,SAT_27529,3.210521745,17.66634417,SAT_23523,2.068417575,29.26872273,SAT_24963,4.910854722,52.81101122
frame-u-003836-5-0484,1,No match,FALSE,N/A,inf,222.1611236,10.7149365,222.1414366,10.8804891,FOVNotMatch,2003/3/31 7:58:58,SAT_17081,4.430682682,17.03845167,SAT_3583U,4.158075835,47.55216909,SAT_03583,4.139411986,47.57348824
frame-u-003836-6-0485,1,No match,FALSE,N/A,inf,222.4192205,11.04207405,222.3914361,11.27162064,FOVNotMatch,2003/3/31 7:59:34,SAT_17081,4.430682682,16.92873577,SAT_3583U,4.158075835,47.66188499,SAT_03583,4.139411986,47.68320414
frame-u-003836-5-0314,1,No match,FALSE,N/A,inf,196.3216743,13.03195811,196.1525057,12.96216237,FOVNotMatch,2003/3/31 6:17:28,SAT_10220,1.661917894,32.16696343,SAT_1964U,3.494182782,39.83651311,SAT_01964,3.468204878,39.90823306
frame-u-003836-5-0315,1,No match,FALSE,N/A,inf,196.472833,12.95476391,196.3264017,12.89436312,FOVNotMatch,2003/3/31 6:18:04,SAT_10220,1.661917894,32.15623224,SAT_1964U,3.494182782,39.82578191,SAT_01964,3.468204878,39.89750186
frame-u-003836-2-0600,1,No match,FALSE,N/A,inf,239.369869,6.775766786,239.2376949,6.816484208,FOVNotMatch,2003/3/31 9:08:14,SAT_10723,2.763959445,7.984306009,SAT_23516,11.33320487,N/A,SAT_3235U,7.301694015,N/A
frame-u-003836-2-0601,1,No match,FALSE,N/A,inf,239.5469738,6.759452606,239.4488574,6.790036177,FOVNotMatch,2003/3/31 9:08:50,SAT_10723,2.763959445,8.1753962,SAT_23516,11.33320487,N/A,SAT_3235U,7.301694015,N/A
frame-u-003838-1-0039,1,No match,FALSE,N/A,inf,200.2492855,50.26308067,200.1027812,50.22889253,FOVNotMatch,2003/3/31 10:32:55,SAT_738U0,1.63467626,16.39741997,SAT_21121,5.022337735,31.13508864,SAT_21100,4.859891193,58.78960366
frame-u-003838-5-0092,1,No match,FALSE,N/A,inf,212.8074114,49.50324377,212.7075917,49.62548665,FOVNotMatch,2003/3/31 11:04:34,SAT_18962,1.914224142,16.67422239,SAT_21464,1.046321103,23.31840711,SAT_23423,4.300546433,59.23826305
frame-u-003838-5-0053,1,No match,FALSE,N/A,inf,204.2132236,51.40931508,203.9864175,51.39408973,FOVNotMatch,2003/3/31 10:41:17,SAT_738U0,1.950509962,23.50236853,SAT_21121,4.994597319,44.33140803,SAT_10707,0.059110726,44.92044499
frame-u-003840-6-0041,1,No match,FALSE,N/A,inf,158.3666184,40.27451535,158.360878,40.34237425,FOVNotMatch,2003/4/1 2:36:06,SAT_1613U,0.090369223,73.67381663,SAT_01613,0.061031407,74.00173317,SAT_25488,16.77710914,N/A
frame-u-003840-4-0045,1,No match,FALSE,N/A,inf,159.2926505,39.62063818,159.2469009,39.63221145,FOVNotMatch,2003/4/1 2:38:29,SAT_1613U,0.090369223,5.546994852,SAT_01613,0.061031407,5.874911393,SAT_25488,16.77710914,N/A
frame-u-003840-4-0046,1,No match,FALSE,N/A,inf,159.6376065,39.71419328,159.3930051,39.77553273,FOVNotMatch,2003/4/1 2:39:05,SAT_00727,0.144724676,59.72922534,SAT_01502,12.63731353,N/A,SAT_25488,16.85872564,N/A
frame-u-003840-4-0047,1,No match,FALSE,N/A,inf,159.7855644,39.85659204,159.7216272,39.8729729,FOVNotMatch,2003/4/1 2:39:41,SAT_00727,0.144724676,60.12414255,SAT_01502,12.63731353,N/A,SAT_25488,16.85872564,N/A
frame-u-003840-2-0068,1,No match,FALSE,N/A,inf,163.9123661,39.79746881,163.8295794,39.87369168,FOVNotMatch,2003/4/1 2:52:13,SAT_23398,4.04033596,17.69936135,SAT_21006,5.998946592,18.62816536,SAT_20740,0.133012856,57.32685894
frame-u-003840-2-0084,1,No match,FALSE,N/A,inf,167.0027927,40.20742839,166.8710468,40.37764094,FOVNotMatch,2003/4/1 3:01:46,SAT_23398,5.525601229,9.623549601,SAT_27433,0.04218643,65.56433461,SAT_9941U,13.76218912,N/A
frame-u-003840-2-0085,1,No match,FALSE,N/A,inf,167.2839506,40.40226591,167.2294242,40.47388407,FOVNotMatch,2003/4/1 3:02:22,SAT_23398,5.525601229,9.15781356,SAT_27433,0.04218643,65.09859857,SAT_9941U,13.76218912,N/A
frame-u-003840-3-0085,1,No match,FALSE,N/A,inf,167.0914148,40.65079375,166.9411484,40.84461943,FOVNotMatch,2003/4/1 3:02:22,SAT_23398,5.525601229,9.494107535,SAT_27433,0.04218643,65.43489255,SAT_9941U,13.76218912,N/A
frame-u-003840-3-0086,1,No match,FALSE,N/A,inf,167.3561183,40.86981419,167.3206989,40.91666726,FOVNotMatch,2003/4/1 3:02:58,SAT_23398,5.525601229,8.813130233,SAT_27433,0.04218643,64.75391524,SAT_9941U,13.76218912,N/A
frame-u-003840-3-0180,1,No match,FALSE,N/A,inf,186.0212742,42.10893965,186.1020647,42.17910062,FOVNotMatch,2003/4/1 3:59:06,SAT_05103,12.41926291,N/A,SAT_08564,13.20725498,N/A,SAT_27518,16.18566912,N/A
frame-u-003842-6-0081,1,Success,TRUE,SAT_27529,0.45569608,193.3544883,8.652898041,193.2217889,8.67541543,,2003/4/1 9:13:29,SAT_27529,1.935690715,0.45569608,SAT_25629,4.317095503,8.013089914,SAT_26113,0.986552914,64.31846865
frame-u-003842-4-0031,1,No match,FALSE,N/A,inf,185.6888092,7.906887664,185.7348377,7.935374721,FOVNotMatch,2003/4/1 8:43:38,SAT_10491,5.812910256,66.57932352,SAT_23332,17.09765315,N/A,SAT_26299,16.80952354,N/A
frame-u-003841-2-0238,1,No match,FALSE,N/A,inf,200.6039566,6.385496077,200.5273836,6.394284074,FOVNotMatch,2003/4/1 7:24:24,SAT_25788,5.865406077,21.25905288,SAT_26113,8.958349387,N/A,SAT_23590,8.912844417,N/A
frame-u-003841-2-0239,1,No match,FALSE,N/A,inf,200.8416309,6.381956834,200.6812633,6.400011707,FOVNotMatch,2003/4/1 7:25:00,SAT_25788,5.865406077,21.13489468,SAT_26113,8.958349387,N/A,SAT_23590,8.912844417,N/A
frame-u-003842-2-0057,1,Success,TRUE,SAT_25629,4.231723569,189.6043319,6.848454658,189.5369281,6.874431414,,2003/4/1 8:59:10,SAT_25629,5.507761398,4.231723569,SAT_10470,5.722110985,17.12330437,SAT_26389,4.092975415,19.5786474
frame-u-003842-2-0058,1,Success,TRUE,SAT_25629,4.617342341,189.8514178,6.866201477,189.720675,6.917593086,,2003/4/1 8:59:45,SAT_25629,5.507761398,4.617342341,SAT_10470,5.722110985,17.50892314,SAT_26389,4.092975415,19.96426617
frame-u-003841-3-0296,1,No match,FALSE,N/A,inf,209.2774296,6.478443069,209.4446172,6.529714657,FOVNotMatch,2003/4/1 7:59:02,SAT_25502,0.022989454,40.53524799,SAT_23587,11.31807944,N/A,SAT_18704,16.00342652,N/A
frame-u-003841-3-0297,1,No match,FALSE,N/A,inf,209.5917426,6.466563893,209.4243443,6.415123699,FOVNotMatch,2003/4/1 7:59:38,SAT_25502,0.022989454,40.56592864,SAT_23587,11.31807944,N/A,SAT_18704,16.00342652,N/A
frame-u-003842-3-0216,1,No match,FALSE,N/A,inf,213.5050101,6.433335101,213.6693879,6.432480105,FOVNotMatch,2003/4/1 10:34:06,SAT_701U0,4.910368212,15.58660174,SAT_00701,4.910564182,15.58737481,SAT_25629,4.418705252,21.51700525
frame-u-003842-3-0217,1,No match,FALSE,N/A,inf,213.7489183,6.41490864,213.8191813,6.414428548,FOVNotMatch,2003/4/1 10:34:41,SAT_701U0,4.910368212,15.68064696,SAT_00701,4.910564182,15.68142002,SAT_25629,4.418705252,21.42296003
frame-u-003842-6-0235,1,No match,FALSE,N/A,inf,216.5209996,7.456855583,216.4599402,7.497256254,FOVNotMatch,2003/4/1 10:45:26,SAT_10395,4.125132441,29.21944554,SAT_25259,0.122141185,59.1641883,SAT_10844,0.426980674,63.30081928
frame-u-003842-3-0237,1,No match,FALSE,N/A,inf,216.7067482,6.18286515,216.809793,6.401239683,FOVNotMatch,2003/4/1 10:46:38,SAT_22241,0.915617304,6.246110969,SAT_10844,0.426980674,18.11050216,SAT_25259,0.122141185,39.42449026
frame-u-003842-4-0240,1,No match,FALSE,N/A,inf,217.2846097,6.563941801,217.2399181,6.791339971,FOVNotMatch,2003/4/1 10:48:25,SAT_10395,4.125132441,16.01860585,SAT_10844,0.426980674,18.06276789,SAT_22241,0.915617304,29.92715908
frame-u-003842-5-0241,1,No match,FALSE,N/A,inf,217.4873565,7.045408811,217.4579481,7.196860756,FOVNotMatch,2003/4/1 10:49:01,SAT_10395,4.125132441,16.15789071,SAT_10844,0.426980674,17.92348302,SAT_22241,0.915617304,29.78787421
frame-u-003842-3-0204,1,Success,TRUE,SAT_14493,2.165782314,211.6977177,6.501393437,211.861892,6.513324659,,2003/4/1 10:26:56,SAT_14493,5.523038329,2.165782314,SAT_25629,3.777802804,25.66955473,SAT_19170,5.212491203,55.70728978
frame-u-003893-2-0203,1,Success,TRUE,SAT_03173,4.798045352,190.7280206,41.8603542,190.6911181,41.94313769,,2003/4/25 4:36:05,SAT_03173,5.051613106,4.798045352,SAT_3173U,4.954442809,4.82520547,SAT_26626,4.62188494,12.43189562
frame-u-003893-1-0160,1,No match,FALSE,N/A,inf,182.101196,41.41694316,181.9356555,41.62411201,FOVNotMatch,2003/4/25 4:10:24,SAT_6157U,2.565457132,7.96564405,SAT_06157,2.196974428,12.3618844,SAT_26483,1.82153906,61.01349925
frame-u-003893-6-0113,1,No match,FALSE,N/A,inf,172.2690501,42.99736362,172.2293424,43.0638014,FOVNotMatch,2003/4/25 3:42:20,SAT_5012U,4.904878882,12.87513681,SAT_3670U,0.267791053,63.54265112,SAT_737U0,4.689763322,88.72216325
frame-u-003894-1-0139,1,No match,FALSE,N/A,inf,224.5787424,8.538782846,224.4502306,8.601371292,FOVNotMatch,2003/4/25 8:47:47,SAT_14497,3.617455781,32.11350816,SAT_27533,4.766095199,59.65622344,SAT_26056,16.66517503,N/A
frame-u-003894-1-0017,1,Success,TRUE,SAT_18589,0.23202904,206.082075,10.4765557,206.1744709,10.64262503,,2003/4/25 7:34:57,SAT_18589,5.209139407,0.23202904,SAT_14810,4.675575739,15.16345179,SAT_26626,0.055200478,48.38555855
frame-u-003894-1-0175,1,No match,FALSE,N/A,inf,229.8330785,7.695814498,229.8178769,7.845398022,FOVNotMatch,2003/4/25 9:09:17,SAT_27478,5.438057373,11.14009344,SAT_26402,15.90766227,N/A,SAT_22930,16.13046001,N/A
frame-u-003894-2-0261,1,No match,FALSE,N/A,inf,242.8041518,6.112901433,242.6736647,6.110212651,FOVNotMatch,2003/4/25 10:00:38,SAT_27617,0.824958607,68.50726444,SAT_21217,14.85852686,N/A,SAT_23877,14.32280074,N/A
frame-u-003894-2-0263,1,No match,FALSE,N/A,inf,243.0013913,6.076620533,242.965293,6.036853629,FOVNotMatch,2003/4/25 10:01:50,SAT_27617,0.824958607,21.76642504,SAT_21217,14.85852686,N/A,SAT_23877,14.32280074,N/A
frame-u-003900-5-0140,1,Success,TRUE,SAT_13205,0.786559585,142.2108404,32.08141496,142.2511118,32.2156621,,2003/4/26 3:57:17,SAT_13205,4.02033196,0.786559585,SAT_12644,3.871519089,10.53271837,SAT_04178,5.98053394,54.83099656
frame-u-003900-2-0317,1,No match,FALSE,N/A,inf,173.9659393,38.62282285,174.0072714,38.73424125,FOVNotMatch,2003/4/26 5:42:58,SAT_22178,5.431191769,11.70342113,SAT_26106,3.88149923,43.37347809,SAT_6302U,9.760883454,N/A
frame-u-003900-1-0369,1,Success,TRUE,SAT_7957U,0.295340614,184.0108508,38.81455413,183.8342533,38.95207106,,2003/4/26 6:14:01,SAT_7957U,4.212809186,0.295340614,SAT_07957,3.76192103,1.635710389,SAT_26042,5.691758926,74.72928044
frame-u-003900-2-0664,1,Success,TRUE,SAT_24721,2.831544458,235.3512697,27.20208647,235.6030266,27.27144473,,2003/4/26 9:10:09,SAT_24721,1.979958368,2.831544458,SAT_02971,5.973294011,8.585766967,SAT_2971U,5.84721407,8.663374196
frame-u-003900-3-0728,1,No match,FALSE,N/A,inf,244.5989246,22.49743558,244.7076526,22.5139298,FOVNotMatch,2003/4/26 9:48:22,SAT_10293,1.802362863,66.45917571,SAT_669U0,2.543291619,75.56068527,SAT_00669,2.543334221,75.56102651
frame-u-003900-2-0758,1,No match,FALSE,N/A,inf,248.535681,19.68928449,248.4618067,19.79476273,FOVNotMatch,2003/4/26 10:06:17,SAT_13763,1.254199704,7.82955534,SAT_14620,5.576915499,33.63461949,SAT_2122U,0.109258724,45.75030577
frame-u-003900-1-0761,1,Success,TRUE,SAT_23044,0.474436117,248.4401396,19.02209187,248.4627078,19.0738681,,2003/4/26 10:08:04,SAT_23044,3.186727783,0.474436117,SAT_27618,5.752641498,1.726539296,SAT_21633,3.29221163,2.024182427
frame-u-003900-2-0762,1,Success,TRUE,SAT_23044,0.38297417,248.8725462,19.24807989,248.9656582,19.46033878,,2003/4/26 10:08:40,SAT_23044,3.186727783,0.38297417,SAT_27618,5.752641498,1.818001242,SAT_21633,3.29221163,1.932720481
frame-u-003900-1-0762,1,Success,TRUE,SAT_23044,0.42668497,248.6996601,18.85149958,248.7918822,19.06269248,,2003/4/26 10:08:40,SAT_23044,3.186727783,0.42668497,SAT_27618,5.752641498,1.774290442,SAT_21633,3.29221163,1.976431281
frame-u-003900-4-0768,1,No match,FALSE,N/A,inf,250.1100482,19.45578366,250.2203086,19.47128111,FOVNotMatch,2003/4/26 10:12:15,SAT_07400,5.41911622,43.30566242,SAT_7400U,5.429752599,43.3322171,SAT_23044,5.285665505,58.03301422
frame-u-003900-2-0780,1,No match,FALSE,N/A,inf,251.1719253,17.74123327,251.3459845,17.73251787,FOVNotMatch,2003/4/26 10:19:25,SAT_22567,2.276528163,51.86067708,SAT_07400,4.325190844,54.30954107,SAT_7400U,4.338067417,54.3361355
frame-u-003903-1-0264,1,Success,TRUE,SAT_06192,4.719004438,220.8989602,7.074181104,220.9610523,7.184924296,,2003/4/27 5:17:01,SAT_06192,1.691833986,4.719004438,SAT_6192U,1.689461892,4.720675933,SAT_14884,4.635086059,7.80610869
frame-u-003903-1-0323,1,Success,TRUE,SAT_128U0,1.431061736,229.8385769,6.177146371,229.8075189,6.299750296,,2003/4/27 5:52:15,SAT_128U0,4.086606028,1.431061736,SAT_00128,4.089332726,1.43281598,SAT_21590,5.999426696,78.3688811
frame-u-003903-5-0305,1,No match,FALSE,N/A,inf,227.185396,8.077132188,227.2371256,8.296303,FOVNotMatch,2003/4/27 5:41:30,SAT_8137U,5.893994642,11.73007554,SAT_08137,5.895358678,11.73103237,SAT_27715,13.66412632,N/A
frame-u-003903-4-0306,1,No match,FALSE,N/A,inf,227.3878982,7.631344476,227.440148,7.850155872,FOVNotMatch,2003/4/27 5:42:06,SAT_8137U,5.893994642,11.89267749,SAT_08137,5.895358678,11.89363432,SAT_27715,13.66412632,N/A
frame-u-003903-2-0078,1,No match,FALSE,N/A,inf,192.8144603,9.283984163,192.7776622,9.350085648,FOVNotMatch,2003/4/27 3:25:58,SAT_7041U,0.374192757,25.0743526,SAT_07041,0.393462587,25.07871665,SAT_27500,5.960131516,43.55974701
frame-u-003903-2-0078,2,No match,FALSE,N/A,inf,192.8980099,9.277507281,192.9256121,9.499844611,FOVNotMatch,2003/4/27 3:25:58,SAT_07041,0.393462587,10.68625289,SAT_7041U,0.374192757,10.69061694,SAT_5560U,1.740025286,19.23481455
frame-u-003903-1-0078,1,No match,FALSE,N/A,inf,192.8473503,8.858342252,192.8748166,9.081003542,FOVNotMatch,2003/4/27 3:25:58,SAT_07041,0.393462587,10.65033041,SAT_7041U,0.374192757,10.65469446,SAT_5560U,1.740025286,19.27073703
frame-u-003903-2-0038,1,No match,FALSE,N/A,inf,186.8414123,9.491951695,186.7743504,9.590133277,FOVNotMatch,2003/4/27 3:02:05,SAT_4069U,4.012173232,37.26079497,SAT_27500,1.483862188,39.78253464,SAT_24713,16.63073999,N/A
frame-u-003903-2-0143,1,No match,FALSE,N/A,inf,202.6456058,8.907420889,202.6278237,8.998738563,FOVNotMatch,2003/4/27 4:04:47,SAT_8303U,1.994456132,7.221523559,SAT_13890,0.101601375,27.85338134,SAT_07938,2.094760386,32.44221213
frame-u-003903-1-0143,1,No match,FALSE,N/A,inf,202.7259436,8.493876319,202.6847006,8.709538774,FOVNotMatch,2003/4/27 4:04:47,SAT_8303U,1.994456132,7.040852478,SAT_13890,0.101601375,27.67271026,SAT_07938,2.094760386,32.26154105
frame-u-003903-2-0144,1,No match,FALSE,N/A,inf,202.9412597,8.926042855,202.9038349,9.119075859,FOVNotMatch,2003/4/27 4:05:22,SAT_8303U,1.994456132,7.173079391,SAT_13890,0.101601375,27.80493718,SAT_07938,2.094760386,32.39376796
frame-u-003903-3-0144,1,No match,FALSE,N/A,inf,202.8644711,9.316668959,202.819693,9.54326186,FOVNotMatch,2003/4/27 4:05:22,SAT_8303U,1.994456132,7.364485637,SAT_13890,0.101601375,27.99634342,SAT_07938,2.094760386,32.58517421
frame-u-003903-1-0399,1,Success,TRUE,SAT_09848,4.99276375,240.9928409,4.607588359,241.109758,4.780691754,,2003/4/27 6:37:38,SAT_09848,1.24092743,4.99276375,SAT_9848U,1.241585531,5.000257246,SAT_2375U,3.343594481,25.02492227
frame-u-003903-2-0413,1,No match,FALSE,N/A,inf,243.1398677,4.744962998,243.2664066,4.813374934,FOVNotMatch,2003/4/27 6:45:59,SAT_21590,2.480692664,6.31223518,SAT_22849,4.519697337,9.211506696,SAT_26299,4.01451854,23.74253221
frame-u-003905-4-0013,1,No match,FALSE,N/A,inf,201.7414232,7.493885889,201.7218949,7.531686819,FOVNotMatch,2003/4/27 7:13:57,SAT_16272,0.600461907,26.16266619,SAT_25623,1.682360504,69.18435825,SAT_01883,2.401964217,70.38063502
frame-u-003911-6-0043,1,No match,FALSE,N/A,inf,242.0713826,29.83031242,242.3207952,29.95033716,FOVNotMatch,2003/4/28 10:39:14,SAT_10010,0.029148729,30.5395822,SAT_21365,5.869574333,78.68556296,SAT_9980U,2.140895324,82.94376998
frame-u-003911-1-0060,1,No match,FALSE,N/A,inf,242.950658,26.64195068,242.9404392,26.68375138,FOVNotMatch,2003/4/28 10:49:23,SAT_9980U,1.885605903,8.439967258,SAT_09980,1.874013777,8.479020993,SAT_06992,4.184973518,21.72492297
frame-u-003911-1-0061,1,No match,FALSE,N/A,inf,243.2124655,26.48686067,243.1904275,26.58134555,FOVNotMatch,2003/4/28 10:49:59,SAT_9980U,1.885605903,8.976609046,SAT_09980,1.874013777,9.01566278,SAT_06992,4.184973518,22.26156476
frame-u-003909-4-0205,1,Success,TRUE,SAT_25788,1.658889487,226.3219358,7.59258422,226.1565877,7.567277016,,2003/4/28 6:28:10,SAT_25788,3.922925457,1.658889487,SAT_7683U,0.517877728,52.75003419,SAT_25086,13.90868774,N/A
frame-u-003905-2-0021,1,No match,FALSE,N/A,inf,202.8206882,6.60373961,202.9435175,6.694429808,FOVNotMatch,2003/4/27 7:18:44,SAT_22198,3.734166847,41.86813498,SAT_26626,5.89354215,73.29751085,SAT_2514U,16.3052823,N/A
frame-u-003910-4-0036,1,Success,TRUE,SAT_23697,3.050763176,215.6530985,6.81044059,215.7639717,6.87081345,,2003/4/28 8:12:28,SAT_23697,3.275197985,3.050763176,SAT_13011,4.82905698,34.4148009,SAT_25743,3.898966893,49.49926143
frame-u-003918-6-0098,1,No match,FALSE,N/A,inf,207.3406855,51.419086,207.3317598,51.50428809,FOVNotMatch,2003/4/29 3:41:51,SAT_20741,0.332988323,36.49961613,SAT_07196,2.410572067,51.03654736,SAT_7196U,2.415084345,51.04192709
frame-u-003910-6-0161,1,No match,FALSE,N/A,inf,234.4774559,5.977414402,234.4233861,5.997153253,FOVNotMatch,2003/4/28 9:27:06,SAT_13011,5.186334462,8.44763768,SAT_23468,2.114667294,13.90698723,SAT_23043,4.281895065,88.88181786
frame-u-003910-6-0162,1,No match,FALSE,N/A,inf,234.7363519,5.962613307,234.5778166,6.019907891,FOVNotMatch,2003/4/28 9:27:42,SAT_13011,5.186334462,8.261560487,SAT_23468,2.114667294,13.72091003,SAT_23043,4.281895065,88.69574066
frame-u-003910-2-0154,1,No match,FALSE,N/A,inf,233.3807812,4.483430144,233.3545957,4.595227947,FOVNotMatch,2003/4/28 9:22:55,SAT_23043,4.991206965,34.37077881,SAT_13011,3.434342213,65.48423379,SAT_23468,0.455057172,74.79102111
frame-u-003909-3-0312,1,No match,FALSE,N/A,inf,242.2079107,5.030109232,242.1782579,5.26095404,FOVNotMatch,2003/4/28 7:32:03,SAT_20129,2.664070841,12.1185792,SAT_22231,5.312643539,23.11803691,SAT_12330,3.094064775,33.4040048
frame-u-003918-3-0137,1,Success,TRUE,SAT_18807,0.320465968,215.1920845,48.15881494,215.2618152,48.19427033,,2003/4/29 4:05:08,SAT_18807,5.083343333,0.320465968,SAT_23952,2.748379678,41.14994136,SAT_21161,2.171699867,44.14657041
frame-u-003918-4-0315,1,Success,TRUE,SAT_26973,0.22903186,245.0713791,33.41767686,244.9738176,33.56785421,,2003/4/29 5:51:25,SAT_26973,3.561843297,0.22903186,SAT_26737,4.924139692,8.397914247,SAT_17067,0.94160261,52.0711518
frame-u-003918-1-0319,1,No match,FALSE,N/A,inf,244.4096421,32.19007621,244.6007773,32.24785705,FOVNotMatch,2003/4/29 5:53:48,SAT_17067,0.94160261,46.71335054,SAT_26737,4.924139692,72.81758341,SAT_26973,3.561843297,80.98646579
frame-u-003918-1-0168,1,No match,FALSE,N/A,inf,220.7837126,45.3931063,220.8821423,45.60985151,FOVNotMatch,2003/4/29 4:23:38,SAT_14799,3.568550699,19.85875502,SAT_5548U,0.102303501,25.44167222,SAT_05548,0.103758062,25.44204792
frame-u-003918-2-0168,1,No match,FALSE,N/A,inf,220.967036,45.79950208,220.9928775,45.8540801,FOVNotMatch,2003/4/29 4:23:38,SAT_14799,3.568550699,20.46233527,SAT_5548U,0.102303501,24.83809197,SAT_05548,0.103758062,24.83846768
frame-u-003918-3-0169,1,No match,FALSE,N/A,inf,221.5340708,46.06499382,221.6359944,46.28140316,FOVNotMatch,2003/4/29 4:24:14,SAT_14799,3.568550699,20.26617436,SAT_5548U,0.102303501,25.03425289,SAT_05548,0.103758062,25.03462859
frame-u-003918-6-0300,1,No match,FALSE,N/A,inf,243.6465114,35.54749367,243.8177729,35.60467431,FOVNotMatch,2003/4/29 5:42:27,SAT_18589,2.748348948,15.29395011,SAT_10932,4.047796272,26.89458105,SAT_6842U,5.293201754,75.44819044
frame-u-003918-5-0301,1,No match,FALSE,N/A,inf,243.4868784,35.2012581,243.6709681,35.2630544,FOVNotMatch,2003/4/29 5:43:03,SAT_18589,2.748348948,15.27117974,SAT_10932,4.047796272,26.87181068,SAT_6842U,5.293201754,75.42542007
frame-u-003918-6-0229,1,No match,FALSE,N/A,inf,233.1743679,42.42070197,233.0449904,42.43503651,FOVNotMatch,2003/4/29 5:00:04,SAT_18490,0.125299872,23.91146302,SAT_26973,4.941137462,49.27304186,SAT_23308,4.735457849,54.84984479
frame-u-003918-3-0275,1,No match,FALSE,N/A,inf,239.2918681,37.22016435,239.1554112,37.25179596,FOVNotMatch,2003/4/29 5:27:32,SAT_26973,3.342921488,43.60672944,SAT_15053,4.996127643,51.63686592,SAT_27542,1.228190024,60.52732487
frame-u-003919-2-0160,1,No match,FALSE,N/A,inf,227.9012282,33.03127435,228.0038851,33.05021355,FOVNotMatch,2003/4/29 8:45:08,SAT_24643,5.528358162,51.603458,SAT_21630,16.84144054,N/A,SAT_18106,14.54373805,N/A
frame-u-003919-3-0059,1,No match,FALSE,N/A,inf,210.8466221,39.0660614,210.7733674,39.22116656,FOVNotMatch,2003/4/29 7:44:50,SAT_16922,2.21083558,40.95923022,SAT_23420,5.571221906,46.83406733,SAT_21426,1.272207254,47.81569374
frame-u-003919-3-0269,1,No match,FALSE,N/A,inf,244.0818347,24.85142155,244.1833794,24.90079267,FOVNotMatch,2003/4/29 9:50:13,SAT_24721,3.385751667,20.41148801,SAT_20026,5.903767709,38.28552768,SAT_27234,2.065345474,69.10014134
frame-u-003919-3-0250,1,No match,FALSE,N/A,inf,241.4336433,26.35733906,241.6287927,26.38011733,FOVNotMatch,2003/4/29 9:38:53,SAT_9703U,4.451871688,57.88239299,SAT_11296,1.211359418,65.29478488,SAT_13514,12.08156095,N/A
frame-u-003919-2-0310,1,No match,FALSE,N/A,inf,249.1717051,20.70423778,249.3325538,20.86877819,FOVNotMatch,2003/4/29 10:14:42,SAT_23045,3.951316429,18.67994779,SAT_26566,5.52948759,21.52638613,SAT_4154U,0.126474498,81.27004022
frame-u-003926-4-0075,1,No match,FALSE,N/A,inf,237.263087,33.90576398,237.3546792,33.94600382,FOVNotMatch,2003/5/1 7:09:51,SAT_01613,4.3864166,15.83304368,SAT_1613U,4.369127916,16.1355402,SAT_00750,5.486165479,24.8244243
frame-u-003926-4-0076,1,No match,FALSE,N/A,inf,237.385423,33.65672753,237.564307,33.73466556,FOVNotMatch,2003/5/1 7:10:27,SAT_01613,4.3864166,15.57261217,SAT_1613U,4.369127916,15.87510868,SAT_00750,5.486165479,25.08485581
frame-u-003926-1-0114,1,No match,FALSE,N/A,inf,241.7807818,29.26389389,241.7912286,29.31528646,FOVNotMatch,2003/5/1 7:33:09,SAT_26970,2.169675069,33.75340477,SAT_7780U,1.856768603,35.33127869,SAT_25935,0.098936345,56.66711832
frame-u-003926-2-0116,1,No match,FALSE,N/A,inf,242.4131722,29.36375288,242.4445049,29.51906333,FOVNotMatch,2003/5/1 7:34:20,SAT_26970,2.169675069,33.66452334,SAT_7780U,1.856768603,35.24239727,SAT_25935,0.098936345,56.75599975
frame-u-003919-2-0346,1,No match,FALSE,N/A,inf,253.5871461,17.45374456,253.7521335,17.57480955,FOVNotMatch,2003/4/29 10:36:12,SAT_13609,1.248858048,14.68553529,SAT_16396,4.96572844,31.26538662,SAT_14591,4.793953318,32.70338303
frame-u-003919-4-0353,1,No match,FALSE,N/A,inf,255.0354601,17.37165212,255.0100742,17.46334396,FOVNotMatch,2003/4/29 10:40:22,SAT_14979,4.471992966,34.64863665,SAT_14591,4.298366783,34.69998229,SAT_07794,0.094607738,71.10277208
frame-u-003927-2-0014,1,No match,FALSE,N/A,inf,229.0761487,32.64094183,229.2851659,32.77039136,FOVNotMatch,2003/5/1 9:05:19,SAT_02412,5.605789195,69.10232493,SAT_2412U,5.6044348,69.10291163,SAT_22849,13.03409118,N/A
frame-u-003926-2-0152,1,No match,FALSE,N/A,inf,247.1688074,25.9440211,247.1491795,26.12749161,FOVNotMatch,2003/5/1 7:55:50,SAT_26970,5.221594899,16.58292392,SAT_10925,0.78373732,27.38575496,SAT_24721,0.073499598,87.85260735
frame-u-003926-2-0153,1,No match,FALSE,N/A,inf,247.403601,25.9131669,247.3939832,26.00374121,FOVNotMatch,2003/5/1 7:56:26,SAT_26970,5.221594899,16.61984064,SAT_10925,0.78373732,27.34883824,SAT_24721,0.073499598,87.88952407
frame-u-003926-5-0182,1,No match,FALSE,N/A,inf,251.825324,24.07289345,251.8840131,24.05882036,FOVNotMatch,2003/5/1 8:13:45,SAT_16137,0.102488062,55.89765712,SAT_20620,12.5809334,N/A,SAT_23516,9.323432722,N/A
frame-u-003927-4-0132,1,Success,TRUE,SAT_26362,0.083694683,246.5042954,23.91589987,246.6556541,23.88876953,,2003/5/1 10:15:46,SAT_26362,2.911710958,0.083694683,SAT_1588U,5.157028305,34.08788779,SAT_01588,5.166236864,34.09626385
frame-u-003927-1-0140,1,Success,TRUE,SAT_16U00,3.084715062,246.8012272,22.26791557,246.9335653,22.2951381,,2003/5/1 10:20:33,SAT_16U00,2.577688144,3.084715062,SAT_1672U,1.259359868,6.693881187,SAT_01672,1.237090484,6.925971392
frame-u-003927-4-0148,1,No match,FALSE,N/A,inf,248.5915105,22.43667747,248.850141,22.53712659,FOVNotMatch,2003/5/1 10:25:19,SAT_19502,1.28067787,45.67979204,SAT_11135,5.28664222,54.83114615,SAT_11546,0.083622272,57.68733299
frame-u-003927-5-0199,1,No match,FALSE,N/A,inf,255.3053568,17.97808945,255.4766526,18.13475393,FOVNotMatch,2003/5/1 10:55:46,SAT_7794U,1.237358763,51.68870403,SAT_22657,10.79270944,N/A,SAT_21216,15.44136971,N/A
frame-u-003927-5-0199,2,No match,FALSE,N/A,inf,255.2429044,18.05857734,255.4087185,17.99703418,FOVNotMatch,2003/5/1 10:55:46,SAT_7794U,1.237358763,13.52219761,SAT_22657,10.79270944,N/A,SAT_21216,15.44136971,N/A
frame-u-003958-2-0114,1,No match,FALSE,N/A,inf,245.2693935,29.45043515,245.4566636,29.59770731,FOVNotMatch,2003/5/28 6:29:04,SAT_10925,4.020331207,21.75619066,SAT_02529,2.391400296,25.93689338,SAT_02511,2.131366311,44.50614261
frame-u-003958-6-0189,1,No match,FALSE,N/A,inf,255.5573848,22.88592203,255.6184136,22.89576218,FOVNotMatch,2003/5/28 7:13:51,SAT_09824,2.535703512,49.23351977,SAT_9824U,2.525904863,49.2994824,SAT_21217,5.531231872,55.63972101
frame-u-003958-2-0155,1,No match,FALSE,N/A,inf,250.367733,25.23652645,250.4782517,25.27022471,FOVNotMatch,2003/5/28 6:53:33,SAT_27617,4.301606146,46.10397167,SAT_02372,4.968469759,64.68715919,SAT_2372U,4.9672463,64.6937986
frame-u-003927-1-0157,1,No match,FALSE,N/A,inf,249.0073578,20.765712,249.0917514,20.7820797,FOVNotMatch,2003/5/1 10:30:42,SAT_19502,3.659722862,56.27728807,SAT_00812,4.199217689,58.67560277,SAT_812U0,4.199311561,58.67657282
frame-u-003927-1-0158,1,No match,FALSE,N/A,inf,249.0576953,20.54342361,249.2824633,20.58780622,FOVNotMatch,2003/5/1 10:31:18,SAT_19502,3.659722862,56.08681756,SAT_00812,4.199217689,58.86607328,SAT_812U0,4.199311561,58.86704333
frame-u-003958-3-0197,1,No match,FALSE,N/A,inf,255.5463582,21.21763949,255.6653666,21.13714669,FOVNotMatch,2003/5/28 7:18:38,SAT_27540,3.45050456,39.03398565,SAT_10574,3.683148064,81.81167202,SAT_20623,11.31492465,N/A
frame-u-003958-3-0198,1,No match,FALSE,N/A,inf,255.6908807,21.05388123,255.7784799,20.99462137,FOVNotMatch,2003/5/28 7:19:13,SAT_27540,3.45050456,39.05697077,SAT_10574,3.683148064,81.7886869,SAT_20623,11.31492465,N/A
frame-u-003964-5-0041,1,Success,TRUE,SAT_21032,2.553058798,216.575957,48.44024281,216.7526995,48.63319139,,2003/5/29 3:31:46,SAT_21032,0.037005921,2.553058798,SAT_17134,0.856586577,57.52776061,SAT_08195,4.836900951,59.88880994
frame-u-003964-6-0198,1,No match,FALSE,N/A,inf,243.2232083,35.58392819,243.2848839,35.56473171,FOVNotMatch,2003/5/29 5:05:30,SAT_27542,2.228095787,74.16982204,SAT_19554,1.214341169,89.34647633,SAT_26970,8.963480485,N/A
frame-u-003965-6-0070,1,Success,TRUE,SAT_10653,2.060047617,240.9105379,35.09355943,240.9611937,35.214049,,2003/5/29 7:14:52,SAT_10653,2.573413399,2.060047617,SAT_27542,1.281255477,12.09462321,SAT_19946,0.854762504,25.39361166
frame-u-003965-5-0076,1,Success,TRUE,SAT_10653,4.174756824,241.3725083,34.23604533,241.4064629,34.36016221,,2003/5/29 7:18:27,SAT_10653,2.573413399,4.174756824,SAT_27542,1.281255477,5.85981877,SAT_19946,0.854762504,19.15880722
frame-u-003964-6-0300,1,No match,FALSE,N/A,inf,255.7160824,24.71958222,255.8333785,24.75735075,FOVNotMatch,2003/5/29 6:06:24,SAT_17660,2.952297104,22.15826042,SAT_10894,4.48577453,25.31928252,SAT_23512,4.281801934,41.39886414
frame-u-003967-3-0064,1,No match,FALSE,N/A,inf,244.196863,26.85721962,244.3565028,26.9624995,FOVNotMatch,2003/5/29 9:40:54,SAT_07400,5.747384905,8.599607238,SAT_23043,4.601192805,29.81424743,SAT_20619,0.058573555,31.54484874
frame-u-003970-6-0041,1,No match,FALSE,N/A,inf,187.8057474,15.97186843,187.8237351,16.0145456,FOVNotMatch,2003/5/30 3:36:22,SAT_03812,5.548317487,46.36619323,SAT_3812U,5.546987344,46.36740983,SAT_6236U,4.316684794,55.11138182
frame-u-003970-5-0043,1,No match,FALSE,N/A,inf,188.2041097,15.42882901,188.2814755,15.61519472,FOVNotMatch,2003/5/30 3:37:34,SAT_03812,5.548317487,46.11078134,SAT_3812U,5.546987344,46.11199794,SAT_6236U,4.316684794,54.85596993
frame-u-003970-3-0121,1,No match,FALSE,N/A,inf,200.2011341,14.07365165,200.2463535,14.12603626,FOVNotMatch,2003/5/30 4:24:08,SAT_21426,3.374801882,18.1602713,SAT_19144,4.659741474,32.65208414,SAT_26113,4.849807349,57.59535455
frame-u-003970-2-0122,1,No match,FALSE,N/A,inf,200.2947265,13.80298496,200.3509365,13.8685283,FOVNotMatch,2003/5/30 4:24:44,SAT_21426,3.374801882,18.0085226,SAT_19144,4.659741474,32.50033543,SAT_26113,4.849807349,57.44360584
frame-u-003970-1-0142,1,No match,FALSE,N/A,inf,203.3047781,13.08473932,203.3937099,13.18441974,FOVNotMatch,2003/5/30 4:36:41,SAT_04773,5.666462134,19.65186924,SAT_4773U,5.666519465,19.65530975,SAT_23420,0.450689965,19.90438705
frame-u-003971-3-0051,1,No match,FALSE,N/A,inf,206.0391337,13.7324238,206.0946458,13.69497191,FOVNotMatch,2003/5/30 5:33:15,SAT_20577,0.664800535,46.79242248,SAT_02365,2.957544044,50.41957754,SAT_2365U,2.954007308,50.42353217
frame-u-003971-3-0053,1,No match,FALSE,N/A,inf,206.5207215,13.76561842,206.4765339,13.79562595,FOVNotMatch,2003/5/30 5:34:26,SAT_20577,0.664800535,46.60879913,SAT_02365,2.957544044,50.23595419,SAT_2365U,2.954007308,50.23990882
frame-u-003971-1-0100,1,No match,FALSE,N/A,inf,213.4938156,11.98216541,213.5804532,11.99844096,FOVNotMatch,2003/5/30 6:02:30,SAT_25776,0.70516868,18.87062002,SAT_12985,4.235991367,65.28164571,SAT_27426,17.63511078,N/A
frame-u-003983-1-0081,1,No match,FALSE,N/A,inf,232.519363,32.60078677,232.5651268,32.79717724,FOVNotMatch,2003/6/7 8:19:05,SAT_10930,5.232345757,11.38128812,SAT_21090,1.911232838,38.86078098,SAT_27620,13.22459273,N/A
frame-u-003983-2-0082,1,No match,FALSE,N/A,inf,232.9215592,32.86559071,232.9393755,32.94103441,FOVNotMatch,2003/6/7 8:19:41,SAT_10930,5.232345757,11.50134235,SAT_21090,1.911232838,38.98083521,SAT_27620,13.22459273,N/A
frame-u-003971-3-0157,1,No match,FALSE,N/A,inf,222.1650587,11.63387496,222.2611987,11.68415581,FOVNotMatch,2003/5/30 6:36:32,SAT_21385,3.480747129,86.4111948,SAT_21969,0.729902654,86.80391258,SAT_27426,17.23770368,N/A
frame-u-003971-3-0172,1,No match,FALSE,N/A,inf,224.4523232,11.42531293,224.5123946,11.38772843,FOVNotMatch,2003/5/30 6:45:30,SAT_7382U,3.563030329,39.01791905,SAT_07382,3.558734186,39.02018105,SAT_04298,0.11203694,45.88426334
frame-u-003971-4-0232,1,No match,FALSE,N/A,inf,233.5115796,10.15719015,233.631229,10.27156328,FOVNotMatch,2003/5/30 7:21:19,SAT_5549U,5.673897211,29.0376563,SAT_18543,1.074630754,51.55649793,SAT_26834,5.497987143,72.27319616
frame-u-003971-4-0233,1,No match,FALSE,N/A,inf,233.7304154,10.02279947,233.8272248,10.11518517,FOVNotMatch,2003/5/30 7:21:55,SAT_5549U,5.673897211,29.09854446,SAT_18543,1.074630754,51.61738609,SAT_26834,5.497987143,72.33408432
frame-u-003972-3-0048,1,No match,FALSE,N/A,inf,230.9797442,10.15347049,231.1528732,10.17599187,FOVNotMatch,2003/5/30 7:59:42,SAT_25765,2.414398227,10.77253512,SAT_19599,2.783215636,26.657291,SAT_10439,1.584106147,65.30066642
frame-u-003972-3-0049,1,No match,FALSE,N/A,inf,231.2299973,10.09169078,231.2925463,10.09953654,FOVNotMatch,2003/5/30 8:00:17,SAT_25765,2.414398227,11.04030773,SAT_19599,2.783215636,26.38951839,SAT_10439,1.584106147,65.56843903
frame-u-003983-1-0182,1,No match,FALSE,N/A,inf,246.5133042,24.07949112,246.6103351,24.05155136,FOVNotMatch,2003/6/7 9:19:24,SAT_05020,2.359361104,15.56559891,SAT_5020U,2.37843841,15.57581798,SAT_22980,1.130088941,33.44270369
frame-u-003992-6-0056,1,No match,FALSE,N/A,inf,230.6955356,35.99095074,230.9138718,36.00061378,FOVNotMatch,2003/6/21 6:01:17,SAT_14131,3.444090139,45.21727785,SAT_19995,3.665375547,49.0297132,SAT_06683,0.093341938,63.46214705
frame-u-003992-3-0080,1,No match,FALSE,N/A,inf,233.6144392,32.97170951,233.8459271,33.11499498,FOVNotMatch,2003/6/21 6:15:36,SAT_10675,0.065481575,30.70671448,SAT_24285,3.192730381,68.80182939,SAT_09980,4.344295646,77.47454518
frame-u-003992-6-0083,1,No match,FALSE,N/A,inf,234.9076101,33.88798707,235.0382326,33.97384976,FOVNotMatch,2003/6/21 6:17:24,SAT_10675,0.065481575,28.76129342,SAT_24285,3.192730381,66.85640833,SAT_09980,4.344295646,75.52912412
frame-u-003997-3-0118,1,No match,FALSE,N/A,inf,251.1558395,21.81605828,251.1581619,22.0205159,FOVNotMatch,2003/6/22 7:42:30,SAT_25330,1.46951784,16.97537748,SAT_12849,3.185960362,19.64262365,SAT_16494,2.359338205,27.96590532
frame-u-004002-3-0021,1,No match,FALSE,N/A,inf,209.5847415,37.32003938,209.5334253,37.29216681,FOVNotMatch,2003/6/23 3:56:14,SAT_21426,4.735957899,26.92204108,SAT_24640,3.435640038,30.49917324,SAT_14884,5.146163609,34.2804827
frame-u-004002-2-0130,1,No match,FALSE,N/A,inf,227.8143567,31.0629299,227.9486388,31.1028191,FOVNotMatch,2003/6/23 5:01:19,SAT_27007,1.506614415,55.71151373,SAT_27453,0.148919308,66.42859206,SAT_10925,15.29369209,N/A
frame-u-004002-3-0148,1,No match,FALSE,N/A,inf,230.9399446,30.061105,230.7839771,30.14837205,FOVNotMatch,2003/6/23 5:12:04,SAT_22594,2.582097338,35.55080339,SAT_17623,5.89182271,45.70171191,SAT_25485,16.94237191,N/A
frame-u-004002-1-0166,1,No match,FALSE,N/A,inf,233.1139703,28.2335591,233.2336291,28.25698618,FOVNotMatch,2003/6/23 5:22:48,SAT_26048,5.873403481,24.73596605,SAT_22594,0.069128963,82.64130285,SAT_25485,16.62390265,N/A
frame-u-004002-1-0167,1,No match,FALSE,N/A,inf,233.1908246,28.04598852,233.4303064,28.09322754,FOVNotMatch,2003/6/23 5:23:24,SAT_26048,5.873403481,24.80718588,SAT_22594,0.069128963,82.71252269,SAT_25485,16.62390265,N/A
frame-u-003996-6-0244,1,No match,FALSE,N/A,inf,241.0437676,9.790405874,241.1480444,9.792787419,FOVNotMatch,2003/6/22 5:55:35,SAT_13666,0.073637408,27.53761206,SAT_20025,0.791309203,67.93700897,SAT_16398,5.855694312,68.64762113
frame-u-004002-3-0186,1,No match,FALSE,N/A,inf,236.6545338,27.4589161,236.5355732,27.50037181,FOVNotMatch,2003/6/23 5:34:45,SAT_26048,5.864192157,7.454408775,SAT_51U00,4.290426184,12.1085788,SAT_00051,4.288868958,12.11122983
frame-u-004002-3-0187,1,No match,FALSE,N/A,inf,236.838852,27.34508902,236.7030268,27.39274678,FOVNotMatch,2003/6/23 5:35:21,SAT_26048,5.864192157,7.568527423,SAT_51U00,4.290426184,11.99446015,SAT_00051,4.288868958,11.99711119
frame-u-004010-6-0126,1,No match,FALSE,N/A,inf,232.7761814,28.43434852,232.6438844,28.41883947,FOVNotMatch,2003/6/25 4:46:19,SAT_16383,0.054136373,57.25331214,SAT_13070,5.78937559,72.21126693,SAT_2403U,5.014069525,85.88939791
frame-u-004010-6-0127,1,No match,FALSE,N/A,inf,232.9640994,28.285905,232.7655199,28.2623494,FOVNotMatch,2003/6/25 4:46:54,SAT_16383,0.054136373,57.33147469,SAT_13070,5.78937559,72.28942948,SAT_2403U,5.014069525,85.81123537
frame-u-004011-1-0211,1,Success,TRUE,SAT_16103,3.04491547,257.7302619,36.44236006,257.6908325,36.51376434,,2003/6/25 8:36:33,SAT_16103,0.094291358,3.04491547,SAT_10155,5.259662326,3.984978967,SAT_24296,1.614746633,49.56280897
frame-u-004011-4-0027,1,No match,FALSE,N/A,inf,235.8732147,60.2128352,235.6721309,60.34240981,FOVNotMatch,2003/6/25 6:46:41,SAT_22366,4.194412371,6.004018235,SAT_10155,2.313068484,11.125466,SAT_12827,4.115095779,26.47461644
frame-u-004011-3-0073,1,No match,FALSE,N/A,inf,243.2101801,54.65700439,243.3375903,54.59247733,FOVNotMatch,2003/6/25 7:14:09,SAT_10155,3.663983965,5.683423843,SAT_08153,0.168151962,10.06988169,SAT_8153U,0.167665728,10.07029351
frame-u-004014-6-0086,1,Success,TRUE,SAT_1576U,4.361646606,218.7607665,33.88351102,218.6722509,33.88472803,,2003/6/26 4:23:01,SAT_1576U,4.673366442,4.361646606,SAT_01576,4.677038033,4.364541045,SAT_22849,0.648877625,13.46527852
frame-u-004014-4-0315,1,No match,FALSE,N/A,inf,252.1113486,16.86941753,252.13599,17.12496443,FOVNotMatch,2003/6/26 6:39:45,SAT_13080,0.674377809,10.2464593,SAT_7273U,2.610121142,28.92738292,SAT_07273,2.610620541,28.92776905
frame-u-004015-6-0030,1,No match,FALSE,N/A,inf,255.6327998,77.75613463,255.5676689,77.8238532,FOVNotMatch,2003/6/26 7:19:38,SAT_08319,5.740602603,50.03717969,SAT_8319U,5.739499019,50.06467075,SAT_25852,0.41174822,57.5154592
frame-u-004015-4-0030,1,No match,FALSE,N/A,inf,252.2037965,77.49456767,251.8211425,77.5025857,FOVNotMatch,2003/6/26 7:19:38,SAT_25852,0.41174822,15.45764045,SAT_8319U,5.739499019,22.9084289,SAT_08319,5.740602603,22.93591996
frame-u-004015-2-0056,1,No match,FALSE,N/A,inf,255.1479474,73.58622781,255.1088376,73.63362996,FOVNotMatch,2003/6/26 7:35:09,SAT_15623,0.085646958,40.94442382,SAT_12176,4.301283802,49.66393361,SAT_16070,2.631421872,82.02809034
frame-u-004015-2-0057,1,No match,FALSE,N/A,inf,255.484001,73.3401074,255.3529113,73.50036094,FOVNotMatch,2003/6/26 7:35:45,SAT_15623,0.085646958,40.9114028,SAT_12176,4.301283802,49.63091258,SAT_16070,2.631421872,81.99506932
frame-u-004015-2-0058,1,No match,FALSE,N/A,inf,255.7219635,73.20608846,255.6864485,73.25096212,FOVNotMatch,2003/6/26 7:36:21,SAT_15623,0.085646958,41.18581629,SAT_12176,4.301283802,49.90532608,SAT_16070,2.631421872,82.26948281
frame-u-004031-6-0033,1,Success,TRUE,SAT_18428,2.741199674,307.9318063,39.43663432,307.9064898,39.39462931,,2003/7/1 9:39:50,SAT_18428,4.564036841,2.741199674,SAT_20941,4.178073291,2.989624026,SAT_24955,0.256757515,43.46928189
frame-u-004031-6-0034,1,Success,TRUE,SAT_20941,2.527379442,307.9073401,39.70632527,307.860148,39.62663295,,2003/7/1 9:40:26,SAT_20941,4.178073291,2.527379442,SAT_18428,4.564036841,3.203444258,SAT_24955,0.256757515,43.00703731
frame-u-004031-3-0041,1,No match,FALSE,N/A,inf,309.7528909,40.70968998,309.7906545,40.60256329,FOVNotMatch,2003/7/1 9:44:37,SAT_26870,2.015204303,10.88190369,SAT_12320,4.486447856,14.76103596,SAT_10864,2.912502437,23.38597985
frame-u-004100-1-0190,1,No match,FALSE,N/A,inf,356.8609734,36.90533708,356.7926315,37.05842894,FOVNotMatch,2003/9/18 10:35:37,SAT_22648,0.086981646,81.45038085,SAT_25273,1.952550412,87.8916557,SAT_15266,12.98547789,N/A
frame-u-004073-2-0028,1,No match,FALSE,N/A,inf,24.3511195,-0.625747554,24.27295218,-0.401279603,FOVNotMatch,2003/8/21 9:29:46,SAT_23238,4.747768589,69.65028885,SAT_26469,5.234540587,70.7473597,SAT_24936,5.344802935,70.77629481
frame-u-004073-4-0040,1,No match,FALSE,N/A,inf,26.09597776,0.212825804,26.05395828,0.270885355,FOVNotMatch,2003/8/21 9:36:56,SAT_17843,5.909257163,27.71243046,SAT_23238,5.71500753,52.59467265,SAT_26038,5.694135342,54.11234322
frame-u-004073-4-0041,1,No match,FALSE,N/A,inf,26.36649177,0.252226224,26.23141626,0.437732325,FOVNotMatch,2003/8/21 9:37:32,SAT_17843,5.909257163,27.87784622,SAT_23238,5.71500753,52.42925689,SAT_26038,5.694135342,53.94692747
frame-u-004114-2-0080,1,No match,FALSE,N/A,inf,310.295264,38.43744683,310.1399336,38.59978436,FOVNotMatch,2003/9/20 2:43:14,SAT_10453,4.125532832,17.18142689,SAT_20941,4.099278518,57.92753462,SAT_27707,7.011819879,N/A
frame-u-004114-2-0080,2,No match,FALSE,N/A,inf,310.1477516,38.4371191,310.0218857,38.56883481,FOVNotMatch,2003/9/20 2:43:14,SAT_10453,4.125532832,17.15152033,SAT_20941,4.099278518,57.89762806,SAT_27707,7.011819879,N/A
frame-u-004114-2-0081,1,No match,FALSE,N/A,inf,310.1734937,38.71286785,310.1382721,38.74983763,FOVNotMatch,2003/9/20 2:43:50,SAT_10453,4.125532832,16.98139272,SAT_20941,4.099278518,57.72750046,SAT_27707,7.011819879,N/A
frame-u-004114-2-0081,2,No match,FALSE,N/A,inf,310.2989726,38.73653722,310.2864182,38.74883892,FOVNotMatch,2003/9/20 2:43:50,SAT_10453,4.125532832,18.88082666,SAT_20941,4.099278518,59.62693439,SAT_27707,7.011819879,N/A
frame-u-004114-6-0115,1,Success,TRUE,SAT_20941,4.969662759,308.0502684,43.82761985,307.987402,43.74004584,,2003/9/20 3:04:08,SAT_20941,5.171323881,4.969662759,SAT_14278,1.753063705,24.42466776,SAT_26042,4.488723447,54.39295057
frame-u-004076-4-0206,1,No match,FALSE,N/A,inf,288.9255938,-5.005822757,289.0190705,-4.933217095,FOVNotMatch,2003/8/22 5:04:11,SAT_13007,3.822717686,28.12967219,SAT_23201,5.016824993,29.82060379,SAT_26725,3.71307139,33.64904821
frame-u-004115-3-0034,1,Success,TRUE,SAT_19448,0.443616527,309.6801059,37.95263604,309.5999703,37.81120832,,2003/9/20 3:36:31,SAT_19448,1.42060576,0.443616527,SAT_20941,4.695059371,0.467588773,SAT_02998,0.93445589,20.58937707
frame-u-004114-3-0123,1,No match,FALSE,N/A,inf,309.5853837,44.89702601,309.5490637,45.03657408,FOVNotMatch,2003/9/20 3:08:55,SAT_26045,5.006765074,15.08590713,SAT_26042,2.714474555,16.16807438,SAT_26483,1.946829906,18.45667836
frame-u-004128-1-0146,1,No match,FALSE,N/A,inf,3.492534075,-0.957801547,3.362565532,-0.906520583,FOVNotMatch,2003/9/26 6:59:25,SAT_8747U,3.665819781,10.0854803,SAT_08747,3.662886837,10.085523,SAT_23590,2.981115011,21.41375533
frame-u-004128-3-0246,1,No match,FALSE,N/A,inf,18.35016053,-0.206902409,18.369084,0.017160386,FOVNotMatch,2003/9/26 7:59:07,SAT_06675,3.045006432,11.22417076,SAT_6675U,3.044531601,11.22430136,SAT_8366U,1.630992229,68.80786379
frame-u-004128-4-0246,1,No match,FALSE,N/A,inf,18.38625885,0.212746726,18.40494999,0.437812493,FOVNotMatch,2003/9/26 7:59:07,SAT_06675,3.045006432,11.30438957,SAT_6675U,3.044531601,11.30452017,SAT_8366U,1.630992229,68.8880826
frame-u-004128-3-0376,1,No match,FALSE,N/A,inf,37.9597538,-0.113913774,37.81837052,0.010065067,FOVNotMatch,2003/9/26 9:16:44,SAT_26352,5.498681516,41.08873636,SAT_24315,5.820498532,41.22064074,SAT_27501,5.997695956,41.22492069
frame-u-004134-3-0030,1,No match,FALSE,N/A,inf,249.342338,76.84894958,249.0888891,77.05107407,FOVNotMatch,2003/9/27 2:15:43,SAT_27239,0.641060567,33.70677639,SAT_21209,3.507787758,36.42284575,SAT_00893,0.154370379,46.46482454
frame-u-004134-4-0030,1,No match,FALSE,N/A,inf,248.8427391,77.24162359,248.5505803,77.4615619,FOVNotMatch,2003/9/27 2:15:43,SAT_27239,0.641060567,33.29748442,SAT_21209,3.507787758,36.01355377,SAT_00893,0.154370379,46.05553256
frame-u-004134-4-0088,1,Success,TRUE,SAT_22241,1.854036421,290.1932973,78.51602115,291.0864503,78.56013052,,2003/9/27 2:50:20,SAT_22241,5.629752522,1.854036421,SAT_7088U,3.327021874,3.305811509,SAT_07088,3.325889859,3.359992072
frame-u-004134-4-0089,1,Success,TRUE,SAT_22241,1.102875186,291.2925795,78.42805667,291.7242858,78.44835964,,2003/9/27 2:50:56,SAT_22241,5.629752522,1.102875186,SAT_19557,5.410695255,3.657242466,SAT_7088U,3.327021874,4.056972744
frame-u-004134-4-0163,1,No match,FALSE,N/A,inf,328.5848195,72.14157241,328.6823877,72.25784166,FOVNotMatch,2003/9/27 3:35:07,SAT_20596,4.535556144,39.94953109,SAT_26573,4.987815527,59.08786811,SAT_8609U,5.24530602,63.76891641
frame-u-004134-3-0339,1,No match,FALSE,N/A,inf,353.4599974,48.42453443,353.6631289,48.37775192,FOVNotMatch,2003/9/27 5:20:12,SAT_25379,3.106081466,75.75310014,SAT_20742,4.400658062,80.51606497,SAT_22020,9.873572033,N/A
frame-u-004134-3-0340,1,No match,FALSE,N/A,inf,353.513376,48.15851384,353.6275215,48.13147399,FOVNotMatch,2003/9/27 5:20:48,SAT_25379,3.106081466,76.16789082,SAT_20742,4.400658062,80.93085566,SAT_22020,9.873572033,N/A
frame-u-004134-4-0151,1,No match,FALSE,N/A,inf,325.2058925,73.53512826,325.1404117,73.63204339,FOVNotMatch,2003/9/27 3:27:57,SAT_05174,4.053348607,38.8093105,SAT_5174U,4.05300586,38.809672,SAT_12223,1.916507736,41.03728844
frame-u-004134-4-0203,1,Success,TRUE,SAT_15439,0.793530152,338.4509905,67.26127102,339.0194201,67.32909404,,2003/9/27 3:59:00,SAT_15439,3.074923894,0.793530152,SAT_20596,5.412004013,6.244778416,SAT_15429,1.40419275,7.884379435
frame-u-004134-3-0204,1,Success,TRUE,SAT_15439,0.175112366,337.969317,66.89459042,338.3519421,66.9427397,,2003/9/27 3:59:36,SAT_15439,3.074923894,0.175112366,SAT_20596,5.412004013,5.62636063,SAT_15429,1.40419275,8.502797221
frame-u-004128-6-0432,1,No match,FALSE,N/A,inf,46.18034524,1.204940078,46.20804477,1.27653277,FOVNotMatch,2003/9/26 9:50:10,SAT_15827,0.923121361,9.990196059,SAT_20028,4.773549972,41.70674758,SAT_25809,3.172541678,42.53801861
frame-u-004128-3-0433,1,No match,FALSE,N/A,inf,46.3906231,-0.193431318,46.35079404,0.007513549,FOVNotMatch,2003/9/26 9:50:46,SAT_20028,4.773549972,9.34838543,SAT_25809,3.172541678,10.17965646,SAT_22058,0.081372841,10.19025799
frame-u-004128-6-0433,1,No match,FALSE,N/A,inf,46.41922847,1.051536028,46.49346212,1.240890194,FOVNotMatch,2003/9/26 9:50:46,SAT_15827,0.923121361,10.24611431,SAT_20028,4.773549972,41.96266583,SAT_25809,3.172541678,42.79393686
frame-u-004128-1-0438,1,No match,FALSE,N/A,inf,47.09732783,-1.046254221,47.18478297,-0.821932498,FOVNotMatch,2003/9/26 9:53:45,SAT_15827,0.923121361,10.13952635,SAT_20028,4.773549972,41.85607787,SAT_25809,3.172541678,42.6873489
frame-u-004128-5-0457,1,No match,FALSE,N/A,inf,49.99105341,0.716043672,50.06858109,0.856978618,FOVNotMatch,2003/9/26 10:05:06,SAT_15827,3.398078106,17.53836605,SAT_20404,4.636716978,30.25555929,SAT_19483,3.260632286,48.49695204
frame-u-004128-1-0383,1,Success,TRUE,SAT_17046,0.619468713,38.91204896,-0.821598449,38.8444694,-0.835492422,,2003/9/26 9:20:55,SAT_17046,4.642536333,0.619468713,SAT_11153,2.352172041,1.303309619,SAT_19483,4.08800472,1.373315566
frame-u-004128-1-0384,1,Success,TRUE,SAT_17046,0.388629594,39.15768029,-0.832488391,39.10525909,-0.843486156,,2003/9/26 9:21:31,SAT_17046,4.642536333,0.388629594,SAT_11153,2.352172041,1.072470501,SAT_19483,4.08800472,1.142476448
frame-u-004134-6-0239,1,No match,FALSE,N/A,inf,346.1944554,62.74689137,346.1469836,62.88722432,FOVNotMatch,2003/9/27 4:20:30,SAT_19557,0.052651746,29.31818155,SAT_14883,0.387035284,30.41726127,SAT_22241,3.680396476,37.94562086
frame-u-004134-6-0240,1,No match,FALSE,N/A,inf,346.4112422,62.59903858,346.3565799,62.7657132,FOVNotMatch,2003/9/27 4:21:06,SAT_19557,0.052651746,29.54384036,SAT_14883,0.387035284,30.64292008,SAT_22241,3.680396476,38.17127968
frame-u-004134-6-0241,1,No match,FALSE,N/A,inf,346.6178519,62.47736117,346.5639451,62.64420984,FOVNotMatch,2003/9/27 4:21:42,SAT_19557,0.052651746,29.63496411,SAT_14883,0.387035284,30.73404383,SAT_22241,3.680396476,38.26240342
frame-u-004128-3-0508,1,No match,FALSE,N/A,inf,57.66939091,-0.054113689,57.55927674,-0.02062722,FOVNotMatch,2003/9/26 10:35:33,SAT_23237,4.492058178,13.05606644,SAT_26352,5.530130546,16.70239764,SAT_24713,4.441313077,16.90269133
frame-u-004128-3-0509,1,No match,FALSE,N/A,inf,57.87214569,-0.024518401,57.74386675,0.014339637,FOVNotMatch,2003/9/26 10:36:09,SAT_23237,4.492058178,12.99371042,SAT_26352,5.530130546,16.64004162,SAT_24713,4.441313077,16.84033531
frame-u-004135-6-0019,1,Success,TRUE,SAT_20941,3.014211691,342.0215372,66.05657025,342.2193286,66.12232423,,2003/9/27 6:19:28,SAT_20941,4.573542555,3.014211691,SAT_20944,1.822009222,12.70569016,SAT_17328,3.918303222,13.3642982
frame-u-004136-2-0130,1,Success,TRUE,SAT_16250,1.947105963,46.83989956,-0.708114496,46.70987186,-0.740221967,,2003/9/27 10:48:33,SAT_16250,0.66388941,1.947105963,SAT_17046,3.708862648,2.152235755,SAT_18631,4.332592922,2.465121425
frame-u-004136-4-0174,1,No match,FALSE,N/A,inf,53.42780594,0.091573449,53.37698435,0.106502906,FOVNotMatch,2003/9/27 11:14:50,SAT_27854,5.673947909,16.35820954,SAT_25558,5.771858306,16.36057522,SAT_27378,5.492729653,16.36100178
frame-u-004143-5-0044,1,No match,FALSE,N/A,inf,273.6259502,79.01958211,272.8319973,79.03184014,FOVNotMatch,2003/9/28 2:46:49,SAT_7823U,5.210716684,16.05341481,SAT_07823,5.209843849,16.06472669,SAT_20051,2.456489515,16.97442518
frame-u-004143-5-0083,1,No match,FALSE,N/A,inf,301.708702,77.8148236,302.2357287,78.01159591,FOVNotMatch,2003/9/28 3:10:07,SAT_14978,5.030377447,41.24341793,SAT_7041U,0.860152813,42.68052897,SAT_07041,0.848340992,42.77575
frame-u-004143-3-0084,1,No match,FALSE,N/A,inf,301.1083827,76.95485377,301.59107,77.15252158,FOVNotMatch,2003/9/28 3:10:42,SAT_14978,5.030377447,41.84620437,SAT_7041U,0.860152813,43.2833154,SAT_07041,0.848340992,43.37853644
frame-u-004143-4-0084,1,No match,FALSE,N/A,inf,302.0207787,77.32340319,302.5320834,77.51878833,FOVNotMatch,2003/9/28 3:10:42,SAT_14978,5.030377447,40.84874125,SAT_7041U,0.860152813,42.28585229,SAT_07041,0.848340992,42.38107333
frame-u-004144-1-0110,1,Success,TRUE,SAT_25778,3.415894438,322.9322304,72.06729864,322.5507068,72.16897354,,2003/9/28 4:57:24,SAT_25778,5.800116932,3.415894438,SAT_25288,5.448196771,4.058517074,SAT_04709,3.532265198,6.502538507
frame-u-004145-5-0203,1,No match,FALSE,N/A,inf,13.95616844,0.646825368,13.84128507,0.566986803,FOVNotMatch,2003/9/28 7:54:46,SAT_8366U,4.34467532,18.49525311,SAT_02866,1.150239215,23.51442164,SAT_2866U,1.140741598,23.51639249
frame-u-004152-4-0023,1,No match,FALSE,N/A,inf,357.3741738,40.17315019,357.274264,40.2545208,FOVNotMatch,2003/9/29 4:09:57,SAT_2253U,0.041959145,42.41632579,SAT_02253,0.050059495,42.42888262,SAT_02337,3.748937675,49.75219745
frame-u-004145-5-0414,1,No match,FALSE,N/A,inf,45.57419074,0.444938116,45.4310082,0.492458446,FOVNotMatch,2003/9/28 10:00:45,SAT_25074,5.755910365,10.45527122,SAT_26352,5.810639758,18.16493218,SAT_27501,5.858973137,18.33647807
frame-u-004145-5-0415,1,No match,FALSE,N/A,inf,45.74401803,0.487805525,45.64033279,0.52239636,FOVNotMatch,2003/9/28 10:01:21,SAT_25074,5.755910365,10.54448004,SAT_26352,5.810639758,18.254141,SAT_27501,5.858973137,18.42568689
frame-u-004145-6-0484,1,No match,FALSE,N/A,inf,55.94459227,0.842235145,55.91137124,0.929280159,FOVNotMatch,2003/9/28 10:42:33,SAT_26970,0.116085424,42.04580087,SAT_25074,4.18280951,59.02615626,SAT_15825,5.561942478,78.73640409
frame-u-004145-6-0485,1,No match,FALSE,N/A,inf,56.22412464,0.893577059,56.15796634,1.066750445,FOVNotMatch,2003/9/28 10:43:08,SAT_26970,0.116085424,42.06436657,SAT_25074,4.18280951,59.00759057,SAT_15825,5.561942478,78.71783839
frame-u-004145-4-0421,1,Success,TRUE,SAT_11153,4.00301512,46.64208364,0.205462638,46.47909152,0.181678428,,2003/9/28 10:04:56,SAT_11153,2.335122031,4.00301512,SAT_15139,2.001296414,4.090835488,SAT_19483,5.200501303,4.28968316
frame-u-004145-2-0447,1,No match,FALSE,N/A,inf,50.5350148,-0.720162576,50.37216453,-0.784030274,FOVNotMatch,2003/9/28 10:20:27,SAT_19483,5.230364296,9.070071867,SAT_11153,2.894506876,9.458527385,SAT_15139,3.77444655,9.549704323
frame-u-004157-1-0037,1,No match,FALSE,N/A,inf,24.13154589,-0.956339509,24.25728777,-0.900257307,FOVNotMatch,2003/9/30 7:52:29,SAT_11144,4.596993395,7.632055069,SAT_8366U,4.192045658,7.86113551,SAT_10953,2.112641141,8.831964452
frame-u-004157-1-0066,1,Success,TRUE,SAT_13946,1.528043615,28.47521012,-1.042362357,28.59867907,-0.819211366,,2003/9/30 8:09:48,SAT_13946,3.547909252,1.528043615,SAT_8701U,3.968611187,10.91403044,SAT_21302,4.032076683,32.86117049
frame-u-004157-5-0127,1,Success,TRUE,SAT_26779,1.361658475,37.68129621,0.832178507,37.73028891,0.849393268,,2003/9/30 8:46:13,SAT_26779,2.777747118,1.361658475,SAT_11144,3.517571378,3.277665909,SAT_8366U,4.09919736,4.663586077
frame-u-004158-4-0070,1,Success,TRUE,SAT_27034,1.353080763,84.57002702,0.030272918,84.49254889,0.00400264,,2003/9/30 11:02:32,SAT_27034,4.831045048,1.353080763,SAT_19765,2.530500171,10.77660857,SAT_14077,3.980211742,10.83515926
frame-u-004158-2-0051,1,Success,TRUE,SAT_27034,3.335729776,81.65391263,-0.788576197,81.56241298,-0.812777626,,2003/9/30 10:51:11,SAT_27034,4.686552097,3.335729776,SAT_19765,2.798675763,6.55026333,SAT_14077,4.164653031,6.612112808
frame-u-004158-1-0088,1,No match,FALSE,N/A,inf,87.26365331,-1.163529974,87.10311154,-1.043303339,FOVNotMatch,2003/9/30 11:13:16,SAT_3292U,4.179309712,29.75920005,SAT_27445,5.064612064,36.83370685,SAT_25626,4.213630621,36.85083566
frame-u-004157-6-0264,1,Success,TRUE,SAT_16446,0.368536144,58.1872757,1.055423953,58.14695625,1.143551708,,2003/9/30 10:08:01,SAT_16446,3.240048509,0.368536144,SAT_24273,4.520074802,4.326847618,SAT_14595,5.06945161,4.644473911
frame-u-004157-6-0201,1,No match,FALSE,N/A,inf,48.81005207,1.24492401,48.68809118,1.280077567,FOVNotMatch,2003/9/30 9:30:24,SAT_23237,4.363117344,15.32849416,SAT_14134,5.534753274,26.68561515,SAT_15139,2.322943118,28.26346484
frame-u-004184-6-0145,1,No match,FALSE,N/A,inf,323.4535066,1.254282677,323.2964269,1.244649583,FOVNotMatch,2003/10/17 3:10:07,SAT_27659,0.080747107,7.095656438,SAT_25465,2.437151493,17.45110256,SAT_10894,0.083136701,71.29034213
frame-u-004184-6-0147,1,No match,FALSE,N/A,inf,323.7586521,1.236091615,323.6714353,1.230593569,FOVNotMatch,2003/10/17 3:11:18,SAT_27659,0.080747107,7.193409205,SAT_25465,2.437151493,17.54885532,SAT_10894,0.083136701,71.3880949
frame-u-004184-3-0194,1,No match,FALSE,N/A,inf,330.6314879,-0.122882105,330.6903663,-0.098817816,FOVNotMatch,2003/10/17 3:39:22,SAT_15832,0.691096659,12.53508279,SAT_25640,2.164411242,14.07881699,SAT_26352,5.519013666,22.13582396
frame-u-004184-3-0236,1,No match,FALSE,N/A,inf,337.0128395,-0.126154554,336.9187533,-0.043543983,FOVNotMatch,2003/10/17 4:04:27,SAT_25465,1.930615471,25.51196976,SAT_18470,3.23867604,25.62999162,SAT_27659,3.064128605,33.82838653
frame-u-004184-3-0238,1,Success,TRUE,SAT_26624,0.006052081,337.3813935,-0.181640724,337.3163992,-0.181637145,,2003/10/17 4:05:38,SAT_26624,5.414448058,0.006052081,SAT_27501,5.253236808,0.008113275,SAT_24748,5.300559914,0.0280833
frame-u-004184-1-0212,1,No match,FALSE,N/A,inf,333.326572,-0.979937885,333.4056577,-0.821912233,FOVNotMatch,2003/10/17 3:50:07,SAT_15832,4.044247762,29.7586731,SAT_20442,4.883965406,46.67342633,SAT_3029U,4.781611775,49.04707483
frame-u-004184-1-0213,1,No match,FALSE,N/A,inf,333.5918369,-1.04681694,333.6393933,-0.952628367,FOVNotMatch,2003/10/17 3:50:43,SAT_15832,4.044247762,29.55606523,SAT_20442,4.883965406,46.87603419,SAT_3029U,4.781611775,48.84446697
frame-u-004184-1-0284,1,Success,TRUE,SAT_00862,1.188112901,344.2464538,-1.023336098,344.1046077,-0.94734473,,2003/10/17 4:33:06,SAT_00862,4.459983437,1.188112901,SAT_25465,4.275118696,11.63016302,SAT_21155,1.064675848,17.70696561
frame-u-004184-1-0285,1,Success,TRUE,SAT_00862,1.145165671,344.417824,-0.954791413,344.3200707,-0.902515315,,2003/10/17 4:33:42,SAT_00862,4.459983437,1.145165671,SAT_25465,4.275118696,11.58721579,SAT_21155,1.064675848,17.66401838
frame-u-004184-6-0286,1,No match,FALSE,N/A,inf,344.5665583,1.177151994,344.463833,1.241317328,FOVNotMatch,2003/10/17 4:34:18,SAT_00862,4.459983437,5.001138988,SAT_25465,4.275118696,15.44318911,SAT_21155,1.064675848,21.5199917
frame-u-004184-1-0307,1,Success,TRUE,SAT_11883,3.523112587,347.5477783,-1.004540979,347.6081895,-0.82299963,,2003/10/17 4:46:50,SAT_11883,2.971132605,3.523112587,SAT_18881,5.182763714,35.92052524,SAT_11079,0.024128598,36.85604234
frame-u-004184-2-0307,1,Success,TRUE,SAT_11883,3.456776234,347.6738437,-0.627327345,347.711262,-0.514436697,,2003/10/17 4:46:50,SAT_11883,2.971132605,3.456776234,SAT_18881,5.182763714,35.85418888,SAT_11079,0.024128598,36.78970599
frame-u-004188-5-0099,1,Success,TRUE,SAT_27616,3.54663958,358.4315793,0.633185672,358.3245263,0.845560926,,2003/10/18 4:02:31,SAT_27616,5.219041034,3.54663958,SAT_27902,1.268249261,39.7712403,SAT_23127,0.557109017,74.3605456
frame-u-004188-6-0104,1,No match,FALSE,N/A,inf,359.1372332,1.073358949,359.0488127,1.162324655,FOVNotMatch,2003/10/18 4:05:30,SAT_27616,5.219041034,21.61550937,SAT_23127,0.557109017,56.29167582,SAT_20316,5.743995703,56.5958501
frame-u-004187-6-0099,1,Success,TRUE,SAT_23232,0.306907156,322.5268842,1.045181443,322.4175489,1.04039946,,2003/10/18 2:47:58,SAT_23232,4.035617652,0.306907156,SAT_10221,5.898599973,1.463752026,SAT_26696,3.133802282,4.695104281
frame-u-004188-5-0107,1,No match,FALSE,N/A,inf,359.5960577,0.736744627,359.4996564,0.75663106,FOVNotMatch,2003/10/18 4:07:17,SAT_11676,4.952481843,11.60053759,SAT_23127,0.734058947,22.49228837,SAT_20316,5.821053349,22.65628941
frame-u-004187-3-0060,1,Success,TRUE,SAT_26696,2.144851582,316.7424701,-0.250801537,316.5797308,-0.281596568,,2003/10/18 2:24:41,SAT_26696,1.107301415,2.144851582,SAT_26352,5.383167204,10.57280146,SAT_26624,5.162923812,10.73008496
frame-u-004187-3-0061,1,Success,TRUE,SAT_26696,2.142596069,316.8920327,-0.279165903,316.7293003,-0.309952912,,2003/10/18 2:25:16,SAT_26696,1.107301415,2.142596069,SAT_26352,5.383167204,10.57054595,SAT_26624,5.162923812,10.72782945
frame-u-004187-4-0062,1,No match,FALSE,N/A,inf,316.9173172,0.002798918,316.8790843,0.092278908,FOVNotMatch,2003/10/18 2:25:52,SAT_12376,5.659336151,35.25690793,SAT_21229,2.239436915,37.70433245,SAT_21320,5.848502626,45.00378606
frame-u-004188-1-0136,1,No match,FALSE,N/A,inf,3.876927435,-0.972933578,3.839705022,-0.869591481,FOVNotMatch,2003/10/18 4:24:36,SAT_27436,3.545364142,19.98362076,SAT_22513,5.099986313,39.07326248,SAT_14264,0.057919824,39.53286725
frame-u-004188-2-0137,1,No match,FALSE,N/A,inf,4.05132364,-0.625404882,3.98926983,-0.452053001,FOVNotMatch,2003/10/18 4:25:12,SAT_27436,3.545364142,19.87241218,SAT_22513,5.099986313,38.9620539,SAT_14264,0.057919824,39.42165867
frame-u-004188-3-0138,1,No match,FALSE,N/A,inf,4.199848356,-0.205713198,4.138769503,-0.035471109,FOVNotMatch,2003/10/18 4:25:48,SAT_27436,3.545364142,19.91440488,SAT_22513,5.099986313,39.00404659,SAT_14264,0.057919824,39.46365136
frame-u-004188-5-0140,1,No match,FALSE,N/A,inf,4.496483826,0.634121006,4.438038639,0.796077783,FOVNotMatch,2003/10/18 4:26:59,SAT_27436,3.545364142,20.0191734,SAT_22513,5.099986313,39.10881511,SAT_14264,0.057919824,39.56841988
frame-u-004188-6-0141,1,No match,FALSE,N/A,inf,4.644468209,1.052660273,4.587703377,1.210565308,FOVNotMatch,2003/10/18 4:27:35,SAT_27436,3.545364142,19.94695635,SAT_22513,5.099986313,39.03659807,SAT_14264,0.057919824,39.49620284
frame-u-004191-3-0021,1,No match,FALSE,N/A,inf,318.4077811,-0.192316513,318.367578,-0.238395357,FOVNotMatch,2003/10/19 1:37:57,SAT_20764,5.92935907,15.63629726,SAT_11141,3.100825595,19.71397487,SAT_15836,4.446269866,21.95767948
frame-u-004191-3-0021,2,Success,TRUE,SAT_11141,1.25637803,318.4627616,-0.192553245,318.4394173,-0.25622827,,2003/10/19 1:37:57,SAT_11141,3.100825595,1.25637803,SAT_20764,5.92935907,36.60665015,SAT_22178,3.093549147,41.69665879
frame-u-004192-5-0014,1,No match,FALSE,N/A,inf,308.9174201,0.472825994,308.8893201,0.502626131,FOVNotMatch,2003/10/19 1:54:40,SAT_23846,5.867286912,46.62527082,SAT_26624,5.87070072,46.66689419,SAT_26352,5.809568016,46.83809114
frame-u-004192-3-0095,1,No match,FALSE,N/A,inf,321.0223059,-0.263738831,320.8800759,-0.227539765,FOVNotMatch,2003/10/19 2:43:01,SAT_23715,5.831664411,6.646874951,SAT_21726,5.69330445,13.96613168,SAT_23846,5.040079865,14.22277197
frame-u-004192-3-0096,1,No match,FALSE,N/A,inf,321.1926376,-0.23107868,321.039353,-0.192503291,FOVNotMatch,2003/10/19 2:43:37,SAT_23715,5.831664411,6.493256973,SAT_21726,5.69330445,13.81251371,SAT_23846,5.040079865,14.06915399
frame-u-004192-6-0258,1,Success,TRUE,SAT_07023,1.572120265,345.3882711,0.840960638,345.287179,1.06524056,,2003/10/19 4:20:21,SAT_07023,5.486554295,1.572120265,SAT_7023U,5.490185727,1.573377391,SAT_12536,2.271768438,2.131983454
frame-u-004192-3-0486,1,No match,FALSE,N/A,inf,19.47955276,-0.417382202,19.41272353,-0.359203915,FOVNotMatch,2003/10/19 6:36:29,SAT_21594,0.964244403,15.28021488,SAT_28002,1.484170523,18.54254825,SAT_13911,4.794470179,27.3558344
frame-u-004192-1-0321,1,Success,TRUE,SAT_20316,1.276164962,354.8746446,-1.185968179,354.7115252,-1.219998171,,2003/10/19 4:57:58,SAT_20316,2.835664584,1.276164962,SAT_03029,1.615234621,1.438926574,SAT_3029U,1.614509671,1.439055298
frame-u-004192-1-0322,1,Success,TRUE,SAT_20316,1.218035378,355.0244533,-1.217089327,354.8613297,-1.25094717,,2003/10/19 4:58:34,SAT_20316,2.835664584,1.218035378,SAT_03029,1.615234621,1.497056157,SAT_3029U,1.614509671,1.497184881
frame-u-004192-1-0323,1,Success,TRUE,SAT_20316,0.901902081,355.1741491,-1.248355488,355.13297,-1.256665879,,2003/10/19 4:59:09,SAT_20316,2.835664584,0.901902081,SAT_03029,1.615234621,1.813189455,SAT_3029U,1.614509671,1.813318179
frame-u-004192-5-0446,1,No match,FALSE,N/A,inf,13.51714478,0.570343754,13.42406599,0.612480055,FOVNotMatch,2003/10/19 6:12:36,SAT_22802,4.510821032,8.936868848,SAT_8747U,4.756146937,12.22314685,SAT_08747,4.75677201,12.22329448
frame-u-004192-6-0343,1,No match,FALSE,N/A,inf,358.1631916,0.841201313,358.101868,0.879335103,FOVNotMatch,2003/10/19 5:11:06,SAT_8747U,4.485415915,20.8223416,SAT_08747,4.486029767,20.82248693,SAT_4902U,3.637033259,31.8234058
frame-u-004198-3-0093,1,No match,FALSE,N/A,inf,319.7311161,-0.17443338,319.6804114,-0.151804376,FOVNotMatch,2003/10/22 2:27:07,SAT_23177,0.112944625,12.34327164,SAT_27474,4.758075931,13.90072192,SAT_11635,5.535100559,17.74321057
frame-u-004198-3-0094,1,No match,FALSE,N/A,inf,319.9933158,-0.157649783,319.8300997,-0.085811414,FOVNotMatch,2003/10/22 2:27:43,SAT_23177,0.112944625,12.04883968,SAT_27474,4.758075931,14.19515388,SAT_11635,5.535100559,17.44877861
frame-u-004198-3-0095,1,No match,FALSE,N/A,inf,320.1433567,-0.091671668,320.1052435,-0.074925742,FOVNotMatch,2003/10/22 2:28:19,SAT_23177,0.112944625,12.01186095,SAT_27474,4.758075931,14.23213261,SAT_11635,5.535100559,17.41179987
frame-u-004198-1-0100,1,No match,FALSE,N/A,inf,320.8917542,-1.023632305,320.7860722,-1.046571588,FOVNotMatch,2003/10/22 2:31:18,SAT_26352,4.273050248,12.13185866,SAT_27501,5.183716083,12.24899636,SAT_24315,5.897448016,12.25347714
frame-u-004198-4-0245,1,No match,FALSE,N/A,inf,342.5475903,0.287313652,342.4437483,0.211599255,FOVNotMatch,2003/10/22 3:57:52,SAT_4353U,5.647129111,20.87144911,SAT_3029U,2.134520879,21.97300577,SAT_03029,2.13296351,21.9733697
frame-u-004198-2-0321,1,Success,TRUE,SAT_22573,0.760720524,353.864047,-0.62654376,353.812253,-0.608845172,,2003/10/22 4:43:15,SAT_22573,2.653442382,0.760720524,SAT_8747U,4.968806598,8.219363215,SAT_08747,4.970637752,8.219691122
frame-u-004198-2-0322,1,Success,TRUE,SAT_22573,1.491135973,354.1246779,-0.613375655,354.0598064,-0.590280647,,2003/10/22 4:43:51,SAT_22573,2.653442382,1.491135973,SAT_8747U,4.968806598,8.949778665,SAT_08747,4.970637752,8.950106571
frame-u-004198-5-0359,1,Success,TRUE,SAT_08747,1.536629589,359.6629448,0.840794673,359.574232,0.855935115,,2003/10/22 5:05:56,SAT_08747,4.634675507,1.536629589,SAT_8747U,4.632481392,1.536988642,SAT_4353U,2.695194933,9.635477967
frame-u-004198-6-0384,1,No match,FALSE,N/A,inf,3.315834289,1.051001506,3.242170532,1.111985231,FOVNotMatch,2003/10/22 5:20:52,SAT_26838,5.807887028,25.31588084,SAT_8747U,4.872846129,28.08286929,SAT_08747,4.875033738,28.08324797
frame-u-004198-3-0392,1,No match,FALSE,N/A,inf,4.577458295,-0.058071486,4.469464791,0.017312116,FOVNotMatch,2003/10/22 5:25:39,SAT_8747U,4.585757594,23.2822965,SAT_08747,4.588007896,23.28268132,SAT_21726,5.978366167,34.87607581
frame-u-004198-6-0445,1,No match,FALSE,N/A,inf,12.49712861,1.114530206,12.52536203,1.13628684,FOVNotMatch,2003/10/22 5:57:17,SAT_27812,5.558912476,6.122569648,SAT_21836,1.163650921,16.9834585,SAT_7836U,5.335592001,21.10927363
frame-u-004198-3-0447,1,Success,TRUE,SAT_23787,2.052421673,12.78550727,-0.122340659,12.76105667,0.017005688,,2003/10/22 5:58:29,SAT_23787,4.103453565,2.052421673,SAT_2796U,0.857426685,10.46676857,SAT_02796,0.858739041,10.46906683
frame-u-004198-4-0447,1,Success,TRUE,SAT_23787,1.965764922,12.7269075,0.212170835,12.68783843,0.436821265,,2003/10/22 5:58:29,SAT_23787,4.103453565,1.965764922,SAT_2796U,0.857426685,10.38011182,SAT_02796,0.858739041,10.38241008
frame-u-004198-6-0553,1,No match,FALSE,N/A,inf,28.65522423,1.051948796,28.64925149,1.275815605,FOVNotMatch,2003/10/22 7:01:46,SAT_3841U,5.389579619,7.389680445,SAT_03841,5.38960307,7.389731559,SAT_17134,5.763953607,13.27302841
frame-u-004198-2-0699,1,Success,TRUE,SAT_14190,2.390714057,50.47470059,-0.6267318,50.40066571,-0.449791409,,2003/10/22 8:28:57,SAT_14190,3.428021866,2.390714057,SAT_27617,3.913203892,2.529641675,SAT_23027,4.480848285,9.718760749
frame-u-004198-1-0705,1,No match,FALSE,N/A,inf,51.38551243,-1.03174102,51.29998479,-0.995220609,FOVNotMatch,2003/10/22 8:32:32,SAT_23238,3.683666226,17.58031206,SAT_26352,4.737570005,22.96889205,SAT_27501,5.588966285,23.11738335
frame-u-004203-1-0048,1,No match,FALSE,N/A,inf,306.6391763,-1.256211125,306.6679255,-1.174149602,FOVNotMatch,2003/10/23 1:41:19,SAT_12376,3.715736813,7.212180817,SAT_19910,3.670438797,35.95069401,SAT_20433,0.083507301,43.80561342
frame-u-004203-1-0253,1,No match,FALSE,N/A,inf,337.3551784,-1.099893212,337.1923308,-1.080379715,FOVNotMatch,2003/10/23 3:43:43,SAT_21726,4.553682553,6.621762474,SAT_23846,5.024876256,6.777188781,SAT_24748,4.245583344,6.794689308
frame-u-004203-1-0254,1,No match,FALSE,N/A,inf,337.5051138,-1.081822972,337.3576476,-1.063859341,FOVNotMatch,2003/10/23 3:44:18,SAT_21726,4.553682553,6.734040808,SAT_23846,5.024876256,6.889467115,SAT_24748,4.245583344,6.906967642
frame-u-004203-1-0192,1,Success,TRUE,SAT_10748,3.296824634,328.141311,-1.25650259,328.0608633,-1.042429805,,2003/10/23 3:07:17,SAT_10748,4.082651067,3.296824634,SAT_21499,0.385687886,35.5042988,SAT_11896,0.05886535,41.30448589
frame-u-004203-2-0193,1,Success,TRUE,SAT_10748,3.308507707,328.2823226,-0.837025232,328.210635,-0.646122595,,2003/10/23 3:07:53,SAT_10748,4.082651067,3.308507707,SAT_21499,0.385687886,35.49261573,SAT_11896,0.05886535,41.29280282
frame-u-004203-1-0193,1,Success,TRUE,SAT_10748,3.399890889,328.3731367,-1.077527017,328.3559369,-1.031505183,,2003/10/23 3:07:53,SAT_10748,4.082651067,3.399890889,SAT_21499,0.385687886,35.40123255,SAT_11896,0.05886535,41.20141963
frame-u-004203-2-0194,1,Success,TRUE,SAT_10748,3.372439235,328.5230556,-0.681071826,328.4972803,-0.612197832,,2003/10/23 3:08:29,SAT_10748,4.082651067,3.372439235,SAT_21499,0.385687886,35.4286842,SAT_11896,0.05886535,41.22887129
frame-u-004203-4-0195,1,No match,FALSE,N/A,inf,328.509488,0.184977362,328.5991251,0.226977794,FOVNotMatch,2003/10/23 3:09:05,SAT_15832,4.409600152,9.046290958,SAT_10144,4.986923459,9.546598016,SAT_3029U,5.880226567,10.70310772
frame-u-004203-4-0196,1,No match,FALSE,N/A,inf,328.6681946,0.11907242,328.8225504,0.191474602,FOVNotMatch,2003/10/23 3:09:41,SAT_15832,4.409600152,9.022887786,SAT_10144,4.986923459,9.570001188,SAT_3029U,5.880226567,10.72651089
frame-u-004203-1-0244,1,No match,FALSE,N/A,inf,335.9425253,-1.256519384,335.8447901,-1.244550849,FOVNotMatch,2003/10/23 3:38:20,SAT_21726,4.548591945,6.76221739,SAT_23846,5.024544759,6.925575862,SAT_24748,4.244659877,6.942381249
frame-u-004203-1-0245,1,No match,FALSE,N/A,inf,335.9957556,-1.054201317,336.0537212,-1.031644584,FOVNotMatch,2003/10/23 3:38:56,SAT_3029U,4.488763941,6.990925773,SAT_03029,4.487272657,6.991196612,SAT_2215U,0.104127773,14.17209565
frame-u-004203-1-0245,2,No match,FALSE,N/A,inf,336.1575298,-1.246263603,335.9950811,-1.226332926,FOVNotMatch,2003/10/23 3:38:56,SAT_21726,4.548591945,6.775182264,SAT_23846,5.024544759,6.938540736,SAT_24748,4.244659877,6.955346122
frame-u-004203-4-0246,1,No match,FALSE,N/A,inf,336.2406268,0.114293203,336.1444727,0.143497308,FOVNotMatch,2003/10/23 3:39:32,SAT_21726,4.548591945,16.67368027,SAT_23846,5.024544759,16.83703874,SAT_24748,4.244659877,16.85384413
frame-u-004203-1-0246,1,No match,FALSE,N/A,inf,336.3071411,-1.228081964,336.1443997,-1.207796468,FOVNotMatch,2003/10/23 3:39:32,SAT_21726,4.548591945,6.885744057,SAT_23846,5.024544759,7.049102529,SAT_24748,4.244659877,7.065907915
frame-u-004203-1-0246,2,No match,FALSE,N/A,inf,336.1592207,-1.106158322,336.3065858,-1.049358405,FOVNotMatch,2003/10/23 3:39:32,SAT_3029U,4.488763941,6.806615035,SAT_03029,4.487272657,6.806885874,SAT_2215U,0.104127773,13.98778492
frame-u-004203-1-0250,1,No match,FALSE,N/A,inf,336.9059055,-1.154511275,336.7435874,-1.134827419,FOVNotMatch,2003/10/23 3:41:55,SAT_21726,4.548591945,6.694663797,SAT_23846,5.024544759,6.858022268,SAT_24748,4.244659877,6.874827655
frame-u-004203-4-0307,1,Success,TRUE,SAT_26463,0.580914208,345.3486219,0.136265194,345.3764786,0.225396568,,2003/10/23 4:15:57,SAT_26463,0.812241526,0.580914208,SAT_26410,0.714554987,0.611780712,SAT_26464,0.743796925,0.669296713
frame-u-004203-3-0573,1,No match,FALSE,N/A,inf,25.16698176,-0.220968426,25.138912,-0.192776632,FOVNotMatch,2003/10/23 6:54:47,SAT_10485,5.185654407,27.87425671,SAT_26591,5.609471614,37.82450898,SAT_26352,4.956733353,45.02471541
frame-u-004203-6-0463,1,No match,FALSE,N/A,inf,8.722626543,0.841045767,8.629169115,0.904211473,FOVNotMatch,2003/10/23 5:49:06,SAT_15266,5.066920272,15.43804583,SAT_2215U,1.636082704,37.39624103,SAT_03029,4.256368576,45.06105095
frame-u-004203-1-0467,1,No match,FALSE,N/A,inf,9.309271042,-1.256709433,9.383152894,-1.033018437,FOVNotMatch,2003/10/23 5:51:29,SAT_11571,3.959024061,55.60161442,SAT_4902U,3.311880782,56.73908119,SAT_04902,3.295805278,56.75082572
frame-u-004203-5-0344,1,No match,FALSE,N/A,inf,350.9771687,0.439210535,350.8141057,0.455574227,FOVNotMatch,2003/10/23 4:38:03,SAT_26402,5.924573125,5.702930527,SAT_24748,5.931115749,5.706007623,SAT_27501,5.860315571,5.725639617
frame-u-004203-5-0345,1,No match,FALSE,N/A,inf,351.1272673,0.454120583,350.9640135,0.47038106,FOVNotMatch,2003/10/23 4:38:38,SAT_26402,5.924573125,5.660423811,SAT_24748,5.931115749,5.663500907,SAT_27501,5.860315571,5.683132901
frame-u-004203-5-0346,1,No match,FALSE,N/A,inf,351.2764027,0.468826488,351.1138926,0.485128541,FOVNotMatch,2003/10/23 4:39:14,SAT_26402,5.924573125,5.700803889,SAT_24748,5.931115749,5.703880985,SAT_27501,5.860315571,5.723512979
frame-u-004203-5-0347,1,No match,FALSE,N/A,inf,351.4260671,0.483861244,351.2631834,0.49999111,FOVNotMatch,2003/10/23 4:39:50,SAT_26402,5.924573125,5.627791211,SAT_24748,5.931115749,5.630868307,SAT_27501,5.860315571,5.650500301
frame-u-004203-5-0348,1,No match,FALSE,N/A,inf,351.5763855,0.498568693,351.4132555,0.514774048,FOVNotMatch,2003/10/23 4:40:26,SAT_26402,5.924573125,5.645575989,SAT_24748,5.931115749,5.648653085,SAT_27501,5.860315571,5.668285079
frame-u-004203-5-0350,1,No match,FALSE,N/A,inf,351.8756307,0.528252114,351.7124117,0.544242639,FOVNotMatch,2003/10/23 4:41:38,SAT_26402,5.924573125,5.567840416,SAT_24748,5.931115749,5.570917512,SAT_27501,5.860315571,5.590549506
frame-u-004203-3-0538,1,No match,FALSE,N/A,inf,20.01955027,-0.356274005,19.85693568,-0.259343188,FOVNotMatch,2003/10/23 6:33:53,SAT_26591,4.441982379,24.46506918,SAT_27997,1.829391646,26.05166123,SAT_26352,4.949586128,30.71457273
frame-u-004203-5-0352,1,Success,TRUE,SAT_01549,0.190106267,352.1746668,0.557672423,352.0119132,0.573558188,,2003/10/23 4:42:49,SAT_01549,5.997124922,0.190106267,SAT_3748U,5.623009334,2.203815305,SAT_03748,5.620976645,2.207451233
frame-u-004203-2-0628,1,No match,FALSE,N/A,inf,33.42367336,-0.836991714,33.33045289,-0.78826626,FOVNotMatch,2003/10/23 7:27:37,SAT_2215U,5.46387477,27.28259391,SAT_26352,4.631613069,27.47723624,SAT_23313,5.633610221,27.57931554
frame-u-004203-1-0610,1,No match,FALSE,N/A,inf,30.79874148,-1.175009735,30.63602446,-1.121185721,FOVNotMatch,2003/10/23 7:16:52,SAT_26352,4.146025414,18.19127751,SAT_23313,5.481431642,18.2877705,SAT_23846,5.015953036,18.2956747
frame-u-004203-1-0611,1,No match,FALSE,N/A,inf,30.94897079,-1.126026982,30.78549175,-1.072054508,FOVNotMatch,2003/10/23 7:17:28,SAT_26352,4.146025414,18.15825085,SAT_23313,5.481431642,18.25474383,SAT_23846,5.015953036,18.26264803
frame-u-004203-3-0647,1,No match,FALSE,N/A,inf,36.22603928,-0.292552997,36.29963118,-0.192741923,FOVNotMatch,2003/10/23 7:38:58,SAT_17134,3.724532075,24.39931266,SAT_26621,1.464722271,27.48675121,SAT_11147,0.902463873,35.76590171
frame-u-004207-3-0076,1,Success,TRUE,SAT_25932,1.421699937,315.7957354,-0.206843421,315.8106329,0.017775176,,2003/10/24 2:05:22,SAT_25932,1.048869622,1.421699937,SAT_12376,5.173028943,8.562912848,SAT_27898,2.00882265,9.051902126
frame-u-004207-5-0239,1,No match,FALSE,N/A,inf,340.1961498,0.856711615,340.0977829,0.817872104,FOVNotMatch,2003/10/24 3:42:41,SAT_3029U,4.066527045,7.352596578,SAT_03029,4.065966432,7.352849307,SAT_15390,0.376465874,18.65852833
frame-u-004203-6-0669,1,No match,FALSE,N/A,inf,39.55663193,0.914093289,39.6283974,1.065141751,FOVNotMatch,2003/10/23 7:52:06,SAT_15827,5.993173949,13.97076728,SAT_11147,1.890615318,47.03650919,SAT_23044,5.860448929,47.28587542
frame-u-004207-4-0296,1,Success,TRUE,SAT_4353U,0.19581738,348.6986181,0.431396238,348.6354467,0.414392794,,2003/10/24 4:16:43,SAT_4353U,5.717178453,0.19581738,SAT_3029U,2.629455532,1.367291599,SAT_03029,2.628364337,1.367534456
frame-u-004207-1-0177,1,Success,TRUE,SAT_4971U,2.549909072,330.9317469,-1.046072088,330.8648502,-0.821208558,,2003/10/24 3:05:40,SAT_4971U,4.869980266,2.549909072,SAT_04971,4.870099961,2.55293048,SAT_23820,2.055099556,19.02537241
frame-u-004207-2-0178,1,Success,TRUE,SAT_4971U,2.615478771,331.1062125,-0.62670492,331.0397626,-0.402383862,,2003/10/24 3:06:16,SAT_4971U,4.869980266,2.615478771,SAT_04971,4.870099961,2.618500179,SAT_23820,2.055099556,18.95980271
frame-u-004207-4-0179,1,Success,TRUE,SAT_4971U,2.566610289,331.1553182,0.212392203,331.1165967,0.342703588,,2003/10/24 3:06:52,SAT_4971U,4.869980266,2.566610289,SAT_04971,4.870099961,2.569631697,SAT_23820,2.055099556,19.0086712
frame-u-004207-3-0179,1,Success,TRUE,SAT_4971U,2.5092151,331.2796014,-0.203884135,331.2135135,0.017713614,,2003/10/24 3:06:52,SAT_4971U,4.869980266,2.5092151,SAT_04971,4.870099961,2.512236507,SAT_23820,2.055099556,19.06606639
frame-u-004207-5-0180,1,Success,TRUE,SAT_4971U,2.573262566,331.3292554,0.632558249,331.265843,0.846038521,,2003/10/24 3:07:28,SAT_4971U,4.869980266,2.573262566,SAT_04971,4.870099961,2.576283974,SAT_23820,2.055099556,19.00201892
frame-u-004207-4-0180,1,Success,TRUE,SAT_4971U,2.631470554,331.4291654,0.297470885,331.3877917,0.43728606,,2003/10/24 3:07:28,SAT_4971U,4.869980266,2.631470554,SAT_04971,4.870099961,2.634491962,SAT_23820,2.055099556,18.94381093
frame-u-004207-5-0353,1,No match,FALSE,N/A,inf,357.1641356,0.686424558,357.190869,0.856442367,FOVNotMatch,2003/10/24 4:50:45,SAT_8896U,5.370098875,5.827161085,SAT_27367,5.95357928,45.89940035,SAT_4353U,3.29407144,66.05601028
frame-u-004207-6-0353,1,No match,FALSE,N/A,inf,357.2217514,1.051451482,357.257348,1.275729436,FOVNotMatch,2003/10/24 4:50:45,SAT_8896U,5.370098875,5.745603354,SAT_27367,5.95357928,45.81784262,SAT_4353U,3.29407144,65.97445255
frame-u-004207-5-0354,1,No match,FALSE,N/A,inf,357.4550998,0.632118097,357.4764713,0.767818106,FOVNotMatch,2003/10/24 4:51:21,SAT_8896U,5.370098875,5.812940381,SAT_27367,5.95357928,45.88517965,SAT_4353U,3.29407144,66.04178957
frame-u-004207-6-0388,1,Success,TRUE,SAT_25624,1.738614196,2.464137507,1.129696261,2.403278966,1.137638022,,2003/10/24 5:11:39,SAT_25624,5.810614588,1.738614196,SAT_8747U,5.313195889,4.082272848,SAT_22098,0.031762298,7.306699469
frame-u-004207-6-0390,1,Success,TRUE,SAT_25624,1.712320849,2.865974754,1.155677946,2.781781181,1.166704005,,2003/10/24 5:12:51,SAT_25624,5.810614588,1.712320849,SAT_8747U,5.313195889,4.055979501,SAT_22098,0.031762298,7.332992816
frame-u-004208-1-0072,1,No match,FALSE,N/A,inf,116.6930221,43.49822412,116.6509659,43.42109568,FOVNotMatch,2003/10/24 9:54:33,SAT_4322U,0.046028778,17.96733355,SAT_04322,0.037853496,17.96868657,SAT_22462,9.345729829,N/A
frame-u-004208-1-0073,1,No match,FALSE,N/A,inf,116.8595636,43.69507829,116.780135,43.55207296,FOVNotMatch,2003/10/24 9:55:09,SAT_4322U,0.046028778,17.65733097,SAT_04322,0.037853496,17.65868399,SAT_22462,9.345729829,N/A
frame-u-004208-1-0114,1,Success,TRUE,SAT_12715,3.808358707,121.2377053,48.96673616,121.1715625,48.93156812,,2003/10/24 10:19:38,SAT_12715,2.455796175,3.808358707,SAT_26007,0.101759466,31.1578717,SAT_14475,5.598327131,40.60332749
frame-u-004208-1-0158,1,No match,FALSE,N/A,inf,127.5104622,54.36446875,127.2034642,54.30581477,FOVNotMatch,2003/10/24 10:45:54,SAT_15714,5.472640946,17.53087308,SAT_12088,1.25497507,26.68545662,SAT_24840,0.708250286,42.37183064
frame-u-004208-3-0172,1,Success,TRUE,SAT_10757,2.253170832,128.5303175,56.57281673,128.3666615,56.43688141,,2003/10/24 10:54:15,SAT_10757,1.168562599,2.253170832,SAT_09651,1.728096056,44.71294001,SAT_9651U,1.720444454,44.84024323
frame-u-004208-6-0190,1,No match,FALSE,N/A,inf,129.9610638,59.34238572,129.8056975,59.28016162,FOVNotMatch,2003/10/24 11:05:00,SAT_26010,5.401058226,35.35670296,SAT_15714,3.730905289,53.20576955,SAT_19802,3.440696213,67.23032599
frame-u-004208-4-0232,1,No match,FALSE,N/A,inf,140.3721537,63.25353518,139.9992588,63.31094203,FOVNotMatch,2003/10/24 11:30:05,SAT_20813,2.479407242,6.132656906,SAT_26970,4.840148906,21.89971743,SAT_19751,4.020567421,28.1220052
frame-u-004208-4-0233,1,No match,FALSE,N/A,inf,140.5583723,63.49994103,140.4507564,63.51658267,FOVNotMatch,2003/10/24 11:30:41,SAT_20813,2.479407242,5.914743067,SAT_26970,4.840148906,22.11763127,SAT_19751,4.020567421,27.90409136
frame-u-004207-6-0694,1,No match,FALSE,N/A,inf,48.37666027,1.121583176,48.27694447,1.050740151,FOVNotMatch,2003/10/24 8:14:22,SAT_26609,0.93505203,17.74112866,SAT_19483,4.00776598,22.65638684,SAT_10953,5.790235251,23.28806532
frame-u-004208-2-0273,1,Success,TRUE,SAT_4178U,2.370426986,153.1135976,66.15688167,153.0215756,66.12697131,,2003/10/24 11:54:34,SAT_4178U,0.165516117,2.370426986,SAT_04178,0.109358017,2.407906568,SAT_20867,2.61049623,4.499800238
frame-u-004208-2-0275,1,Success,TRUE,SAT_4178U,3.281278364,154.040054,66.33185385,153.9797541,66.31301963,,2003/10/24 11:55:46,SAT_4178U,0.165516117,3.281278364,SAT_04178,0.109358017,3.318757946,SAT_20867,2.61049623,3.58894886
frame-u-004233-2-0081,1,No match,FALSE,N/A,inf,115.749911,46.85093952,115.8993767,46.68211591,FOVNotMatch,2003/11/3 9:31:57,SAT_12696,1.836279046,48.68865573,SAT_26973,17.47350836,N/A,SAT_25054,7.13387037,N/A
frame-u-004208-5-0258,1,Success,TRUE,SAT_23211,0.55178966,146.8523278,66.12436435,146.5165477,66.06357474,,2003/10/24 11:45:37,SAT_23211,1.579984393,0.55178966,SAT_9980U,3.909386697,13.71969763,SAT_6265U,2.367902278,20.03874502
frame-u-004208-5-0259,1,Success,TRUE,SAT_23211,0.426622421,147.1474427,66.24255014,146.9352586,66.20455641,,2003/10/24 11:46:12,SAT_23211,1.579984393,0.426622421,SAT_9980U,3.909386697,13.59453039,SAT_6265U,2.367902278,19.91357778
frame-u-004207-2-0634,1,No match,FALSE,N/A,inf,39.38782921,-0.626827022,39.33787321,-0.493095248,FOVNotMatch,2003/10/24 7:38:32,SAT_07209,1.778495677,9.443127382,SAT_7209U,1.778783215,9.443446755,SAT_11546,1.054448682,42.30659233
frame-u-004252-6-0045,1,No match,FALSE,N/A,inf,347.4998666,1.197211443,347.6336674,1.257802346,FOVNotMatch,2003/11/19 1:29:51,SAT_4068U,5.930886475,8.455194607,SAT_27369,4.861439887,11.56342534,SAT_27368,3.423065428,12.13357329
frame-u-004252-5-0095,1,No match,FALSE,N/A,inf,355.0353879,0.633292967,355.1254614,0.858179221,FOVNotMatch,2003/11/19 1:59:42,SAT_27368,1.989812136,32.85502796,SAT_27369,3.222428974,33.52011194,SAT_23420,1.24969419,43.75976749
frame-u-004247-2-0202,1,Success,TRUE,SAT_10526,2.568838667,13.96907405,-0.613008822,13.90673275,-0.707472267,,2003/11/16 4:48:32,SAT_10526,1.339460985,2.568838667,SAT_14005,5.824211824,39.27184583,SAT_10143,2.959823941,40.24433981
frame-u-004247-2-0203,1,Success,TRUE,SAT_10526,2.65430305,14.14501612,-0.800230727,14.21956992,-0.686896769,,2003/11/16 4:49:08,SAT_10526,1.339460985,2.65430305,SAT_14005,5.824211824,39.35731021,SAT_10143,2.959823941,40.32980419
frame-u-004247-5-0236,1,No match,FALSE,N/A,inf,19.02554759,0.42198301,18.99621408,0.51139017,FOVNotMatch,2003/11/16 5:08:50,SAT_17563,4.962660325,51.97003729,SAT_23741,5.927034669,71.81710987,SAT_23313,5.917628854,71.81808253
frame-u-004247-5-0237,1,No match,FALSE,N/A,inf,19.30917425,0.468510846,19.25041929,0.646046534,FOVNotMatch,2003/11/16 5:09:26,SAT_17563,4.962660325,51.82255802,SAT_23741,5.927034669,71.66963059,SAT_23313,5.917628854,71.67060326
frame-u-004263-6-0063,1,Success,TRUE,SAT_11303,1.948351516,352.2235101,0.841526356,352.0607715,0.859367251,,2003/11/20 2:52:14,SAT_11303,5.578865092,1.948351516,SAT_2222U,0.104918068,12.41533311,SAT_4478U,4.1544166,17.6060169
frame-u-004263-6-0065,1,Success,TRUE,SAT_11303,1.957077719,352.5230079,0.874010906,352.3599119,0.891865692,,2003/11/20 2:53:26,SAT_11303,5.578865092,1.957077719,SAT_2222U,0.104918068,12.4066069,SAT_4478U,4.1544166,17.59729069
frame-u-004263-6-0066,1,Success,TRUE,SAT_11303,2.027782601,352.6724677,0.890244885,352.5096115,0.907870027,,2003/11/20 2:54:02,SAT_11303,5.578865092,2.027782601,SAT_2222U,0.104918068,12.33590202,SAT_4478U,4.1544166,17.52658581
frame-u-004263-6-0067,1,Success,TRUE,SAT_11303,2.073683136,352.8220354,0.906498874,352.6591914,0.92399065,,2003/11/20 2:54:38,SAT_11303,5.578865092,2.073683136,SAT_2222U,0.104918068,12.29000149,SAT_4478U,4.1544166,17.48068528
frame-u-004263-1-0102,1,No match,FALSE,N/A,inf,357.9829469,-1.256363755,357.9057905,-1.031848948,FOVNotMatch,2003/11/20 3:15:31,SAT_25365,4.268782581,11.03166684,SAT_14258,0.03147128,37.98605539,SAT_25598,5.362485913,38.74254171
frame-u-004263-2-0103,1,No match,FALSE,N/A,inf,358.1376317,-0.836896732,358.0600807,-0.612446683,FOVNotMatch,2003/11/20 3:16:07,SAT_25365,4.268782581,11.12888916,SAT_14258,0.03147128,38.08327771,SAT_25598,5.362485913,38.83976402
frame-u-004263-3-0104,1,No match,FALSE,N/A,inf,358.2918492,-0.417566074,358.2144217,-0.192852236,FOVNotMatch,2003/11/20 3:16:43,SAT_25365,4.268782581,11.08114339,SAT_14258,0.03147128,38.03553194,SAT_25598,5.362485913,38.79201826
frame-u-004263-4-0105,1,No match,FALSE,N/A,inf,358.4465381,0.001733324,358.4205136,0.076792122,FOVNotMatch,2003/11/20 3:17:19,SAT_25365,4.268782581,11.19195833,SAT_14258,0.03147128,38.14634687,SAT_25598,5.362485913,38.90283319
frame-u-004263-1-0328,1,No match,FALSE,N/A,inf,31.89347592,-1.22922921,31.80454959,-1.16618086,FOVNotMatch,2003/11/20 5:30:28,SAT_25776,0.220769701,9.530094192,SAT_26352,5.437615593,35.2789442,SAT_23741,5.462329607,35.35314035
frame-u-004264-6-0094,1,No match,FALSE,N/A,inf,115.2658035,50.33272661,115.2275317,50.39146513,FOVNotMatch,2003/11/20 7:57:02,SAT_00575,5.812683001,52.35898477,SAT_575U0,5.74776493,52.43353273,SAT_26823,2.869195293,62.51093933
frame-u-004264-1-0218,1,No match,FALSE,N/A,inf,138.9963791,64.27673287,138.9303168,64.11719963,FOVNotMatch,2003/11/20 9:11:04,SAT_2364U,2.710507693,7.072898081,SAT_02364,2.718153557,7.095998979,SAT_25330,1.209436537,46.93871419
frame-u-004264-4-0161,1,No match,FALSE,N/A,inf,125.4325387,58.47197441,125.0198594,58.55503667,FOVNotMatch,2003/11/20 8:37:02,SAT_13012,5.579215626,22.29331937,SAT_23211,5.606461645,56.58491356,SAT_06849,5.662889123,68.88603807
frame-u-004264-4-0225,1,No match,FALSE,N/A,inf,138.7950188,65.79617602,138.6119589,65.8627235,FOVNotMatch,2003/11/20 9:15:15,SAT_23401,0.006449067,10.44051727,SAT_15699,3.363697586,13.97901747,SAT_22633,5.357728973,27.03998119
frame-u-004294-6-0076,1,No match,FALSE,N/A,inf,116.3941666,50.9866532,116.1241756,51.14739563,FOVNotMatch,2003/11/30 8:24:16,SAT_26857,0.019732528,31.70688037,SAT_10745,2.30677323,87.56044697,SAT_6305U,4.127287819,87.60313828
frame-u-004294-3-0078,1,No match,FALSE,N/A,inf,118.1749879,50.69480356,118.06391,50.76515057,FOVNotMatch,2003/11/30 8:25:27,SAT_26857,0.019732528,33.26905254,SAT_10745,2.30677323,85.99827479,SAT_6305U,4.127287819,86.0409661
frame-u-004294-1-0115,1,No match,FALSE,N/A,inf,124.1974285,55.01439168,124.2115328,54.96541612,FOVNotMatch,2003/11/30 8:47:33,SAT_27494,2.835679276,20.09271177,SAT_16140,3.906671965,53.27627944,SAT_04853,2.815639581,55.27443982
frame-u-004294-6-0186,1,Success,TRUE,SAT_9980U,2.382018667,134.0706818,64.82392664,133.9016977,64.81404469,,2003/11/30 9:29:56,SAT_9980U,4.185310293,2.382018667,SAT_13070,3.37462493,12.2282413,SAT_26970,5.527115991,18.66658375
frame-u-004263-5-0465,1,No match,FALSE,N/A,inf,52.27825747,0.538566266,52.23951912,0.551883128,FOVNotMatch,2003/11/20 6:52:16,SAT_23241,1.619145081,18.82015763,SAT_26402,5.876943964,18.99776652,SAT_27501,5.854978911,18.99842252
frame-u-004263-5-0466,1,No match,FALSE,N/A,inf,52.55266348,0.546555296,52.38985592,0.602928854,FOVNotMatch,2003/11/20 6:52:52,SAT_23241,1.619145081,18.94797334,SAT_26402,5.876943964,19.12558223,SAT_27501,5.854978911,19.12623823
frame-u-004263-5-0467,1,No match,FALSE,N/A,inf,52.70209303,0.598121612,52.65224973,0.615097644,FOVNotMatch,2003/11/20 6:53:27,SAT_23241,1.619145081,18.65742786,SAT_26402,5.876943964,18.83503675,SAT_27501,5.854978911,18.83569275
frame-u-004335-6-0180,1,No match,FALSE,N/A,inf,136.5391764,30.15728094,136.3825445,30.18045203,FOVNotMatch,2003/12/21 7:53:59,SAT_26858,3.061571201,33.91373271,SAT_23410,3.835894105,71.94246234,SAT_08601,0.095209699,77.2718308
frame-u-004335-6-0181,1,No match,FALSE,N/A,inf,136.7059666,30.32151254,136.6097437,30.3360532,FOVNotMatch,2003/12/21 7:54:35,SAT_26858,3.061571201,33.69321701,SAT_23410,3.835894105,71.72194664,SAT_08601,0.095209699,77.4923465
frame-u-004335-4-0182,1,Success,TRUE,SAT_08601,3.842871781,137.144727,29.59483676,137.1743626,29.64700732,,2003/12/21 7:55:10,SAT_08601,0.095209699,3.842871781,SAT_8601U,0.095386535,3.843704711,SAT_17633,4.267015519,11.56337878
frame-u-004335-4-0183,1,Success,TRUE,SAT_08601,4.14167846,137.3580604,29.58175741,137.4555463,29.75106411,,2003/12/21 7:55:46,SAT_08601,0.095209699,4.14167846,SAT_8601U,0.095386535,4.142511389,SAT_17633,4.267015519,11.86218546
frame-u-004334-3-0102,1,Success,TRUE,SAT_5187U,3.422811873,58.00159549,17.06205448,58.02771778,17.09314854,,2003/12/21 3:59:45,SAT_5187U,3.012933028,3.422811873,SAT_05187,3.150554673,4.351626718,SAT_16295,3.071958884,58.25664629
frame-u-004326-1-0054,1,No match,FALSE,N/A,inf,27.35048997,-4.518918473,27.34296155,-4.417074665,FOVNotMatch,2003/12/17 2:02:16,SAT_12672,3.387406719,5.632178099,SAT_5443U,4.430774661,10.96314488,SAT_25842,2.285987224,13.30014495
frame-u-004326-6-0023,1,No match,FALSE,N/A,inf,22.16287447,-5.399393674,22.23171731,-5.222066492,FOVNotMatch,2003/12/17 1:43:45,SAT_21500,2.255709598,33.53359398,SAT_10933,5.817689786,35.42687445,SAT_08366,5.36976138,52.56545462
frame-u-004326-6-0023,2,No match,FALSE,N/A,inf,22.1327659,-5.35518863,22.16742738,-5.265946237,FOVNotMatch,2003/12/17 1:43:45,SAT_21500,2.255709598,33.54213683,SAT_10933,5.817689786,35.43541729,SAT_08366,5.36976138,52.55691177
frame-u-004326-6-0025,1,No match,FALSE,N/A,inf,22.51851087,-5.299221855,22.5684632,-5.170526468,FOVNotMatch,2003/12/17 1:44:57,SAT_21500,2.255709598,33.53192561,SAT_10933,5.817689786,35.42520608,SAT_08366,5.36976138,52.56712299
frame-u-004326-6-0025,2,No match,FALSE,N/A,inf,22.58350649,-5.254517043,22.59890591,-5.214051353,FOVNotMatch,2003/12/17 1:44:57,SAT_21500,2.255709598,33.1542668,SAT_10933,5.817689786,35.04754726,SAT_08366,5.36976138,52.9447818
frame-u-004344-4-0024,1,Success,TRUE,SAT_12206,1.509210051,142.2968737,11.39376768,142.3355998,11.46363958,,2003/12/25 9:47:02,SAT_12206,2.34746534,1.509210051,SAT_5012U,1.253804276,10.60281893,SAT_05012,1.253804276,10.60281893
frame-u-004336-2-0021,1,No match,FALSE,N/A,inf,146.1519552,11.22627108,146.1032269,11.19759547,FOVNotMatch,2003/12/21 8:45:42,SAT_18961,5.759608814,28.51100169,SAT_15141,4.966160765,38.53005095,SAT_22674,5.604758941,44.0067054
frame-u-004336-2-0022,1,No match,FALSE,N/A,inf,146.2668059,11.16716341,146.4161506,11.25304085,FOVNotMatch,2003/12/21 8:46:18,SAT_18961,5.759608814,29.09243506,SAT_15141,4.966160765,37.94861758,SAT_22674,5.604758941,44.58813877
frame-u-004344-5-0032,1,No match,FALSE,N/A,inf,143.3588131,11.96156409,143.3081077,12.01813478,FOVNotMatch,2003/12/25 9:51:49,SAT_18806,3.88136493,24.49826134,SAT_15245,3.077108114,36.74367277,SAT_2253U,3.397846582,39.82283165
frame-u-004344-5-0081,1,No match,FALSE,N/A,inf,150.7344362,13.15447561,150.8272517,13.22185716,FOVNotMatch,2003/12/25 10:21:04,SAT_16070,2.658771713,40.96592014,SAT_12825,1.179754837,89.94015523,SAT_26867,12.59263815,N/A
frame-u-004344-5-0082,1,No match,FALSE,N/A,inf,150.9808954,13.15612549,151.0513514,13.20712674,FOVNotMatch,2003/12/25 10:21:40,SAT_16070,2.658771713,41.04614584,SAT_12825,1.179754837,89.97961907,SAT_26867,12.59263815,N/A
frame-u-004344-4-0239,1,No match,FALSE,N/A,inf,175.0595553,15.10674973,175.2025852,15.21335118,FOVNotMatch,2003/12/25 11:55:25,SAT_8621U,4.627945464,58.97455265,SAT_14173,4.20633322,64.97415541,SAT_21181,1.546216459,65.65780302
frame-u-004344-2-0185,1,No match,FALSE,N/A,inf,166.9560242,13.69148018,166.8540851,13.87692958,FOVNotMatch,2003/12/25 11:23:10,SAT_14264,3.778789889,7.625982452,SAT_19751,0.569298931,8.170351997,SAT_8621U,4.268398649,44.18319905
frame-u-004381-1-0057,1,No match,FALSE,N/A,inf,179.1994482,13.87851884,179.2426904,14.07506274,FOVNotMatch,2004/1/28 9:13:08,SAT_14884,4.246320191,11.64549671,SAT_21706,0.087543513,37.32543776,SAT_21118,6.880556444,N/A
frame-u-004382-1-0109,1,No match,FALSE,N/A,inf,207.1433425,36.8174208,207.2950013,36.82200384,FOVNotMatch,2004/1/28 12:28:05,SAT_21429,2.539938019,63.04601678,SAT_7780U,4.258156467,68.6448137,SAT_22494,11.85072259,N/A
frame-u-004382-1-0018,1,No match,FALSE,N/A,inf,190.1028812,39.01751014,190.0320878,39.05564284,FOVNotMatch,2004/1/28 11:33:45,SAT_21734,3.260739003,59.63484623,SAT_25989,0.389429658,63.15307586,SAT_23420,4.194713079,80.12870127
frame-u-004380-3-0123,1,No match,FALSE,N/A,inf,133.4003675,9.347609966,133.489145,9.374110457,FOVNotMatch,2004/1/28 8:15:58,SAT_16339,1.530014333,19.617216,SAT_10981,5.615895478,25.77774197,SAT_11571,5.163859213,29.1744631
frame-u-004380-3-0124,1,No match,FALSE,N/A,inf,133.5673354,9.369834147,133.7101267,9.412025018,FOVNotMatch,2004/1/28 8:16:33,SAT_16339,1.530014333,19.45712734,SAT_10981,5.615895478,25.61765331,SAT_11571,5.163859213,29.01437443
frame-u-004389-6-0106,1,No match,FALSE,N/A,inf,206.7295579,39.00598677,206.820683,39.10102378,FOVNotMatch,2004/1/30 12:26:22,SAT_14209,0.32277876,9.674072426,SAT_20452,5.428314762,82.6049913,SAT_04790,3.726280356,82.81065127
frame-u-004469-3-0129,1,No match,FALSE,N/A,inf,129.8516413,25.36481798,129.7601786,25.57379533,FOVNotMatch,2004/2/17 7:20:47,SAT_23821,1.429740543,9.395062132,SAT_20302,6.7741307,N/A,SAT_22178,12.30560769,N/A
frame-u-004469-2-0130,1,No match,FALSE,N/A,inf,130.3055436,25.12541767,130.2140968,25.33687534,FOVNotMatch,2004/2/17 7:21:23,SAT_23821,1.429740543,9.199894476,SAT_20302,6.7741307,N/A,SAT_22178,12.30560769,N/A
frame-u-004469-3-0055,1,No match,FALSE,N/A,inf,119.9179294,19.20533925,119.798379,19.29192602,FOVNotMatch,2004/2/17 6:36:36,SAT_26526,4.446597604,22.46582513,SAT_18725,5.18664044,25.47709481,SAT_4354U,5.420390828,28.28899578
frame-u-004469-1-0304,1,No match,FALSE,N/A,inf,157.9932986,35.67830138,157.8826138,35.8851952,FOVNotMatch,2004/2/17 9:05:16,SAT_13466,4.913664872,7.156571844,SAT_15031,1.943362501,8.52074795,SAT_21121,15.76534551,N/A
frame-u-004469-2-0224,1,Success,TRUE,SAT_25598,1.230219573,144.3651933,31.78812016,144.2377085,31.98562024,,2004/2/17 8:17:30,SAT_25598,1.491994536,1.230219573,SAT_13074,3.38653726,11.96011744,SAT_18883,1.637527676,44.55540968
frame-u-004458-3-0042,1,Success,TRUE,SAT_8621U,0.579143227,117.704079,17.67848111,117.6129954,17.67309747,,2004/2/16 6:06:38,SAT_8621U,3.689822863,0.579143227,SAT_26476,0.752986116,14.46677686,SAT_23756,2.788678545,18.88771911
frame-u-004458-3-0043,1,Success,TRUE,SAT_8621U,0.742249097,117.8830074,17.85138607,117.7746069,17.84527988,,2004/2/16 6:07:14,SAT_8621U,3.689822863,0.742249097,SAT_26476,0.752986116,14.62988273,SAT_23756,2.788678545,19.05082498
frame-u-004469-1-0454,1,No match,FALSE,N/A,inf,186.1441742,38.94293615,185.9945219,39.13887687,FOVNotMatch,2004/2/17 10:34:50,SAT_20577,0.743002983,10.11659736,SAT_25827,0.54150182,19.6021729,SAT_18881,4.962066893,51.11753659
frame-u-004469-1-0473,1,No match,FALSE,N/A,inf,189.7948312,38.84441728,189.7165437,39.02302478,FOVNotMatch,2004/2/17 10:46:10,SAT_15827,3.370881991,11.03382178,SAT_24640,0.002228467,43.76418299,SAT_23420,4.853106922,47.62529736
frame-u-004470-2-0044,1,No match,FALSE,N/A,inf,190.2536532,36.64056654,190.070657,36.7509397,FOVNotMatch,2004/2/17 11:21:32,SAT_7267U,0.044050399,24.31554111,SAT_25793,7.363222463,N/A,SAT_10455,7.428467903,N/A
frame-u-004470-1-0080,1,No match,FALSE,N/A,inf,196.6486728,35.65105118,196.811437,35.75800451,FOVNotMatch,2004/2/17 11:43:02,SAT_18697,9.652595775,N/A,SAT_10485,13.56891618,N/A,SAT_15214,8.890070216,N/A
frame-u-004448-6-0021,1,Success,TRUE,SAT_23766,3.131343862,81.94656777,-4.894041082,81.83503618,-4.919802235,,2004/2/12 3:46:30,SAT_23766,3.046641432,3.131343862,SAT_21055,2.120004562,6.729618224,SAT_16274,0.06261126,7.810676673
frame-u-004448-6-0021,2,Success,TRUE,SAT_22176,2.321889664,81.94414787,-4.872165599,81.83644801,-4.861927739,,2004/2/12 3:46:30,SAT_22176,1.642754139,2.321889664,SAT_27555,2.069022989,2.760762388,SAT_23966,5.150398403,4.824540213
frame-u-004448-4-0035,1,No match,FALSE,N/A,inf,82.90366311,-2.893157975,82.86999935,-2.90854252,FOVNotMatch,2004/2/12 3:54:52,SAT_23766,2.298890386,15.11960917,SAT_21055,3.334506843,18.31721306,SAT_16274,2.138500532,19.36301373
frame-u-004448-4-0036,1,No match,FALSE,N/A,inf,82.90147901,-2.595560893,82.71421528,-2.681629034,FOVNotMatch,2004/2/12 3:55:28,SAT_23766,2.298890386,15.23815485,SAT_21055,3.334506843,18.43575874,SAT_16274,2.138500532,19.48155941
frame-u-004470-2-0175,1,No match,FALSE,N/A,inf,213.8327689,33.13287018,213.710048,33.29099081,FOVNotMatch,2004/2/17 12:39:45,SAT_04629,1.632143546,65.57885361,SAT_4629U,1.633745505,65.58178746,SAT_02328,0.242143244,74.82037306
frame-u-004470-2-0159,1,No match,FALSE,N/A,inf,210.8912183,33.74050833,210.8943895,33.85002921,FOVNotMatch,2004/2/17 12:30:12,SAT_21623,3.912455236,24.87243193,SAT_04786,4.451403386,40.51211341,SAT_4786U,4.451382761,40.51220666
frame-u-004504-5-0042,1,No match,FALSE,N/A,inf,160.7846648,35.66157138,160.8447308,35.6974741,FOVNotMatch,2004/3/16 8:55:38,SAT_13890,4.980491447,20.70783802,SAT_27706,0.043497285,43.82784722,SAT_24728,2.218824846,76.20538257
frame-u-004504-5-0043,1,No match,FALSE,N/A,inf,161.0619424,35.68842459,161.1557241,35.74403353,FOVNotMatch,2004/3/16 8:56:14,SAT_13890,4.980491447,20.91367559,SAT_27706,0.043497285,43.62200965,SAT_24728,2.218824846,76.41122014
frame-u-004504-2-0162,1,No match,FALSE,N/A,inf,183.3255686,36.87367466,183.2333877,36.90486904,FOVNotMatch,2004/3/16 10:07:17,SAT_24837,3.434297833,24.36001884,SAT_19195,0.279078886,66.53024228,SAT_26152,12.72729621,N/A
frame-u-004503-6-0058,1,No match,FALSE,N/A,inf,201.0925436,8.873536096,201.0487363,8.939060989,FOVNotMatch,2004/3/16 7:30:48,SAT_23837,0.323349085,35.66058048,SAT_19791,5.944745188,50.65350991,SAT_12114,0.13373425,56.81830771
frame-u-004512-2-0063,1,No match,FALSE,N/A,inf,206.3056781,35.0884939,206.3898479,35.12137864,FOVNotMatch,2004/3/17 9:38:21,SAT_18598,3.920333293,36.59049662,SAT_19557,2.332885953,45.37015097,SAT_16527,2.706566189,47.00231678
frame-u-004508-1-0138,1,No match,FALSE,N/A,inf,133.4263974,24.0563763,133.4404912,24.31775207,FOVNotMatch,2004/3/17 6:55:49,SAT_10615,1.384320925,8.314846516,SAT_01478,1.545972577,22.59510221,SAT_11474,5.593709389,36.09924868
frame-u-004503-1-0108,1,Success,TRUE,SAT_7084U,2.784670532,205.9794038,2.914845367,206.0713358,3.123931182,,2004/3/16 8:00:39,SAT_7084U,5.024046937,2.784670532,SAT_18598,5.783935389,3.074162262,SAT_8134U,4.554537949,55.10656759
frame-u-004512-2-0214,1,No match,FALSE,N/A,inf,231.2013684,27.37093368,231.374501,27.39096257,FOVNotMatch,2004/3/17 11:08:31,SAT_10949,11.28703043,N/A,SAT_19716,7.673096553,N/A,SAT_15741,14.68342287,N/A
frame-u-004512-6-0182,1,No match,FALSE,N/A,inf,227.050706,31.00866273,227.0803994,31.04615213,FOVNotMatch,2004/3/17 10:49:24,SAT_07281,0.147919872,8.498299463,SAT_7281U,0.147775801,8.498443396,SAT_19716,2.015367219,9.110759887
frame-u-004512-6-0183,1,No match,FALSE,N/A,inf,227.3567561,30.87038359,227.398707,30.9232104,FOVNotMatch,2004/3/17 10:50:00,SAT_07281,0.147919872,8.604411452,SAT_7281U,0.147775801,8.604555385,SAT_19716,2.015367219,9.216871876
frame-u-004512-6-0100,1,No match,FALSE,N/A,inf,213.3022241,35.17589412,213.2688274,35.2055091,FOVNotMatch,2004/3/17 10:00:27,SAT_16761,4.826321799,25.88519889,SAT_2372U,0.855993764,40.16282506,SAT_02372,0.856326762,40.16553159
frame-u-004518-5-0142,1,No match,FALSE,N/A,inf,148.6653709,32.53265868,148.5931966,32.53122619,FOVNotMatch,2004/3/18 7:28:20,SAT_26965,3.162306955,11.46374398,SAT_19112,0.883345794,38.6545046,SAT_13609,4.665259279,42.65992701
frame-u-004520-1-0016,1,No match,FALSE,N/A,inf,238.0390727,23.55579566,238.088717,23.66526097,FOVNotMatch,2004/3/18 8:30:15,SAT_23725,4.369126956,65.17693592,SAT_13912,1.933444509,78.01570908,SAT_21216,16.1900225,N/A
frame-u-004550-5-0018,1,No match,FALSE,N/A,inf,157.5922414,32.56245455,157.6958856,32.68477071,FOVNotMatch,2004/4/13 4:37:04,SAT_8546U,0.078893015,13.69661906,SAT_08546,0.083034177,13.702319,SAT_6824U,1.036514759,28.67973134
frame-u-004520-6-0106,1,No match,FALSE,N/A,inf,251.7101953,18.28797268,251.5427379,18.31605616,FOVNotMatch,2004/3/18 9:23:59,SAT_01778,2.668526832,21.680784,SAT_1778U,2.669422162,21.68079715,SAT_24938,5.340047486,67.69093516
frame-u-004520-3-0070,1,No match,FALSE,N/A,inf,246.0421962,20.12156465,246.2366225,20.23350979,FOVNotMatch,2004/3/18 9:02:29,SAT_10392,3.08907544,21.95516535,SAT_21221,5.518133349,28.38551472,SAT_21216,4.081668174,28.98164617
frame-u-004520-2-0127,1,No match,FALSE,N/A,inf,253.391229,15.17330489,253.3976889,15.27219269,FOVNotMatch,2004/3/18 9:36:32,SAT_2435U,2.874754516,27.98779216,SAT_02435,2.875212682,27.98803448,SAT_01495,1.631242164,52.98734785
frame-u-004520-4-0131,1,No match,FALSE,N/A,inf,254.4744063,15.52532527,254.4772122,15.57423202,FOVNotMatch,2004/3/18 9:38:55,SAT_2435U,2.874754516,28.43097312,SAT_02435,2.875212682,28.43121544,SAT_01495,1.631242164,52.54416688
frame-u-004520-5-0132,1,No match,FALSE,N/A,inf,254.7461298,15.63936245,254.7609689,15.89569904,FOVNotMatch,2004/3/18 9:39:31,SAT_2435U,2.874754516,28.40591356,SAT_02435,2.875212682,28.40615588,SAT_01495,1.631242164,52.56922644
frame-u-004520-6-0133,1,No match,FALSE,N/A,inf,255.0291219,15.9536594,255.0349075,16.0608381,FOVNotMatch,2004/3/18 9:40:07,SAT_2435U,2.874754516,28.62431566,SAT_02435,2.875212682,28.62455798,SAT_01495,1.631242164,52.35082434
frame-u-004550-3-0060,1,No match,FALSE,N/A,inf,165.0535308,33.19278746,165.2115454,33.35956974,FOVNotMatch,2004/4/13 5:02:09,SAT_26826,2.183109464,75.26938596,SAT_13897,11.95154737,N/A,SAT_25847,12.10312591,N/A
frame-u-004550-3-0061,1,No match,FALSE,N/A,inf,165.3543089,33.19902847,165.4174429,33.26504247,FOVNotMatch,2004/4/13 5:02:45,SAT_26826,2.183109464,75.5457671,SAT_13897,11.95154737,N/A,SAT_25847,12.10312591,N/A
frame-u-004550-4-0094,1,No match,FALSE,N/A,inf,170.9955494,34.53843764,171.0743669,34.62743903,FOVNotMatch,2004/4/13 5:22:27,SAT_2256U,4.850008626,39.61488584,SAT_11847,9.088913914,N/A,SAT_10455,9.075791962,N/A
frame-u-004550-4-0095,1,No match,FALSE,N/A,inf,171.2197765,34.42695685,171.3693332,34.59503438,FOVNotMatch,2004/4/13 5:23:03,SAT_2256U,4.850008626,39.7686268,SAT_11847,9.088913914,N/A,SAT_10455,9.075791962,N/A
frame-u-004552-4-0065,1,No match,FALSE,N/A,inf,178.6010906,35.17162572,178.4113588,35.24993031,FOVNotMatch,2004/4/13 6:17:11,SAT_25989,0.766613548,59.47751636,SAT_26647,4.970744226,70.05252805,SAT_17216,5.175298881,79.86812033
frame-u-004552-4-0062,1,Success,TRUE,SAT_06118,1.070447291,177.9917751,35.00108671,177.8496986,35.1782485,,2004/4/13 6:15:23,SAT_06118,2.037298788,1.070447291,SAT_6118U,2.037931542,1.070459742,SAT_8195U,4.97309001,11.78335043
frame-u-004552-4-0063,1,No match,FALSE,N/A,inf,178.1265197,35.02621658,178.0432017,35.0610186,FOVNotMatch,2004/4/13 6:15:59,SAT_27126,4.576345143,15.65766471,SAT_06118,2.037298788,30.76705525,SAT_6118U,2.037931542,30.76706771
frame-u-004549-3-0055,1,Success,TRUE,SAT_24676,1.502080122,121.589046,17.11694727,121.5610884,17.27241093,,2004/4/13 3:57:19,SAT_24676,4.960057848,1.502080122,SAT_00192,3.608667146,11.24562389,SAT_192U0,3.613485704,11.24845194
frame-u-004552-4-0132,1,No match,FALSE,N/A,inf,190.6808739,35.20822885,190.7686665,35.29153621,FOVNotMatch,2004/4/13 6:57:11,SAT_11054,12.90053662,N/A,SAT_16527,16.97181147,N/A,SAT_25485,16.23006447,N/A
frame-u-004552-3-0226,1,No match,FALSE,N/A,inf,207.4413811,32.68845931,207.6252775,32.76852973,FOVNotMatch,2004/4/13 7:53:19,SAT_16527,3.271634225,45.07002819,SAT_24876,0.119939438,79.69046743,SAT_10925,12.69808168,N/A
frame-u-004552-2-0152,1,No match,FALSE,N/A,inf,194.2663021,34.00797021,194.4163629,34.22206074,FOVNotMatch,2004/4/13 7:09:08,SAT_14608,4.950938217,13.96718874,SAT_27919,1.787474448,61.84600322,SAT_04823,1.436570248,75.67204708
frame-u-004552-5-0196,1,Success,TRUE,SAT_24876,2.75039866,202.5396208,34.54462662,202.487201,34.59638131,,2004/4/13 7:35:24,SAT_24876,5.430328198,2.75039866,SAT_26791,5.923460154,50.34063576,SAT_16527,4.394412041,56.61366405
frame-u-004552-1-0177,1,Success,TRUE,SAT_12818,3.738939474,198.6959993,33.16161903,198.6426152,33.27133633,,2004/4/13 7:24:03,SAT_12818,3.551789561,3.738939474,SAT_26024,1.857182681,23.04989868,SAT_12773,0.304970803,31.73547768
frame-u-004569-5-0094,1,Success,TRUE,SAT_21114,4.48318927,125.4052907,20.23048756,125.2575978,20.38596839,,2004/4/15 4:04:24,SAT_21114,1.44322238,4.48318927,SAT_21492,2.904657075,5.443210696,SAT_13012,0.080897387,24.234259
frame-u-004569-4-0199,1,No match,FALSE,N/A,inf,140.8189773,26.88558304,140.8760112,27.04260781,FOVNotMatch,2004/4/15 5:07:05,SAT_19791,5.424190538,26.82659967,SAT_6764U,5.643114784,56.7361949,SAT_26013,17.08935972,N/A
frame-u-004555-2-0045,1,No match,FALSE,N/A,inf,119.5209945,15.49791704,119.5159317,15.61881264,FOVNotMatch,2004/4/14 3:38:33,SAT_21199,3.070355671,26.67247429,SAT_14472,3.999252404,32.54842093,SAT_18463,5.912604675,33.8133749
frame-u-004569-4-0234,1,No match,FALSE,N/A,inf,146.2249787,29.05171574,146.2727745,29.10347604,FOVNotMatch,2004/4/15 5:27:59,SAT_10888,11.01025722,N/A,SAT_25989,14.82582533,N/A,SAT_5816U,7.191516285,N/A
frame-u-004570-5-0020,1,Success,TRUE,SAT_22410,4.190763548,209.8314996,33.07556215,209.9912597,33.2058974,,2004/4/15 6:36:39,SAT_22410,2.642818456,4.190763548,SAT_19144,2.309020164,43.6225295,SAT_24378,4.431780174,77.41326481
frame-u-004570-3-0146,1,No match,FALSE,N/A,inf,230.1116093,26.05843738,230.2400792,26.09570768,FOVNotMatch,2004/4/15 7:51:53,SAT_20583,4.087159876,49.90296379,SAT_25488,0.089985898,83.94975129,SAT_18356,17.78445679,N/A
frame-u-004570-2-0140,1,No match,FALSE,N/A,inf,229.1755992,26.15334048,229.1523599,26.18575501,FOVNotMatch,2004/4/15 7:48:18,SAT_25488,0.078694919,8.39600818,SAT_20583,4.1331098,54.4788104,SAT_02530,10.18560697,N/A
frame-u-004570-3-0145,1,No match,FALSE,N/A,inf,229.9164023,26.21176178,230.1493587,26.27975034,FOVNotMatch,2004/4/15 7:51:17,SAT_20583,4.1331098,50.25565484,SAT_25488,0.078694919,83.66154294,SAT_02530,10.18560697,N/A
frame-u-004571-3-0026,1,No match,FALSE,N/A,inf,244.9770854,19.19007832,245.057304,19.2738516,FOVNotMatch,2004/4/15 9:57:51,SAT_08892,5.046004955,23.21932075,SAT_8892U,5.041702018,23.22295417,SAT_18701,0.026881202,24.73287485
frame-u-004571-5-0060,1,No match,FALSE,N/A,inf,249.9624295,17.23728046,249.934133,17.26678217,FOVNotMatch,2004/4/15 10:18:09,SAT_00404,5.484166733,7.919232147,SAT_404U0,5.490011817,7.936280502,SAT_23440,0.912937969,13.08976576
frame-u-004571-1-0067,1,Success,TRUE,SAT_23554,1.408129771,250.027343,15.39373655,250.1032729,15.372397,,2004/4/15 10:22:19,SAT_23554,0.72951001,1.408129771,SAT_628U0,0.012173436,72.53229902,SAT_00628,0.011988686,72.53230087
frame-u-004571-5-0092,1,No match,FALSE,N/A,inf,254.1988297,14.78473099,254.3289293,14.88954777,FOVNotMatch,2004/4/15 10:37:15,SAT_17328,0.832163808,27.25485535,SAT_11130,0.136966071,28.84083986,SAT_18338,1.276942181,56.96093445
frame-u-004571-3-0110,1,No match,FALSE,N/A,inf,256.1650906,12.6703209,256.2512433,12.69589224,FOVNotMatch,2004/4/15 10:48:00,SAT_26530,5.801210694,15.64777188,SAT_10568,1.828200568,30.36599613,SAT_4158U,0.337620518,39.60135946
frame-u-004576-1-0104,1,No match,FALSE,N/A,inf,128.7385964,19.81164888,128.7995129,19.86799762,FOVNotMatch,2004/4/16 3:57:01,SAT_6779U,5.36506668,17.65980221,SAT_06779,5.355472048,17.68047686,SAT_7194U,1.992918751,39.58160075
frame-u-004576-2-0067,1,No match,FALSE,N/A,inf,123.4321366,17.45869639,123.3134332,17.55645742,FOVNotMatch,2004/4/16 3:34:56,SAT_7166U,4.370891601,10.77431618,SAT_20440,3.773408705,11.89086058,SAT_7032U,2.409410021,19.67926144
frame-u-004576-1-0158,1,No match,FALSE,N/A,inf,136.4808908,23.67402619,136.39671,23.69246347,FOVNotMatch,2004/4/16 4:29:16,SAT_06779,5.813293943,37.87143989,SAT_6779U,5.832067269,37.89376108,SAT_14522,1.447962859,45.25227669
frame-u-004576-5-0580,1,No match,FALSE,N/A,inf,208.8105035,33.19914402,208.9401122,33.25495497,FOVNotMatch,2004/4/16 8:41:14,SAT_00334,3.886415119,73.55073724,SAT_334U0,3.888297576,73.55141197,SAT_26993,3.436599126,89.66224766
frame-u-004588-5-0046,1,No match,FALSE,N/A,inf,212.6421613,30.08290553,212.6404882,30.31269016,FOVNotMatch,2004/4/22 8:15:10,SAT_06120,5.998436503,7.697029977,SAT_20452,3.44285189,37.51015379,SAT_28164,6.764537201,N/A
frame-u-004576-6-0736,1,No match,FALSE,N/A,inf,234.1817213,25.63986114,234.3178078,25.69757026,FOVNotMatch,2004/4/16 10:14:22,SAT_20621,1.910341957,41.68200312,SAT_22061,3.581850977,42.41401409,SAT_14084,0.234450785,87.69867541
frame-u-004576-4-0767,1,No match,FALSE,N/A,inf,238.2693067,22.71640559,238.4766482,22.79356,FOVNotMatch,2004/4/16 10:32:53,SAT_19502,2.395093023,46.42412219,SAT_16398,1.84642647,46.8526936,SAT_649U0,5.730494139,50.28030046
frame-u-004576-6-0812,1,No match,FALSE,N/A,inf,245.0910698,20.28369182,245.2250456,20.32255539,FOVNotMatch,2004/4/16 10:59:45,SAT_8404U,3.387047544,63.20895935,SAT_08404,3.399914269,63.21532808,SAT_17018,2.133851905,74.10901331
frame-u-004576-6-0813,1,No match,FALSE,N/A,inf,245.2759718,20.10800491,245.3880075,20.14054921,FOVNotMatch,2004/4/16 11:00:21,SAT_8404U,3.387047544,63.20511275,SAT_08404,3.399914269,63.21148148,SAT_17018,2.133851905,74.11285992
frame-u-004576-5-0817,1,Success,TRUE,SAT_23002,4.180143952,245.7365934,19.51095199,245.7051846,19.65029093,,2004/4/16 11:02:44,SAT_23002,5.896757146,4.180143952,SAT_23442,0.14465931,4.516528774,SAT_6826U,3.638472313,16.89349218
frame-u-004588-2-0297,1,No match,FALSE,N/A,inf,249.898694,14.56734809,249.9485146,14.6290965,FOVNotMatch,2004/4/22 10:45:02,SAT_20770,0.013236916,17.80233976,SAT_7033U,4.79546789,22.57441884,SAT_07033,4.802674436,22.57548498
frame-u-004599-2-0037,1,No match,FALSE,N/A,inf,173.6631179,31.44096612,173.7642289,31.58605163,FOVNotMatch,2004/4/25 7:21:02,SAT_26791,0.613799264,45.24310359,SAT_15470,5.446658442,46.9042755,SAT_24594,0.662082152,54.67688076
frame-u-004599-2-0038,1,No match,FALSE,N/A,inf,173.9897525,31.44017151,174.025056,31.49045334,FOVNotMatch,2004/4/25 7:21:38,SAT_26791,0.613799264,45.04251287,SAT_15470,5.446658442,47.10486622,SAT_24594,0.662082152,54.87747148
frame-u-004600-4-0013,1,Success,TRUE,SAT_10768,0.621721085,241.7233865,21.02450412,241.7808951,21.23763988,,2004/4/25 9:43:22,SAT_10768,1.84656457,0.621721085,SAT_18701,3.607243219,4.089819024,SAT_16736,5.795120162,6.980135885
frame-u-004600-4-0116,1,No match,FALSE,N/A,inf,255.5173885,13.2435862,255.709878,13.28917462,FOVNotMatch,2004/4/25 10:44:52,SAT_1983U,5.215914992,65.56702571,SAT_01983,5.211280383,65.58051213,SAT_21300,0.039556071,88.02729924
frame-u-004600-4-0109,1,No match,FALSE,N/A,inf,254.6427407,13.79936435,254.8091957,13.84306723,FOVNotMatch,2004/4/25 10:40:41,SAT_27906,3.00767072,72.24630213,SAT_25366,0.071049033,84.85505204,SAT_20669,10.81754536,N/A
frame-u-004623-1-0109,1,No match,FALSE,N/A,inf,174.2948077,30.77608741,174.3349655,30.88047359,FOVNotMatch,2004/5/12 5:40:23,SAT_1618U,2.494505792,24.02011369,SAT_20480,0.896139948,27.7256489,SAT_13382,0.104705342,50.04470841
frame-u-004623-4-0160,1,Success,TRUE,SAT_27664,4.805557089,183.0184492,32.55683967,183.1568935,32.60065779,,2004/5/12 6:10:50,SAT_27664,0.592474011,4.805557089,SAT_12540,5.102864565,76.87693936,SAT_21429,7.569408304,N/A
frame-u-004623-5-0284,1,No match,FALSE,N/A,inf,205.0463271,31.44229069,204.9279213,31.52392173,FOVNotMatch,2004/5/12 7:24:53,SAT_27765,3.434494506,16.5074883,SAT_00020,0.099039732,52.56686331,SAT_20U00,0.097360104,52.60226365
frame-u-004623-1-0392,1,No match,FALSE,N/A,inf,222.208009,25.59092556,222.4103073,25.62002003,FOVNotMatch,2004/5/12 8:29:22,SAT_01722,0.115262964,8.068458393,SAT_1722U,0.060864086,8.085392967,SAT_07426,0.249833001,70.23004819
frame-u-004623-3-0364,1,No match,FALSE,N/A,inf,218.084188,27.81845363,218.1691791,27.86299691,FOVNotMatch,2004/5/12 8:12:39,SAT_22329,0.628722682,74.18568508,SAT_26601,2.941001957,86.17239878,SAT_15350,1.120161436,88.17338197
frame-u-004623-1-0424,1,No match,FALSE,N/A,inf,227.3007361,23.93730463,227.36406,23.9712768,FOVNotMatch,2004/5/12 8:48:28,SAT_21217,3.549861698,37.35771393,SAT_25327,0.072318612,76.70136413,SAT_23512,9.844331354,N/A
frame-u-004629-1-0059,1,Success,TRUE,SAT_19910,1.041142135,246.2665164,23.51293748,246.2435145,23.4391087,,2004/5/13 8:26:23,SAT_19910,1.276203713,1.041142135,SAT_23444,4.66190931,28.85895684,SAT_27618,8.622940545,N/A
frame-u-004629-3-0033,1,Success,TRUE,SAT_12195,4.84174099,245.1411253,19.55169234,245.1063009,19.59950152,,2004/5/13 8:10:51,SAT_12195,4.85841746,4.84174099,SAT_976U0,5.669644049,18.39264566,SAT_19478,5.322134148,42.87873791
frame-u-004629-3-0034,1,Success,TRUE,SAT_12195,4.339556405,245.2531422,19.70089272,245.132197,19.86364411,,2004/5/13 8:11:27,SAT_12195,4.85841746,4.339556405,SAT_976U0,5.669644049,18.89483025,SAT_19478,5.322134148,43.3809225
frame-u-004628-4-0125,1,No match,FALSE,N/A,inf,233.2332398,22.98955978,233.3544834,23.00892825,FOVNotMatch,2004/5/13 7:33:54,SAT_11636,5.646582394,12.50431359,SAT_23512,1.900770187,56.48627738,SAT_20026,5.099541433,58.12413134
frame-u-004629-6-0140,1,No match,FALSE,N/A,inf,243.6750538,35.6590714,243.5750673,35.68644934,FOVNotMatch,2004/5/13 9:14:45,SAT_18701,4.904425849,89.1125852,SAT_23734,16.52123365,N/A,SAT_22056,14.69815206,N/A
frame-u-004629-1-0173,1,Success,TRUE,SAT_26233,0.884155973,246.3369106,40.59261261,246.2408235,40.6611701,,2004/5/13 9:34:27,SAT_26233,5.41250414,0.884155973,SAT_10650,2.211003349,10.43698444,SAT_13911,4.179740528,14.89299043
frame-u-004632-6-0052,1,No match,FALSE,N/A,inf,147.6953301,27.97565695,147.6183206,28.1899651,FOVNotMatch,2004/5/14 3:44:22,SAT_13603,4.258752299,8.091915056,SAT_19165,2.020937804,8.188982702,SAT_22591,0.112319963,8.837067646
frame-u-004632-4-0046,1,Success,TRUE,SAT_23838,3.13853809,147.0820406,27.05475626,147.0639661,27.1307277,,2004/5/14 3:40:47,SAT_23838,0.241405483,3.13853809,SAT_13603,2.303858605,14.53983715,SAT_19165,0.221718039,14.67469044
frame-u-004629-6-0252,1,No match,FALSE,N/A,inf,243.2734466,52.31712671,243.1131286,52.37179085,FOVNotMatch,2004/5/13 10:21:37,SAT_23205,2.999444452,13.60373168,SAT_23739,0.090749552,18.78072282,SAT_27646,0.925530521,24.38829689
frame-u-004632-3-0095,1,No match,FALSE,N/A,inf,154.9923432,28.78588846,155.0653323,28.90282547,FOVNotMatch,2004/5/14 4:10:02,SAT_01573,3.933115242,5.189023036,SAT_1573U,3.93716698,5.194515765,SAT_27754,1.35193984,37.85629767
frame-u-004632-3-0096,1,Success,TRUE,SAT_01573,4.83819664,155.2274921,28.71791885,155.3279827,28.87667206,,2004/5/14 4:10:38,SAT_01573,3.933115242,4.83819664,SAT_1573U,3.93716698,4.843689369,SAT_27754,1.35193984,37.50547127
frame-u-004629-1-0284,1,No match,FALSE,N/A,inf,246.9783183,57.26214687,246.8893062,57.10476257,FOVNotMatch,2004/5/13 10:40:43,SAT_18357,4.066914688,12.36278635,SAT_26565,3.014795667,13.34229197,SAT_27620,2.713412744,14.59018023
frame-u-004629-1-0285,1,No match,FALSE,N/A,inf,246.9125234,57.41729991,246.8660822,57.33502627,FOVNotMatch,2004/5/13 10:41:19,SAT_18357,4.066914688,12.47771774,SAT_26565,3.014795667,13.45722336,SAT_27620,2.713412744,14.70511162
frame-u-004632-1-0073,1,No match,FALSE,N/A,inf,151.723377,26.9396422,151.8191839,27.19687646,FOVNotMatch,2004/5/14 3:56:54,SAT_15697,5.26304728,43.1391674,SAT_8435U,2.220218177,55.41403461,SAT_08435,2.222928343,55.42133658
frame-u-004633-1-0029,1,Success,TRUE,SAT_4028U,2.47391906,230.9412792,22.52271871,230.9988873,22.56202979,,2004/5/14 5:49:52,SAT_4028U,2.582924729,2.47391906,SAT_1682U,4.486361319,44.14180398,SAT_01682,4.482295567,44.15108059
frame-u-004649-2-0037,1,No match,FALSE,N/A,inf,186.8906571,29.14224704,187.004518,29.19642714,FOVNotMatch,2004/5/23 5:58:02,SAT_23584,4.096088649,39.05715505,SAT_06779,5.461610672,41.05614201,SAT_6779U,5.461936336,41.06325375
frame-u-004646-3-0194,1,No match,FALSE,N/A,inf,223.7106507,24.15148668,223.8417903,24.18410649,FOVNotMatch,2004/5/22 8:23:42,SAT_204U0,4.263542796,6.263646018,SAT_00204,4.263102234,6.26648237,SAT_23944,2.61671311,9.277508832
frame-u-004646-3-0195,1,No match,FALSE,N/A,inf,223.867922,24.01967163,224.0384931,24.06157894,FOVNotMatch,2004/5/22 8:24:17,SAT_204U0,4.263542796,6.070751879,SAT_00204,4.263102234,6.073588231,SAT_23944,2.61671311,9.084614693
frame-u-004649-5-0109,1,No match,FALSE,N/A,inf,199.4893594,29.78906179,199.3555719,29.86363083,FOVNotMatch,2004/5/23 6:41:01,SAT_21249,3.604867134,55.64021496,SAT_21633,15.1015062,N/A,SAT_23584,14.7265047,N/A
frame-u-004646-6-0310,1,No match,FALSE,N/A,inf,241.5949111,18.94718798,241.7521764,18.88398031,FOVNotMatch,2004/5/22 9:32:57,SAT_01959,2.075991167,17.41929237,SAT_1959U,2.072601907,17.42840417,SAT_26650,0.636083906,25.09775126
frame-u-004646-3-0237,1,No match,FALSE,N/A,inf,230.3481964,21.86090206,230.4540042,21.90115868,FOVNotMatch,2004/5/22 8:49:22,SAT_10629,4.561833183,10.85715566,SAT_23043,3.380610045,45.80933447,SAT_26569,3.654326664,46.03202057
frame-u-004649-5-0182,1,No match,FALSE,N/A,inf,211.5814253,27.75430214,211.7568393,27.79891708,FOVNotMatch,2004/5/23 7:24:36,SAT_22238,1.708101932,52.13336855,SAT_4916U,2.098924567,61.26155485,SAT_04916,2.048960217,61.30038551
frame-u-004649-1-0219,1,No match,FALSE,N/A,inf,217.2111479,24.82224048,217.2837036,24.8038333,FOVNotMatch,2004/5/23 7:46:42,SAT_7924U,2.217255223,39.82343418,SAT_07924,2.217047608,39.82371243,SAT_19501,16.97769621,N/A
frame-u-004649-6-0295,1,No match,FALSE,N/A,inf,229.6767284,23.32054804,229.869546,23.38940494,FOVNotMatch,2004/5/23 8:32:04,SAT_23045,16.12417623,N/A,SAT_16397,13.47854546,N/A,SAT_23048,13.18780621,N/A
frame-u-004649-3-0326,N/A,Failed,FALSE,N/A,N/A,N/A,N/A,N/A,N/A,JSON file error,N/A,N/A,N/A,N/A,N/A,N/A,N/A,N/A,N/A,N/A
frame-u-004649-5-0331,1,Success,TRUE,SAT_18360,3.468122135,234.9481467,20.83545004,235.0485375,21.03922591,,2004/5/23 8:53:34,SAT_18360,4.114671426,3.468122135,SAT_18355,5.263488485,4.445916722,SAT_16397,1.250687971,4.521423596
frame-u-004649-6-0331,1,Success,TRUE,SAT_18360,3.744108658,235.1361407,21.21643597,235.1644143,21.27298884,,2004/5/23 8:53:34,SAT_18360,4.114671426,3.744108658,SAT_18355,5.263488485,4.721903244,SAT_16397,1.250687971,4.797410118
frame-u-004649-6-0430,1,No match,FALSE,N/A,inf,249.3855229,15.0308089,249.3717572,15.19808699,FOVNotMatch,2004/5/23 9:52:41,SAT_02432,4.384260139,14.99725551,SAT_2432U,4.387928267,14.99978365,SAT_22312,12.81987833,N/A
frame-u-004663-5-0086,1,No match,FALSE,N/A,inf,217.7075442,24.30179711,217.6335058,24.35118698,FOVNotMatch,2004/6/10 5:57:32,SAT_10949,3.975477098,80.59526384,SAT_22781,6.67049233,N/A,SAT_24675,15.47078105,N/A
frame-u-004663-5-0087,1,No match,FALSE,N/A,inf,217.9644877,24.26743562,217.9393029,24.28474827,FOVNotMatch,2004/6/10 5:58:08,SAT_10949,3.975477098,79.78230663,SAT_22781,6.67049233,N/A,SAT_24675,15.47078105,N/A
frame-u-004649-1-0402,1,No match,FALSE,N/A,inf,244.4790877,14.94946234,244.40279,15.06195802,FOVNotMatch,2004/5/23 9:35:58,SAT_10931,5.926155894,7.022317624,SAT_19196,4.661756254,7.279169047,SAT_9062U,3.959887572,16.72253352
frame-u-004649-1-0403,1,No match,FALSE,N/A,inf,244.6911678,14.91993144,244.6243532,15.01955424,FOVNotMatch,2004/5/23 9:36:34,SAT_10931,5.926155894,6.733300208,SAT_19196,4.661756254,6.990151631,SAT_9062U,3.959887572,16.4335161
frame-u-004670-6-0064,1,No match,FALSE,N/A,inf,206.6294864,26.88149944,206.6974656,27.09860156,FOVNotMatch,2004/6/12 3:51:13,SAT_02621,0.122819032,5.149582654,SAT_2621U,0.03867029,5.278632459,SAT_3615U,4.229447013,48.08960696
frame-u-004670-4-0064,1,No match,FALSE,N/A,inf,206.4168877,26.19232545,206.4456241,26.2858927,FOVNotMatch,2004/6/12 3:51:13,SAT_02621,0.122819032,5.338152448,SAT_2621U,0.03867029,5.467202253,SAT_3615U,4.229447013,47.90103716
frame-u-004670-5-0064,1,No match,FALSE,N/A,inf,206.5037826,26.47538048,206.5707103,26.6918764,FOVNotMatch,2004/6/12 3:51:13,SAT_02621,0.122819032,5.285670276,SAT_2621U,0.03867029,5.414720082,SAT_3615U,4.229447013,47.95351934
frame-u-004670-4-0065,1,No match,FALSE,N/A,inf,206.7072408,26.01809101,206.7745265,26.2348178,FOVNotMatch,2004/6/12 3:51:49,SAT_02621,0.122819032,5.164252257,SAT_2621U,0.03867029,5.293302062,SAT_3615U,4.229447013,48.07493736
frame-u-004674-3-0085,1,Success,TRUE,SAT_3386U,1.94049584,215.7925841,23.71081078,215.9272598,23.70945698,,2004/6/13 5:47:18,SAT_3386U,1.96118322,1.94049584,SAT_03386,1.87126293,1.996396546,SAT_27489,2.417515368,26.47667852
frame-u-004670-4-0296,1,No match,FALSE,N/A,inf,242.2216149,16.15236416,242.3188904,16.16637893,FOVNotMatch,2004/6/12 6:09:44,SAT_23968,4.86691827,15.04114771,SAT_17328,5.468855329,58.56313077,SAT_20599,2.128798782,64.93959784
frame-u-004670-1-0300,1,No match,FALSE,N/A,inf,242.3777626,14.64982099,242.4134787,14.64882119,FOVNotMatch,2004/6/12 6:12:07,SAT_23968,4.86691827,25.22916642,SAT_17328,5.468855329,68.75114949,SAT_20599,2.128798782,75.12761656
frame-u-004671-5-0042,1,No match,FALSE,N/A,inf,235.0671427,22.97995416,235.2853528,23.02955264,FOVNotMatch,2004/6/12 7:29:46,SAT_00245,0.541823767,53.89885829,SAT_245U0,0.542836249,53.90310375,SAT_09696,3.409800185,69.53738422
frame-u-004674-1-0112,1,No match,FALSE,N/A,inf,219.7749436,21.84501149,219.8654161,21.84880162,FOVNotMatch,2004/6/13 6:03:26,SAT_19516,5.923840774,85.76193012,SAT_27617,13.2548027,N/A,SAT_1833U,13.07519835,N/A
frame-u-004674-5-0241,1,Success,TRUE,SAT_22657,4.897261521,239.7617455,17.26000562,239.8566314,17.37642626,,2004/6/13 7:20:27,SAT_22657,1.342520999,4.897261521,SAT_19176,4.588499212,52.79548664,SAT_09829,1.145655957,54.56177546
frame-u-004674-6-0241,1,Success,TRUE,SAT_22657,4.944612555,239.9878083,17.53696377,240.1327482,17.71419584,,2004/6/13 7:20:27,SAT_22657,1.342520999,4.944612555,SAT_19176,4.588499212,52.84283768,SAT_09829,1.145655957,54.60912649
frame-u-004674-5-0242,1,Success,TRUE,SAT_22657,4.931926088,239.9971878,17.07988521,240.08168,17.18352841,,2004/6/13 7:21:03,SAT_22657,1.342520999,4.931926088,SAT_19176,4.588499212,52.83015121,SAT_09829,1.145655957,54.59644002
frame-u-004674-3-0242,1,No match,FALSE,N/A,inf,239.5610983,16.34467565,239.722465,16.43035797,FOVNotMatch,2004/6/13 7:21:03,SAT_22657,1.342520999,28.04860886,SAT_19176,4.588499212,75.94683399,SAT_09829,1.145655957,77.7131228
frame-u-004674-4-0247,1,Success,TRUE,SAT_22657,3.341304549,240.5283628,16.54716398,240.579269,16.63118368,,2004/6/13 7:24:02,SAT_22657,1.285020464,3.341304549,SAT_18701,5.648820048,11.22149918,SAT_01806,5.555274473,43.76146494
frame-u-004678-5-0160,1,No match,FALSE,N/A,inf,225.8262781,20.08614278,225.9782842,20.10001077,FOVNotMatch,2004/6/14 5:10:53,SAT_27005,4.460316574,74.06585062,SAT_19419,2.080265516,84.13465398,SAT_24273,15.80494272,N/A
frame-u-004678-4-0266,1,No match,FALSE,N/A,inf,241.5267851,14.64441296,241.5689811,14.7219445,FOVNotMatch,2004/6/14 6:14:10,SAT_27540,4.869060864,33.37741388,SAT_12445,0.179093659,55.71399189,SAT_10025,5.248891805,60.07241296
frame-u-004678-5-0320,1,No match,FALSE,N/A,inf,249.3973121,12.25552075,249.504792,12.20176023,FOVNotMatch,2004/6/14 6:46:25,SAT_24285,1.504271237,8.418695571,SAT_27540,3.533236882,57.08518822,SAT_23642,5.581724213,83.88037899
frame-u-004678-5-0321,1,No match,FALSE,N/A,inf,249.5825633,12.19055123,249.6929048,12.13494842,FOVNotMatch,2004/6/14 6:47:00,SAT_24285,1.504271237,8.251739408,SAT_27540,3.533236882,56.91823206,SAT_23642,5.581724213,83.71342282
frame-u-004679-1-0221,1,No match,FALSE,N/A,inf,258.417102,36.09477097,258.4470259,35.9918345,FOVNotMatch,2004/6/14 9:14:09,SAT_20539,5.553429747,38.46682667,SAT_16402,17.36675409,N/A,SAT_20330,14.35416012,N/A
frame-u-004679-1-0222,1,No match,FALSE,N/A,inf,258.542365,35.94642138,258.5813978,35.81155527,FOVNotMatch,2004/6/14 9:14:45,SAT_20539,5.553429747,38.43692893,SAT_16402,17.36675409,N/A,SAT_20330,14.35416012,N/A
frame-u-004679-6-0105,1,Success,TRUE,SAT_22188,0.828149986,249.0100061,52.2440545,249.1756896,52.1158393,,2004/6/14 8:04:53,SAT_22188,1.809033985,0.828149986,SAT_20025,4.6566015,65.84376987,SAT_00544,3.268433489,66.21577013
frame-u-004682-5-0098,1,No match,FALSE,N/A,inf,246.3816443,57.52307644,246.70842,57.54369263,FOVNotMatch,2004/6/15 7:27:10,SAT_03748,4.523720705,40.74026825,SAT_3748U,4.526216217,40.74323536,SAT_05422,5.355986716,43.97637922
frame-u-004800-2-0068,1,No match,FALSE,N/A,inf,19.24180548,21.88213282,19.18716833,21.96683086,FOVNotMatch,2004/8/26 9:39:22,SAT_22597,3.570108439,47.33783962,SAT_04651,1.649448714,83.53121454,SAT_26970,16.0222862,N/A
frame-u-004800-2-0069,1,No match,FALSE,N/A,inf,19.29684722,22.15534194,19.27183152,22.19401697,FOVNotMatch,2004/8/26 9:39:58,SAT_22597,3.570108439,47.36104809,SAT_04651,1.649448714,83.50800607,SAT_26970,16.0222862,N/A
frame-u-004682-5-0251,1,No match,FALSE,N/A,inf,262.0135161,37.08400098,262.0615903,37.03121439,FOVNotMatch,2004/6/15 8:58:32,SAT_25678,4.966607471,21.42278535,SAT_340U0,6.993666182,N/A,SAT_28116,10.53860937,N/A
frame-u-004800-3-0039,1,Success,TRUE,SAT_26970,4.078942824,18.25568083,17.69745473,18.21884574,17.62471545,,2004/8/26 9:22:03,SAT_26970,5.389894397,4.078942824,SAT_22597,4.05144846,9.986461861,SAT_14619,0.098227964,40.31458402
frame-u-004682-6-0152,1,No match,FALSE,N/A,inf,254.1144447,50.67807885,254.2576112,50.66607902,FOVNotMatch,2004/6/15 7:59:25,SAT_14979,1.82023101,69.63623248,SAT_24273,16.36054769,N/A,SAT_00746,7.80344124,N/A
frame-u-004822-4-0362,1,No match,FALSE,N/A,inf,339.8755474,17.67738376,339.7412938,17.86949703,FOVNotMatch,2004/9/12 8:03:12,SAT_14260,12.28031346,N/A,SAT_13607,8.573297274,N/A,SAT_26989,10.36875145,N/A
frame-u-004822-3-0363,1,No match,FALSE,N/A,inf,340.3339005,17.5427599,340.2016827,17.73273758,FOVNotMatch,2004/9/12 8:03:48,SAT_14260,12.28031346,N/A,SAT_13607,8.573297274,N/A,SAT_26989,10.36875145,N/A
frame-u-004822-1-0400,1,No match,FALSE,N/A,inf,344.9494613,21.06847327,344.7501687,21.19735534,FOVNotMatch,2004/9/12 8:25:53,SAT_17177,2.368459576,36.80545094,SAT_19790,0.900988254,44.97307796,SAT_21623,5.473629135,78.06673377
frame-u-004822-1-0307,1,No match,FALSE,N/A,inf,335.2460635,10.83109423,335.1651856,10.81459561,FOVNotMatch,2004/9/12 7:30:21,SAT_13618,3.537316217,86.30991547,SAT_13607,15.10804789,N/A,SAT_26989,10.59039548,N/A
frame-u-004822-6-0214,1,No match,FALSE,N/A,inf,324.6761375,1.321603068,324.5524717,1.338481282,FOVNotMatch,2004/9/12 6:34:50,SAT_27661,2.946252744,11.28928714,SAT_26488,4.911510381,14.8952982,SAT_25074,1.390896847,15.8615724
frame-u-004797-1-0174,1,Success,TRUE,SAT_08544,2.522792802,331.9495007,-1.045403979,331.8797316,-0.950406552,,2004/8/26 7:36:27,SAT_08544,5.877479041,2.522792802,SAT_26376,4.18387207,14.06727251,SAT_26039,2.188430077,43.41752737
frame-u-004822-2-0412,1,No match,FALSE,N/A,inf,345.9284679,22.79256125,345.817255,22.66586723,FOVNotMatch,2004/9/12 8:33:03,SAT_19753,16.01265849,N/A,SAT_11417,13.94041822,N/A,SAT_23397,13.79560674,N/A
frame-u-004822-1-0235,1,No match,FALSE,N/A,inf,328.2135729,2.406710512,328.1832286,2.465661989,FOVNotMatch,2004/9/12 6:47:22,SAT_26483,4.735116178,7.941490891,SAT_25776,2.437066711,46.78529337,SAT_10204,0.521207196,61.39895808
frame-u-004822-5-0131,1,No match,FALSE,N/A,inf,317.1642518,-8.629512521,317.1318102,-8.487166285,FOVNotMatch,2004/9/12 5:45:16,SAT_21388,0.562354255,11.37288158,SAT_18589,1.388674518,25.47088756,SAT_28241,3.320601742,31.68736353
frame-u-004822-4-0133,1,No match,FALSE,N/A,inf,317.6427336,-8.566741012,317.6194355,-8.465310036,FOVNotMatch,2004/9/12 5:46:28,SAT_21388,0.562354255,11.2751524,SAT_18589,1.388674518,25.37315838,SAT_28241,3.320601742,31.58963435
frame-u-004822-5-0039,1,No match,FALSE,N/A,inf,307.8673661,-19.02680257,307.8608214,-18.92240449,FOVNotMatch,2004/9/12 4:50:20,SAT_13153,1.378063248,6.954829601,SAT_08140,0.31910829,19.27085665,SAT_03417,0.25401896,20.50562972
frame-u-004822-3-0470,1,Success,TRUE,SAT_23412,4.704827842,352.40778,29.2543649,352.3419387,29.27333704,,2004/9/12 9:07:41,SAT_23412,4.686742193,4.704827842,SAT_28115,0.647659985,86.38130969,SAT_14264,2.949720418,87.27415626
frame-u-004822-4-0472,1,No match,FALSE,N/A,inf,352.3958311,29.70018076,352.19711,29.64453865,FOVNotMatch,2004/9/12 9:08:52,SAT_23412,4.686742193,31.4357245,SAT_28115,0.647659985,50.24075735,SAT_14264,2.949720418,51.13360393
frame-u-004822-6-0110,1,Success,TRUE,SAT_03522,4.015733232,314.7167244,-10.77014856,314.7602039,-10.63695346,,2004/9/12 5:32:44,SAT_03522,3.331366193,4.015733232,SAT_03912,0.79609144,11.32791223,SAT_11792,1.541713945,49.24532224
frame-u-004822-6-0111,1,Success,TRUE,SAT_03522,3.887899726,314.8814038,-10.6418364,314.9181903,-10.5282298,,2004/9/12 5:33:20,SAT_03522,3.331366193,3.887899726,SAT_03912,0.79609144,11.45574573,SAT_11792,1.541713945,49.37315574
frame-u-004828-1-0052,1,No match,FALSE,N/A,inf,255.4840001,27.36833068,255.6295731,27.41475663,FOVNotMatch,2004/9/15 2:32:42,SAT_20302,0.087844644,68.64724929,SAT_23622,5.133521593,81.56103885,SAT_07376,10.96311281,N/A
frame-u-004828-3-0043,1,No match,FALSE,N/A,inf,254.2765886,28.56023256,254.2274609,28.67530588,FOVNotMatch,2004/9/15 2:27:20,SAT_23622,5.669330371,8.737007741,SAT_20302,0.011181087,21.6227952,SAT_07376,10.05547756,N/A
frame-u-004828-5-0113,1,No match,FALSE,N/A,inf,265.9223468,26.27364919,266.0057335,26.42944495,FOVNotMatch,2004/9/15 3:09:07,SAT_11888,0.08470776,12.57320568,SAT_23739,5.764998977,50.57918042,SAT_25803,4.485400324,57.05451496
frame-u-004828-3-0159,1,No match,FALSE,N/A,inf,272.7441556,23.26378568,272.5913703,23.2283584,FOVNotMatch,2004/9/15 3:36:35,SAT_24297,0.15867405,64.56820046,SAT_24296,5.547471592,78.28518057,SAT_15265,8.439302558,N/A
frame-u-004829-1-0060,1,No match,FALSE,N/A,inf,19.38400904,17.76273805,19.38104723,17.92291957,FOVNotMatch,2004/9/15 8:44:08,SAT_15952,5.985139672,22.18582421,SAT_16393,5.864657614,25.29606076,SAT_07839,3.24475301,29.62358781
frame-u-004829-5-0099,1,No match,FALSE,N/A,inf,18.42350662,23.77775969,18.18987759,23.87111369,FOVNotMatch,2004/9/15 9:07:25,SAT_19549,1.415563123,12.52211483,SAT_23027,5.368775457,26.46438589,SAT_21218,5.114002404,41.60844978
frame-u-004829-6-0032,1,Success,TRUE,SAT_25649,1.538512019,16.66858965,13.87248071,16.55688367,13.85743554,,2004/9/15 8:27:25,SAT_25649,2.447237751,1.538512019,SAT_27368,1.00311729,28.13034169,SAT_25869,5.038661538,43.39417958
frame-u-004829-4-0196,1,No match,FALSE,N/A,inf,20.86205816,38.2845413,20.80134175,38.23653698,FOVNotMatch,2004/9/15 10:05:20,SAT_27609,0.38687333,24.16174013,SAT_17615,1.981113269,24.54041855,SAT_07085,3.633417613,31.37027963
frame-u-004832-4-0058,1,No match,FALSE,N/A,inf,259.5583985,27.50214713,259.6333136,27.53917455,FOVNotMatch,2004/9/16 2:56:17,SAT_20941,5.563709118,35.934376,SAT_20631,1.810570276,52.5257234,SAT_08591,0.069574984,83.38564556
frame-u-004832-5-0065,1,No match,FALSE,N/A,inf,260.8279872,27.60450943,260.9792108,27.74244945,FOVNotMatch,2004/9/16 3:00:28,SAT_10836,0.594198852,40.93942747,SAT_28241,3.16405108,66.67793738,SAT_13127,0.035099078,67.46861599
frame-u-004832-1-0251,1,Success,TRUE,SAT_15270,0.744385843,287.9948525,15.31671619,288.0176129,15.40599391,,2004/9/16 4:51:32,SAT_15270,4.471668558,0.744385843,SAT_27898,2.060232039,1.398930508,SAT_04673,5.677751173,22.76688768
frame-u-004836-1-0378,1,No match,FALSE,N/A,inf,2.141752118,23.70954354,2.02101554,23.93129068,FOVNotMatch,2004/9/17 5:59:24,SAT_12892,1.281025427,48.3167036,SAT_19751,0.002727883,50.51997281,SAT_13603,2.413842862,51.92324986
frame-u-004836-2-0379,1,No match,FALSE,N/A,inf,2.242823104,24.13101078,2.136868846,24.32662383,FOVNotMatch,2004/9/17 6:00:00,SAT_12892,1.281025427,48.12553466,SAT_19751,0.002727883,50.32880388,SAT_13603,2.413842862,51.73208093
frame-u-004836-4-0382,1,No match,FALSE,N/A,inf,2.777360926,24.97893631,2.656140108,25.20150593,FOVNotMatch,2004/9/17 6:01:47,SAT_12892,1.281025427,48.09375586,SAT_19751,0.002727883,50.29702508,SAT_13603,2.413842862,51.70030213
frame-u-004836-6-0384,1,No match,FALSE,N/A,inf,2.985159043,25.82126006,2.930331349,25.92198266,FOVNotMatch,2004/9/17 6:02:59,SAT_12892,1.281025427,47.93388813,SAT_19751,0.002727883,50.13715734,SAT_13603,2.413842862,51.54043439
frame-u-004836-2-0044,1,No match,FALSE,N/A,inf,309.9751055,14.21603135,309.9017251,14.28449831,FOVNotMatch,2004/9/17 2:39:58,SAT_03307,2.234539891,12.64030804,SAT_02176,0.166921082,21.69783288,SAT_07093,5.985753715,27.14224671
frame-u-004836-4-0429,1,Success,TRUE,SAT_19549,0.790092213,10.42467876,24.90553371,10.55700398,24.8994882,,2004/9/17 6:29:51,SAT_19549,0.327167582,0.790092213,SAT_14900,5.718615056,5.344669407,SAT_12787,3.820298949,14.00551979
frame-u-004843-1-0066,1,No match,FALSE,N/A,inf,19.94358659,22.98296259,19.85578163,23.03898149,FOVNotMatch,2004/9/21 6:03:13,SAT_16194,3.408041051,79.28748568,SAT_16144,5.690176228,88.09825219,SAT_04943,2.028737178,88.54384926
frame-u-004843-1-0067,1,No match,FALSE,N/A,inf,20.19262789,22.99708871,20.04679136,23.0914203,FOVNotMatch,2004/9/21 6:03:48,SAT_16194,3.408041051,78.91086378,SAT_16144,5.690176228,87.7216303,SAT_04943,2.028737178,88.16722736
frame-u-004843-2-0107,1,No match,FALSE,N/A,inf,26.64371023,22.73777119,26.56956333,22.81700345,FOVNotMatch,2004/9/21 6:27:41,SAT_13532,2.961281368,37.82127625,SAT_21709,8.245755018,N/A,SAT_19802,10.28440321,N/A
frame-u-004828-2-0591,1,Success,TRUE,SAT_21729,1.936538026,330.2589994,-8.699224862,330.2365975,-8.612531873,,2004/9/15 7:54:32,SAT_21729,5.296041413,1.936538026,SAT_17640,0.976758013,4.64460953,SAT_21288,3.069981826,15.18407804
frame-u-004843-3-0159,1,No match,FALSE,N/A,inf,34.89081918,21.74483132,34.9771621,21.79131462,FOVNotMatch,2004/9/21 6:58:44,SAT_24306,4.227476482,41.39237885,SAT_02372,5.516480119,50.05123748,SAT_19946,2.169769835,51.90916844
frame-u-004843-1-0194,1,No match,FALSE,N/A,inf,40.30533138,19.67271589,40.1426754,19.73397825,FOVNotMatch,2004/9/21 7:19:38,SAT_26851,3.568032661,7.340512456,SAT_22788,0.032792041,14.77291172,SAT_27467,4.275726107,28.53029308
frame-u-004843-3-0194,1,No match,FALSE,N/A,inf,40.4425065,20.48932067,40.36286615,20.55699906,FOVNotMatch,2004/9/21 7:19:38,SAT_27467,4.275726107,8.114361933,SAT_26851,3.568032661,13.07541869,SAT_20044,4.545551053,26.96995953
frame-u-004844-1-0154,1,No match,FALSE,N/A,inf,44.39965826,18.84196877,44.33676773,18.87709274,FOVNotMatch,2004/9/21 10:27:15,SAT_15202,2.177688851,30.19524707,SAT_22980,5.663912298,44.81917711,SAT_00702,6.867554428,N/A
frame-u-004832-2-0462,1,No match,FALSE,N/A,inf,315.8380691,-0.138114652,315.8335059,-0.104245443,FOVNotMatch,2004/9/16 6:57:31,SAT_21136,4.486042063,8.291791973,SAT_10588,1.208150051,16.88708159,SAT_13762,2.629480779,18.95045561
frame-u-004832-3-0463,1,No match,FALSE,N/A,inf,316.0544401,-0.011478176,316.0451813,0.055471948,FOVNotMatch,2004/9/16 6:58:06,SAT_21136,4.486042063,8.492231346,SAT_10588,1.208150051,16.68664222,SAT_13762,2.629480779,18.75001624
frame-u-004843-1-0309,1,No match,FALSE,N/A,inf,57.55969188,14.67318804,57.50546756,14.74343179,FOVNotMatch,2004/9/21 8:28:18,SAT_08462,3.432902171,51.95655847,SAT_13911,3.691134346,57.97307411,SAT_21590,4.109265328,61.39726185
frame-u-004832-4-0553,1,Success,TRUE,SAT_25461,2.357581471,327.8005059,-6.554140649,327.9521354,-6.5253506,,2004/9/16 7:51:51,SAT_25461,0.974961565,2.357581471,SAT_11792,5.84697774,6.845759233,SAT_21814,0.624188248,10.73701141
frame-u-004849-5-0206,1,No match,FALSE,N/A,inf,322.8234639,0.631995451,322.8439282,0.642374896,FOVNotMatch,2004/9/22 4:05:36,SAT_26352,5.923052045,26.77404034,SAT_17588,2.741809162,49.07188042,SAT_22997,0.105315614,53.82067409
frame-u-004849-1-0139,1,No match,FALSE,N/A,inf,312.7285696,-0.911982184,312.6901791,-0.904427506,FOVNotMatch,2004/9/22 3:25:36,SAT_15199,4.335449721,6.646492589,SAT_26613,5.734562953,8.595253088,SAT_26986,2.883553372,8.899325001
frame-u-004849-3-0180,1,No match,FALSE,N/A,inf,318.8975193,-0.151746495,318.8273323,-0.159975543,FOVNotMatch,2004/9/22 3:50:04,SAT_26352,5.102188032,6.55186624,SAT_25954,5.236902044,6.708421294,SAT_22930,5.241085687,6.711628509
frame-u-004849-3-0182,1,No match,FALSE,N/A,inf,319.2414076,-0.182019513,319.2904133,-0.176291459,FOVNotMatch,2004/9/22 3:51:16,SAT_26352,5.102188032,6.531578604,SAT_25954,5.236902044,6.688133658,SAT_22930,5.241085687,6.691340873
frame-u-004849-6-0302,1,Success,TRUE,SAT_27899,2.188579143,337.2086935,1.052052284,337.2543557,1.215216464,,2004/9/22 5:02:55,SAT_27899,5.392608265,2.188579143,SAT_25993,5.514175604,30.45357366,SAT_26728,5.408564757,83.84034798
frame-u-004849-5-0302,1,Success,TRUE,SAT_27899,2.372370677,337.1061728,0.680325893,337.1547021,0.855922418,,2004/9/22 5:02:55,SAT_27899,5.392608265,2.372370677,SAT_25993,5.514175604,30.26978212,SAT_26728,5.408564757,84.02413951
frame-u-004849-3-0376,1,No match,FALSE,N/A,inf,348.1771096,0.017762509,348.3003704,-0.047009481,FOVNotMatch,2004/9/22 5:47:06,SAT_08746,5.902160293,18.06769215,SAT_23553,5.325209773,27.64289374,SAT_26985,5.280882725,27.65904136
frame-u-004849-5-0418,1,No match,FALSE,N/A,inf,354.6200122,0.721093027,354.5436463,0.855895366,FOVNotMatch,2004/9/22 6:12:11,SAT_26035,5.881049554,41.81505857,SAT_08746,5.570930379,50.07005041,SAT_16657,3.294686613,58.57597062
frame-u-004849-4-0564,1,No match,FALSE,N/A,inf,16.31479743,0.247747284,16.46843005,0.307341802,FOVNotMatch,2004/9/22 7:39:21,SAT_17716,5.96914837,5.574312781,SAT_26475,1.477562957,5.827338942,SAT_04902,5.484687601,6.553778093
frame-u-004849-2-0476,1,No match,FALSE,N/A,inf,3.205476544,-0.626189865,3.174181078,-0.48801883,FOVNotMatch,2004/9/22 6:46:49,SAT_14136,4.558239581,44.79378086,SAT_08746,5.683135441,66.01409515,SAT_16455,3.762787063,68.55975243
frame-u-004851-1-0096,1,No match,FALSE,N/A,inf,10.56028839,24.01775683,10.59504003,24.0652209,FOVNotMatch,2004/9/23 8:11:57,SAT_15830,1.779076727,20.3668361,SAT_07065,2.975616422,45.08811357,SAT_04882,0.806147584,49.75769585
frame-u-004851-1-0097,1,No match,FALSE,N/A,inf,10.84173916,23.94307532,10.90350227,24.02622538,FOVNotMatch,2004/9/23 8:12:33,SAT_15830,1.779076727,20.76101383,SAT_07065,2.975616422,44.69393584,SAT_04882,0.806147584,49.36351812
frame-u-004849-4-0640,1,No match,FALSE,N/A,inf,27.73189559,0.212895583,27.70560732,0.436633476,FOVNotMatch,2004/9/22 8:24:44,SAT_16657,2.672155307,70.84529739,SAT_14069,5.475881588,75.26465713,SAT_17939,5.896577283,80.9283481
frame-u-004851-5-0062,1,No match,FALSE,N/A,inf,5.129113203,25.62495971,5.15941675,25.84862212,FOVNotMatch,2004/9/23 7:51:39,SAT_11752,3.154076175,68.13629329,SAT_05977,4.16264252,83.07575588,SAT_26973,7.361672061,N/A
frame-u-004849-1-0788,1,No match,FALSE,N/A,inf,49.85480158,-0.86015722,49.88078239,-0.821516494,FOVNotMatch,2004/9/22 9:53:06,SAT_04964,2.86612883,7.082505578,SAT_25660,4.431558993,35.77815876,SAT_14069,5.478791726,35.86791696
frame-u-004849-5-0712,1,No match,FALSE,N/A,inf,38.53464976,0.797838166,38.48561753,0.85693482,FOVNotMatch,2004/9/22 9:07:43,SAT_27518,3.054384509,13.59573632,SAT_23044,4.785336783,18.03054841,SAT_18360,3.416438166,19.6164711
frame-u-004849-3-0758,1,No match,FALSE,N/A,inf,45.35968907,-0.055155044,45.52278266,-0.124646205,FOVNotMatch,2004/9/22 9:35:11,SAT_26352,5.141810024,22.88707153,SAT_24315,5.640305762,23.05261131,SAT_23192,5.2699016,23.0676572
frame-u-004849-6-0881,1,No match,FALSE,N/A,inf,63.84318484,1.052012097,63.8126902,1.276009494,FOVNotMatch,2004/9/22 10:48:37,SAT_16294,2.682353863,50.59375185,SAT_19483,5.119279248,85.23744624,SAT_10975,4.956630503,85.98633026
frame-u-004858-3-0066,1,No match,FALSE,N/A,inf,316.8769502,-0.012731479,316.7694395,-0.001575753,FOVNotMatch,2004/9/24 4:53:48,SAT_25558,5.322894162,5.88643904,SAT_27854,5.80802259,5.887031275,SAT_25913,5.234503189,5.896820142
frame-u-004858-3-0067,1,No match,FALSE,N/A,inf,317.0820963,-0.002959455,316.951675,0.010491646,FOVNotMatch,2004/9/24 4:54:24,SAT_25558,5.322894162,5.850833874,SAT_27854,5.80802259,5.851426109,SAT_25913,5.234503189,5.861214976
frame-u-004849-4-0934,1,No match,FALSE,N/A,inf,71.74593322,0.212932628,71.87269254,0.37890573,FOVNotMatch,2004/9/22 11:20:16,SAT_19791,2.243775212,27.05485051,SAT_25101,2.492117531,30.82935759,SAT_25767,2.968242949,38.86970657
frame-u-004858-5-0149,1,No match,FALSE,N/A,inf,329.3323761,0.633018174,329.3443344,0.856769371,FOVNotMatch,2004/9/24 5:43:21,SAT_26483,4.284043399,22.4538367,SAT_04668,2.306030171,37.62324074,SAT_25876,4.865103074,53.69675155
frame-u-004858-2-0419,1,No match,FALSE,N/A,inf,9.681532038,-0.43798567,9.663361792,-0.401643974,FOVNotMatch,2004/9/24 8:24:34,SAT_20413,3.201755799,41.70931538,SAT_25558,4.93930904,63.41458148,SAT_28378,4.813771073,63.42007791
frame-u-004858-3-0420,1,No match,FALSE,N/A,inf,9.865062318,-0.206453784,9.765317913,-0.006598986,FOVNotMatch,2004/9/24 8:25:10,SAT_20413,3.201755799,41.74996477,SAT_25558,4.93930904,63.45523087,SAT_28378,4.813771073,63.4607273
frame-u-004858-6-0263,1,No match,FALSE,N/A,inf,346.3534289,1.229803685,346.3429343,1.265983665,FOVNotMatch,2004/9/24 6:51:26,SAT_10933,5.902561679,7.710446446,SAT_26464,0.62540024,32.77970025,SAT_26463,0.676254877,32.8374543
frame-u-004858-6-0450,1,No match,FALSE,N/A,inf,14.41382161,1.127657854,14.25772407,1.207110465,FOVNotMatch,2004/9/24 8:43:05,SAT_02864,0.947552085,36.94645714,SAT_26850,2.768372705,38.74098798,SAT_20962,3.112397625,42.1195791
frame-u-004858-2-0474,1,No match,FALSE,N/A,inf,18.01328186,-0.625111349,17.85048745,-0.59487928,FOVNotMatch,2004/9/24 8:57:25,SAT_25558,4.941733774,10.50383135,SAT_28378,4.815827622,10.5072286,SAT_25913,4.836919312,10.51611891
frame-u-004858-2-0476,1,No match,FALSE,N/A,inf,18.3126969,-0.569984606,18.14958396,-0.539891381,FOVNotMatch,2004/9/24 8:58:36,SAT_25558,4.941733774,10.43648258,SAT_28378,4.815827622,10.43987982,SAT_25913,4.836919312,10.44877013
frame-u-004858-2-0478,1,No match,FALSE,N/A,inf,18.61198312,-0.515312164,18.52813219,-0.499743646,FOVNotMatch,2004/9/24 8:59:48,SAT_25558,4.941733774,10.50154457,SAT_28378,4.815827622,10.50494181,SAT_25913,4.836919312,10.51383212
frame-u-004858-6-0589,1,No match,FALSE,N/A,inf,35.11439785,1.05209759,35.1835847,1.251558293,FOVNotMatch,2004/9/24 10:06:04,SAT_12409,5.603813368,16.59488316,SAT_22312,0.033755676,38.24275105,SAT_16404,4.23099467,39.68776033
frame-u-004858-5-0590,1,No match,FALSE,N/A,inf,35.26883107,0.633075401,35.34671708,0.857582555,FOVNotMatch,2004/9/24 10:06:40,SAT_12409,5.603813368,16.59022414,SAT_22312,0.033755676,38.24741007,SAT_16404,4.23099467,39.69241935
frame-u-004858-1-0613,1,Success,TRUE,SAT_18526,3.648834632,38.66121617,-0.958308738,38.71962081,-0.822534254,,2004/9/24 10:20:24,SAT_18526,4.536593873,3.648834632,SAT_16404,4.034246781,43.28091686,SAT_11256,5.659547688,48.21113612
frame-u-004858-1-0614,1,Success,TRUE,SAT_18526,3.643807552,38.92315317,-1.045238908,38.97359942,-0.927940335,,2004/9/24 10:21:00,SAT_18526,4.536593873,3.643807552,SAT_16404,4.034246781,43.27588978,SAT_11256,5.659547688,48.2161632
frame-u-004858-1-0617,1,Success,TRUE,SAT_22176,0.46959593,39.26616761,-0.904731864,39.42302461,-0.862820155,,2004/9/24 10:22:47,SAT_22176,1.302289122,0.46959593,SAT_06437,4.026708095,0.591854552,SAT_13624,3.22093798,1.018431093
frame-u-004858-6-0675,1,No match,FALSE,N/A,inf,47.98108436,1.052107592,48.02671893,1.27686011,FOVNotMatch,2004/9/24 10:57:25,SAT_00628,2.974714865,15.00523344,SAT_18615,3.625482661,15.02429188,SAT_23293,3.481118219,27.1728851
frame-u-004858-5-0676,1,No match,FALSE,N/A,inf,48.19552045,0.632836167,48.24121054,0.857351511,FOVNotMatch,2004/9/24 10:58:01,SAT_00628,2.974714865,15.0320035,SAT_18615,3.625482661,15.05106194,SAT_23293,3.481118219,27.19965516
frame-u-004868-2-0146,1,No match,FALSE,N/A,inf,350.7948596,-0.626841247,350.6548687,-0.488707429,FOVNotMatch,2004/10/8 6:23:53,SAT_26535,4.612285227,19.66978032,SAT_02009,5.728586229,32.68046601,SAT_27027,5.684465216,33.7773655
frame-u-004868-1-0352,1,Success,TRUE,SAT_06976,0.602255078,21.65287244,-0.905606278,21.55608127,-0.935040483,,2004/10/8 8:26:53,SAT_06976,3.354268342,0.602255078,SAT_10000,2.586281377,0.937877201,SAT_07466,3.471246259,1.609303373
frame-u-004868-5-0513,1,No match,FALSE,N/A,inf,45.71940544,0.855211475,45.59686204,0.669542448,FOVNotMatch,2004/10/8 10:03:01,SAT_19791,2.154572274,35.64988402,SAT_25660,5.851737481,37.75789566,SAT_10000,5.87502563,41.57559155
frame-u-004868-6-0533,1,Success,TRUE,SAT_02863,2.572377464,48.73338907,1.223963452,48.58917006,1.206751138,,2004/10/8 10:14:57,SAT_02863,5.579692707,2.572377464,SAT_13624,5.245149863,4.81519783,SAT_13010,1.346066834,5.587008823
frame-u-004868-6-0534,1,Success,TRUE,SAT_02863,2.563275957,48.80096881,1.196339874,48.90139464,1.208309423,,2004/10/8 10:15:33,SAT_02863,5.579692707,2.563275957,SAT_13624,5.245149863,4.824299337,SAT_13010,1.346066834,5.596110331
frame-u-004868-6-0573,1,No match,FALSE,N/A,inf,54.74015358,1.068225485,54.58021479,1.102215762,FOVNotMatch,2004/10/8 10:38:50,SAT_03292,2.534058996,9.012881948,SAT_02863,5.71091812,14.86683515,SAT_14786,5.779181045,23.00301526
frame-u-004868-6-0574,1,No match,FALSE,N/A,inf,54.88994727,1.099983911,54.72797734,1.13362707,FOVNotMatch,2004/10/8 10:39:26,SAT_03292,2.534058996,8.749121067,SAT_02863,5.71091812,14.60307427,SAT_14786,5.779181045,22.73925438
frame-u-004868-6-0578,1,No match,FALSE,N/A,inf,55.44915495,1.233505751,55.35457643,1.253052623,FOVNotMatch,2004/10/8 10:41:49,SAT_03292,2.534058996,8.692553257,SAT_02863,5.71091812,14.54650646,SAT_14786,5.779181045,22.68268657
frame-u-004874-4-0117,1,Success,TRUE,SAT_26624,3.023118516,314.5366663,0.437273854,314.4366994,0.432031925,,2004/10/10 2:59:41,SAT_26624,5.846895709,3.023118516,SAT_27501,5.736180969,3.031196279,SAT_28378,5.917425382,3.03453285
frame-u-004874-4-0118,1,Success,TRUE,SAT_26624,3.37793166,314.7490648,0.432797298,314.5858121,0.423222803,,2004/10/10 3:00:17,SAT_26624,5.846895709,3.37793166,SAT_27501,5.736180969,3.386009424,SAT_28378,5.917425382,3.389345995
frame-u-004874-4-0119,1,Success,TRUE,SAT_26624,3.485913396,314.8984338,0.424169824,314.7360271,0.414337782,,2004/10/10 3:00:53,SAT_26624,5.846895709,3.485913396,SAT_27501,5.736180969,3.493991159,SAT_28378,5.917425382,3.49732773
frame-u-004874-4-0122,1,Success,TRUE,SAT_26624,3.638431306,315.3475717,0.397096255,315.1853705,0.386843204,,2004/10/10 3:02:40,SAT_26624,5.846895709,3.638431306,SAT_27501,5.736180969,3.646509069,SAT_28378,5.917425382,3.64984564
frame-u-004874-4-0123,1,Success,TRUE,SAT_26624,3.64991391,315.3345026,0.377150037,315.4978638,0.387509299,,2004/10/10 3:03:16,SAT_26624,5.846895709,3.64991391,SAT_27501,5.736180969,3.657991673,SAT_28378,5.917425382,3.661328244
frame-u-004868-1-0612,1,No match,FALSE,N/A,inf,60.52994972,-0.822852948,60.41700882,-0.864876532,FOVNotMatch,2004/10/8 11:02:07,SAT_13010,2.639982722,9.241003079,SAT_14786,3.381382593,9.578740251,SAT_20391,5.731556962,10.24253655
frame-u-004868-1-0613,1,No match,FALSE,N/A,inf,60.72968271,-0.859785717,60.67443585,-0.880178758,FOVNotMatch,2004/10/8 11:02:43,SAT_13010,2.639982722,9.092054064,SAT_14786,3.381382593,9.429791236,SAT_20391,5.731556962,10.09358754
frame-u-004874-4-0129,1,Success,TRUE,SAT_26624,4.025264131,316.3954413,0.328762015,316.2329229,0.317385911,,2004/10/10 3:06:51,SAT_26624,5.927451171,4.025264131,SAT_27501,5.721776559,4.032325206,SAT_28378,5.837820537,4.036895574
frame-u-004868-2-0581,1,Success,TRUE,SAT_20452,4.982207402,55.89916468,-0.420872592,55.77621986,-0.599803139,,2004/10/8 10:43:37,SAT_20452,5.189786178,4.982207402,SAT_15350,2.7505019,23.92952403,SAT_13010,1.801396404,43.80087364
frame-u-004874-5-0356,1,No match,FALSE,N/A,inf,350.2151104,0.632639628,350.3451433,0.85691995,FOVNotMatch,2004/10/10 5:22:23,SAT_03094,5.107770984,9.44977025,SAT_15259,3.004673331,11.02987376,SAT_04902,5.264728087,44.05046828
frame-u-004874-4-0423,1,Success,TRUE,SAT_06192,2.994759751,0.259714988,0.213006771,0.24503826,0.269732515,,2004/10/10 6:02:23,SAT_06192,3.075728082,2.994759751,SAT_19810,2.875048568,34.53468143,SAT_26970,3.761477996,35.1824092
frame-u-004874-4-0424,1,Success,TRUE,SAT_06192,2.238618888,0.557256073,0.221451466,0.542213822,0.276579299,,2004/10/10 6:02:59,SAT_06192,3.075728082,2.238618888,SAT_19810,2.875048568,35.2908223,SAT_26970,3.761477996,35.93855006
frame-u-004874-3-0530,1,No match,FALSE,N/A,inf,16.32634937,-0.206881299,16.34155266,0.016935482,FOVNotMatch,2004/10/10 7:06:16,SAT_07780,1.607857296,15.2937745,SAT_11147,4.757107623,67.20378977,SAT_10001,3.379494995,68.05971379
frame-u-004874-1-0615,1,No match,FALSE,N/A,inf,29.12486691,-1.045733827,29.07940863,-0.854260356,FOVNotMatch,2004/10/10 7:57:02,SAT_23043,4.454361827,8.236879238,SAT_22061,4.519811935,8.287546461,SAT_00965,5.388327275,18.94264942
frame-u-004884-3-0073,1,No match,FALSE,N/A,inf,344.8703665,23.44893218,344.9255339,23.53593601,FOVNotMatch,2004/10/15 2:26:24,SAT_09976,3.264850206,38.56177966,SAT_16294,3.452228464,52.2561386,SAT_20101,0.883655019,68.44740009
frame-u-004887-3-0030,1,Success,TRUE,SAT_11896,0.481823257,58.47309799,49.94718813,58.35105288,50.07305583,,2004/10/15 9:09:39,SAT_11896,4.006270859,0.481823257,SAT_25379,3.642600473,1.778675113,SAT_26737,2.853502198,32.67741188
frame-u-004874-5-0746,1,Success,TRUE,SAT_11474,1.292449484,48.76323174,0.758971905,48.72947961,0.856945985,,2004/10/10 9:15:15,SAT_11474,5.425118052,1.292449484,SAT_21366,5.467250237,5.70982874,SAT_25074,5.298234513,59.47039516
frame-u-004874-6-0746,1,Success,TRUE,SAT_11474,2.193182383,48.66078177,1.052022012,48.64379339,1.103969286,,2004/10/10 9:15:15,SAT_11474,5.425118052,2.193182383,SAT_21366,5.467250237,6.610561639,SAT_25074,5.298234513,60.37112805
frame-u-004874-2-0758,1,Success,TRUE,SAT_25074,4.520780449,50.54806709,-0.583131794,50.39838173,-0.564191985,,2004/10/10 9:22:24,SAT_25074,4.826006994,4.520780449,SAT_28378,5.651321518,7.216935906,SAT_26624,5.375132947,7.227572449
frame-u-004874-2-0759,1,Success,TRUE,SAT_25074,4.618558653,50.70988188,-0.566038569,50.54930301,-0.545998685,,2004/10/10 9:23:00,SAT_25074,4.826006994,4.618558653,SAT_28378,5.651321518,7.119157702,SAT_26624,5.375132947,7.129794245
frame-u-004874-2-0761,1,Success,TRUE,SAT_25074,4.582113592,51.00994594,-0.529249832,50.94652632,-0.521294195,,2004/10/10 9:24:12,SAT_25074,4.826006994,4.582113592,SAT_28378,5.651321518,7.155602763,SAT_26624,5.375132947,7.166239307
frame-u-004887-2-0066,1,No match,FALSE,N/A,inf,64.78538634,53.70485805,64.59742763,53.64156233,FOVNotMatch,2004/10/15 9:31:09,SAT_25485,2.108636309,20.84707537,SAT_26626,1.877437685,22.87053058,SAT_22594,2.185857323,29.94823797
frame-u-004887-2-0067,1,No match,FALSE,N/A,inf,64.97285397,53.86062201,64.79442273,53.80163776,FOVNotMatch,2004/10/15 9:31:44,SAT_25485,2.108636309,21.20924662,SAT_26626,1.877437685,23.23270182,SAT_22594,2.185857323,30.31040921
frame-u-004887-1-0078,1,No match,FALSE,N/A,inf,67.61154775,54.63801984,67.42393571,54.73265428,FOVNotMatch,2004/10/15 9:38:18,SAT_24960,0.066988865,11.57469614,SAT_27766,3.66601308,31.37120136,SAT_22594,3.011110783,80.32281661
frame-u-004887-4-0145,1,Success,TRUE,SAT_07780,2.049755921,81.13651757,61.80159849,80.92879255,61.75858944,,2004/10/15 10:18:19,SAT_07780,5.348485128,2.049755921,SAT_08418,5.99419621,10.12368797,SAT_25485,2.153963167,15.36308257
frame-u-004874-6-0773,1,No match,FALSE,N/A,inf,52.64252883,1.151264719,52.74844055,1.276551706,FOVNotMatch,2004/10/10 9:31:22,SAT_21229,1.516756476,28.20478702,SAT_15643,4.610965948,35.12529248,SAT_13878,3.986706457,35.25132334
frame-u-004874-6-0774,1,No match,FALSE,N/A,inf,52.85859805,1.051767656,52.95549454,1.16739766,FOVNotMatch,2004/10/10 9:31:58,SAT_21229,1.516756476,28.45075668,SAT_15643,4.610965948,35.37126214,SAT_13878,3.986706457,35.49729299
frame-u-004887-1-0200,1,Success,TRUE,SAT_25485,1.288454345,99.01868309,63.91321594,98.68849322,63.83246226,,2004/10/15 10:51:09,SAT_25485,5.474880202,1.288454345,SAT_08418,3.337918858,4.753274814,SAT_26626,5.842268824,7.422177788
frame-u-004887-1-0201,1,Success,TRUE,SAT_25485,1.78669194,99.36861351,63.918556,99.2692937,63.89478953,,2004/10/15 10:51:45,SAT_25485,5.474880202,1.78669194,SAT_08418,3.337918858,4.255037219,SAT_26626,5.842268824,7.920415383
frame-u-004887-5-0262,1,No match,FALSE,N/A,inf,120.7957075,66.5968867,120.3970962,66.66210704,FOVNotMatch,2004/10/15 11:28:10,SAT_08195,1.760651102,7.186271877,SAT_13070,5.538580677,11.44332655,SAT_26970,2.055295702,14.13126274
frame-u-004887-1-0260,1,Success,TRUE,SAT_16962,1.281074533,119.7806225,64.89047155,119.5747126,65.00910625,,2004/10/15 11:26:58,SAT_16962,4.469258963,1.281074533,SAT_25593,1.552610922,7.887823062,SAT_26973,4.177207915,15.01458397
frame-u-004887-6-0280,1,No match,FALSE,N/A,inf,127.2209392,66.5259427,127.2153104,66.57380433,FOVNotMatch,2004/10/15 11:38:55,SAT_19144,0.934141549,13.84416906,SAT_19165,3.114511502,45.37154771,SAT_26973,4.340663615,46.06894938
frame-u-004894-5-0043,1,No match,FALSE,N/A,inf,332.3431506,0.820196904,332.3669713,0.857203447,FOVNotMatch,2004/10/16 4:50:15,SAT_19799,5.767930368,21.23836884,SAT_08305,3.367582597,22.65244467,SAT_16007,2.110701567,23.26015227
frame-u-004895-3-0030,1,Success,TRUE,SAT_21766,2.693127265,359.1884142,-0.086603915,359.0277438,-0.116666068,,2004/10/16 7:06:09,SAT_21766,3.593463901,2.693127265,SAT_13529,4.839566525,2.719762059,SAT_26490,4.665166061,5.527179773
frame-u-004895-3-0031,1,Success,TRUE,SAT_21766,2.816452568,359.3390919,-0.114489067,359.1760031,-0.145367143,,2004/10/16 7:06:45,SAT_21766,3.593463901,2.816452568,SAT_13529,4.839566525,2.843087362,SAT_26490,4.665166061,5.650505076
frame-u-004895-3-0032,1,Success,TRUE,SAT_21766,2.626391893,359.4886542,-0.1432324,359.3258127,-0.173504422,,2004/10/16 7:07:21,SAT_21766,3.593463901,2.626391893,SAT_13529,4.839566525,2.653026687,SAT_26490,4.665166061,5.460444401
frame-u-004895-2-0047,1,Success,TRUE,SAT_21281,0.077861132,1.572276967,-0.598987425,1.734173513,-0.567577978,,2004/10/16 7:16:18,SAT_21281,2.899429532,0.077861132,SAT_27667,5.112832714,3.192823624,SAT_21766,2.783566141,3.999593377
frame-u-004895-1-0059,1,Success,TRUE,SAT_27667,3.984190449,3.530910285,-0.912655562,3.368401717,-0.94455156,,2004/10/16 7:23:28,SAT_27667,4.517191353,3.984190449,SAT_10061,5.435491236,4.890303449,SAT_26490,3.436590751,7.024269974
frame-u-004895-4-0131,1,No match,FALSE,N/A,inf,14.24364082,0.420489209,14.14761026,0.429169561,FOVNotMatch,2004/10/16 8:06:27,SAT_27954,5.992893457,5.144146946,SAT_22117,5.72345053,5.147324822,SAT_25922,5.643167,5.195942238
frame-u-004895-3-0119,1,No match,FALSE,N/A,inf,12.51324736,-0.192925584,12.43443773,-0.157471769,FOVNotMatch,2004/10/16 7:59:18,SAT_26476,4.142191255,11.87583992,SAT_08832,2.609348402,12.73694356,SAT_27954,5.497794871,24.19945296
frame-u-004895-2-0154,1,No match,FALSE,N/A,inf,17.75360916,-0.541242084,17.65539688,-0.438392415,FOVNotMatch,2004/10/16 8:20:11,SAT_12787,4.386312459,9.142992427,SAT_08832,3.688252353,34.66160491,SAT_09786,3.552298842,44.38982442
frame-u-004895-6-0275,1,No match,FALSE,N/A,inf,35.71813599,1.051469728,35.70544009,1.114531719,FOVNotMatch,2004/10/16 9:32:26,SAT_13169,1.799244188,21.95412576,SAT_04630,1.758501499,69.52802815,SAT_27667,2.649983947,70.89327495
frame-u-004895-6-0276,1,No match,FALSE,N/A,inf,36.01769092,1.051080715,35.97177997,1.274998022,FOVNotMatch,2004/10/16 9:33:02,SAT_13169,1.799244188,22.15798869,SAT_04630,1.758501499,69.32416522,SAT_27667,2.649983947,70.68941203
frame-u-004895-2-0245,1,Success,TRUE,SAT_17325,2.140325515,31.37734791,-0.482357837,31.21434026,-0.496391964,,2004/10/16 9:14:31,SAT_17325,5.550003972,2.140325515,SAT_22096,4.843279098,4.688740865,SAT_25922,4.374262876,4.874827509
frame-u-004895-2-0246,1,Success,TRUE,SAT_17325,1.969258257,31.5269592,-0.495285965,31.36388531,-0.509816373,,2004/10/16 9:15:07,SAT_17325,5.550003972,1.969258257,SAT_22096,4.843279098,4.859808123,SAT_25922,4.374262876,5.045894767
frame-u-004895-2-0247,1,Success,TRUE,SAT_17325,1.924574823,31.67691771,-0.508340506,31.51392176,-0.522992068,,2004/10/16 9:15:43,SAT_17325,5.550003972,1.924574823,SAT_22096,4.843279098,4.904491557,SAT_25922,4.374262876,5.090578201
frame-u-004895-4-0422,1,Success,TRUE,SAT_15235,3.910243155,57.84070011,0.437063448,57.71448415,0.425108991,,2004/10/16 11:00:12,SAT_15235,5.579070032,3.910243155,SAT_23177,5.733177918,4.506514785,SAT_10305,3.763180696,4.77467719
frame-u-004895-4-0423,1,Success,TRUE,SAT_15235,3.924977115,58.02705934,0.426288327,57.86420741,0.410906147,,2004/10/16 11:00:48,SAT_15235,5.579070032,3.924977115,SAT_23177,5.733177918,4.521248745,SAT_10305,3.763180696,4.78941115
frame-u-004895-4-0424,1,Success,TRUE,SAT_15235,3.875062211,58.17656956,0.411978305,58.01388971,0.396469355,,2004/10/16 11:01:24,SAT_15235,5.579070032,3.875062211,SAT_23177,5.733177918,4.471333841,SAT_10305,3.763180696,4.739496246
frame-u-004895-4-0425,1,Success,TRUE,SAT_15235,3.766274823,58.32618491,0.397566304,58.1640189,0.38179556,,2004/10/16 11:02:00,SAT_15235,5.579070032,3.766274823,SAT_23177,5.733177918,4.362546453,SAT_10305,3.763180696,4.630708858
frame-u-004895-2-0468,1,No match,FALSE,N/A,inf,64.765116,-0.423838305,64.60196747,-0.522828828,FOVNotMatch,2004/10/16 11:27:40,SAT_20229,4.965664934,17.02317575,SAT_15386,4.62708526,20.25298606,SAT_18631,1.964365696,20.51360265
frame-u-004895-2-0469,1,No match,FALSE,N/A,inf,64.9147385,-0.514439156,64.85387027,-0.551824893,FOVNotMatch,2004/10/16 11:28:16,SAT_20229,4.965664934,17.33466162,SAT_15386,4.62708526,20.56447193,SAT_18631,1.964365696,20.82508851
frame-u-004895-3-0484,1,No match,FALSE,N/A,inf,66.99744209,-0.09966213,67.08003921,0.016929057,FOVNotMatch,2004/10/16 11:37:14,SAT_13875,1.478389045,9.574032408,SAT_21211,5.67963096,30.43290885,SAT_21173,5.003419167,30.94002678
frame-u-004895-3-0485,1,No match,FALSE,N/A,inf,67.22082838,-0.206885787,67.31060373,-0.080143137,FOVNotMatch,2004/10/16 11:37:49,SAT_13875,1.478389045,9.569919655,SAT_21211,5.67963096,30.4287961,SAT_21173,5.003419167,30.93591402
frame-u-004899-4-0048,1,Success,TRUE,SAT_27027,1.963260463,14.87582113,0.255330106,14.71570582,0.310951852,,2004/10/18 6:52:24,SAT_27027,3.98611935,1.963260463,SAT_09843,2.353038911,6.015776407,SAT_23313,5.738563594,19.13429289
frame-u-004899-5-0194,1,No match,FALSE,N/A,inf,36.70552577,0.708230511,36.67887207,0.860120489,FOVNotMatch,2004/10/18 8:19:34,SAT_18356,3.71145241,10.30719508,SAT_16404,2.835726658,10.41177302,SAT_13169,0.036195676,19.8877314
frame-u-004899-5-0194,2,No match,FALSE,N/A,inf,36.65071812,0.859658611,36.57155092,0.825553881,FOVNotMatch,2004/10/18 8:19:34,SAT_13983,3.60835909,9.027249674,SAT_14951,2.296115147,9.45316259,SAT_13624,1.752767789,9.56270835
frame-u-004899-1-0186,1,No match,FALSE,N/A,inf,35.53060941,-0.897390906,35.5383824,-0.868955553,FOVNotMatch,2004/10/18 8:14:48,SAT_13169,1.178285414,5.381704591,SAT_19059,3.707616981,15.58629682,SAT_01389,1.066944869,22.45565284
frame-u-004899-2-0185,1,Success,TRUE,SAT_23407,4.191774491,35.30919938,-0.623500043,35.37426737,-0.400192579,,2004/10/18 8:14:12,SAT_23407,3.218752138,4.191774491,SAT_13169,1.530689722,6.364373033,SAT_25998,2.053785224,13.04197757
frame-u-004900-2-0109,1,Success,TRUE,SAT_13070,2.197111086,102.2154202,64.85106942,101.8095859,64.87342379,,2004/10/18 11:12:34,SAT_13070,4.211990935,2.197111086,SAT_08425,4.920564969,8.74943689,SAT_26973,4.594848068,12.21745655
frame-u-004900-2-0110,1,Success,TRUE,SAT_13070,1.784372866,102.5324445,64.9363742,102.127402,64.95987114,,2004/10/18 11:13:09,SAT_13070,4.211990935,1.784372866,SAT_08425,4.920564969,8.336698671,SAT_26973,4.594848068,11.80471833
frame-u-004900-3-0071,1,Success,TRUE,SAT_26626,1.871354193,89.3389996,63.5412464,89.09886663,63.46468379,,2004/10/18 10:49:52,SAT_26626,0.239824072,1.871354193,SAT_04231,0.875096164,4.855443632,SAT_08418,5.141942874,7.088057618
frame-u-004900-2-0112,1,Success,TRUE,SAT_13070,2.62637517,103.172353,65.10562198,102.951837,65.11909687,,2004/10/18 11:14:21,SAT_13070,2.996081801,2.62637517,SAT_08425,4.493953707,9.277928352,SAT_26973,3.436081155,12.58950902
frame-u-004900-5-0118,1,No match,FALSE,N/A,inf,104.6299265,66.30879537,104.5960341,66.53414983,FOVNotMatch,2004/10/18 11:17:56,SAT_21256,4.691938798,36.48096278,SAT_26822,1.47812525,42.89467046,SAT_00746,1.897302928,48.8733505
frame-u-004900-6-0118,1,No match,FALSE,N/A,inf,104.5644067,66.730157,104.5305103,66.95614064,FOVNotMatch,2004/10/18 11:17:56,SAT_21256,4.691938798,36.41394235,SAT_26822,1.47812525,42.82765003,SAT_00746,1.897302928,48.94037093
frame-u-004899-1-0264,1,No match,FALSE,N/A,inf,47.11645788,-1.0429435,47.09263295,-1.019971549,FOVNotMatch,2004/10/18 9:01:22,SAT_26724,4.399751293,43.93222508,SAT_25558,5.15225445,43.93879082,SAT_23313,4.457777779,43.95435569
frame-u-004899-3-0333,1,No match,FALSE,N/A,inf,57.47385233,-0.123610447,57.44764431,0.020372214,FOVNotMatch,2004/10/18 9:42:34,SAT_27755,4.491047366,12.07765436,SAT_15350,0.001332606,20.57568519,SAT_11165,1.569180674,24.28343294
frame-u-004899-3-0309,1,No match,FALSE,N/A,inf,53.95248786,-0.104546874,53.78982478,-0.054334386,FOVNotMatch,2004/10/18 9:28:14,SAT_13658,0.541697754,8.619720928,SAT_26724,5.21429766,17.12401916,SAT_25558,5.760936703,17.13681221
frame-u-004899-1-0346,1,Success,TRUE,SAT_02971,3.779046437,59.4556054,-1.042990482,59.35406033,-0.990311437,,2004/10/18 9:50:20,SAT_02971,2.455040612,3.779046437,SAT_27402,5.31369781,26.0374574,SAT_26724,4.406633523,27.3900197
frame-u-004905-2-0066,1,No match,FALSE,N/A,inf,9.674408638,-0.457478989,9.594868087,-0.509863006,FOVNotMatch,2004/10/20 7:43:39,SAT_15388,3.786976553,21.90714015,SAT_21766,5.03502158,28.36449276,SAT_27667,0.392749701,29.72220137
frame-u-004905-1-0141,1,No match,FALSE,N/A,inf,20.89944679,-1.044028275,20.83251703,-0.975854877,FOVNotMatch,2004/10/20 8:28:26,SAT_00750,5.823054396,5.771183241,SAT_22197,3.110307534,6.151865982,SAT_25136,5.274292128,26.39589442
frame-u-004905-1-0242,1,Success,TRUE,SAT_27667,4.447534303,36.10341341,-0.9194447,35.98589438,-0.891545093,,2004/10/20 9:28:44,SAT_27667,5.670844885,4.447534303,SAT_21766,2.264139004,6.156931003,SAT_21942,5.513764721,14.86187126
frame-u-004905-1-0303,1,No match,FALSE,N/A,inf,45.07507922,-0.930632269,45.13425014,-0.823594986,FOVNotMatch,2004/10/20 10:05:09,SAT_06938,4.758686459,28.8257804,SAT_12737,3.326923171,47.42988874,SAT_01959,1.77082955,48.28899265
frame-u-004905-5-0289,1,Success,TRUE,SAT_11111,2.610289299,43.00353697,0.633819246,43.08359805,0.857934655,,2004/10/20 9:56:48,SAT_11111,1.807884253,2.610289299,SAT_00126,5.450706323,6.419299818,SAT_26605,4.050346989,9.581135887
frame-u-004905-5-0400,1,No match,FALSE,N/A,inf,59.71468295,0.696315751,59.66324977,0.722717107,FOVNotMatch,2004/10/20 11:03:04,SAT_01863,4.857483957,9.79805387,SAT_02886,4.522034377,15.69194681,SAT_04857,2.763302196,28.68860954
frame-u-004905-5-0387,1,No match,FALSE,N/A,inf,57.8140191,0.768940796,57.691804,0.827099941,FOVNotMatch,2004/10/20 10:55:19,SAT_01863,5.596987255,10.0394875,SAT_25661,5.74983314,32.21285529,SAT_23177,5.740814008,35.19867536
frame-u-004905-6-0327,1,No match,FALSE,N/A,inf,48.70578255,1.059276895,48.83054323,1.142617664,FOVNotMatch,2004/10/20 10:19:29,SAT_25660,0.959359312,16.099235,SAT_02789,2.427145565,18.63527287,SAT_12472,4.64809305,21.33863023
frame-u-004905-3-0440,1,No match,FALSE,N/A,inf,65.75013866,-0.089771125,65.58789089,-0.03266386,FOVNotMatch,2004/10/20 11:26:57,SAT_24786,5.968619712,19.24852646,SAT_23016,5.221772969,19.38803592,SAT_22117,5.197444816,19.39366828
frame-u-004905-6-0443,1,No match,FALSE,N/A,inf,66.03605226,1.236902304,66.0671919,1.278174672,FOVNotMatch,2004/10/20 11:28:45,SAT_13875,1.422998881,11.08306095,SAT_21948,4.787391475,37.84830232,SAT_17046,2.691791165,42.47729407
frame-u-004905-4-0443,1,No match,FALSE,N/A,inf,66.03609155,0.230370144,66.19164676,0.438332652,FOVNotMatch,2004/10/20 11:28:45,SAT_13875,1.422998881,10.85135158,SAT_21948,4.787391475,38.08001169,SAT_17046,2.691791165,42.70900344
frame-u-004905-4-0443,2,Success,TRUE,SAT_13875,0.9616201,66.19653356,0.416322364,66.15608502,0.329514465,,2004/10/20 11:28:45,SAT_13875,1.422998881,0.9616201,SAT_21948,4.787391475,49.89298337,SAT_19902,0.555533321,54.27655476
frame-u-004905-6-0444,1,No match,FALSE,N/A,inf,66.32092998,1.217162547,66.34937223,1.255349859,FOVNotMatch,2004/10/20 11:29:21,SAT_13875,1.422998881,10.7281439,SAT_21948,4.787391475,38.20321937,SAT_17046,2.691791165,42.83221112
frame-u-004927-1-0123,1,No match,FALSE,N/A,inf,325.8208961,-0.998705266,325.7190321,-0.92197251,FOVNotMatch,2004/11/3 2:34:08,SAT_21591,5.322122788,15.51707504,SAT_01328,1.617351147,29.66289644,SAT_10201,2.716224309,35.35189987
frame-u-004927-2-0129,1,No match,FALSE,N/A,inf,326.6753745,-0.625092304,326.5784108,-0.400595538,FOVNotMatch,2004/11/3 2:37:42,SAT_21591,5.322122788,45.16356114,SAT_15266,3.952016545,54.81652259,SAT_01328,1.617351147,59.30938254
frame-u-004927-6-0173,1,No match,FALSE,N/A,inf,333.294299,1.144031679,333.305173,1.173850679,FOVNotMatch,2004/11/3 3:03:59,SAT_20721,0.083548743,40.14790156,SAT_10893,5.340609718,42.31986692,SAT_23538,5.787427727,55.8884706
frame-u-004927-5-0252,1,No match,FALSE,N/A,inf,345.0670178,0.641174929,344.9686531,0.683660576,FOVNotMatch,2004/11/3 3:51:09,SAT_03577,0.448695244,9.447508462,SAT_27030,5.474216016,9.502307512,SAT_27390,5.501047087,11.30785076
frame-u-004927-1-0298,1,No match,FALSE,N/A,inf,351.9362683,-0.9878782,351.8549005,-0.966983864,FOVNotMatch,2004/11/3 4:18:37,SAT_23313,4.484589304,14.37394831,SAT_25558,4.903028789,14.39491015,SAT_23741,5.591331018,14.40069433
frame-u-004927-1-0299,1,No match,FALSE,N/A,inf,352.1677101,-0.970396197,352.0054629,-0.930440647,FOVNotMatch,2004/11/3 4:19:13,SAT_23313,4.484589304,13.80659707,SAT_25558,4.903028789,13.82755892,SAT_23741,5.591331018,13.8333431
frame-u-004927-5-0299,1,No match,FALSE,N/A,inf,352.146411,0.633088515,352.0603236,0.858033441,FOVNotMatch,2004/11/3 4:19:13,SAT_19450,5.142473062,9.078962813,SAT_27390,2.975253861,30.54915714,SAT_14136,4.861643872,33.532968
frame-u-004927-1-0300,1,No match,FALSE,N/A,inf,352.3171645,-0.933759661,352.1545631,-0.893881506,FOVNotMatch,2004/11/3 4:19:48,SAT_23313,4.484589304,13.75175711,SAT_25558,4.903028789,13.77271896,SAT_23741,5.591331018,13.77850314
frame-u-004927-1-0301,1,No match,FALSE,N/A,inf,352.467101,-0.897340705,352.3047513,-0.85754921,FOVNotMatch,2004/11/3 4:20:24,SAT_23313,4.484589304,13.74332243,SAT_25558,4.903028789,13.76428427,SAT_23741,5.591331018,13.77006845
frame-u-004927-2-0309,1,Success,TRUE,SAT_05446,0.023370397,353.6647904,-0.605860578,353.501468,-0.565811883,,2004/11/3 4:25:11,SAT_05446,3.137142029,0.023370397,SAT_21182,4.206788071,4.430987557,SAT_02643,4.718440816,13.4569199
frame-u-004927-2-0311,1,Success,TRUE,SAT_05446,0.23088765,353.963798,-0.532668238,353.8014307,-0.493476134,,2004/11/3 4:26:22,SAT_05446,3.137142029,0.23088765,SAT_21182,4.206788071,4.223470304,SAT_02643,4.718440816,13.24940265
frame-u-004927-2-0312,1,Success,TRUE,SAT_05446,0.175296013,354.1132654,-0.4964265,353.95089,-0.457065448,,2004/11/3 4:26:58,SAT_05446,3.137142029,0.175296013,SAT_21182,4.206788071,4.279061941,SAT_02643,4.718440816,13.30499428
frame-u-004927-2-0314,1,Success,TRUE,SAT_05446,0.208130275,354.4122657,-0.423866561,354.3178255,-0.401030619,,2004/11/3 4:28:10,SAT_05446,3.137142029,0.208130275,SAT_21182,4.206788071,4.246227679,SAT_02643,4.718440816,13.27216002
frame-u-004927-5-0343,1,Success,TRUE,SAT_13511,0.16968431,358.6495022,0.633236462,358.5928005,0.646667081,,2004/11/3 4:45:29,SAT_13511,0.497998963,0.16968431,SAT_25163,5.502840297,3.513944042,SAT_21164,4.196902755,4.229683149
frame-u-004927-5-0344,1,Success,TRUE,SAT_13511,0.380537827,358.9039203,0.643887222,358.7409295,0.681860858,,2004/11/3 4:46:05,SAT_13511,0.497998963,0.380537827,SAT_25163,5.502840297,3.303090525,SAT_21164,4.196902755,4.018829632
frame-u-004927-5-0345,1,Success,TRUE,SAT_13511,0.153561068,359.0530539,0.678438626,358.8907859,0.716921882,,2004/11/3 4:46:41,SAT_13511,0.497998963,0.153561068,SAT_25163,5.502840297,3.530067283,SAT_21164,4.196902755,4.24580639
frame-u-004927-5-0346,1,Success,TRUE,SAT_13511,0.271789034,359.2028668,0.713343862,359.0400625,0.751599368,,2004/11/3 4:47:16,SAT_13511,0.497998963,0.271789034,SAT_25163,5.502840297,3.411839318,SAT_21164,4.196902755,4.127578425
frame-u-004927-5-0347,1,Success,TRUE,SAT_13511,0.335941479,359.3525221,0.748409446,359.1896394,0.786490705,,2004/11/3 4:47:52,SAT_13511,0.497998963,0.335941479,SAT_25163,5.502840297,3.347686873,SAT_21164,4.196902755,4.06342598
frame-u-004927-5-0348,1,Success,TRUE,SAT_13511,0.338104452,359.5023474,0.783225844,359.339846,0.821211181,,2004/11/3 4:48:28,SAT_13511,0.497998963,0.338104452,SAT_25163,5.502840297,3.3455239,SAT_21164,4.196902755,4.061263007
frame-u-004927-5-0349,1,Success,TRUE,SAT_13511,0.600118079,359.6517002,0.818517437,359.4895408,0.855641329,,2004/11/3 4:49:04,SAT_13511,0.497998963,0.600118079,SAT_25163,5.502840297,3.083510272,SAT_21164,4.196902755,3.799249379
frame-u-004927-1-0398,1,No match,FALSE,N/A,inf,6.861977651,-1.040780147,6.825942037,-1.029291968,FOVNotMatch,2004/11/3 5:18:19,SAT_23313,4.409696177,17.65565636,SAT_26724,4.36479217,17.67460535,SAT_25558,5.197377466,17.68058533
frame-u-004927-4-0411,1,No match,FALSE,N/A,inf,8.87159205,0.294455454,8.770774089,0.355112431,FOVNotMatch,2004/11/3 5:26:05,SAT_13971,3.87495637,5.93518978,SAT_23313,5.729673723,31.00440162,SAT_26724,5.559041324,31.02002467
frame-u-004927-3-0321,1,Success,TRUE,SAT_08305,4.565199869,355.4609828,-0.172330626,355.2980253,-0.132724455,,2004/11/3 4:32:21,SAT_08305,0.562435587,4.565199869,SAT_01574,0.550747715,5.702427958,SAT_23313,5.310421394,13.63079953
frame-u-004927-3-0322,1,Success,TRUE,SAT_08305,4.322434389,355.6104159,-0.135895316,355.4485529,-0.097280701,,2004/11/3 4:32:57,SAT_08305,0.562435587,4.322434389,SAT_01574,0.550747715,5.459662477,SAT_23313,5.310421394,13.38803405
frame-u-004927-3-0324,1,Success,TRUE,SAT_08305,4.455895065,355.9096803,-0.064516393,355.7474449,-0.025413228,,2004/11/3 4:34:08,SAT_08305,0.562435587,4.455895065,SAT_01574,0.550747715,5.593123153,SAT_23313,5.310421394,13.52149472
frame-u-004927-6-0362,1,Success,TRUE,SAT_04705,1.121927993,1.597654286,1.266437528,1.550620072,1.277196497,,2004/11/3 4:56:50,SAT_04705,0.300974439,1.121927993,SAT_22577,5.058941757,8.388315245,SAT_23538,3.256767426,18.25710854
frame-u-004927-3-0487,1,No match,FALSE,N/A,inf,20.27654731,-0.022535282,20.22107405,0.018539402,FOVNotMatch,2004/11/3 6:11:28,SAT_23715,5.864009223,34.19338262,SAT_23244,5.316273568,35.3383818,SAT_26724,5.14433439,36.48644465
frame-u-004930-1-0059,1,Success,TRUE,SAT_25881,1.796071102,310.1996848,-1.198665189,310.1509291,-1.203550723,,2004/11/4 1:46:03,SAT_25881,3.540665382,1.796071102,SAT_26724,5.507528899,5.658778796,SAT_25558,4.47077241,5.735364634
frame-u-004930-1-0060,1,Success,TRUE,SAT_25881,1.794533754,310.4629931,-1.202235875,310.3012513,-1.218447446,,2004/11/4 1:46:39,SAT_25881,3.540665382,1.794533754,SAT_26724,5.507528899,5.660316144,SAT_25558,4.47077241,5.736901982
frame-u-004930-1-0169,1,No match,FALSE,N/A,inf,326.6729553,-1.221179332,326.6174375,-1.204082154,FOVNotMatch,2004/11/4 2:51:44,SAT_21222,5.420541393,16.27382,SAT_23670,5.341754117,16.47341829,SAT_22096,4.78199901,16.78263055
frame-u-004930-1-0170,1,No match,FALSE,N/A,inf,326.929059,-1.207731772,326.7680495,-1.157639343,FOVNotMatch,2004/11/4 2:52:20,SAT_21222,5.420541393,16.43870749,SAT_23670,5.341754117,16.63830577,SAT_22096,4.78199901,16.94751803
frame-u-004927-6-0627,1,No match,FALSE,N/A,inf,41.27057021,1.198084276,41.14896788,1.147856268,FOVNotMatch,2004/11/3 7:35:03,SAT_12850,2.068143343,7.869511946,SAT_11841,2.51383826,8.103074835,SAT_14115,4.868605686,9.981533272
frame-u-004930-1-0204,1,Success,TRUE,SAT_26557,4.192087779,331.9108637,-1.146028333,331.857108,-1.135516395,,2004/11/4 3:12:38,SAT_26557,5.291025146,4.192087779,SAT_01359,2.625725868,8.923907698,SAT_21222,5.493049919,10.32769818
frame-u-004930-5-0291,1,No match,FALSE,N/A,inf,344.8799255,0.430705173,345.0425556,0.483703524,FOVNotMatch,2004/11/4 4:04:34,SAT_09998,2.438591435,8.175863973,SAT_26497,5.705728559,9.64096321,SAT_25913,5.937269889,18.03889829
frame-u-004930-4-0296,1,No match,FALSE,N/A,inf,345.6288547,0.186447055,345.7501341,0.226167449,FOVNotMatch,2004/11/4 4:07:34,SAT_09998,2.438591435,8.259746776,SAT_26497,5.705728559,9.724846013,SAT_25913,5.937269889,18.1227811
frame-u-004930-4-0297,1,No match,FALSE,N/A,inf,345.9410999,0.190918583,345.7784196,0.137911166,FOVNotMatch,2004/11/4 4:08:09,SAT_09998,2.438591435,8.173066912,SAT_26497,5.705728559,9.638166149,SAT_25913,5.937269889,18.03610123
frame-u-004930-4-0298,1,No match,FALSE,N/A,inf,346.0906843,0.142034792,345.9288199,0.088745575,FOVNotMatch,2004/11/4 4:08:45,SAT_09998,2.050725816,8.45921738,SAT_25913,5.518137859,18.20959796,SAT_28238,5.497324113,18.22630648
frame-u-004930-4-0299,1,No match,FALSE,N/A,inf,346.2408832,0.092755212,346.0775772,0.038874466,FOVNotMatch,2004/11/4 4:09:21,SAT_09998,2.050725816,8.496203458,SAT_25913,5.518137859,18.24658404,SAT_28238,5.497324113,18.26329256
frame-u-004930-4-0300,1,No match,FALSE,N/A,inf,346.3908942,0.043388812,346.2627942,0.001447058,FOVNotMatch,2004/11/4 4:09:57,SAT_09998,2.050725816,8.365729481,SAT_25913,5.518137859,18.11611006,SAT_28238,5.497324113,18.13281858
frame-u-004930-3-0304,1,No match,FALSE,N/A,inf,346.8736033,-0.193174629,346.8261327,-0.208553169,FOVNotMatch,2004/11/4 4:12:20,SAT_09998,2.050725816,8.1868535,SAT_25913,5.518137859,17.93723408,SAT_28238,5.497324113,17.9539426
frame-u-004930-3-0306,1,No match,FALSE,N/A,inf,347.2880741,-0.254827513,347.1255035,-0.308727513,FOVNotMatch,2004/11/4 4:13:32,SAT_09998,1.809686363,8.712113152,SAT_25913,5.099251099,18.32823028,SAT_26724,5.797390886,18.33053688
frame-u-004930-3-0307,1,No match,FALSE,N/A,inf,347.4380595,-0.304191534,347.2756516,-0.358834537,FOVNotMatch,2004/11/4 4:14:08,SAT_09998,1.809686363,8.965126062,SAT_25913,5.099251099,18.58124319,SAT_26724,5.797390886,18.58354979
frame-u-004930-3-0308,1,No match,FALSE,N/A,inf,347.4251454,-0.408432423,347.5885614,-0.353969251,FOVNotMatch,2004/11/4 4:14:43,SAT_09998,1.809686363,8.801605581,SAT_25913,5.099251099,18.41772271,SAT_26724,5.797390886,18.42002931
frame-u-004933-2-0070,1,No match,FALSE,N/A,inf,316.2649572,-0.439871229,316.14536,-0.402766286,FOVNotMatch,2004/11/5 1:57:46,SAT_15562,1.462470281,7.402765747,SAT_27038,3.075677891,13.22267199,SAT_22096,5.868645861,16.81151364
frame-u-004933-4-0079,1,No match,FALSE,N/A,inf,317.6052952,0.290134567,317.4496604,0.358111955,FOVNotMatch,2004/11/5 2:03:08,SAT_15562,2.528313822,12.98418045,SAT_27038,2.129215201,19.13269605,SAT_25558,5.638728681,23.58179213
frame-u-004933-4-0080,1,No match,FALSE,N/A,inf,317.7613335,0.352850426,317.6716643,0.391856359,FOVNotMatch,2004/11/5 2:03:44,SAT_15562,2.528313822,12.89871336,SAT_27038,2.129215201,19.04722896,SAT_25558,5.638728681,23.49632504
frame-u-004930-2-0315,1,No match,FALSE,N/A,inf,348.6357033,-0.706621251,348.4743371,-0.761303309,FOVNotMatch,2004/11/4 4:18:54,SAT_09998,1.816675372,9.246568418,SAT_25913,4.680392599,18.70457481,SAT_26724,5.444502891,18.71097585
frame-u-004930-4-0318,1,Success,TRUE,SAT_26535,3.815850057,349.0849365,0.016266872,348.9417546,0.076280274,,2004/11/4 4:20:42,SAT_26535,3.733491117,3.815850057,SAT_26557,0.017896623,3.989350892,SAT_22403,3.989890885,5.39252838
frame-u-004930-1-0322,1,No match,FALSE,N/A,inf,349.6834859,-1.063010684,349.5213494,-1.118728456,FOVNotMatch,2004/11/4 4:23:05,SAT_09998,2.088162314,9.62004635,SAT_25913,4.261814809,18.9500267,SAT_26724,5.102124956,18.95961002
frame-u-004930-1-0323,1,No match,FALSE,N/A,inf,349.8334416,-1.113837904,349.6709148,-1.169894578,FOVNotMatch,2004/11/4 4:23:41,SAT_09998,2.088162314,9.684909242,SAT_25913,4.261814809,19.01488959,SAT_26724,5.102124956,19.02447291
frame-u-004930-1-0324,1,No match,FALSE,N/A,inf,349.9839799,-1.165287633,349.8210023,-1.221208259,FOVNotMatch,2004/11/4 4:24:17,SAT_09998,2.088162314,9.593567319,SAT_25913,4.261814809,18.92354767,SAT_26724,5.102124956,18.93313099
frame-u-004930-1-0325,1,No match,FALSE,N/A,inf,350.1331532,-1.216855804,350.0164978,-1.257000095,FOVNotMatch,2004/11/4 4:24:52,SAT_09998,2.088162314,9.645550197,SAT_25913,4.261814809,18.97553055,SAT_26724,5.102124956,18.98511386
frame-u-004933-3-0108,1,Success,TRUE,SAT_03284,1.955095391,321.88804,-0.199488414,321.8153598,-0.207806531,,2004/11/5 2:20:27,SAT_03284,3.961004317,1.955095391,SAT_00058,0.078246029,4.720601835,SAT_04478,5.02095282,5.234149792
frame-u-004933-3-0112,1,No match,FALSE,N/A,inf,322.3890397,-0.134835136,322.4368288,0.015276721,FOVNotMatch,2004/11/5 2:22:51,SAT_18335,2.469868149,17.15196609,SAT_15214,0.614956724,35.62447964,SAT_27790,5.339001207,39.59185224
frame-u-004933-3-0113,1,No match,FALSE,N/A,inf,322.6654557,-0.207431618,322.7019793,-0.092777904,FOVNotMatch,2004/11/5 2:23:26,SAT_18335,2.469868149,17.16231323,SAT_15214,0.614956724,35.63482678,SAT_27790,5.339001207,39.5815051
frame-u-004933-1-0114,1,No match,FALSE,N/A,inf,322.6976667,-1.046805467,322.7693315,-0.821990385,FOVNotMatch,2004/11/5 2:24:02,SAT_18335,2.469868149,17.17138056,SAT_15214,0.614956724,35.64389411,SAT_27790,5.339001207,39.57243777
frame-u-004930-3-0353,1,No match,FALSE,N/A,inf,354.1952255,-0.291209717,354.1613684,-0.255271462,FOVNotMatch,2004/11/4 4:41:35,SAT_00732,0.29535019,24.58056033,SAT_26557,2.44687158,26.87287194,SAT_27367,3.268459184,35.22075844
frame-u-004930-3-0354,1,No match,FALSE,N/A,inf,354.4738399,-0.269957061,354.4021347,-0.193922551,FOVNotMatch,2004/11/4 4:42:11,SAT_00732,0.29535019,24.6100809,SAT_26557,2.44687158,26.84335136,SAT_27367,3.268459184,35.19123786
frame-u-004930-1-0358,1,No match,FALSE,N/A,inf,354.9949743,-1.256464862,354.9108144,-1.145405494,FOVNotMatch,2004/11/4 4:44:35,SAT_00732,0.29535019,18.43732112,SAT_26557,2.44687158,33.01611114,SAT_27367,3.268459184,41.36399765
frame-u-004930-1-0359,1,No match,FALSE,N/A,inf,355.2226547,-1.162626978,355.1886952,-1.117303502,FOVNotMatch,2004/11/4 4:45:10,SAT_00732,0.29535019,18.12650565,SAT_26557,2.44687158,33.32692661,SAT_27367,3.268459184,41.67481311
frame-u-004933-6-0210,1,No match,FALSE,N/A,inf,337.1153295,1.051166921,337.1935862,1.275290408,FOVNotMatch,2004/11/5 3:21:21,SAT_20583,0.028262486,38.48186548,SAT_07032,4.576579426,40.95413278,SAT_26338,5.097425487,51.58255938
frame-u-004933-1-0277,1,No match,FALSE,N/A,inf,347.1623463,-1.018092604,347.089904,-0.986802381,FOVNotMatch,2004/11/5 4:01:22,SAT_14136,5.191867936,10.13957114,SAT_22096,5.629411306,23.18560755,SAT_23313,5.514241227,23.33403086
frame-u-004933-1-0279,1,No match,FALSE,N/A,inf,347.551838,-0.926372741,347.5364526,-0.919651181,FOVNotMatch,2004/11/5 4:02:33,SAT_14136,5.191867936,9.901743199,SAT_22096,5.629411306,23.42343549,SAT_23313,5.514241227,23.5718588
frame-u-004933-6-0319,1,No match,FALSE,N/A,inf,353.5395085,1.126921865,353.3768165,1.173471536,FOVNotMatch,2004/11/5 4:26:26,SAT_14136,0.1001159,19.31364871,SAT_03284,4.876552179,21.8510165,SAT_04478,0.187738042,25.71079935
frame-u-004933-3-0451,1,No match,FALSE,N/A,inf,13.29959297,-0.019285728,13.25969488,0.017348476,FOVNotMatch,2004/11/5 5:45:15,SAT_26476,4.62818173,9.232332664,SAT_18518,0.751867314,16.39368444,SAT_04478,3.319462101,49.2537926
frame-u-004933-4-0674,1,No match,FALSE,N/A,inf,46.68464255,0.233807296,46.52201173,0.26819687,FOVNotMatch,2004/11/5 7:58:24,SAT_26724,5.680981701,11.87278572,SAT_25558,5.654619776,11.93708909,SAT_20391,5.330015627,22.40299571
frame-u-004933-4-0677,1,No match,FALSE,N/A,inf,47.1339169,0.32768658,46.97104952,0.362525782,FOVNotMatch,2004/11/5 8:00:11,SAT_26724,5.680981701,12.0073823,SAT_25558,5.654619776,12.07168567,SAT_20391,5.330015627,22.53759229
frame-u-004933-4-0679,1,No match,FALSE,N/A,inf,47.4330122,0.390947604,47.27049279,0.425156235,FOVNotMatch,2004/11/5 8:01:23,SAT_26724,5.680981701,11.81984681,SAT_25558,5.654619776,11.88415018,SAT_20391,5.330015627,22.3500568
frame-u-004933-4-0680,1,No match,FALSE,N/A,inf,47.58285412,0.422483084,47.51723079,0.436053517,FOVNotMatch,2004/11/5 8:01:59,SAT_26724,5.680981701,11.61690344,SAT_25558,5.654619776,11.68120681,SAT_20391,5.330015627,22.14711343
frame-u-004933-3-0660,1,Success,TRUE,SAT_23538,2.004365631,44.57091981,-0.207394698,44.42647417,-0.176330691,,2004/11/5 7:50:02,SAT_23538,5.423196044,2.004365631,SAT_26724,5.266559891,12.07205024,SAT_25558,5.235051824,12.13378567
frame-u-004933-3-0662,1,Success,TRUE,SAT_23538,1.977982718,44.88781379,-0.147350221,44.72615691,-0.112506831,,2004/11/5 7:51:14,SAT_23538,5.423196044,1.977982718,SAT_26724,5.266559891,12.09843315,SAT_25558,5.235051824,12.16016859
frame-u-004933-3-0663,1,Success,TRUE,SAT_23538,2.149616138,45.0385205,-0.115331849,44.87562341,-0.080731415,,2004/11/5 7:51:50,SAT_23538,5.423196044,2.149616138,SAT_26724,5.266559891,11.92679973,SAT_25558,5.235051824,11.98853517
frame-u-004933-3-0664,1,Success,TRUE,SAT_23538,1.923022821,45.18795741,-0.083432226,45.02534632,-0.048219834,,2004/11/5 7:52:26,SAT_23538,5.423196044,1.923022821,SAT_26724,5.266559891,12.15339305,SAT_25558,5.235051824,12.21512848
frame-u-004933-1-0615,1,Success,TRUE,SAT_03315,2.537822784,37.72904784,-1.046307433,37.85174628,-0.894574228,,2004/11/5 7:23:10,SAT_03315,4.498602062,2.537822784,SAT_28452,5.2712148,16.8033472,SAT_06218,4.891953919,30.45141883
frame-u-004933-5-0688,1,No match,FALSE,N/A,inf,48.78074555,0.671142136,48.61862029,0.70483268,FOVNotMatch,2004/11/5 8:06:45,SAT_10220,0.934853986,9.117087119,SAT_20391,5.361702953,22.1760153,SAT_14421,4.382770624,22.9664241
frame-u-004933-5-0690,1,No match,FALSE,N/A,inf,49.08003309,0.732734297,48.91780094,0.766480883,FOVNotMatch,2004/11/5 8:07:57,SAT_10220,0.934853986,9.128694442,SAT_20391,5.361702953,22.18762262,SAT_14421,4.382770624,22.97803142
frame-u-004933-5-0692,1,No match,FALSE,N/A,inf,49.37991086,0.794813335,49.21702339,0.82817566,FOVNotMatch,2004/11/5 8:09:09,SAT_10220,0.934853986,8.953216013,SAT_20391,5.361702953,22.01214419,SAT_14421,4.382770624,22.802553
frame-u-004933-5-0693,1,No match,FALSE,N/A,inf,49.52917383,0.82561744,49.3781348,0.85602898,FOVNotMatch,2004/11/5 8:09:45,SAT_10220,0.934853986,8.762375383,SAT_20391,5.361702953,21.82130356,SAT_14421,4.382770624,22.61171237
frame-u-004933-6-0700,1,No match,FALSE,N/A,inf,50.51966933,1.050960899,50.41474455,1.072120704,FOVNotMatch,2004/11/5 8:13:55,SAT_20391,5.447938952,21.80518656,SAT_14421,4.446523231,22.57510966,SAT_17972,0.114584462,22.86783415
frame-u-004933-6-0701,1,No match,FALSE,N/A,inf,50.72703093,1.069787133,50.56454323,1.103022833,FOVNotMatch,2004/11/5 8:14:31,SAT_20391,5.447938952,21.96358139,SAT_14421,4.446523231,22.73350448,SAT_17972,0.114584462,23.02622898
frame-u-004933-6-0704,1,No match,FALSE,N/A,inf,51.17581395,1.160500717,51.01378044,1.193617664,FOVNotMatch,2004/11/5 8:16:19,SAT_20391,5.447938952,21.95515764,SAT_14421,4.446523231,22.72508073,SAT_17972,0.114584462,23.01780523
frame-u-004933-6-0707,1,No match,FALSE,N/A,inf,51.62572174,1.250781887,51.50346578,1.275818101,FOVNotMatch,2004/11/5 8:18:06,SAT_20391,5.260303298,21.95295355,SAT_14421,4.244459593,22.71066661,SAT_17972,0.092885594,22.91891117
frame-u-004933-1-0766,1,No match,FALSE,N/A,inf,60.45853659,-0.95596019,60.29583416,-0.930013192,FOVNotMatch,2004/11/5 8:53:20,SAT_02215,5.376268807,5.885988057,SAT_26724,4.540638497,8.983965667,SAT_23313,5.696038837,9.051329203
frame-u-004948-1-0119,1,No match,FALSE,N/A,inf,26.30328166,-1.044681178,26.29529073,-0.85600078,FOVNotMatch,2004/11/10 6:20:09,SAT_16106,2.875607946,13.30945708,SAT_27518,4.258268587,45.29535287,SAT_11147,0.62953387,73.95343833
frame-u-004948-5-0159,1,No match,FALSE,N/A,inf,32.40095585,0.633346201,32.28375986,0.671770621,FOVNotMatch,2004/11/10 6:44:02,SAT_02529,2.942339598,15.05300288,SAT_27855,5.598476502,17.96969132,SAT_02222,2.906809024,18.34918443
frame-u-004948-5-0160,1,No match,FALSE,N/A,inf,32.59515845,0.667603639,32.43202595,0.720710305,FOVNotMatch,2004/11/10 6:44:38,SAT_02529,2.942339598,15.17304934,SAT_27855,5.598476502,17.84964486,SAT_02222,2.906809024,18.22913797
frame-u-004948-5-0162,1,No match,FALSE,N/A,inf,32.73168159,0.818007548,32.89405491,0.765090799,FOVNotMatch,2004/11/10 6:45:50,SAT_02529,2.942339598,15.15441984,SAT_27855,5.598476502,17.86827435,SAT_02222,2.906809024,18.24776746
frame-u-005037-1-0135,1,No match,FALSE,N/A,inf,133.3201336,20.15876005,133.3149405,20.19382425,FOVNotMatch,2004/12/11 10:24:20,SAT_01521,0.166730149,13.22052134,SAT_08701,1.704600269,13.78137088,SAT_12854,0.064942937,34.96135031
frame-u-005037-1-0135,2,No match,FALSE,N/A,inf,133.3074577,20.25201446,133.2883085,20.39124131,FOVNotMatch,2004/12/11 10:24:20,SAT_01521,0.166730149,12.65563411,SAT_08701,1.704600269,14.3462581,SAT_12854,0.064942937,35.52623753
frame-u-004948-5-0227,1,No match,FALSE,N/A,inf,42.58774871,0.634349247,42.4626402,0.701796062,FOVNotMatch,2004/11/10 7:24:38,SAT_02222,2.129149989,26.96972268,SAT_02868,5.644643802,34.25397788,SAT_05709,4.495771068,41.29205944
frame-u-004948-5-0228,1,No match,FALSE,N/A,inf,42.77396588,0.695046212,42.71324863,0.728039725,FOVNotMatch,2004/11/10 7:25:14,SAT_02222,2.129149989,27.16003575,SAT_02868,5.644643802,34.44429095,SAT_26393,5.908543571,41.34579278
frame-u-004948-3-0220,1,Success,TRUE,SAT_04855,3.715881754,41.45140968,-0.20597744,41.52119611,0.017971351,,2004/11/10 7:20:27,SAT_04855,4.067942419,3.715881754,SAT_11879,1.460938133,5.454171878,SAT_03081,3.36900255,19.15787055
frame-u-004948-2-0221,1,Success,TRUE,SAT_04855,3.909267126,41.64935737,-0.533153854,41.69103448,-0.400986023,,2004/11/10 7:21:03,SAT_04855,4.067942419,3.909267126,SAT_11879,1.460938133,5.64755725,SAT_03081,3.36900255,18.96448518
frame-u-005038-1-0087,1,No match,FALSE,N/A,inf,139.2922778,22.69084244,139.1854168,22.73141495,FOVNotMatch,2004/12/11 11:33:27,SAT_15390,3.609012837,22.253483,SAT_27792,5.381149582,28.75117847,SAT_10395,5.747777799,35.47982694
frame-u-005038-2-0091,1,No match,FALSE,N/A,inf,139.7689222,23.42532564,139.680363,23.45916949,FOVNotMatch,2004/12/11 11:35:51,SAT_15390,3.609012837,22.49570625,SAT_27792,5.381149582,28.99340172,SAT_10395,5.747777799,35.2376037
frame-u-005038-1-0135,1,No match,FALSE,N/A,inf,146.6284788,25.26130359,146.584322,25.18557749,FOVNotMatch,2004/12/11 12:02:07,SAT_17536,5.156360996,13.12998308,SAT_18275,2.700037181,30.08328831,SAT_08425,5.093970344,47.37320526
frame-u-005038-1-0159,1,No match,FALSE,N/A,inf,150.3854541,26.35132778,150.3344496,26.39801564,FOVNotMatch,2004/12/11 12:16:27,SAT_16483,4.976163253,39.7826563,SAT_27792,2.82673852,46.57570993,SAT_21263,0.253838727,78.83284193
frame-u-005038-1-0160,1,No match,FALSE,N/A,inf,150.6763301,26.46788643,150.5157567,26.61371506,FOVNotMatch,2004/12/11 12:17:03,SAT_16483,4.976163253,39.59801427,SAT_27792,2.82673852,46.39106789,SAT_21263,0.253838727,79.01748396
frame-u-005036-2-0025,1,No match,FALSE,N/A,inf,347.4908409,-0.836308346,347.3433699,-0.758776288,FOVNotMatch,2004/12/11 1:35:17,SAT_27038,1.246539441,12.0511855,SAT_20674,3.301061785,18.17179387,SAT_26897,0.611540049,19.74249703
frame-u-005036-5-0026,1,No match,FALSE,N/A,inf,347.5884316,0.422338912,347.482507,0.519188009,FOVNotMatch,2004/12/11 1:35:53,SAT_22407,4.160407157,15.43645,SAT_27038,1.246539441,26.75430466,SAT_20674,3.301061785,32.87491303
frame-u-005036-3-0051,1,Success,TRUE,SAT_27038,3.209029332,351.3875908,-0.406617622,351.224997,-0.344281243,,2004/12/11 1:50:49,SAT_27038,4.799303051,3.209029332,SAT_20303,0.194994288,13.49681169,SAT_23313,5.394423539,20.98758715
frame-u-005042-5-0039,1,Success,TRUE,SAT_07281,4.628000932,23.61911693,0.562096961,23.5988211,0.644664308,,2004/12/12 3:06:04,SAT_07281,2.766744068,4.628000932,SAT_14509,3.863590011,6.98153216,SAT_17328,1.319072826,8.11398488
frame-u-005042-3-0088,1,No match,FALSE,N/A,inf,30.91423969,-0.296028889,31.06145829,-0.194464855,FOVNotMatch,2004/12/12 3:35:20,SAT_27429,3.711994192,10.09611484,SAT_12263,0.949448225,16.22507647,SAT_10953,4.211967322,19.4457687
frame-u-005042-3-0089,1,No match,FALSE,N/A,inf,31.19163168,-0.311552126,31.22738787,-0.286511122,FOVNotMatch,2004/12/12 3:35:56,SAT_27429,3.711994192,10.49955627,SAT_12263,0.949448225,16.62851789,SAT_10953,4.211967322,19.84921013
frame-u-005042-6-0113,1,Success,TRUE,SAT_27429,3.942524422,34.71063775,0.988882533,34.81960052,1.028822414,,2004/12/12 3:50:15,SAT_27429,2.762898626,3.942524422,SAT_10953,4.54410959,5.263035961,SAT_04902,5.85425846,9.156404328
frame-u-005043-2-0052,1,Success,TRUE,SAT_15643,0.553903864,33.24933409,0.857637697,33.02616026,0.793424794,,2004/12/12 6:08:24,SAT_15643,2.292541899,0.553903864,SAT_11941,4.553214244,0.890968259,SAT_12472,5.988142594,2.86170831
frame-u-005043-1-0022,1,Success,TRUE,SAT_10760,0.57993706,33.51524327,-3.557293705,33.50287933,-3.719140454,,2004/12/12 5:50:30,SAT_10760,3.938325351,0.57993706,SAT_21401,5.524676211,5.031175075,SAT_20330,2.940612446,18.12414929
frame-u-005042-2-0124,1,No match,FALSE,N/A,inf,36.42980508,-0.799390678,36.30339768,-0.750195335,FOVNotMatch,2004/12/12 3:56:50,SAT_22098,5.178712169,6.329799236,SAT_27667,5.970880391,19.97833704,SAT_24713,4.646216266,21.27067276
frame-u-005042-6-0125,1,No match,FALSE,N/A,inf,36.56977848,0.839927385,36.49575176,0.88965407,FOVNotMatch,2004/12/12 3:57:25,SAT_22098,5.178712169,6.297236567,SAT_23027,5.881278848,23.39969858,SAT_27667,5.970880391,32.60537284
frame-u-005042-1-0159,1,No match,FALSE,N/A,inf,41.64440098,-1.2265756,41.54495835,-1.201175849,FOVNotMatch,2004/12/12 4:17:43,SAT_24315,4.263277835,14.33465364,SAT_26352,4.171646576,14.33697575,SAT_24713,4.226671271,14.33821592
frame-u-005044-6-0070,1,No match,FALSE,N/A,inf,59.9826929,53.21132359,59.66289418,53.33223575,FOVNotMatch,2004/12/12 7:26:52,SAT_02124,4.794012108,40.64695897,SAT_25808,13.97209472,N/A,SAT_27409,15.94055815,N/A
frame-u-005042-3-0254,1,No match,FALSE,N/A,inf,55.81086955,-0.418588912,55.78361428,-0.396592541,FOVNotMatch,2004/12/12 5:14:27,SAT_13912,4.336056498,6.158379383,SAT_24720,2.674188937,8.00852435,SAT_19990,2.093680954,19.95803838
frame-u-005045-3-0114,1,No match,FALSE,N/A,inf,128.1680082,18.97457811,128.2246366,19.06299987,FOVNotMatch,2004/12/12 9:28:38,SAT_10643,1.16539538,5.334073924,SAT_11079,6.028446163,N/A,SAT_21890,11.6715095,N/A
frame-u-005045-3-0094,1,No match,FALSE,N/A,inf,125.4293785,17.77129676,125.3226405,17.84103849,FOVNotMatch,2004/12/12 9:16:41,SAT_07382,3.88162719,34.02537114,SAT_22315,5.99791673,60.46371993,SAT_02994,5.5844792,68.60955455
frame-u-005045-4-0095,1,No match,FALSE,N/A,inf,125.4096153,18.10465103,125.3293554,18.15677223,FOVNotMatch,2004/12/12 9:17:17,SAT_07382,3.88162719,34.13977884,SAT_22315,5.99791673,60.34931223,SAT_02994,5.5844792,68.72396225
frame-u-005045-1-0087,1,Success,TRUE,SAT_18767,1.330211616,124.8024344,16.378467,124.6834685,16.55040514,,2004/12/12 9:12:30,SAT_18767,0.501223601,1.330211616,SAT_07382,0.009945486,11.56481535,SAT_21890,15.54812095,N/A
frame-u-005045-3-0067,1,No match,FALSE,N/A,inf,121.6976745,15.76941337,121.5056422,15.87632379,FOVNotMatch,2004/12/12 9:00:34,SAT_08951,3.897632665,29.74251151,SAT_12635,5.380002748,33.25159753,SAT_21706,2.559176548,34.6748466
frame-u-005045-3-0068,1,No match,FALSE,N/A,inf,121.8018205,16.00685923,121.7725007,16.02349595,FOVNotMatch,2004/12/12 9:01:10,SAT_08951,3.897632665,29.24382363,SAT_12635,5.380002748,33.7502854,SAT_21706,2.559176548,34.17615872
frame-u-005060-2-0185,1,Success,TRUE,SAT_10890,1.76278606,124.0357633,65.39105378,124.2719545,65.46058697,,2004/12/13 7:43:26,SAT_10890,1.689831042,1.76278606,SAT_09570,5.32824437,2.480927129,SAT_13075,2.792145887,8.288167786
frame-u-005061-6-0264,1,No match,FALSE,N/A,inf,153.396904,27.18712251,153.5091555,27.3018194,FOVNotMatch,2004/12/13 10:36:56,SAT_16922,3.026726486,23.6794023,SAT_21011,3.293082465,62.35930676,SAT_26970,15.45225117,N/A
frame-u-005061-1-0092,1,No match,FALSE,N/A,inf,128.0835091,16.23865364,128.2240657,16.32619539,FOVNotMatch,2004/12/13 8:54:15,SAT_09931,7.229536795,N/A,SAT_22315,16.20707294,N/A,SAT_16849,13.12096142,N/A
frame-u-005061-1-0122,1,No match,FALSE,N/A,inf,132.564622,18.01959988,132.3898879,18.1915746,FOVNotMatch,2004/12/13 9:12:09,SAT_26969,4.000210716,16.74965719,SAT_13943,16.68987275,N/A,SAT_22315,16.48120134,N/A
frame-u-005061-4-0306,1,No match,FALSE,N/A,inf,160.6192403,27.87573785,160.4896808,27.7697824,FOVNotMatch,2004/12/13 11:02:01,SAT_06302,4.010258724,14.40102691,SAT_15789,4.66327753,17.03948747,SAT_02789,1.46168922,48.0782429
frame-u-005052-1-0139,1,No match,FALSE,N/A,inf,4.638834186,-1.086428053,4.573484188,-1.033159088,FOVNotMatch,2004/12/13 3:00:05,SAT_15166,2.897761227,32.28082604,SAT_25773,4.262381752,32.37536809,SAT_26488,4.161340262,34.85419503
frame-u-005061-6-0350,1,Success,TRUE,SAT_08179,2.38125931,167.8939199,29.73443653,167.8309368,29.95318247,,2004/12/13 11:28:17,SAT_08179,0.444120138,2.38125931,SAT_26483,4.412560094,39.66910937,SAT_07655,4.132795693,78.04055167
frame-u-005052-6-0267,1,No match,FALSE,N/A,inf,23.69775518,1.032465039,23.66537342,1.067907329,FOVNotMatch,2004/12/13 4:16:30,SAT_23671,0.702632314,43.24745054,SAT_23538,3.750443258,43.75955633,SAT_03291,2.388702952,50.3794918
frame-u-005052-4-0036,1,No match,FALSE,N/A,inf,349.2205195,0.076589969,349.097968,0.173054824,FOVNotMatch,2004/12/13 1:58:35,SAT_04140,0.925024743,11.93880708,SAT_26476,5.914164495,12.74163459,SAT_26729,5.545592441,22.88241958
frame-u-005064-2-0203,1,Success,TRUE,SAT_10637,4.971437296,8.325543485,-20.60820847,8.366556195,-20.56777663,,2004/12/14 3:07:51,SAT_10637,5.929869273,4.971437296,SAT_27903,5.56649115,31.04260897,SAT_25946,0.1128938,40.3872462
frame-u-005065-1-0023,1,No match,FALSE,N/A,inf,22.39855611,5.901541575,22.32893822,6.129226972,FOVNotMatch,2004/12/14 3:37:00,SAT_25485,0.092787978,38.27776907,SAT_27389,4.339689695,70.91711522,SAT_14552,4.174516986,71.33502667
frame-u-005065-2-0024,1,No match,FALSE,N/A,inf,22.56956603,6.314604888,22.53626098,6.424210082,FOVNotMatch,2004/12/14 3:37:36,SAT_25485,0.092787978,38.16799711,SAT_27389,4.339689695,71.02688719,SAT_14552,4.174516986,71.2252547
frame-u-005064-3-0185,1,Success,TRUE,SAT_21969,0.937247031,5.487971194,-20.28252728,5.618639151,-20.25513632,,2004/12/14 2:57:06,SAT_21969,5.358494291,0.937247031,SAT_28365,2.68999567,12.28124797,SAT_20411,3.728297181,16.56077573
frame-u-005065-2-0053,1,Success,TRUE,SAT_11792,4.668585779,26.98548568,6.166736341,26.82363012,6.192257421,,2004/12/14 3:54:55,SAT_11792,4.925376131,4.668585779,SAT_27389,4.754144214,6.280562549,SAT_04250,5.623509339,17.97105687
frame-u-005065-6-0104,1,No match,FALSE,N/A,inf,34.6367741,7.40139102,34.59454751,7.427859268,FOVNotMatch,2004/12/14 4:25:22,SAT_11792,1.838970174,14.46357656,SAT_14590,2.962740869,37.03458112,SAT_14591,3.235229776,37.35664224
frame-u-005065-6-0105,1,No match,FALSE,N/A,inf,34.90797451,7.400310564,34.75014209,7.499455206,FOVNotMatch,2004/12/14 4:25:58,SAT_11792,1.838970174,14.52132561,SAT_14590,2.962740869,36.97683207,SAT_14591,3.235229776,37.29889319
frame-u-005066-1-0084,1,No match,FALSE,N/A,inf,55.06479232,6.961147329,54.97463984,6.84668549,FOVNotMatch,2004/12/14 6:51:59,SAT_26898,0.747350987,23.09961646,SAT_14813,0.518124532,26.58541952,SAT_18476,4.255273686,27.61707692
frame-u-005066-1-0085,1,No match,FALSE,N/A,inf,55.20492883,7.059264158,55.14655278,6.98469742,FOVNotMatch,2004/12/14 6:52:35,SAT_26898,0.747350987,23.27467975,SAT_14813,0.518124532,26.41035624,SAT_18476,4.255273686,27.44201363
frame-u-005066-1-0066,1,No match,FALSE,N/A,inf,53.05388913,5.058584924,53.04433856,4.954949129,FOVNotMatch,2004/12/14 6:41:14,SAT_07026,3.665645667,31.4042204,SAT_13573,0.435458471,37.78380961,SAT_26898,1.059706105,55.0864194
frame-u-005066-1-0075,1,Success,TRUE,SAT_01576,0.456862849,54.19846893,5.935716145,54.02916002,5.878410085,,2004/12/14 6:46:36,SAT_01576,0.811137446,0.456862849,SAT_14948,3.599099094,5.543939673,SAT_12850,5.144799433,5.889760193
frame-u-005066-1-0076,1,Success,TRUE,SAT_01576,0.425865031,54.26377282,6.085392366,54.19514281,6.062129027,,2004/12/14 6:47:12,SAT_01576,0.811137446,0.425865031,SAT_14948,3.599099094,5.57493749,SAT_12850,5.144799433,5.92075801
frame-u-005069-6-0029,1,Success,TRUE,SAT_23867,1.557944662,24.32257281,-17.88368605,24.2852388,-17.87604015,,2004/12/15 3:55:42,SAT_23867,5.084157969,1.557944662,SAT_26613,4.624012145,5.613611747,SAT_00862,2.412799507,30.920582
frame-u-005069-2-0040,1,No match,FALSE,N/A,inf,26.2145471,-19.57425388,26.18664346,-19.56276272,FOVNotMatch,2004/12/15 4:02:16,SAT_28406,5.627755928,23.19008394,SAT_19170,1.445891079,38.90721015,SAT_00862,3.660981175,42.3370387
frame-u-005069-1-0049,1,No match,FALSE,N/A,inf,27.74116654,-19.81179206,27.67897149,-19.77372689,FOVNotMatch,2004/12/15 4:07:38,SAT_10466,4.493150355,25.86453768,SAT_19170,2.501450059,30.23301277,SAT_06126,4.638225537,35.40873926
frame-u-005069-6-0103,1,Success,TRUE,SAT_13491,0.351962795,35.76736749,-16.50232413,35.77167721,-16.27497307,,2004/12/15 4:39:53,SAT_13491,0.517499234,0.351962795,SAT_04687,3.591691661,12.66543855,SAT_19909,0.705174919,13.00794257
frame-u-005069-3-0121,1,Success,TRUE,SAT_27952,4.175252984,38.85708625,-17.09056896,38.67359563,-17.04059827,,2004/12/15 4:50:38,SAT_27952,5.142743555,4.175252984,SAT_26613,5.434421036,7.24986472,SAT_27526,1.587652624,44.76552403
frame-u-005069-6-0134,1,Success,TRUE,SAT_26613,0.715169818,40.58296694,-15.56553385,40.43293187,-15.54392449,,2004/12/15 4:58:23,SAT_26613,4.453349338,0.715169818,SAT_23232,5.540085872,12.85391254,SAT_27132,4.238155283,29.047652
frame-u-005069-3-0134,1,Success,TRUE,SAT_23232,1.81956944,40.77877106,-16.86735738,40.70614663,-16.83760105,,2004/12/15 4:58:23,SAT_23232,5.540085872,1.81956944,SAT_26613,4.453349338,13.95831216,SAT_16378,2.128323353,33.11541551
frame-u-005069-3-0134,2,Success,TRUE,SAT_26613,0.302278299,40.75497343,-16.7609814,40.68773698,-16.75088121,,2004/12/15 4:58:23,SAT_26613,4.453349338,0.302278299,SAT_23232,5.540085872,12.44102102,SAT_27132,4.238155283,29.46054352
frame-u-005069-3-0140,1,Success,TRUE,SAT_23232,3.047499705,41.63553571,-16.51361682,41.59011815,-16.4992075,,2004/12/15 5:01:58,SAT_23232,5.540085872,3.047499705,SAT_26613,4.453349338,9.091243015,SAT_16378,2.128323353,37.98248466
frame-u-005071-1-0285,1,No match,FALSE,N/A,inf,157.8263875,26.27450237,157.6807749,26.14984208,FOVNotMatch,2004/12/15 9:49:41,SAT_17203,4.392599479,15.12998406,SAT_26792,4.715080892,29.18977041,SAT_16922,4.009522971,30.27695813
frame-u-005071-3-0309,1,No match,FALSE,N/A,inf,161.5927429,27.70209043,161.5265856,27.91425192,FOVNotMatch,2004/12/15 10:04:01,SAT_22788,14.75828117,N/A,SAT_25259,11.99929194,N/A,SAT_26792,10.23616011,N/A
frame-u-005071-1-0277,1,No match,FALSE,N/A,inf,156.5157064,26.04380744,156.3490311,25.97494281,FOVNotMatch,2004/12/15 9:44:54,SAT_26792,1.72656095,7.469431955,SAT_10723,2.853118673,25.51637518,SAT_16922,3.797956466,49.41007858
frame-u-005071-1-0151,1,No match,FALSE,N/A,inf,136.974314,20.22195205,137.0433804,20.00614936,FOVNotMatch,2004/12/15 8:29:40,SAT_16922,17.10218515,N/A,SAT_06058,17.43760325,N/A,SAT_25502,9.368515415,N/A
frame-u-005071-2-0242,1,No match,FALSE,N/A,inf,150.6625896,24.88777448,150.6322605,25.05285352,FOVNotMatch,2004/12/15 9:24:00,SAT_16922,5.333567024,24.62330045,SAT_18822,2.53499092,31.70026072,SAT_25054,3.574000023,33.80920384
frame-u-005071-1-0243,1,No match,FALSE,N/A,inf,151.0233547,24.72077268,151.0619022,24.49760227,FOVNotMatch,2004/12/15 9:24:36,SAT_16922,5.333567024,24.09214021,SAT_18822,2.53499092,31.16910048,SAT_25054,3.574000023,34.34036408
frame-u-005087-1-0137,1,No match,FALSE,N/A,inf,171.8125253,25.68913884,171.8276588,25.83314971,FOVNotMatch,2004/12/21 10:34:02,SAT_26483,1.886949964,18.88828411,SAT_15267,0.041649092,23.53464368,SAT_09980,5.436973698,28.73455617
frame-u-005080-4-0139,1,No match,FALSE,N/A,inf,134.0973883,18.17177443,133.9446898,18.23136492,FOVNotMatch,2004/12/20 11:08:32,SAT_08546,1.834531806,24.0529092,SAT_26525,5.094497719,36.38790489,SAT_13897,0.030857929,86.73477805
frame-u-005080-4-0140,1,No match,FALSE,N/A,inf,134.256373,18.33165493,134.1801594,18.36129056,FOVNotMatch,2004/12/20 11:09:08,SAT_08546,1.834531806,24.10839997,SAT_26525,5.094497719,36.33241412,SAT_13897,0.030857929,86.67928728
frame-u-005070-1-0035,1,Success,TRUE,SAT_28093,4.94250292,50.6282093,-15.45132064,50.50653311,-15.52402167,,2004/12/15 6:48:58,SAT_28093,5.349396568,4.94250292,SAT_24723,4.119539201,31.77496148,SAT_28155,1.837016974,33.53578176
frame-u-005070-1-0036,1,Success,TRUE,SAT_28093,4.774648488,50.81697165,-15.44510531,50.72266115,-15.50182863,,2004/12/15 6:49:34,SAT_28093,5.349396568,4.774648488,SAT_24723,4.119539201,31.94281592,SAT_28155,1.837016974,33.70363619
frame-u-005080-2-0147,1,No match,FALSE,N/A,inf,135.4815634,17.89691245,135.4859228,18.01534567,FOVNotMatch,2004/12/20 11:13:19,SAT_13897,3.480470796,24.46644195,SAT_16763,3.330012966,25.06998815,SAT_08546,0.008776488,44.77828054
frame-u-005087-5-0310,1,No match,FALSE,N/A,inf,200.9309136,27.00778062,200.8598538,27.03580227,FOVNotMatch,2004/12/21 12:17:20,SAT_16528,5.907700767,19.59323549,SAT_01477,1.088567893,36.58276596,SAT_17800,4.812321839,69.9240172
frame-u-005087-3-0313,1,Success,TRUE,SAT_17800,2.357188263,201.1878327,26.13202143,201.3452926,26.29115805,,2004/12/21 12:19:07,SAT_17800,4.812321839,2.357188263,SAT_16528,5.907700767,52.68796997,SAT_01477,1.088567893,71.13602857
frame-u-005069-2-0186,1,No match,FALSE,N/A,inf,48.83665451,-15.44967419,48.71242924,-15.54333954,FOVNotMatch,2004/12/15 5:29:26,SAT_25359,5.487380869,35.09884304,SAT_04773,1.469996725,37.01004134,SAT_26613,2.262741653,49.18146496
frame-u-005069-2-0187,1,No match,FALSE,N/A,inf,48.94545641,-15.52414773,49.0254078,-15.46318897,FOVNotMatch,2004/12/15 5:30:02,SAT_25359,5.487380869,35.40883719,SAT_04773,1.469996725,36.70004719,SAT_26613,2.262741653,49.49145911
frame-u-005112-6-0329,1,Success,TRUE,SAT_12295,1.978446927,159.3217103,26.23863182,159.4929806,26.2310965,,2005/1/17 11:14:22,SAT_12295,1.351791889,1.978446927,SAT_16533,4.476854556,77.58385404,SAT_20232,2.853759034,79.59786905
frame-u-005112-2-0336,1,No match,FALSE,N/A,inf,160.7973924,24.88385465,160.964858,24.95468201,FOVNotMatch,2005/1/17 11:18:33,SAT_12295,0.022802119,28.71093506,SAT_17303,2.415621387,38.96548268,SAT_26671,4.159477294,74.64061285
frame-u-005112-4-0263,1,No match,FALSE,N/A,inf,149.1449436,23.09675301,149.0049145,23.2867232,FOVNotMatch,2005/1/17 10:34:58,SAT_18477,2.270329716,5.941207539,SAT_25566,2.36984464,22.44025257,SAT_07169,4.565471028,45.50709312
frame-u-005112-1-0405,1,No match,FALSE,N/A,inf,172.1822282,25.9913683,172.230546,26.08293352,FOVNotMatch,2005/1/17 11:59:45,SAT_23587,3.578255238,7.984509528,SAT_25307,5.586148634,20.13278541,SAT_27636,4.248734611,34.72108906
frame-u-005112-1-0406,1,No match,FALSE,N/A,inf,172.4822129,25.96266583,172.5250744,26.04379534,FOVNotMatch,2005/1/17 12:00:21,SAT_23587,3.578255238,8.017101687,SAT_25307,5.586148634,20.10019326,SAT_27636,4.248734611,34.75368122
frame-u-005112-2-0217,1,Success,TRUE,SAT_25989,4.246440639,142.1181676,20.36244475,142.2032609,20.4754007,,2005/1/17 10:07:30,SAT_25989,3.123591305,4.246440639,SAT_24640,4.725038348,13.14808202,SAT_26851,1.32429171,25.97246103
frame-u-005112-5-0161,1,No match,FALSE,N/A,inf,133.3963587,18.58935558,133.4879527,18.66287513,FOVNotMatch,2005/1/17 9:34:04,SAT_22729,15.66023822,N/A,SAT_24640,8.138607219,N/A,SAT_10455,11.88963555,N/A
frame-u-005112-1-0075,1,No match,FALSE,N/A,inf,121.831437,12.15682701,121.6419534,12.20108023,FOVNotMatch,2005/1/17 8:42:43,SAT_11941,5.765276051,6.262827192,SAT_14943,3.121077388,10.69935695,SAT_14333,4.428556468,11.37108697
frame-u-005112-4-0130,1,No match,FALSE,N/A,inf,129.0383408,16.47303546,128.9788344,16.47732882,FOVNotMatch,2005/1/17 9:15:33,SAT_24721,1.855942835,21.79246211,SAT_26919,1.839296421,53.41359737,SAT_25999,3.486675567,73.71045723
frame-u-005112-4-0131,1,No match,FALSE,N/A,inf,129.2822625,16.59032478,129.0931796,16.6032871,FOVNotMatch,2005/1/17 9:16:09,SAT_24721,1.855942835,21.58133059,SAT_26919,1.839296421,53.62472889,SAT_25999,3.486675567,73.92158875
frame-u-005112-4-0452,1,No match,FALSE,N/A,inf,179.9537905,27.66091062,179.9871732,27.84084974,FOVNotMatch,2005/1/17 12:27:49,SAT_16140,0.092433086,14.33894303,SAT_10925,6.219087445,N/A,SAT_15936,13.02274374,N/A
frame-u-005112-3-0453,1,No match,FALSE,N/A,inf,180.2037138,27.20370625,180.2457783,27.42888517,FOVNotMatch,2005/1/17 12:28:25,SAT_16140,0.092433086,14.4387698,SAT_10925,6.219087445,N/A,SAT_15936,13.02274374,N/A
frame-u-005112-2-0454,1,No match,FALSE,N/A,inf,180.4658896,26.81586818,180.5031223,27.01535062,FOVNotMatch,2005/1/17 12:29:00,SAT_16140,0.092433086,14.46412035,SAT_10925,6.219087445,N/A,SAT_15936,13.02274374,N/A
frame-u-005116-4-0082,1,No match,FALSE,N/A,inf,181.7875403,25.21900851,181.6137308,25.33247525,FOVNotMatch,2005/1/18 11:12:56,SAT_02671,2.977111016,14.8643734,SAT_26525,5.088274166,17.66715766,SAT_12295,2.873999628,24.4171657
frame-u-005116-3-0100,1,No match,FALSE,N/A,inf,184.7247547,24.78402526,184.6967544,25.00847018,FOVNotMatch,2005/1/18 11:23:40,SAT_21782,0.044357107,16.29252944,SAT_22435,5.899609744,21.62756962,SAT_17213,4.828894982,21.8975914
frame-u-005116-5-0101,1,No match,FALSE,N/A,inf,184.9327667,25.75919793,184.9223761,25.84764444,FOVNotMatch,2005/1/18 11:24:16,SAT_21782,0.044357107,15.87386555,SAT_17213,4.828894982,21.4789275,SAT_22435,5.899609744,22.04623352
frame-u-005116-6-0101,1,No match,FALSE,N/A,inf,184.8969432,26.04331266,184.8694251,26.26698201,FOVNotMatch,2005/1/18 11:24:16,SAT_21782,0.044357107,16.13813821,SAT_17213,4.828894982,21.74320017,SAT_22435,5.899609744,21.78196085
frame-u-005116-4-0109,1,No match,FALSE,N/A,inf,186.258138,25.38101438,186.1776651,25.42433689,FOVNotMatch,2005/1/18 11:29:03,SAT_23482,0.297506212,30.06401316,SAT_17213,3.690635533,74.88373345,SAT_20061,3.913882323,83.18241738
frame-u-005116-2-0234,1,No match,FALSE,N/A,inf,206.4600836,22.94692616,206.5151053,23.03628398,FOVNotMatch,2005/1/18 12:43:41,SAT_02009,4.62154483,16.84781146,SAT_09941,1.836255531,51.72144241,SAT_24876,2.02343473,63.17085973
frame-u-005125-5-0245,1,No match,FALSE,N/A,inf,165.7742024,24.39580392,165.7787428,24.6234736,FOVNotMatch,2005/1/19 11:59:07,SAT_07177,3.959090789,8.497475027,SAT_13917,0.187417417,21.79446531,SAT_28164,2.198828878,27.11520466
frame-u-005125-4-0245,1,No match,FALSE,N/A,inf,165.7654483,23.97140479,165.7702822,24.19799829,FOVNotMatch,2005/1/19 11:59:07,SAT_07177,3.959090789,8.421294779,SAT_13917,0.187417417,21.87064556,SAT_28164,2.198828878,27.03902441
frame-u-005125-3-0245,1,No match,FALSE,N/A,inf,165.7594542,23.62896505,165.7623605,23.77328679,FOVNotMatch,2005/1/19 11:59:07,SAT_07177,3.959090789,8.480693619,SAT_13917,0.187417417,21.81124672,SAT_28164,2.198828878,27.09842325
frame-u-005125-1-0287,1,No match,FALSE,N/A,inf,172.752364,23.44209894,172.7376496,23.66470245,FOVNotMatch,2005/1/19 12:24:11,SAT_21278,5.678418232,5.615892674,SAT_25827,3.876257853,5.788423911,SAT_27437,0.038085159,14.06097853
frame-u-005125-3-0311,1,No match,FALSE,N/A,inf,176.6508308,24.57657865,176.5885963,24.77503308,FOVNotMatch,2005/1/19 12:38:31,SAT_27724,4.154140207,8.325999771,SAT_18600,0.959606201,16.03104268,SAT_10746,5.458380814,19.10248156
frame-u-005125-6-0108,1,No match,FALSE,N/A,inf,144.0045253,20.49874741,143.8999882,20.54985651,FOVNotMatch,2005/1/19 10:37:19,SAT_15402,3.619630371,12.52074208,SAT_02422,3.348879119,19.1480453,SAT_26525,4.628404458,26.09785932
frame-u-005137-6-0158,1,No match,FALSE,N/A,inf,136.342348,18.05561604,136.2597182,18.02092092,FOVNotMatch,2005/2/4 5:13:44,SAT_26374,0.751001449,29.29197072,SAT_21118,4.095595985,50.17796891,SAT_10448,2.6510436,80.87426633
frame-u-005137-5-0250,1,No match,FALSE,N/A,inf,150.5758032,21.63895588,150.5232694,21.68996806,FOVNotMatch,2005/2/4 6:08:40,SAT_08331,4.973770774,42.34495515,SAT_12295,5.847375935,47.48336036,SAT_16922,5.291830993,60.55325887
frame-u-005137-6-0218,1,No match,FALSE,N/A,inf,145.5354175,20.67583016,145.3848064,20.65942327,FOVNotMatch,2005/2/4 5:49:33,SAT_04964,5.449173906,35.05375677,SAT_25884,2.825117981,61.46451123,SAT_13897,1.984274993,62.74342517
frame-u-005137-5-0267,1,No match,FALSE,N/A,inf,153.2706399,22.12294212,153.0962239,22.10694785,FOVNotMatch,2005/2/4 6:18:49,SAT_12295,3.705160855,9.153337306,SAT_20959,5.322252148,62.65318376,SAT_28113,0.767935675,75.04256846
frame-u-005140-6-0039,1,No match,FALSE,N/A,inf,156.4063075,23.55707606,156.5044936,23.57975479,FOVNotMatch,2005/2/4 8:55:13,SAT_23468,3.883072834,6.084561641,SAT_13957,2.313756306,9.284356527,SAT_16760,5.893115032,52.69551062
frame-u-005140-6-0044,1,Success,TRUE,SAT_16760,3.933445229,157.2500681,23.50897121,157.3353352,23.73296875,,2005/2/4 8:58:12,SAT_16760,5.893115032,3.933445229,SAT_02255,3.437602976,22.393229,SAT_23468,3.883072834,62.71351749
frame-u-005140-5-0145,1,No match,FALSE,N/A,inf,173.9160661,25.31502126,173.8238946,25.43321494,FOVNotMatch,2005/2/4 9:58:30,SAT_13957,2.643996105,46.6129806,SAT_26816,5.94017407,53.57268166,SAT_20061,5.16303504,71.48065131
frame-u-005138-1-0076,1,No match,FALSE,N/A,inf,151.8051551,20.33314064,151.6612225,20.39635223,FOVNotMatch,2005/2/4 7:59:08,SAT_07198,4.447553871,37.12396898,SAT_13070,5.886497637,41.77277513,SAT_26988,7.5277472,N/A
frame-u-005138-1-0076,2,Success,TRUE,SAT_07198,4.722720779,151.8212286,20.24088458,151.7497329,20.34615337,,2005/2/4 7:59:08,SAT_07198,4.447553871,4.722720779,SAT_13070,5.886497637,9.371526922,SAT_26988,7.5277472,N/A
frame-u-005183-3-0237,1,Success,TRUE,SAT_10485,2.124898003,166.882774,21.28353913,166.9813379,21.50943119,,2005/3/10 7:39:58,SAT_10485,1.69563367,2.124898003,SAT_21293,4.474367588,53.05732643,SAT_23468,5.753183003,70.09202657
frame-u-005183-3-0238,1,Success,TRUE,SAT_10485,1.816449462,167.2021996,21.32014392,167.2125703,21.34356018,,2005/3/10 7:40:33,SAT_10485,1.69563367,1.816449462,SAT_21293,4.474367588,53.36577498,SAT_23468,5.753183003,69.78357803
frame-u-005183-5-0230,1,No match,FALSE,N/A,inf,165.7324206,22.14085624,165.62608,22.18074993,FOVNotMatch,2005/3/10 7:35:47,SAT_10485,2.159313898,88.5194403,SAT_27636,10.79242796,N/A,SAT_20646,12.57830766,N/A
frame-u-005183-4-0146,1,No match,FALSE,N/A,inf,152.5199942,19.6528377,152.4326147,19.62554474,FOVNotMatch,2005/3/10 6:45:38,SAT_25989,5.255676778,31.19505061,SAT_12295,3.317713988,39.34426863,SAT_21452,4.74740703,60.35518038
frame-u-005183-2-0150,1,No match,FALSE,N/A,inf,153.4028278,18.94761177,153.2733123,18.95740383,FOVNotMatch,2005/3/10 6:48:01,SAT_12295,3.317713988,16.42612977,SAT_25758,1.766861699,46.95842064,SAT_25989,5.255676778,54.11318947
frame-u-005183-5-0133,1,No match,FALSE,N/A,inf,150.3907167,19.61176256,150.3200239,19.68073367,FOVNotMatch,2005/3/10 6:37:52,SAT_18153,2.592588954,10.08140684,SAT_15264,5.712226952,22.67944851,SAT_12295,3.853012547,27.19044596
frame-u-005183-4-0076,1,No match,FALSE,N/A,inf,141.8498192,17.09268973,141.7355145,17.23041245,FOVNotMatch,2005/3/10 6:03:50,SAT_19611,5.128920678,52.43926669,SAT_25989,2.273149908,76.32311557,SAT_24959,15.61023519,N/A
frame-u-005183-5-0077,1,No match,FALSE,N/A,inf,141.898851,17.4751699,141.7809052,17.61716636,FOVNotMatch,2005/3/10 6:04:26,SAT_19611,5.128920678,52.4030147,SAT_25989,2.273149908,76.28686358,SAT_24959,15.61023519,N/A
frame-u-005183-2-0035,1,No match,FALSE,N/A,inf,135.8989162,14.60548661,135.8321763,14.57638827,FOVNotMatch,2005/3/10 5:39:21,SAT_23641,4.039876672,21.65566733,SAT_26475,1.370818751,27.55008144,SAT_25989,4.172725309,28.82443189
frame-u-005183-2-0036,1,No match,FALSE,N/A,inf,136.1382794,14.66769885,135.9842289,14.6022179,FOVNotMatch,2005/3/10 5:39:57,SAT_23641,4.039876672,21.11948523,SAT_26475,1.370818751,27.01389934,SAT_25989,4.172725309,29.36061399
frame-u-005183-2-0019,1,No match,FALSE,N/A,inf,133.5712881,13.91441027,133.4375355,14.01143478,FOVNotMatch,2005/3/10 5:29:48,SAT_08774,5.20668648,30.40439024,SAT_13010,5.943072517,33.07627752,SAT_23641,1.624304723,41.54661727
frame-u-005183-1-0387,1,No match,FALSE,N/A,inf,191.2018833,21.3513275,191.0285244,21.37674811,FOVNotMatch,2005/3/10 9:09:31,SAT_15206,5.456924559,6.291454768,SAT_15832,0.055143118,12.94913244,SAT_04377,5.854165213,31.06975424
frame-u-005181-1-0023,1,Success,TRUE,SAT_22321,1.511317993,82.86825195,7.875934086,82.87857449,7.842974923,,2005/3/10 2:00:24,SAT_22321,3.143272063,1.511317993,SAT_26390,4.522067587,3.422913972,SAT_05587,4.276856913,69.93946378
frame-u-005181-5-0107,1,No match,FALSE,N/A,inf,84.5356355,-4.725205561,84.55974077,-4.69097016,FOVNotMatch,2005/3/10 2:50:33,SAT_15235,5.128213895,46.63877638,SAT_15994,3.704485959,46.74372439,SAT_22213,5.37999721,46.94839672
frame-u-005181-5-0108,1,No match,FALSE,N/A,inf,84.55070002,-5.003561608,84.66330451,-4.840508933,FOVNotMatch,2005/3/10 2:51:09,SAT_15235,5.128213895,47.16705442,SAT_15994,3.704485959,47.27200243,SAT_22213,5.37999721,47.47667477
frame-u-005183-4-0433,1,Success,TRUE,SAT_07139,1.136463698,198.6698654,22.21127127,198.5921183,22.3607119,,2005/3/10 9:36:59,SAT_07139,1.622387868,1.136463698,SAT_09941,4.960360133,4.695443177,SAT_26626,3.594087683,5.145918974
frame-u-005182-6-0037,1,No match,FALSE,N/A,inf,120.020244,11.17896509,119.8880922,11.05972077,FOVNotMatch,2005/3/10 3:31:03,SAT_18316,5.8523104,39.16170423,SAT_19483,4.510477624,40.54280972,SAT_16497,3.827400127,43.21882184
frame-u-005182-6-0038,1,No match,FALSE,N/A,inf,120.1851341,11.17330427,120.0701994,11.07002278,FOVNotMatch,2005/3/10 3:31:39,SAT_18316,5.8523104,39.04407748,SAT_19483,4.510477624,40.42518297,SAT_16497,3.827400127,43.10119509
frame-u-005183-2-0502,1,No match,FALSE,N/A,inf,209.5792142,20.10586117,209.5716596,20.22566069,FOVNotMatch,2005/3/10 10:18:11,SAT_16446,3.385124543,20.73035692,SAT_22952,0.073412429,25.22587545,SAT_17328,1.151208616,27.47550511
frame-u-005183-1-0517,1,No match,FALSE,N/A,inf,211.8144215,19.2180479,211.7624724,19.4184564,FOVNotMatch,2005/3/10 10:27:09,SAT_00574,4.52142642,10.87207333,SAT_08175,5.291665311,11.74715834,SAT_22952,5.033370574,36.41709432
frame-u-005183-3-0541,1,No match,FALSE,N/A,inf,215.6834498,19.39026533,215.6423464,19.42465331,FOVNotMatch,2005/3/10 10:41:28,SAT_08896,0.130388845,27.00472756,SAT_01915,1.020024919,45.78738224,SAT_04377,4.582115703,47.99101597
frame-u-005194-3-0403,1,No match,FALSE,N/A,inf,175.3147061,21.79312257,175.12763,21.96895618,FOVNotMatch,2005/3/12 6:56:59,SAT_25485,1.645045979,22.62068894,SAT_26383,2.763918363,56.79680107,SAT_13608,7.633359225,N/A
frame-u-005194-4-0297,1,No match,FALSE,N/A,inf,158.2864535,20.41088707,158.1989879,20.28930937,FOVNotMatch,2005/3/12 5:53:42,SAT_26383,1.986906043,36.30379317,SAT_22315,5.485874137,77.46729197,SAT_21500,5.58725351,82.36200327
frame-u-005194-1-0292,1,No match,FALSE,N/A,inf,157.7882533,19.11232383,157.6485714,19.04596659,FOVNotMatch,2005/3/12 5:50:42,SAT_26383,2.526524381,6.042615606,SAT_22315,5.604105271,47.44335082,SAT_02255,4.324417703,60.56718156
frame-u-005194-3-0252,1,Success,TRUE,SAT_26383,2.600600075,151.3421323,18.73802506,151.2490587,18.69433953,,2005/3/12 5:26:50,SAT_26383,1.592282089,2.600600075,SAT_11042,4.576630844,36.46802375,SAT_27060,3.062629599,51.35623423
frame-u-005194-3-0253,1,Success,TRUE,SAT_26383,2.166669156,151.5699596,18.76318793,151.4937523,18.72810328,,2005/3/12 5:27:25,SAT_26383,1.592282089,2.166669156,SAT_11042,4.576630844,36.90195467,SAT_27060,3.062629599,51.79016515
frame-u-005194-4-0205,1,Success,TRUE,SAT_26003,3.248742291,144.0445743,17.36626935,144.0136297,17.59071784,,2005/3/12 4:58:46,SAT_26003,0.877002778,3.248742291,SAT_18962,4.450045382,9.712172652,SAT_21008,5.394208972,12.86590291
frame-u-005194-1-0206,1,Success,TRUE,SAT_26003,3.031259764,144.5201936,16.18349003,144.4904068,16.40747215,,2005/3/12 4:59:22,SAT_26003,0.877002778,3.031259764,SAT_18962,4.450045382,9.494690125,SAT_21008,5.394208972,13.08338543
frame-u-005194-6-0211,1,No match,FALSE,N/A,inf,144.7783695,18.63591971,144.6506556,18.54605407,FOVNotMatch,2005/3/12 5:02:21,SAT_26383,3.435357162,7.917627886,SAT_16208,3.147631617,8.717111303,SAT_05975,1.193847359,41.65367996
frame-u-005194-2-0137,1,No match,FALSE,N/A,inf,134.1153213,13.90881722,134.0399156,13.79701722,FOVNotMatch,2005/3/12 4:18:10,SAT_07654,1.827511184,20.79592252,SAT_08168,2.582902123,53.71712692,SAT_16676,5.713284238,58.67561922
frame-u-005194-4-0106,1,No match,FALSE,N/A,inf,129.280304,13.26885737,129.1845388,13.33467651,FOVNotMatch,2005/3/12 3:59:39,SAT_13907,3.743148831,25.08620925,SAT_11147,2.356474374,27.23680664,SAT_11256,1.952848163,28.5823612
frame-u-005194-6-0111,1,No match,FALSE,N/A,inf,129.806726,14.3811804,129.7687636,14.40711392,FOVNotMatch,2005/3/12 4:02:38,SAT_13907,3.743148831,25.04919399,SAT_11147,2.356474374,27.19979138,SAT_11256,1.952848163,28.54534594
frame-u-005194-6-0111,2,No match,FALSE,N/A,inf,129.8029949,14.39054076,129.6801369,14.23329271,FOVNotMatch,2005/3/12 4:02:38,SAT_26045,5.632411902,13.52905407,SAT_21118,0.012106601,19.15914071,SAT_19483,5.870878676,53.06300528
frame-u-005194-6-0112,1,No match,FALSE,N/A,inf,129.9398999,14.28491128,129.9830717,14.34054483,FOVNotMatch,2005/3/12 4:03:14,SAT_26045,5.632411902,13.34153088,SAT_21118,0.012106601,18.97161753,SAT_19483,5.870878676,53.25052847
frame-u-005194-1-0734,1,Success,TRUE,SAT_27617,3.599364721,227.3458404,15.71392157,227.4538551,15.91410583,,2005/3/12 10:14:37,SAT_27617,4.750731112,3.599364721,SAT_23513,2.738816756,3.682142164,SAT_22061,3.535065929,3.963142348
frame-u-005194-5-0769,1,Success,TRUE,SAT_01863,2.834796431,233.1122665,15.89849791,233.2015021,15.9089115,,2005/3/12 10:35:31,SAT_01863,4.558820871,2.834796431,SAT_12319,0.76059928,44.20228204,SAT_12981,3.352096626,61.66380184
frame-u-005224-5-0069,1,Success,TRUE,SAT_17585,4.937835796,162.3142069,23.70380114,162.3341094,23.76884166,,2005/4/2 2:57:12,SAT_17585,2.644987124,4.937835796,SAT_20308,3.09606516,8.10737623,SAT_20805,1.015562708,13.74539712
frame-u-005224-1-0070,1,No match,FALSE,N/A,inf,162.7110894,22.06208144,162.6170224,22.17513182,FOVNotMatch,2005/4/2 2:57:47,SAT_20308,3.09606516,45.16768184,SAT_17585,2.644987124,58.21289386,SAT_20805,1.015562708,67.02045518
frame-u-005224-3-0084,1,No match,FALSE,N/A,inf,164.8435581,23.21596689,164.6982138,23.39828444,FOVNotMatch,2005/4/2 3:06:09,SAT_20721,4.889235295,31.54225338,SAT_26483,4.343316995,58.14269835,SAT_18693,2.510678534,67.67525775
frame-u-005224-1-0093,1,No match,FALSE,N/A,inf,166.4454394,22.57723114,166.3518613,22.70014817,FOVNotMatch,2005/4/2 3:11:31,SAT_12535,3.262058664,28.77359463,SAT_26017,5.751266308,42.24401158,SAT_20023,4.830063101,46.79279841
frame-u-005194-3-0799,1,No match,FALSE,N/A,inf,237.2774969,13.79249334,237.379955,13.97770762,FOVNotMatch,2005/3/12 10:53:26,SAT_19419,0.04544837,20.18024677,SAT_18757,3.951722372,43.19755219,SAT_21333,0.482854255,43.85378863
frame-u-005224-5-0394,1,Success,TRUE,SAT_04941,2.726698569,215.3717626,22.52558308,215.420352,22.56274728,,2005/4/2 6:11:14,SAT_04941,1.897287231,2.726698569,SAT_27892,5.642259269,16.31280087,SAT_15429,2.946649776,30.36310968
frame-u-005224-5-0417,1,Success,TRUE,SAT_15429,0.028462017,218.9811289,21.56954092,219.0742462,21.77954794,,2005/4/2 6:24:58,SAT_15429,5.848407286,0.028462017,SAT_11631,4.45459053,0.082465095,SAT_12827,5.493786453,0.188057557
frame-u-005237-1-0188,1,No match,FALSE,N/A,inf,236.0367156,15.00675551,236.1612566,15.19294286,FOVNotMatch,2005/4/9 9:12:52,SAT_27540,2.829951464,33.40839628,SAT_26867,13.3614381,N/A,SAT_21221,14.99177829,N/A
frame-u-005237-4-0167,1,No match,FALSE,N/A,inf,233.3659002,17.20885042,233.4270974,17.42453083,FOVNotMatch,2005/4/9 9:00:20,SAT_14590,0.673749873,6.008942016,SAT_14591,0.035839414,6.528405281,SAT_27540,3.43980663,15.8242236
frame-u-005308-3-0198,1,Success,TRUE,SAT_25935,0.849865534,222.1469457,16.10180897,222.1111577,16.12468146,,2005/5/9 8:48:00,SAT_25935,0.930091947,0.849865534,SAT_16295,5.057681824,16.57348288,SAT_28284,4.952905309,23.20686365
frame-u-005308-5-0275,1,Success,TRUE,SAT_16293,2.39624857,233.9754725,14.26940529,233.774041,14.16821323,,2005/5/9 9:33:58,SAT_16293,4.251595513,2.39624857,SAT_01328,0.722422957,8.652894853,SAT_26353,1.824250208,25.11507172
frame-u-005308-1-0279,1,No match,FALSE,N/A,inf,234.0986673,12.41639265,233.9771193,12.5739887,FOVNotMatch,2005/5/9 9:36:21,SAT_16295,1.697729114,31.52194037,SAT_26353,1.824250208,55.30040158,SAT_16293,4.251595513,78.01922473
frame-u-005308-3-0300,1,No match,FALSE,N/A,inf,237.41996,12.34677067,237.3546515,12.54985917,FOVNotMatch,2005/5/9 9:48:54,SAT_18411,3.623141553,16.39000441,SAT_13530,2.889748329,24.52110288,SAT_16295,2.765179394,49.81391231
frame-u-005308-2-0282,1,No match,FALSE,N/A,inf,234.5465298,12.68285382,234.4901756,12.71622247,FOVNotMatch,2005/5/9 9:38:09,SAT_16295,2.912709493,9.399987401,SAT_04362,0.088640244,27.93573536,SAT_26353,0.070982827,32.02959838
frame-u-005308-2-0283,1,No match,FALSE,N/A,inf,234.7984507,12.63068336,234.6499836,12.71810693,FOVNotMatch,2005/5/9 9:38:45,SAT_16295,2.912709493,9.256397273,SAT_04362,0.088640244,28.07932549,SAT_26353,0.070982827,31.88600825
frame-u-005308-5-0331,1,No match,FALSE,N/A,inf,242.1110283,11.88032171,242.2651756,12.00492319,FOVNotMatch,2005/5/9 10:07:24,SAT_16293,4.53179212,17.06694332,SAT_21589,2.241518977,24.57328395,SAT_12814,4.198483504,38.00760235
frame-u-005308-3-0338,1,Success,TRUE,SAT_02088,4.724935065,242.9489119,10.7633155,243.0190781,10.824308,,2005/5/9 10:11:35,SAT_02088,1.507664769,4.724935065,SAT_16293,4.911130937,19.35090994,SAT_26782,1.766402551,23.67329086
frame-u-005308-4-0362,1,No match,FALSE,N/A,inf,246.4978473,10.0762972,246.6218359,10.22073186,FOVNotMatch,2005/5/9 10:25:55,SAT_12814,4.054201077,28.31325813,SAT_21589,1.102432224,36.78698566,SAT_10211,5.35504934,46.3460169
frame-u-005308-1-0346,1,No match,FALSE,N/A,inf,243.7850058,9.587553285,243.9106655,9.739889668,FOVNotMatch,2005/5/9 10:16:22,SAT_12814,0.895358553,26.92890409,SAT_16293,5.675224176,29.12786633,SAT_21589,1.068687761,36.8608429
frame-u-005308-6-0377,1,No match,FALSE,N/A,inf,248.9630621,10.27743221,249.0923546,10.34997899,FOVNotMatch,2005/5/9 10:34:52,SAT_21589,1.317758757,17.60359507,SAT_01580,0.030123719,80.94026857,SAT_25600,12.15356873,N/A
frame-u-005313-6-0030,1,Success,TRUE,SAT_21302,4.370856182,163.2297903,19.51978538,163.1823391,19.73953459,,2005/5/10 5:42:38,SAT_21302,2.362167058,4.370856182,SAT_11301,0.027094818,6.77146037,SAT_19557,5.787313616,29.18333331
frame-u-005313-4-0034,1,Success,TRUE,SAT_26383,1.900392488,164.0593117,18.83769654,163.8856597,18.83574411,,2005/5/10 5:45:02,SAT_26383,4.818725881,1.900392488,SAT_15832,3.95489796,3.872034632,SAT_15387,0.93477309,13.46619313
frame-u-005312-6-0100,1,Success,TRUE,SAT_16533,4.070373525,146.7867803,17.10353239,146.8492174,17.27247033,,2005/5/10 3:59:02,SAT_16533,4.949146094,4.070373525,SAT_12529,4.159388859,14.52761536,SAT_02532,2.308012798,33.39323946
frame-u-005312-2-0153,1,No match,FALSE,N/A,inf,155.4169198,17.10402072,155.2502015,17.11729658,FOVNotMatch,2005/5/10 4:30:41,SAT_15832,4.354227254,16.40566366,SAT_01361,0.077072876,26.61511885,SAT_07545,2.988067364,27.21049708
frame-u-005313-1-0018,1,No match,FALSE,N/A,inf,161.559233,17.27975533,161.6685144,17.35164084,FOVNotMatch,2005/5/10 5:35:29,SAT_27367,0.419126751,16.05194606,SAT_15387,5.164345501,17.1926167,SAT_25868,5.230961795,31.14033114
frame-u-005313-6-0043,1,No match,FALSE,N/A,inf,165.3528363,19.97854072,165.278412,19.93806188,FOVNotMatch,2005/5/10 5:50:24,SAT_15387,2.368965562,19.10631952,SAT_15832,3.305183182,26.329483,SAT_26383,4.182720599,29.28929805
frame-u-005312-6-0126,1,No match,FALSE,N/A,inf,150.7820357,17.89256909,150.8365976,18.0547826,FOVNotMatch,2005/5/10 4:14:34,SAT_09984,1.645232325,51.79484071,SAT_15832,3.96659684,59.12160012,SAT_00202,2.008913109,79.72780669
frame-u-005312-1-0126,1,No match,FALSE,N/A,inf,151.3134292,15.91997867,151.1959557,15.86477581,FOVNotMatch,2005/5/10 4:14:34,SAT_15832,3.96659684,12.90315008,SAT_00202,2.008913109,33.50935666,SAT_09984,1.645232325,81.98670925
frame-u-005312-1-0127,1,No match,FALSE,N/A,inf,151.5136915,15.92721907,151.3975227,15.87285998,FOVNotMatch,2005/5/10 4:15:10,SAT_15832,3.96659684,12.80843236,SAT_00202,2.008913109,33.41463893,SAT_09984,1.645232325,81.89199153
frame-u-005312-6-0127,1,No match,FALSE,N/A,inf,151.0630946,17.86822807,151.0998507,17.97752753,FOVNotMatch,2005/5/10 4:15:10,SAT_09984,1.645232325,51.79613091,SAT_15832,3.96659684,59.12030992,SAT_00202,2.008913109,79.7265165
frame-u-005313-2-0056,1,No match,FALSE,N/A,inf,167.6120012,18.30898988,167.5053441,18.52363251,FOVNotMatch,2005/5/10 5:58:10,SAT_13243,5.677129252,22.9306848,SAT_19557,2.397853155,43.24898161,SAT_18704,3.235108199,44.19850604
frame-u-005312-1-0143,1,Success,TRUE,SAT_21101,3.463337537,153.8568952,16.23420937,153.8523443,16.46120775,,2005/5/10 4:24:43,SAT_21101,3.653349324,3.463337537,SAT_07593,0.028601009,21.65326149,SAT_15832,4.758067286,78.90298137
frame-u-005312-2-0143,1,Success,TRUE,SAT_21101,3.45862343,153.847762,16.65925218,153.8432293,16.88581808,,2005/5/10 4:24:43,SAT_21101,3.653349324,3.45862343,SAT_07593,0.028601009,21.6579756,SAT_15832,4.758067286,78.89826726
frame-u-005314-3-0125,1,No match,FALSE,N/A,inf,196.0628194,19.40600456,195.9332259,19.28975116,FOVNotMatch,2005/5/10 8:07:01,SAT_04298,3.644246652,20.29029073,SAT_01574,0.407963691,27.46439464,SAT_15832,2.823162716,61.96027929
frame-u-005314-3-0125,2,No match,FALSE,N/A,inf,196.0635736,19.39823913,195.9327874,19.28341096,FOVNotMatch,2005/5/10 8:07:01,SAT_04298,3.644246652,19.67439849,SAT_01574,0.407963691,28.08028688,SAT_15832,2.823162716,61.34438704
frame-u-005314-3-0126,1,No match,FALSE,N/A,inf,196.2030019,19.22781122,196.2641254,19.28312841,FOVNotMatch,2005/5/10 8:07:37,SAT_04298,3.644246652,20.52643139,SAT_01574,0.407963691,27.22825397,SAT_15832,2.823162716,62.19641995
frame-u-005314-3-0126,2,No match,FALSE,N/A,inf,196.2091981,19.22742038,196.263604,19.27580967,FOVNotMatch,2005/5/10 8:07:37,SAT_04298,3.644246652,20.02853681,SAT_01574,0.407963691,27.72614856,SAT_15832,2.823162716,61.69852537
frame-u-005314-1-0127,1,No match,FALSE,N/A,inf,196.1890872,18.38789295,196.3699818,18.53235674,FOVNotMatch,2005/5/10 8:08:13,SAT_04298,3.644246652,16.83132607,SAT_01574,0.407963691,30.92335929,SAT_15832,2.823162716,58.50131463
frame-u-005314-5-0162,1,Success,TRUE,SAT_01668,2.264323487,202.0389137,19.69597968,201.8797416,19.68316866,,2005/5/10 8:29:07,SAT_01668,0.215565826,2.264323487,SAT_04298,1.702805286,15.99685477,SAT_26383,2.756870021,26.56247841
frame-u-005314-1-0166,1,Success,TRUE,SAT_23265,0.566993316,202.3600538,17.94604394,202.3221789,17.99444911,,2005/5/10 8:31:30,SAT_23265,1.862018403,0.566993316,SAT_26383,2.756870021,31.66371925,SAT_01668,0.215565826,60.49052115
frame-u-005314-1-0167,1,Success,TRUE,SAT_23265,0.587997893,202.6447574,17.95116832,202.5212269,18.10252494,,2005/5/10 8:32:06,SAT_23265,1.862018403,0.587997893,SAT_26383,2.756870021,30.50872805,SAT_01668,0.215565826,59.33552994
frame-u-005314-4-0179,1,Success,TRUE,SAT_15890,4.243064648,204.6599904,18.92097035,204.532825,19.14213629,,2005/5/10 8:39:16,SAT_15890,3.596522656,4.243064648,SAT_09703,4.346826509,14.44712568,SAT_26383,3.153641888,38.7636979
frame-u-005314-1-0282,1,No match,FALSE,N/A,inf,220.4168191,15.46865091,220.2511316,15.39526218,FOVNotMatch,2005/5/10 9:40:46,SAT_28452,2.954764885,19.09673308,SAT_14977,1.185639968,45.56510755,SAT_08867,0.77274328,76.89957893
frame-u-005314-4-0367,1,No match,FALSE,N/A,inf,233.4613569,13.65142744,233.3469709,13.70094683,FOVNotMatch,2005/5/10 10:31:31,SAT_21966,4.052901901,37.65757535,SAT_25290,0.667879715,40.96109321,SAT_03173,3.404423764,76.3488851
frame-u-005314-4-0368,1,No match,FALSE,N/A,inf,233.6549395,13.61936748,233.5454664,13.667243,FOVNotMatch,2005/5/10 10:32:07,SAT_21966,4.052901901,37.87129364,SAT_25290,0.667879715,40.74737491,SAT_03173,3.404423764,76.1351668
frame-u-005314-3-0368,1,No match,FALSE,N/A,inf,233.465949,13.13828963,233.5388688,13.18913464,FOVNotMatch,2005/5/10 10:32:07,SAT_21966,4.052901901,21.96372952,SAT_04421,1.484573372,43.41577166,SAT_03173,3.404423764,44.02981003
frame-u-005314-6-0369,1,No match,FALSE,N/A,inf,234.0359358,14.4198184,233.9230763,14.32217697,FOVNotMatch,2005/5/10 10:32:42,SAT_21966,4.052901901,28.12587539,SAT_04421,1.484573372,37.25362579,SAT_03173,3.404423764,37.86766416
frame-u-005317-6-0027,1,No match,FALSE,N/A,inf,227.8150894,15.81008147,227.8531338,16.03214727,FOVNotMatch,2005/5/11 4:55:41,SAT_07276,0.008402734,8.25232582,SAT_15832,2.492921591,77.75156603,SAT_10089,14.97894449,N/A
frame-u-005317-5-0027,1,No match,FALSE,N/A,inf,227.7442078,15.39485738,227.7822191,15.61680705,FOVNotMatch,2005/5/11 4:55:41,SAT_07276,0.008402734,8.236764083,SAT_15832,2.492921591,77.76712777,SAT_10089,14.97894449,N/A
frame-u-005318-2-0016,1,No match,FALSE,N/A,inf,204.0640111,16.06670288,203.9016158,16.14673026,FOVNotMatch,2005/5/11 6:42:35,SAT_15644,0.632347096,12.64839981,SAT_28452,0.033793493,42.72097535,SAT_16910,1.832865698,76.37172211
frame-u-005318-1-0112,1,No match,FALSE,N/A,inf,218.5755917,13.72567316,218.7517738,13.76223577,FOVNotMatch,2005/5/11 7:39:54,SAT_21966,5.392192251,10.90407615,SAT_27624,1.170515727,48.49577612,SAT_13904,3.969130859,55.47764428
frame-u-005318-1-0063,1,No match,FALSE,N/A,inf,211.0985096,14.86726773,211.2703837,14.8799446,FOVNotMatch,2005/5/11 7:10:38,SAT_03373,0.767555178,5.349484481,SAT_21978,4.594199276,65.94701549,SAT_18540,0.756765284,66.25863877
frame-u-005323-4-0032,1,No match,FALSE,N/A,inf,233.1920837,17.26839667,233.3461918,17.45334008,FOVNotMatch,2005/5/12 9:26:41,SAT_04251,0.44886717,28.9801488,SAT_26353,5.677298732,52.44643599,SAT_04997,14.62743412,N/A
frame-u-005317-3-0111,1,No match,FALSE,N/A,inf,239.8966468,11.3837769,239.9248763,11.53896066,FOVNotMatch,2005/5/11 5:45:50,SAT_23483,3.562561448,25.80464433,SAT_00503,0.523992382,34.62180256,SAT_01616,0.734836207,62.43688676
frame-u-005322-3-0064,1,No match,FALSE,N/A,inf,219.2514763,14.56967451,219.0632429,14.4680877,FOVNotMatch,2005/5/12 7:02:25,SAT_00011,3.36562338,9.488157105,SAT_23048,2.27285814,38.58314602,SAT_22058,1.920913892,38.89421565
frame-u-005322-3-0065,1,Success,TRUE,SAT_26769,4.236423816,219.3881934,14.55819447,219.2426559,14.59706354,,2005/5/12 7:03:01,SAT_26769,3.088699942,4.236423816,SAT_26383,4.880344582,16.39271506,SAT_01589,3.886618725,32.46947169
frame-u-005322-3-0065,2,No match,FALSE,N/A,inf,219.3240865,14.39473595,219.382881,14.42550855,FOVNotMatch,2005/5/12 7:03:01,SAT_00011,3.36562338,8.735490449,SAT_23048,2.27285814,39.33581267,SAT_26769,3.088699942,39.57726367
frame-u-005322-5-0174,1,No match,FALSE,N/A,inf,235.8673434,12.02178026,235.8357403,12.07792839,FOVNotMatch,2005/5/12 8:08:06,SAT_12744,4.417511443,10.66920545,SAT_27540,0.651819783,28.21493432,SAT_14450,2.234707845,32.6585309
frame-u-005322-5-0175,1,No match,FALSE,N/A,inf,236.1427266,11.99108049,236.0941759,12.07740654,FOVNotMatch,2005/5/12 8:08:42,SAT_12744,4.417511443,10.65159122,SAT_27540,0.651819783,28.1973201,SAT_14450,2.234707845,32.64091668
frame-u-005322-1-0180,1,No match,FALSE,N/A,inf,236.3128155,10.17034474,236.4421165,10.26743703,FOVNotMatch,2005/5/12 8:11:41,SAT_20843,2.990787576,15.65399259,SAT_21966,4.196079681,18.15987762,SAT_24815,4.191808856,28.74024348
frame-u-005322-1-0137,1,Success,TRUE,SAT_21966,4.347000811,230.0880156,11.60988139,229.9112313,11.55928971,,2005/5/12 7:46:00,SAT_21966,1.172382631,4.347000811,SAT_20843,1.093722636,8.307975879,SAT_26769,3.996701922,30.35058619
frame-u-005322-1-0181,1,No match,FALSE,N/A,inf,236.6219638,10.11061272,236.505597,10.0223881,FOVNotMatch,2005/5/12 8:12:17,SAT_20843,5.183614952,16.55346519,SAT_21966,5.014167031,18.69308615,SAT_24815,4.754562999,29.28737479
frame-u-005327-4-0083,1,No match,FALSE,N/A,inf,263.5065649,33.20665632,263.4475303,33.30189338,FOVNotMatch,2005/5/13 10:29:35,SAT_27058,0.005491798,8.540464009,SAT_25805,3.202717734,9.509008219,SAT_25838,2.943073089,45.98911535
frame-u-005327-4-0084,1,No match,FALSE,N/A,inf,263.5816363,33.01080401,263.5079597,33.12982663,FOVNotMatch,2005/5/13 10:30:10,SAT_27058,0.005491798,8.557201197,SAT_25805,3.202717734,9.492271031,SAT_25838,2.943073089,46.00585254
frame-u-005327-2-0044,1,Success,TRUE,SAT_13132,0.474785098,259.8229113,38.30549588,259.7543361,38.39058024,,2005/5/13 10:06:17,SAT_13132,0.125397587,0.474785098,SAT_17526,0.229620214,4.347014991,SAT_17582,4.764743813,16.70016489
frame-u-005327-2-0045,1,Success,TRUE,SAT_13132,0.300218903,259.9117532,38.10416449,259.8152352,38.22503526,,2005/5/13 10:06:53,SAT_13132,0.125397587,0.300218903,SAT_17526,0.229620214,4.172448796,SAT_17582,4.764743813,16.5255987
frame-u-005326-3-0026,1,No match,FALSE,N/A,inf,203.6640487,16.29188283,203.5360401,16.24061842,FOVNotMatch,2005/5/13 6:37:42,SAT_26765,5.125806715,7.047691573,SAT_09824,5.931627796,81.14571348,SAT_20539,16.85480979,N/A
frame-u-005326-4-0110,1,No match,FALSE,N/A,inf,216.6062904,15.11506345,216.5700258,15.1941967,FOVNotMatch,2005/5/13 7:27:52,SAT_22608,2.964113329,6.938383311,SAT_20539,0.995689354,42.96314554,SAT_27619,5.753963651,45.09856217
frame-u-005323-3-0061,1,No match,FALSE,N/A,inf,237.409153,15.43446644,237.3893856,15.53555412,FOVNotMatch,2005/5/12 9:44:00,SAT_03827,1.592803382,18.94147932,SAT_04251,4.704674366,82.07006423,SAT_21356,13.71933641,N/A
frame-u-005323-5-0067,1,No match,FALSE,N/A,inf,238.4987044,15.95022934,238.4836705,16.01883988,FOVNotMatch,2005/5/12 9:47:35,SAT_03827,1.592803382,17.71839323,SAT_04251,4.704674366,83.29315032,SAT_21356,13.71933641,N/A
frame-u-005326-1-0314,1,Success,TRUE,SAT_24705,4.800736721,246.8499944,7.166731437,246.7978345,7.284889312,,2005/5/13 9:29:40,SAT_24705,1.369944896,4.800736721,SAT_26186,1.919034868,15.35007485,SAT_28280,5.905104093,59.85044855
frame-u-005360-4-0108,1,No match,FALSE,N/A,inf,162.1224784,16.22459211,162.0578461,16.22725789,FOVNotMatch,2005/6/1 4:11:25,SAT_28452,0.620668608,19.42795126,SAT_27992,5.054298423,46.11695959,SAT_09903,0.173147006,58.93533779
frame-u-005360-5-0078,1,No match,FALSE,N/A,inf,157.2542691,16.09180809,157.2733231,16.24339464,FOVNotMatch,2005/6/1 3:53:31,SAT_18106,3.267965984,11.05578244,SAT_02800,3.317746116,23.30152932,SAT_16727,0.175363835,33.56890107
frame-u-005360-2-0199,1,No match,FALSE,N/A,inf,176.1711556,16.62374777,176.195585,16.69056481,FOVNotMatch,2005/6/1 5:05:45,SAT_06256,0.118160545,48.3341258,SAT_07823,4.650141128,49.84781177,SAT_14502,2.0052914,54.67131476
frame-u-005360-2-0200,1,No match,FALSE,N/A,inf,176.44198,16.52354957,176.4960859,16.67119101,FOVNotMatch,2005/6/1 5:06:21,SAT_06256,0.118160545,48.38135237,SAT_07823,4.650141128,49.89503835,SAT_14502,2.0052914,54.71854133
frame-u-005360-4-0089,1,No match,FALSE,N/A,inf,159.1626552,16.0381414,159.1185646,16.04080529,FOVNotMatch,2005/6/1 4:00:05,SAT_09598,3.209922694,54.50142273,SAT_25834,5.852634033,60.07557291,SAT_03341,5.37042911,65.61886018
frame-u-005360-2-0119,1,No match,FALSE,N/A,inf,163.7835701,15.56467665,163.8210029,15.76454337,FOVNotMatch,2005/6/1 4:17:59,SAT_18106,5.708290114,8.101263655,SAT_18335,1.342484918,24.27158735,SAT_03174,2.165358375,25.1875621
frame-u-005360-2-0122,1,Success,TRUE,SAT_18106,1.693478987,164.2965414,15.58788567,164.3653915,15.8097959,,2005/6/1 4:19:47,SAT_18106,5.708290114,1.693478987,SAT_18335,1.342484918,30.67937202,SAT_03174,2.165358375,31.59534677
frame-u-005360-5-0321,1,Success,TRUE,SAT_26194,0.917442078,195.4040856,17.64985341,195.3020237,17.75362124,,2005/6/1 6:18:36,SAT_26194,4.052056799,0.917442078,SAT_20764,3.697982135,30.9225798,SAT_27652,2.824667348,67.91644426
frame-u-005360-5-0322,1,Success,TRUE,SAT_26194,0.803009605,195.6281439,17.72400182,195.5265102,17.82770601,,2005/6/1 6:19:12,SAT_26194,4.052056799,0.803009605,SAT_20764,3.697982135,31.03701228,SAT_27652,2.824667348,68.03087673
frame-u-005362-5-0142,1,No match,FALSE,N/A,inf,252.1520955,52.23094585,252.1072165,52.29999169,FOVNotMatch,2005/6/1 8:30:45,SAT_22741,4.950749108,8.020557816,SAT_25850,0.10648077,13.55768913,SAT_24640,5.111529647,17.97862659
frame-u-005362-5-0143,1,No match,FALSE,N/A,inf,252.2493938,52.17677569,252.3476498,52.02370683,FOVNotMatch,2005/6/1 8:31:20,SAT_22741,4.950749108,8.193101072,SAT_25850,0.10648077,13.73023239,SAT_24640,5.111529647,18.15116984
frame-u-005362-5-0144,1,No match,FALSE,N/A,inf,252.4883018,51.90158642,252.4278078,51.99625541,FOVNotMatch,2005/6/1 8:31:56,SAT_22741,4.950749108,8.215520989,SAT_25850,0.10648077,13.7526523,SAT_24640,5.111529647,18.17358976
frame-u-005362-3-0098,1,Success,TRUE,SAT_25850,0.825010442,245.125311,57.37897175,244.9356519,57.50616455,,2005/6/1 8:04:28,SAT_25850,2.186951509,0.825010442,SAT_22741,3.485051335,2.358353457,SAT_23420,2.637596475,3.032207184
frame-u-005362-3-0099,1,Success,TRUE,SAT_25850,1.034166991,245.2629435,57.24852271,245.1824523,57.30315639,,2005/6/1 8:05:04,SAT_25850,2.186951509,1.034166991,SAT_22741,3.485051335,2.567510006,SAT_23420,2.637596475,3.241363733
frame-u-005362-6-0113,1,Success,TRUE,SAT_25289,0.512918083,249.4129465,56.28713066,249.2851157,56.35771773,,2005/6/1 8:13:26,SAT_25289,3.302836779,0.512918083,SAT_24640,4.504515297,5.001323954,SAT_23420,3.037606081,5.543579291
frame-u-005362-6-0114,1,Success,TRUE,SAT_25289,0.311684761,249.5775323,56.09013027,249.3861013,56.19707998,,2005/6/1 8:14:01,SAT_25289,3.302836779,0.311684761,SAT_24640,4.504515297,5.202557276,SAT_23420,3.037606081,5.342345969
frame-u-005376-1-0034,1,No match,FALSE,N/A,inf,187.2097498,16.4394427,187.2284689,16.66286028,FOVNotMatch,2005/6/4 5:46:04,SAT_22575,2.910775791,9.425716175,SAT_21158,0.043607934,10.70620685,SAT_27147,1.156797059,45.09918852
frame-u-005378-3-0109,1,No match,FALSE,N/A,inf,262.4927769,7.912390303,262.3132768,7.861377214,FOVNotMatch,2005/6/4 9:22:38,SAT_21634,3.051528845,5.587933287,SAT_28527,5.254885018,13.3519187,SAT_19518,5.507212655,14.62268361
frame-u-005381-2-0030,1,No match,FALSE,N/A,inf,158.3114136,15.3231152,158.2768894,15.0916876,FOVNotMatch,2005/6/5 3:37:06,SAT_07126,5.69773708,39.63647826,SAT_24299,3.731266766,42.79161924,SAT_13505,4.694150944,46.2894921
frame-u-005381-3-0151,1,No match,FALSE,N/A,inf,177.122859,17.14154989,176.951453,17.20165417,FOVNotMatch,2005/6/5 4:49:21,SAT_10623,5.674010825,27.16962149,SAT_08184,5.002227023,30.28511984,SAT_26916,4.99925969,35.06655659
frame-u-005381-3-0082,1,No match,FALSE,N/A,inf,166.2580815,16.5513153,166.1866611,16.44383147,FOVNotMatch,2005/6/5 4:08:09,SAT_24720,1.993839803,29.98635374,SAT_28452,1.19551756,49.26034945,SAT_23830,0.85176973,51.4327921
frame-u-005377-1-0059,1,Success,TRUE,SAT_13121,4.186740831,245.4278688,-5.305423764,245.3856667,-5.191905235,,2005/6/4 7:35:16,SAT_13121,0.465959511,4.186740831,SAT_27667,5.58570715,53.27566389,SAT_20926,4.86452877,59.9837658
frame-u-005377-2-0063,1,Success,TRUE,SAT_13121,3.708214137,246.1244538,-5.275842737,246.1009983,-5.21433279,,2005/6/4 7:37:39,SAT_13121,0.465959511,3.708214137,SAT_27667,5.58570715,52.79713719,SAT_20926,4.86452877,59.50523911
frame-u-005377-2-0064,1,Success,TRUE,SAT_13121,3.885659984,246.3540092,-5.400001251,246.2839248,-5.214499936,,2005/6/4 7:38:15,SAT_13121,0.465959511,3.885659984,SAT_27667,5.58570715,52.97458304,SAT_20926,4.86452877,59.68268496
frame-u-005377-3-0069,1,No match,FALSE,N/A,inf,247.2625271,-5.407616947,247.195028,-5.229512784,FOVNotMatch,2005/6/4 7:41:14,SAT_20232,0.211322435,9.874076506,SAT_26083,3.162386402,26.45405211,SAT_27667,3.86871651,51.58783377
frame-u-005377-3-0069,2,No match,FALSE,N/A,inf,247.2671015,-5.400808974,247.2404156,-5.331373727,FOVNotMatch,2005/6/4 7:41:14,SAT_20232,0.211322435,10.13890653,SAT_26083,3.162386402,26.18922208,SAT_27667,3.86871651,51.32300374
frame-u-005377-4-0072,1,No match,FALSE,N/A,inf,247.8104376,-5.407225151,247.7615263,-5.279372781,FOVNotMatch,2005/6/4 7:43:01,SAT_20232,0.211322435,10.05160637,SAT_26083,3.162386402,26.27652224,SAT_27667,3.86871651,51.4103039
frame-u-005382-3-0063,1,No match,FALSE,N/A,inf,190.9110463,17.14544022,190.8753603,17.21983983,FOVNotMatch,2005/6/5 6:05:07,SAT_05180,0.045653133,11.40838748,SAT_00195,1.614043673,20.70557924,SAT_02971,3.384099821,79.98231564
frame-u-005382-3-0063,2,No match,FALSE,N/A,inf,190.7359011,17.00691924,190.7486054,17.02464754,FOVNotMatch,2005/6/5 6:05:07,SAT_26783,3.335081246,34.92360002,SAT_00195,1.614043673,38.33441149,SAT_02971,3.384099821,40.97769363
frame-u-005390-4-0066,1,No match,FALSE,N/A,inf,183.1939081,17.78738059,183.043715,17.81506108,FOVNotMatch,2005/6/6 3:57:16,SAT_22177,3.867498431,16.98635042,SAT_20411,0.018638204,22.54972366,SAT_01863,4.45754235,24.85830899
frame-u-005385-1-0027,1,Success,TRUE,SAT_21290,1.452330939,230.5726905,54.68601026,230.4788384,54.76356442,,2005/6/5 9:48:46,SAT_21290,3.661017465,1.452330939,SAT_25850,5.940401163,5.578759836,SAT_21722,3.504276734,10.96359581
frame-u-005390-6-0073,1,Success,TRUE,SAT_01863,3.168959495,184.3117485,18.5831099,184.1740463,18.54482907,,2005/6/6 4:01:27,SAT_01863,4.531051998,3.168959495,SAT_22177,4.660237496,10.77035728,SAT_19595,4.9514414,22.03438563
frame-u-005390-1-0098,1,No match,FALSE,N/A,inf,188.0705607,16.42550035,188.0535288,16.49529238,FOVNotMatch,2005/6/6 4:16:23,SAT_11047,3.552581297,21.73663457,SAT_05322,3.862731836,27.41012382,SAT_28263,3.327837084,64.32932788
frame-u-005390-1-0099,1,No match,FALSE,N/A,inf,188.3772899,16.43959375,188.3268128,16.64562654,FOVNotMatch,2005/6/6 4:16:58,SAT_11047,3.552581297,21.78113011,SAT_05322,3.862731836,27.36562828,SAT_28263,3.327837084,64.37382342
frame-u-005390-1-0108,1,No match,FALSE,N/A,inf,189.7834961,16.49848905,189.6605926,16.47747028,FOVNotMatch,2005/6/6 4:22:21,SAT_22177,2.114368085,6.967233983,SAT_19595,5.293837378,20.47969705,SAT_28263,2.867105024,27.56290695
frame-u-005390-1-0116,1,No match,FALSE,N/A,inf,190.973538,16.35991304,190.975086,16.58440282,FOVNotMatch,2005/6/6 4:27:07,SAT_10541,0.216886858,8.424979931,SAT_05017,5.430361064,30.41818929,SAT_00503,5.782573739,41.23452056
frame-u-005384-3-0077,1,Success,TRUE,SAT_26726,2.251792767,255.587995,-11.12607359,255.6345114,-11.11244897,,2005/6/5 8:10:53,SAT_26726,5.820142817,2.251792767,SAT_14051,0.171441103,8.43415933,SAT_28238,5.698140443,16.64035563
frame-u-005391-1-0055,1,No match,FALSE,N/A,inf,240.7638314,-18.3424767,240.764211,-18.47363328,FOVNotMatch,2005/6/6 6:00:22,SAT_26151,3.900008502,17.50307133,SAT_13532,0.872917111,20.30217004,SAT_24833,5.849986582,28.81507985
frame-u-005391-1-0132,1,No match,FALSE,N/A,inf,249.6700236,-10.81502014,249.6726411,-10.87552453,FOVNotMatch,2005/6/6 6:46:21,SAT_11896,4.14879921,23.19934492,SAT_20082,5.380308886,25.25448443,SAT_25548,0.400719291,67.02736704
frame-u-005391-1-0109,1,Success,TRUE,SAT_24286,1.374887747,247.0984714,-12.98016276,247.113998,-13.1420051,,2005/6/6 6:32:37,SAT_24286,3.408260338,1.374887747,SAT_19657,2.529121969,21.06663781,SAT_13382,3.782318092,28.04604982
frame-u-005392-3-0012,1,No match,FALSE,N/A,inf,254.1893806,-5.320892617,254.1825564,-5.411183307,FOVNotMatch,2005/6/6 8:29:19,SAT_15270,1.026816679,8.152461411,SAT_17254,0.025309116,70.07736989,SAT_21046,4.537490852,84.75364551
frame-u-005392-3-0014,1,No match,FALSE,N/A,inf,254.6092756,-5.189238806,254.6056019,-5.242696653,FOVNotMatch,2005/6/6 8:30:30,SAT_15270,1.026816679,8.540714442,SAT_17254,0.025309116,70.46562292,SAT_21046,4.537490852,84.36539248
frame-u-005391-3-0180,1,No match,FALSE,N/A,inf,254.3160071,-5.260838838,254.319944,-5.193795586,FOVNotMatch,2005/6/6 7:15:00,SAT_12384,2.548541417,10.03241211,SAT_21251,3.248033247,14.16196937,SAT_12644,4.055400944,16.04009431
frame-u-005391-2-0185,1,Success,TRUE,SAT_22911,0.073427203,255.2766321,-5.010234496,255.149379,-4.999750506,,2005/6/6 7:17:59,SAT_22911,0.443368833,0.073427203,SAT_23731,2.829469367,1.50317446,SAT_22796,3.680061852,1.945820085
frame-u-005391-2-0186,1,No match,FALSE,N/A,inf,255.2911625,-4.866508333,255.2929266,-4.987132784,FOVNotMatch,2005/6/6 7:18:35,SAT_12384,2.548541417,14.21384225,SAT_21251,3.248033247,18.3433995,SAT_12644,4.055400944,20.22152445
frame-u-005392-2-0019,1,No match,FALSE,N/A,inf,255.3903107,-5.062233614,255.3067599,-5.074582485,FOVNotMatch,2005/6/6 8:33:30,SAT_17254,0.086135657,6.910697172,SAT_28252,5.945497771,8.449778315,SAT_26056,1.890470916,8.467218699
frame-u-005392-2-0019,2,No match,FALSE,N/A,inf,255.3830494,-5.094048698,255.4278491,-4.967671474,FOVNotMatch,2005/6/6 8:33:30,SAT_15270,0.087181784,6.95923072,SAT_22782,1.097798349,29.75186894,SAT_20237,0.893878585,36.72963531
frame-u-005392-2-0019,3,Success,TRUE,SAT_15270,4.814870066,255.3241245,-4.894204728,255.328674,-4.860568724,,2005/6/6 8:33:30,SAT_15270,0.087181784,4.814870066,SAT_22782,1.097798349,17.97776816,SAT_20237,0.893878585,24.95553453
frame-u-005392-2-0020,1,No match,FALSE,N/A,inf,255.5418974,-4.868003951,255.4063589,-4.888446437,FOVNotMatch,2005/6/6 8:34:05,SAT_17254,0.086135657,6.743057847,SAT_28252,5.945497771,8.617417639,SAT_26056,1.890470916,8.634858024
frame-u-005391-6-0217,1,No match,FALSE,N/A,inf,257.6279948,-0.688356916,257.5956778,-0.47599064,FOVNotMatch,2005/6/6 7:37:06,SAT_12384,0.026497387,22.16707635,SAT_15387,3.629295138,47.16467484,SAT_22927,3.793926197,73.61232788
frame-u-005391-4-0141,1,Success,TRUE,SAT_21912,1.627298859,249.8022077,-9.016531479,249.7724626,-8.783058756,,2005/6/6 6:51:43,SAT_21912,3.1738552,1.627298859,SAT_11896,3.666342172,27.58447765,SAT_25788,0.008832584,70.44419572
frame-u-005391-3-0144,1,Success,TRUE,SAT_21912,1.978675831,250.5441325,-8.959379515,250.5365011,-8.902311726,,2005/6/6 6:53:31,SAT_21912,3.1738552,1.978675831,SAT_11896,3.666342172,27.93585462,SAT_25788,0.008832584,70.09281875
frame-u-005391-2-0146,1,Success,TRUE,SAT_21912,2.554503446,251.0516073,-9.014365231,251.0585402,-9.062466303,,2005/6/6 6:54:42,SAT_21912,3.1738552,2.554503446,SAT_11896,3.666342172,28.51168223,SAT_25788,0.008832584,69.51699113
frame-u-005391-2-0187,1,No match,FALSE,N/A,inf,255.5122554,-4.763121617,255.5156591,-4.965144001,FOVNotMatch,2005/6/6 7:19:11,SAT_12384,1.620777827,14.36891451,SAT_21332,1.081513937,17.86565711,SAT_13947,3.612361182,33.17900705
frame-u-005396-1-0067,1,No match,FALSE,N/A,inf,245.8841676,-5.366653487,245.8149587,-5.181884883,FOVNotMatch,2005/6/7 5:17:02,SAT_21501,3.459067955,7.735609399,SAT_21209,2.586681477,10.02455232,SAT_21533,1.936801583,59.51862204
frame-u-005396-1-0067,2,No match,FALSE,N/A,inf,245.8178397,-5.209454377,245.8098682,-5.188331463,FOVNotMatch,2005/6/7 5:17:02,SAT_21501,3.459067955,7.878764017,SAT_21209,2.586681477,10.16770694,SAT_21533,1.936801583,59.37546742
frame-u-005396-1-0067,3,No match,FALSE,N/A,inf,245.83445,-5.337074063,245.7893505,-5.216791641,FOVNotMatch,2005/6/7 5:17:02,SAT_21501,3.459067955,7.7543798,SAT_21209,2.586681477,10.04332272,SAT_21533,1.936801583,59.49985164
frame-u-005396-1-0068,1,No match,FALSE,N/A,inf,246.042039,-5.402845797,245.9729436,-5.218125409,FOVNotMatch,2005/6/7 5:17:38,SAT_21501,3.459067955,7.708647077,SAT_21209,2.586681477,9.997590001,SAT_21533,1.936801583,59.54558436
frame-u-005396-1-0068,2,No match,FALSE,N/A,inf,245.9843923,-5.201050981,246.0913355,-5.283445444,FOVNotMatch,2005/6/7 5:17:38,SAT_21533,1.936801583,27.70202365,SAT_28577,3.123282901,28.24679007,SAT_15391,4.274655946,29.76527636
frame-u-005396-4-0076,1,No match,FALSE,N/A,inf,247.6559881,-5.061165008,247.7565427,-4.862946798,FOVNotMatch,2005/6/7 5:22:24,SAT_24803,4.462260146,13.19242883,SAT_03267,5.976119323,27.86559739,SAT_06269,4.934067694,36.26132304
frame-u-005396-1-0082,1,No match,FALSE,N/A,inf,247.7314721,-6.63177743,247.6757365,-6.459138952,FOVNotMatch,2005/6/7 5:25:59,SAT_10765,5.415113778,5.861678038,SAT_06269,4.934067694,8.333498091,SAT_03267,5.976119323,16.72922374
frame-u-005401-2-0022,1,No match,FALSE,N/A,inf,155.262573,60.89830304,154.8923017,60.89555885,FOVNotMatch,2005/6/8 3:48:49,SAT_26486,4.739596663,9.551704842,SAT_27613,3.200674515,27.80622697,SAT_27805,4.682811272,37.1621969
frame-u-005401-5-0013,1,Success,TRUE,SAT_26486,3.044650262,151.6068006,61.33470467,151.178633,61.37243016,,2005/6/8 3:43:26,SAT_26486,5.668560633,3.044650262,SAT_08437,4.44115678,3.548714704,SAT_27805,4.913197384,12.93268747
frame-u-005398-1-0182,1,Success,TRUE,SAT_20404,3.522373016,273.3130886,10.87554985,273.087796,10.93783457,,2005/6/7 9:45:57,SAT_20404,2.296833727,3.522373016,SAT_26795,3.970670264,19.74234745,SAT_04069,3.55683506,29.67744465
frame-u-005396-6-0124,1,Success,TRUE,SAT_25548,0.045342968,254.1809161,-8.198370443,254.1272881,-8.221261317,,2005/6/7 5:51:04,SAT_25548,4.405888184,0.045342968,SAT_27047,4.64700646,4.878358974,SAT_25852,4.754795277,17.23607212
frame-u-005398-5-0135,1,No match,FALSE,N/A,inf,266.8882984,7.389084264,266.7837883,7.319573433,FOVNotMatch,2005/6/7 9:17:54,SAT_01002,3.815229389,11.70426458,SAT_08621,4.446731895,14.15728841,SAT_04069,3.251309581,17.58747186
frame-u-005403-1-0292,1,No match,FALSE,N/A,inf,305.227825,29.10928359,305.3735956,29.18444978,FOVNotMatch,2005/6/8 7:56:32,SAT_21780,0.093492874,50.11212105,SAT_22338,2.225482747,54.89707848,SAT_03758,16.29749157,N/A
frame-u-005403-6-0060,1,Success,TRUE,SAT_12983,4.027782446,265.649935,44.74307762,265.6888352,44.78185582,,2005/6/8 5:38:01,SAT_12983,1.501592312,4.027782446,SAT_18746,2.066890906,43.56102321,SAT_13897,5.49530481,66.8659983
frame-u-005403-5-0061,1,Success,TRUE,SAT_12983,4.137716261,265.708435,44.33732698,265.8876618,44.51629903,,2005/6/8 5:38:37,SAT_12983,1.501592312,4.137716261,SAT_18746,2.066890906,43.67095702,SAT_13897,5.49530481,66.97593212
frame-u-005403-5-0045,1,No match,FALSE,N/A,inf,262.3857419,44.68847781,262.5997943,44.73177979,FOVNotMatch,2005/6/8 5:29:04,SAT_09819,1.000567008,17.30851605,SAT_18496,2.465323648,41.11388981,SAT_21900,4.518700652,42.22086022
frame-u-005403-5-0046,1,No match,FALSE,N/A,inf,262.7410378,44.63678462,262.8223814,44.65257415,FOVNotMatch,2005/6/8 5:29:39,SAT_09819,1.000567008,17.93736373,SAT_18496,2.465323648,41.74273748,SAT_21900,4.518700652,42.84970789
frame-u-005398-4-0014,1,No match,FALSE,N/A,inf,253.880512,-5.19206004,253.8691074,-5.35012572,FOVNotMatch,2005/6/7 8:05:39,SAT_15270,2.626813501,8.044873436,SAT_04388,2.953889882,8.336422063,SAT_27436,5.792839411,19.19126298
frame-u-005398-3-0017,1,No match,FALSE,N/A,inf,254.4965147,-5.191983724,254.4855489,-5.352279083,FOVNotMatch,2005/6/7 8:07:26,SAT_15270,2.626813501,8.257274343,SAT_04388,2.953889882,8.54882297,SAT_27436,5.792839411,18.97886207
frame-u-005402-6-0035,1,No match,FALSE,N/A,inf,186.8191187,6.054940554,186.8805955,6.274094926,FOVNotMatch,2005/6/8 4:44:47,SAT_26675,3.032300637,5.205592245,SAT_00702,3.582544243,23.07530068,SAT_27489,2.194620921,47.53033955
frame-u-005416-4-0036,1,No match,FALSE,N/A,inf,260.6264941,44.7601685,260.687957,44.83139865,FOVNotMatch,2005/6/11 8:37:01,SAT_05010,2.179730436,8.368584553,SAT_00703,1.359977996,47.58619348,SAT_14817,2.458071035,85.73921645
frame-u-005409-3-0011,1,No match,FALSE,N/A,inf,248.1692353,14.4546499,248.2512407,14.57552729,FOVNotMatch,2005/6/9 4:45:31,SAT_19419,0.091732725,14.33521539,SAT_07477,5.038002142,27.21300197,SAT_11984,3.541781394,51.82263825
frame-u-005409-1-0012,1,No match,FALSE,N/A,inf,247.9710559,13.62290771,248.0525107,13.74322291,FOVNotMatch,2005/6/9 4:46:06,SAT_19419,0.091732725,14.37656266,SAT_07477,5.038002142,27.25434924,SAT_11984,3.541781394,51.78129098
frame-u-005409-3-0012,1,No match,FALSE,N/A,inf,248.4057215,14.26685425,248.4962806,14.39945422,FOVNotMatch,2005/6/9 4:46:07,SAT_19419,0.091732725,14.53200759,SAT_07477,5.038002142,27.40979417,SAT_11984,3.541781394,51.62584604
frame-u-005405-3-0063,1,Success,TRUE,SAT_28474,3.900905084,277.9094603,-0.093975017,278.0378346,0.091157343,,2005/6/8 9:51:02,SAT_28474,2.244773305,3.900905084,SAT_08562,3.514908677,22.11583658,SAT_17563,5.702009756,32.54103304
frame-u-005405-4-0063,1,Success,TRUE,SAT_28474,3.634391932,278.1489051,0.253397981,278.271079,0.431347412,,2005/6/8 9:51:02,SAT_28474,2.244773305,3.634391932,SAT_08562,3.514908677,21.84932343,SAT_17563,5.702009756,32.8075462
frame-u-005405-3-0070,1,No match,FALSE,N/A,inf,278.9615015,-0.546228667,279.0578303,-0.451553513,FOVNotMatch,2005/6/8 9:55:13,SAT_28474,4.612279234,14.52618151,SAT_17563,5.569996495,22.05410128,SAT_25823,2.18675297,33.09448684
frame-u-005410-6-0046,1,Success,TRUE,SAT_26681,2.865540193,278.1201164,1.523176438,278.1969774,1.547968422,,2005/6/9 6:26:35,SAT_26681,5.468708983,2.865540193,SAT_04630,5.973488565,5.660988943,SAT_27047,0.467712425,7.877119674
frame-u-005410-6-0052,1,No match,FALSE,N/A,inf,278.7993829,1.111688638,278.9895681,1.245797544,FOVNotMatch,2005/6/9 6:30:10,SAT_26681,5.468708983,20.1773608,SAT_04630,5.973488565,22.97280955,SAT_27047,0.467712425,25.18894028
frame-u-005410-6-0062,1,Success,TRUE,SAT_23734,4.649795964,280.2857939,0.372868138,280.2279321,0.500532434,,2005/6/9 6:36:08,SAT_23734,4.886825942,4.649795964,SAT_01982,5.627457806,23.31259897,SAT_26218,4.262423111,50.63694436
frame-u-005410-6-0117,1,Success,TRUE,SAT_04630,0.056541099,287.6074537,-3.155626181,287.5422076,-3.168830554,,2005/6/9 7:08:59,SAT_04630,3.954481952,0.056541099,SAT_27042,2.23027394,2.165018841,SAT_01829,2.359011768,2.485155412
frame-u-005410-6-0118,1,Success,TRUE,SAT_04630,0.338007868,287.6228773,-3.34038278,287.8259995,-3.300317799,,2005/6/9 7:09:35,SAT_04630,3.954481952,0.338007868,SAT_27042,2.23027394,2.44648561,SAT_01829,2.359011768,2.766622181
frame-u-005410-6-0119,1,Success,TRUE,SAT_04630,0.148460282,287.7943941,-3.494721452,287.9066198,-3.472203874,,2005/6/9 7:10:10,SAT_04630,3.954481952,0.148460282,SAT_27042,2.23027394,2.256938024,SAT_01829,2.359011768,2.577074595
frame-u-005598-1-0027,1,Success,TRUE,SAT_25935,2.469619911,346.759725,5.867598055,346.640274,5.944305976,,2005/9/12 6:44:50,SAT_25935,4.864094504,2.469619911,SAT_04069,3.253128428,13.79299863,SAT_04679,3.057029272,27.98613262
frame-u-005598-5-0029,1,Success,TRUE,SAT_04679,3.235400358,346.9543777,7.66304668,346.8811846,7.777321622,,2005/9/12 6:46:02,SAT_04679,3.057029272,3.235400358,SAT_18153,3.048765464,17.51259101,SAT_25935,4.864094504,22.28111236
frame-u-005598-6-0030,1,Success,TRUE,SAT_04679,3.079659813,347.0603886,7.979023786,347.0130405,8.053340402,,2005/9/12 6:46:38,SAT_04679,3.057029272,3.079659813,SAT_18153,3.048765464,17.35685047,SAT_25935,4.864094504,22.4368529
frame-u-005598-4-0042,1,No match,FALSE,N/A,inf,348.9928309,7.251624853,349.0119522,7.335378422,FOVNotMatch,2005/9/12 6:53:47,SAT_25485,1.080296559,7.110645153,SAT_11538,1.391195876,30.90915487,SAT_27706,4.871998313,36.45634756
frame-u-005598-2-0104,1,Success,TRUE,SAT_19230,3.809517084,358.2958969,6.610249872,358.3319369,6.835626908,,2005/9/12 7:30:49,SAT_19230,3.274746474,3.809517084,SAT_03029,5.047108749,69.71940155,SAT_27884,1.951776493,77.02302781
frame-u-005410-1-0262,1,Success,TRUE,SAT_00515,0.264907725,306.6068148,-14.5275653,306.5067038,-14.4120204,,2005/6/9 8:35:33,SAT_00515,3.568852909,0.264907725,SAT_23301,3.750684501,33.42059592,SAT_10252,1.771102742,34.36532343
frame-u-005410-6-0281,1,Success,TRUE,SAT_28041,0.221847871,309.9976953,-13.70133881,310.1325906,-13.69732482,,2005/6/9 8:46:54,SAT_28041,1.043894837,0.221847871,SAT_28576,0.500727253,1.1547425,SAT_15384,1.860646366,1.50981165
frame-u-005410-1-0215,1,No match,FALSE,N/A,inf,299.8914501,-11.5401799,299.9774284,-11.49920089,FOVNotMatch,2005/6/9 8:07:30,SAT_23716,2.679592096,19.27589031,SAT_26866,5.422229555,21.83959187,SAT_28041,3.287200086,22.68019879
frame-u-005410-1-0216,1,No match,FALSE,N/A,inf,300.1083595,-11.69601706,300.1878719,-11.65845308,FOVNotMatch,2005/6/9 8:08:05,SAT_23716,2.679592096,19.0900289,SAT_26866,5.422229555,21.65373047,SAT_28041,3.287200086,22.49433738
frame-u-005421-5-0185,1,No match,FALSE,N/A,inf,302.1648401,-10.96406429,302.1474983,-10.86936275,FOVNotMatch,2005/6/14 9:12:14,SAT_22601,5.826439743,9.98936863,SAT_15677,5.946128214,74.38888549,SAT_22796,5.799108615,74.76358948
frame-u-005421-4-0266,1,No match,FALSE,N/A,inf,313.4699688,-16.34680049,313.5280018,-16.1270197,FOVNotMatch,2005/6/14 10:00:36,SAT_18962,5.304519519,11.83963857,SAT_22079,0.035003771,17.56447023,SAT_05392,1.672482162,30.51227409
frame-u-005421-6-0266,1,No match,FALSE,N/A,inf,313.68584,-15.52557126,313.7431351,-15.30593375,FOVNotMatch,2005/6/14 10:00:36,SAT_18962,5.304519519,11.7297046,SAT_22079,0.035003771,17.6744042,SAT_05392,1.672482162,30.40234012
frame-u-005641-6-0056,1,No match,FALSE,N/A,inf,9.006630128,8.578383424,8.909362219,8.602240627,FOVNotMatch,2005/9/26 5:38:02,SAT_10627,3.919766326,15.09808166,SAT_26037,4.709106327,63.03867758,SAT_28704,14.91589534,N/A
frame-u-005598-3-0202,1,No match,FALSE,N/A,inf,13.06843855,7.151524176,12.99978119,7.20646351,FOVNotMatch,2005/9/12 8:29:20,SAT_26389,3.779888841,9.858199637,SAT_18600,4.025229471,32.48149066,SAT_01000,4.458830552,36.74603104
frame-u-005636-3-0157,1,No match,FALSE,N/A,inf,5.278613664,7.397455046,5.4432215,7.377853158,FOVNotMatch,2005/9/25 5:42:56,SAT_10478,3.727860646,5.346299911,SAT_10856,1.303125766,8.685858975,SAT_28704,13.18099048,N/A
frame-u-005636-1-0134,1,No match,FALSE,N/A,inf,1.922433769,6.439988654,1.863858482,6.664483216,FOVNotMatch,2005/9/25 5:29:12,SAT_03599,5.725382361,83.49529186,SAT_18412,3.739942086,86.36399532,SAT_19195,3.216031038,86.58797031
frame-u-005655-1-0131,1,No match,FALSE,N/A,inf,326.1133094,4.812434257,326.1102338,4.733239574,FOVNotMatch,2005/9/28 4:28:25,SAT_08747,4.695924421,82.82418707,SAT_25074,4.568637956,85.23061269,SAT_26794,5.150134961,85.30559108
frame-u-005655-2-0131,1,No match,FALSE,N/A,inf,326.1204366,5.00946731,326.1284904,5.235470901,FOVNotMatch,2005/9/28 4:28:25,SAT_08747,4.695924421,82.64066061,SAT_25074,4.568637956,85.41413916,SAT_26794,5.150134961,85.48911755
frame-u-005655-4-0131,1,No match,FALSE,N/A,inf,326.1503092,5.854411868,326.1565621,6.021608823,FOVNotMatch,2005/9/28 4:28:25,SAT_08747,4.695924421,82.73817728,SAT_25074,4.568637956,85.31662249,SAT_26794,5.150134961,85.39160088
frame-u-005655-3-0131,1,No match,FALSE,N/A,inf,326.1350531,5.432514808,326.1431793,5.657603932,FOVNotMatch,2005/9/28 4:28:26,SAT_08747,4.695924421,82.66580439,SAT_25074,4.568637956,85.38899538,SAT_26794,5.150134961,85.46397377
frame-u-005655-1-0191,1,No match,FALSE,N/A,inf,335.2634849,5.418120451,335.2037181,5.480620693,FOVNotMatch,2005/9/28 5:04:15,SAT_12818,5.091855433,18.93586512,SAT_00271,3.252130468,44.06506118,SAT_26794,5.224026348,45.96538365
frame-u-005711-2-0040,1,Success,TRUE,SAT_00051,4.118960404,24.28870142,6.614811964,24.16935333,6.530104576,,2005/10/11 9:18:28,SAT_00051,2.113500871,4.118960404,SAT_08366,3.918358019,21.42313868,SAT_03431,4.383555111,26.69449519
frame-u-005711-2-0041,1,Success,TRUE,SAT_00051,4.050192248,24.48395179,6.527028236,24.37698995,6.450906492,,2005/10/11 9:19:04,SAT_00051,2.113500871,4.050192248,SAT_08366,3.918358019,21.49190683,SAT_03431,4.383555111,26.76326335
frame-u-005657-3-0017,1,No match,FALSE,N/A,inf,32.81859127,-4.666029037,32.80724111,-4.800557813,FOVNotMatch,2005/9/28 7:47:44,SAT_26829,0.030184852,16.01403497,SAT_14590,5.515316729,24.34605843,SAT_20026,5.425176926,25.5871309
frame-u-005711-1-0102,1,No match,FALSE,N/A,inf,33.60889371,5.543800606,33.61983846,5.767373648,FOVNotMatch,2005/10/11 9:55:29,SAT_19293,2.859470646,16.56431284,SAT_26605,1.662030716,26.4162446,SAT_24953,1.542067077,26.93213086
frame-u-005711-1-0111,1,Success,TRUE,SAT_26605,3.13575957,34.8380773,5.465806677,34.94628717,5.683929347,,2005/10/11 10:00:52,SAT_26605,3.464624342,3.13575957,SAT_04276,4.934295122,23.37342836,SAT_04216,5.419644237,48.06142111
frame-u-005711-1-0196,1,No match,FALSE,N/A,inf,47.62313549,4.483017872,47.59522617,4.7104852,FOVNotMatch,2005/10/11 10:51:37,SAT_17273,5.27239099,9.766563882,SAT_22283,1.491080722,11.9972642,SAT_07129,0.275101767,13.85267309
frame-u-005714-1-0055,1,No match,FALSE,N/A,inf,27.31935892,5.984004158,27.21155847,6.125469901,FOVNotMatch,2005/10/12 9:20:22,SAT_14590,4.098062597,14.84814916,SAT_14591,3.594898305,15.3803931,SAT_02367,1.512869483,25.41259158
frame-u-005814-3-0185,1,Success,TRUE,SAT_11735,0.248532894,57.75219599,79.92999007,57.10354022,79.86372723,,2005/11/3 10:41:10,SAT_11735,2.53058224,0.248532894,SAT_04945,0.344452797,19.15721347,SAT_21660,3.651889356,33.91097912
frame-u-005814-3-0186,1,Success,TRUE,SAT_11735,0.725702607,58.3141121,80.09248821,57.72911144,80.03482499,,2005/11/3 10:41:46,SAT_11735,2.53058224,0.725702607,SAT_04945,0.344452797,18.68004376,SAT_21660,3.651889356,33.43380941
frame-u-005714-4-0262,1,No match,FALSE,N/A,inf,58.31988545,4.758334621,58.41245192,4.926008545,FOVNotMatch,2005/10/12 11:23:58,SAT_18710,0.073738704,48.91593382,SAT_13954,5.079135412,49.18684371,SAT_14951,1.15256082,50.04794635
frame-u-005714-4-0263,1,No match,FALSE,N/A,inf,58.59357061,4.681124467,58.6354947,4.756859257,FOVNotMatch,2005/10/12 11:24:34,SAT_18710,0.073738704,48.98608479,SAT_13954,5.079135412,49.11669274,SAT_14951,1.15256082,49.97779537
frame-u-005814-4-0143,1,Success,TRUE,SAT_26740,0.426712925,39.7244528,74.95377409,39.44547671,74.9056623,,2005/11/3 10:16:05,SAT_26740,0.543107636,0.426712925,SAT_22512,5.949872309,3.120868771,SAT_20285,5.876827669,10.88276105
frame-u-005714-4-0214,1,Success,TRUE,SAT_02863,3.093720382,51.30156482,5.443542907,51.18613693,5.44707454,,2005/10/12 10:55:18,SAT_02863,3.862385926,3.093720382,SAT_03431,4.503225713,5.691138957,SAT_08366,2.984458052,10.78895144
frame-u-005817-2-0103,1,No match,FALSE,N/A,inf,37.47124125,22.51632193,37.43499374,22.6201225,FOVNotMatch,2005/11/4 9:27:28,SAT_15350,2.00182391,28.98307642,SAT_28141,1.033271904,57.62257838,SAT_23614,5.411199509,77.92664522
frame-u-005817-1-0110,1,No match,FALSE,N/A,inf,38.34910788,23.18895651,38.35822914,23.33122748,FOVNotMatch,2005/11/4 9:31:39,SAT_15350,2.657742762,7.781142339,SAT_28141,1.743944901,78.6452882,SAT_23614,5.506593454,81.29433725
frame-u-005817-1-0111,1,No match,FALSE,N/A,inf,38.48826193,23.35463735,38.49664977,23.47059057,FOVNotMatch,2005/11/4 9:32:14,SAT_15350,2.657742762,7.354167135,SAT_28141,1.743944901,79.0722634,SAT_23614,5.506593454,80.86736205
frame-u-005815-2-0051,1,No match,FALSE,N/A,inf,130.1860547,12.89404418,130.2902319,13.03323526,FOVNotMatch,2005/11/3 11:21:41,SAT_21496,3.790570443,14.21659078,SAT_28243,4.948723629,24.99555595,SAT_17046,4.794917904,55.40514042
frame-u-005817-4-0295,1,No match,FALSE,N/A,inf,54.97010336,47.68449625,54.75156852,47.72278746,FOVNotMatch,2005/11/4 11:22:06,SAT_18689,2.931778242,19.08048527,SAT_27409,2.831662491,42.90867265,SAT_07373,4.479081069,43.35019109
frame-u-005817-3-0138,1,No match,FALSE,N/A,inf,39.62977099,27.45072473,39.578309,27.5013848,FOVNotMatch,2005/11/4 9:48:22,SAT_00195,4.371897529,13.86868356,SAT_28141,5.306956441,32.37475254,SAT_26969,1.389372166,46.20424583
frame-u-005815-4-0062,1,No match,FALSE,N/A,inf,131.6582224,14.11321701,131.7023622,14.17597657,FOVNotMatch,2005/11/3 11:28:15,SAT_28243,4.073520934,27.41172009,SAT_16339,5.423014172,58.58465235,SAT_08774,5.992018438,60.24883034
frame-u-005817-4-0304,1,No match,FALSE,N/A,inf,56.29324159,48.74619186,56.11137054,48.76038244,FOVNotMatch,2005/11/4 11:27:29,SAT_19790,0.114612815,22.46569794,SAT_23343,0.111239818,29.02546954,SAT_27409,1.412515628,51.72291988
frame-u-005803-5-0036,1,No match,FALSE,N/A,inf,119.7784864,9.121107933,119.6483649,9.313787151,FOVNotMatch,2005/11/1 10:04:08,SAT_08585,3.873225331,47.29150944,SAT_13630,0.667473127,53.32098026,SAT_08330,2.225843235,54.29436432
frame-u-005815-2-0116,1,No match,FALSE,N/A,inf,139.9128147,15.64846006,139.9452358,15.81486783,FOVNotMatch,2005/11/3 12:00:29,SAT_10585,2.773501594,18.16003197,SAT_26988,2.338036858,31.44617746,SAT_20959,5.854725988,41.93388622
frame-u-005815-1-0117,1,No match,FALSE,N/A,inf,140.1475879,15.40004168,140.1708357,15.51541995,FOVNotMatch,2005/11/3 12:01:05,SAT_10585,2.773501594,17.79116024,SAT_26988,2.338036858,31.81504919,SAT_20959,5.854725988,42.30275795
frame-u-005849-4-0134,1,No match,FALSE,N/A,inf,136.2695155,13.71719093,136.2163538,13.75755619,FOVNotMatch,2005/11/10 11:30:09,SAT_20837,5.237092918,28.79489883,SAT_08330,4.578427297,30.97614463,SAT_14333,3.657189677,31.90445133
frame-u-005849-4-0135,1,No match,FALSE,N/A,inf,136.532867,13.82010101,136.417004,13.90817969,FOVNotMatch,2005/11/10 11:30:45,SAT_20837,5.237092918,28.84314849,SAT_08330,4.578427297,31.02439429,SAT_14333,3.657189677,31.952701
frame-u-005849-1-0147,1,No match,FALSE,N/A,inf,138.6214369,13.0134209,138.4534899,13.13226508,FOVNotMatch,2005/11/10 11:37:55,SAT_24282,5.557632907,9.55804495,SAT_20837,5.85790377,26.33529329,SAT_08330,5.72493198,28.49771181
frame-u-005849-1-0148,1,No match,FALSE,N/A,inf,138.7688071,13.19394739,138.6776829,13.25895214,FOVNotMatch,2005/11/10 11:38:31,SAT_24282,5.557632907,9.795353972,SAT_20837,5.85790377,26.57260231,SAT_08330,5.72493198,28.73502083
frame-u-005867-2-0222,1,No match,FALSE,N/A,inf,150.472615,13.92978649,150.5167071,14.06438857,FOVNotMatch,2005/11/12 12:05:19,SAT_00005,4.287731251,60.39334985,SAT_25360,3.746816767,70.82027641,SAT_00022,0.077842176,71.650162
frame-u-005867-3-0201,1,No match,FALSE,N/A,inf,147.1543389,13.77017197,147.0709119,13.9742404,FOVNotMatch,2005/11/12 11:52:46,SAT_18599,2.586254814,11.84790408,SAT_18937,1.375866381,12.80561368,SAT_10395,3.394727163,13.13030188
frame-u-005849-3-0181,1,No match,FALSE,N/A,inf,143.4728923,15.02665943,143.5049426,15.12823609,FOVNotMatch,2005/11/10 11:58:13,SAT_15260,5.216399157,37.16936431,SAT_25598,4.402732686,37.23505881,SAT_26742,4.383081885,57.79883254
frame-u-005849-5-0165,1,No match,FALSE,N/A,inf,140.7855923,15.26883551,140.7573206,15.49122019,FOVNotMatch,2005/11/10 11:48:40,SAT_18562,4.898613115,10.94595416,SAT_16961,5.570657234,12.53530458,SAT_25598,0.053522034,13.6866449
frame-u-005933-5-0102,1,No match,FALSE,N/A,inf,32.82294717,-8.08228308,32.72611888,-8.032347596,FOVNotMatch,2005/12/6 6:05:15,SAT_23950,5.100534421,25.93923191,SAT_28790,2.764790041,27.56562671,SAT_25913,3.033834309,27.56637723
frame-u-005933-5-0103,1,No match,FALSE,N/A,inf,33.0407607,-8.014937448,32.98246362,-7.985092675,FOVNotMatch,2005/12/6 6:05:51,SAT_23950,5.100534421,25.76411168,SAT_28790,2.764790041,27.39050647,SAT_25913,3.033834309,27.39125699
frame-u-005867-6-0073,1,No match,FALSE,N/A,inf,127.6884264,10.96922667,127.6506039,10.91905371,FOVNotMatch,2005/11/12 10:36:21,SAT_04993,3.425846177,6.237189688,SAT_04512,4.411371802,9.766113845,SAT_25799,5.382884644,55.11843425
frame-u-005921-1-0022,1,No match,FALSE,N/A,inf,124.0671647,7.554239275,123.9292169,7.434973071,FOVNotMatch,2005/11/30 9:58:02,SAT_11135,4.710082151,25.02795376,SAT_05998,1.967222258,34.03724844,SAT_20926,2.4841385,38.53741146
frame-u-005935-2-0179,1,No match,FALSE,N/A,inf,143.3829969,14.48176539,143.2924496,14.56892021,FOVNotMatch,2005/12/6 11:02:48,SAT_12635,5.741701469,36.83334083,SAT_03764,5.050111244,65.196758,SAT_12115,0.118514033,69.71099131
frame-u-005935-5-0181,1,No match,FALSE,N/A,inf,143.3018098,15.63286367,143.2770941,15.85802474,FOVNotMatch,2005/12/6 11:04:00,SAT_03764,5.050111244,26.06435932,SAT_12115,0.118514033,30.57859263,SAT_12635,5.741701469,75.96573951
frame-u-005935-4-0182,1,No match,FALSE,N/A,inf,143.6507097,15.28005509,143.6264272,15.50533038,FOVNotMatch,2005/12/6 11:04:35,SAT_03764,5.050111244,25.96654391,SAT_12115,0.118514033,30.48077722,SAT_12635,5.741701469,76.06355492
frame-u-005959-4-0011,1,No match,FALSE,N/A,inf,20.77735912,38.47035433,20.6911561,38.42521974,FOVNotMatch,2005/12/29 4:00:33,SAT_23484,0.086099111,86.16206677,SAT_09829,13.85412725,N/A,SAT_13075,14.74772018,N/A
frame-u-005935-2-0226,1,No match,FALSE,N/A,inf,150.5184189,15.84299534,150.3558245,16.00443906,FOVNotMatch,2005/12/6 11:30:52,SAT_15053,3.042165095,11.47469697,SAT_10470,3.193963809,45.7832341,SAT_10150,0.037173416,65.89838646
frame-u-005935-2-0227,1,No match,FALSE,N/A,inf,150.6791491,16.04445716,150.6304014,16.09314039,FOVNotMatch,2005/12/6 11:31:27,SAT_15053,3.042165095,11.28844503,SAT_10470,3.193963809,45.96948604,SAT_10150,0.037173416,65.71213453
frame-u-005935-1-0251,1,No match,FALSE,N/A,inf,154.3719434,16.10959021,154.2806099,16.22559582,FOVNotMatch,2005/12/6 11:45:47,SAT_10150,4.649001886,60.11313782,SAT_26384,0.268270947,65.01453324,SAT_21833,12.36072685,N/A
frame-u-005935-1-0064,1,No match,FALSE,N/A,inf,126.4166552,9.542560857,126.3733229,9.498464561,FOVNotMatch,2005/12/6 9:54:08,SAT_27518,4.596053543,30.54667287,SAT_16597,2.685872915,44.85378013,SAT_10953,5.7298924,51.25773231
frame-u-005935-1-0065,1,No match,FALSE,N/A,inf,126.6743827,9.596749255,126.5433789,9.46491352,FOVNotMatch,2005/12/6 9:54:44,SAT_27518,4.596053543,30.22827372,SAT_16597,2.685872915,44.53538098,SAT_10953,5.7298924,50.93933316
frame-u-005959-2-0198,1,Success,TRUE,SAT_23194,1.542698683,31.85505625,65.67473049,31.44998017,65.78341977,,2005/12/29 5:52:12,SAT_23194,2.70577708,1.542698683,SAT_27409,3.980854592,8.482928262,SAT_10155,5.38139337,48.75144663
frame-u-005960-1-0050,1,No match,FALSE,N/A,inf,36.61540468,69.60923723,36.12471882,69.66455647,FOVNotMatch,2005/12/29 6:50:09,SAT_21187,5.694030832,20.92733924,SAT_21853,3.893603888,21.62157244,SAT_13607,3.245129206,23.09873094
frame-u-005960-2-0051,1,No match,FALSE,N/A,inf,35.76600389,70.01648329,35.14438282,70.08203991,FOVNotMatch,2005/12/29 6:50:45,SAT_21187,5.694030832,20.15064837,SAT_21853,3.893603888,20.84488157,SAT_13607,3.245129206,22.32204007
frame-u-005960-5-0199,1,No match,FALSE,N/A,inf,136.3782046,83.54786879,137.1790885,83.63367146,FOVNotMatch,2005/12/29 8:19:07,SAT_10867,4.278907809,17.91881504,SAT_06826,4.676709345,78.11732374,SAT_09955,9.569677963,N/A
frame-u-005960-5-0200,1,No match,FALSE,N/A,inf,137.9266047,83.31980497,138.9591808,83.42684711,FOVNotMatch,2005/12/29 8:19:43,SAT_10867,4.278907809,16.02948459,SAT_06826,4.676709345,80.00665419,SAT_09955,9.569677963,N/A
frame-u-005960-1-0062,1,No match,FALSE,N/A,inf,38.37308953,71.31003231,38.17936117,71.32497247,FOVNotMatch,2005/12/29 6:57:19,SAT_10622,1.482977937,12.25064264,SAT_15261,2.986520713,16.97489466,SAT_25414,3.235725859,37.55216509
frame-u-005960-2-0063,1,No match,FALSE,N/A,inf,37.7448095,71.66049231,37.03891663,71.70997748,FOVNotMatch,2005/12/29 6:57:55,SAT_10622,1.482977937,11.2902255,SAT_15261,2.986520713,16.01447752,SAT_25414,3.235725859,36.59174795
frame-u-005960-3-0063,1,No match,FALSE,N/A,inf,36.42097815,71.75079022,35.73830071,71.79394798,FOVNotMatch,2005/12/29 6:57:55,SAT_10622,1.482977937,10.14017503,SAT_15261,2.986520713,14.86442705,SAT_25414,3.235725859,35.44169748
frame-u-005960-4-0064,1,No match,FALSE,N/A,inf,35.41666145,72.11354958,34.81932521,72.14749151,FOVNotMatch,2005/12/29 6:58:31,SAT_10622,1.482977937,9.20522446,SAT_15261,2.986520713,13.92947648,SAT_25414,3.235725859,34.50674691
frame-u-005960-3-0064,1,No match,FALSE,N/A,inf,36.34739917,72.0569393,36.04786976,72.07583377,FOVNotMatch,2005/12/29 6:58:31,SAT_10622,1.482977937,10.29170783,SAT_15261,2.986520713,15.01595985,SAT_25414,3.235725859,35.59323029
frame-u-005976-3-0027,1,No match,FALSE,N/A,inf,164.4557113,-20.81932285,164.2301921,-20.8133495,FOVNotMatch,2006/1/7 10:29:58,SAT_00205,1.538363394,13.64111921,SAT_23879,5.659622878,14.31127683,SAT_04716,1.184687141,71.49486285
frame-u-005973-3-0143,1,No match,FALSE,N/A,inf,181.7174711,8.687189869,181.6573892,8.626519212,FOVNotMatch,2006/1/6 12:26:08,SAT_21360,5.218407727,29.39718924,SAT_26769,5.361327031,47.75196461,SAT_09829,5.280857866,61.57617267
frame-u-005973-3-0128,1,No match,FALSE,N/A,inf,180.5333948,6.657138221,180.5944842,6.736609646,FOVNotMatch,2006/1/6 12:17:11,SAT_12532,4.407669936,15.30126311,SAT_16452,5.379766943,21.53100512,SAT_22927,5.192530113,55.72246036
frame-u-005973-3-0036,1,No match,FALSE,N/A,inf,173.7612306,-5.415462621,173.6891377,-5.300666746,FOVNotMatch,2006/1/6 11:22:14,SAT_16445,5.038259904,14.78735904,SAT_12445,5.980165526,32.42340205,SAT_27684,5.369521126,39.62170173
frame-u-005973-3-0037,1,No match,FALSE,N/A,inf,173.9550175,-5.230468784,173.8929142,-5.131292833,FOVNotMatch,2006/1/6 11:22:50,SAT_16445,5.038259904,14.7201425,SAT_12445,5.980165526,32.4906186,SAT_27684,5.369521126,39.68891828
frame-u-005973-2-0038,1,No match,FALSE,N/A,inf,174.3758585,-5.395270992,174.2395264,-5.177811009,FOVNotMatch,2006/1/6 11:23:27,SAT_16445,5.038259904,14.7460416,SAT_12445,5.980165526,32.4647195,SAT_27684,5.369521126,39.66301918
frame-u-005973-2-0041,1,Success,TRUE,SAT_20902,3.014410411,174.5230393,-4.980051957,174.5484792,-4.877592382,,2006/1/6 11:25:14,SAT_20902,3.702880488,3.014410411,SAT_16445,5.038259904,31.12351188,SAT_08746,2.437077915,64.46256512
frame-u-005973-2-0042,1,Success,TRUE,SAT_20902,3.102717043,174.6377347,-4.84317493,174.6717162,-4.705371742,,2006/1/6 11:25:50,SAT_20902,3.702880488,3.102717043,SAT_16445,5.038259904,31.03520525,SAT_08746,2.437077915,64.55087176
frame-u-005973-4-0065,1,No match,FALSE,N/A,inf,175.6682172,-1.334726165,175.5601425,-1.377195328,FOVNotMatch,2006/1/6 11:39:34,SAT_28553,5.818010505,12.44658896,SAT_23671,2.618295687,21.20560666,SAT_26624,3.71184308,21.40205611
frame-u-005973-1-0034,1,No match,FALSE,N/A,inf,174.4324931,-6.046918524,174.3181293,-5.901187544,FOVNotMatch,2006/1/6 11:21:03,SAT_04998,2.623699924,18.01616045,SAT_12445,5.681147225,27.38047713,SAT_13618,0.155272551,33.31940748
frame-u-005976-6-0081,1,Success,TRUE,SAT_26901,1.431897886,167.6364738,-13.29794329,167.4670803,-13.28486429,,2006/1/7 11:02:13,SAT_26901,2.06899639,1.431897886,SAT_03029,3.225993142,7.60871199,SAT_04250,5.429261112,9.522947336
frame-u-005976-4-0145,1,No match,FALSE,N/A,inf,173.0861876,-5.424624143,172.9985384,-5.283815241,FOVNotMatch,2006/1/7 11:40:25,SAT_04902,4.450890436,43.09353769,SAT_04353,2.935896758,44.03337202,SAT_25788,5.84104557,49.32047262
frame-u-005976-4-0146,1,No match,FALSE,N/A,inf,173.2638842,-5.213537128,173.2174078,-5.138663893,FOVNotMatch,2006/1/7 11:41:01,SAT_04902,4.450890436,43.15772503,SAT_04353,2.935896758,44.09755936,SAT_25788,5.84104557,49.38465995
frame-u-005976-4-0146,2,No match,FALSE,N/A,inf,173.2278133,-5.275788763,173.0418393,-5.148073114,FOVNotMatch,2006/1/7 11:41:01,SAT_04902,4.450890436,19.47202503,SAT_04353,2.935896758,20.41185936,SAT_25788,5.84104557,25.69895995
frame-u-005976-1-0147,1,No match,FALSE,N/A,inf,174.4216129,-5.730126376,174.2348968,-5.602118229,FOVNotMatch,2006/1/7 11:41:37,SAT_04902,4.450890436,19.44684877,SAT_04353,2.935896758,20.3866831,SAT_25788,5.84104557,25.6737837
frame-u-005976-5-0098,1,No match,FALSE,N/A,inf,169.2435817,-11.31325793,169.1511429,-11.17842265,FOVNotMatch,2006/1/7 11:12:22,SAT_04902,4.088187498,40.63450092,SAT_04250,3.338816791,42.15897343,SAT_25822,5.399084583,42.33334622
frame-u-005982-1-0050,1,No match,FALSE,N/A,inf,167.4163569,-18.28267547,167.3529394,-18.19109667,FOVNotMatch,2006/1/9 11:25:48,SAT_16720,4.553933308,33.93704686,SAT_27888,5.542381089,49.94335427,SAT_07545,0.013706522,52.30050917
frame-u-005976-4-0152,1,No match,FALSE,N/A,inf,173.6460276,-4.528863729,173.5220309,-4.288801889,FOVNotMatch,2006/1/7 11:44:36,SAT_28345,1.191971861,42.2806381,SAT_13092,5.036621724,47.15423662,SAT_04902,5.703939564,47.7023471
frame-u-006004-3-0159,1,No match,FALSE,N/A,inf,139.7042278,12.28751858,139.5927495,12.38443504,FOVNotMatch,2006/1/31 8:31:45,SAT_01618,3.665939122,5.378636879,SAT_14264,1.76487936,27.48611344,SAT_15574,5.18874354,35.21429237
frame-u-006004-3-0133,1,No match,FALSE,N/A,inf,135.8365443,11.43108835,135.7091561,11.49753529,FOVNotMatch,2006/1/31 8:16:14,SAT_10855,5.211579371,20.21435913,SAT_15574,3.970070747,22.45348584,SAT_25941,4.171577128,25.40050599
frame-u-006004-3-0134,1,No match,FALSE,N/A,inf,136.022386,11.55640895,135.8900687,11.62686188,FOVNotMatch,2006/1/31 8:16:50,SAT_10855,5.211579371,20.71703677,SAT_15574,3.970070747,22.95616349,SAT_25941,4.171577128,24.89782834
frame-u-005976-5-0209,1,No match,FALSE,N/A,inf,177.4764476,3.241459785,177.3726315,3.220176772,FOVNotMatch,2006/1/7 12:18:38,SAT_26745,5.09746173,12.10688617,SAT_26101,3.315881521,12.29556383,SAT_26497,5.041713992,13.20196
frame-u-005976-6-0190,1,No match,FALSE,N/A,inf,175.5629081,1.093371383,175.5679829,0.904314005,FOVNotMatch,2006/1/7 12:07:18,SAT_25569,1.192488136,5.683144551,SAT_04659,4.457323753,26.10768775,SAT_19256,0.172217413,30.42329416
frame-u-005976-6-0192,1,No match,FALSE,N/A,inf,175.8633264,1.237000459,175.862486,1.269573892,FOVNotMatch,2006/1/7 12:08:29,SAT_08295,5.88165512,13.8282821,SAT_11051,5.503388122,14.60986498,SAT_21155,2.843177891,16.37459054
frame-u-006005-2-0051,1,No match,FALSE,N/A,inf,191.3777297,-16.84357759,191.4240741,-16.91355594,FOVNotMatch,2006/1/31 10:39:04,SAT_28188,5.513815378,22.64732215,SAT_15832,0.042081004,40.64370067,SAT_05587,5.100435772,43.53286706
frame-u-006005-5-0128,1,Success,TRUE,SAT_28645,3.819897071,190.8656285,-5.28534986,190.7563068,-5.275148072,,2006/1/31 11:25:02,SAT_28645,5.531284141,3.819897071,SAT_15384,5.599627832,4.554055633,SAT_27426,1.02586363,5.318159102
frame-u-006005-5-0128,2,No match,FALSE,N/A,inf,190.8640271,-5.306558916,190.6831039,-5.180863394,FOVNotMatch,2006/1/31 11:25:02,SAT_25843,5.826598513,15.93453453,SAT_14532,4.922098259,20.13230426,SAT_15963,5.089508246,20.92332378
frame-u-006005-3-0165,1,Success,TRUE,SAT_14532,4.65696162,191.8420288,0.31000568,191.9625057,0.266906702,,2006/1/31 11:47:08,SAT_14532,3.853991487,4.65696162,SAT_15963,3.528929977,5.353876181,SAT_22266,4.53212323,5.44996712
frame-u-006005-1-0175,1,Success,TRUE,SAT_26738,1.0968184,192.865334,1.640023742,192.6646718,1.63601526,,2006/1/31 11:53:06,SAT_26738,3.785486098,1.0968184,SAT_24208,5.015585399,2.399011119,SAT_20771,5.564283432,4.123661934
frame-u-006005-3-0176,1,Success,TRUE,SAT_09955,3.288095119,191.9435718,1.790630779,191.8632764,1.955426062,,2006/1/31 11:53:42,SAT_09955,4.949764733,3.288095119,SAT_21640,1.516396461,28.34095015,SAT_14532,5.541618915,48.97059713
frame-u-006074-4-0017,1,No match,FALSE,N/A,inf,47.88664826,78.43816203,47.76981007,78.2725066,FOVNotMatch,2006/3/25 3:41:58,SAT_18665,3.451745685,52.62923438,SAT_17270,3.670051946,61.52785167,SAT_28278,4.074109917,61.5498523
frame-u-006074-4-0018,1,No match,FALSE,N/A,inf,48.49521193,78.4292696,48.5822271,78.53948303,FOVNotMatch,2006/3/25 3:42:33,SAT_18665,3.451745685,51.77446544,SAT_17270,3.670051946,60.67308272,SAT_28278,4.074109917,62.40462125
frame-u-006073-1-0032,1,No match,FALSE,N/A,inf,82.56439172,-0.708542762,82.69315635,-0.737475418,FOVNotMatch,2006/3/25 2:55:13,SAT_26495,4.922795837,12.69134835,SAT_26639,4.568384104,12.70611089,SAT_24786,5.781350408,13.37940318
frame-u-006073-1-0047,1,No match,FALSE,N/A,inf,82.69555655,-2.989163141,82.76355905,-2.854495924,FOVNotMatch,2006/3/25 3:04:11,SAT_26915,4.619783587,7.936800885,SAT_01001,0.499049208,35.96955352,SAT_25822,5.973742388,52.17414994
frame-u-006103-1-0051,1,No match,FALSE,N/A,inf,145.3508595,80.355989,145.7880177,80.35934294,FOVNotMatch,2006/4/21 5:28:46,SAT_10491,3.902270814,17.10418871,SAT_01618,5.182653963,21.67687334,SAT_07044,0.115007673,28.78326691
frame-u-006118-5-0117,1,No match,FALSE,N/A,inf,178.1667776,72.58785295,178.3572749,72.75867657,FOVNotMatch,2006/4/30 6:01:52,SAT_25803,5.539640388,40.062709,SAT_22258,5.318099516,61.5445436,SAT_04946,1.317139416,69.27945758
frame-u-006118-5-0129,1,Success,TRUE,SAT_08185,4.967969865,179.5329922,70.92885423,180.1591495,71.02510041,,2006/4/30 6:09:02,SAT_08185,2.317820496,4.967969865,SAT_22258,3.802718752,16.34392023,SAT_18598,2.624196042,32.10184338
frame-u-006118-2-0149,1,No match,FALSE,N/A,inf,179.1028745,67.79542199,179.2711002,67.8339104,FOVNotMatch,2006/4/30 6:20:58,SAT_22258,0.03241697,26.63984371,SAT_26786,5.235207754,46.85625426,SAT_12818,5.370726058,47.15480326
frame-u-006121-2-0015,1,No match,FALSE,N/A,inf,191.1086143,-22.03154296,191.1397263,-22.12494517,FOVNotMatch,2006/5/1 5:42:58,SAT_25379,4.686883745,37.26642655,SAT_22061,4.070423049,38.71531293,SAT_20028,3.666507796,39.26484881
frame-u-006121-5-0214,1,No match,FALSE,N/A,inf,191.1077525,7.853639694,191.0721267,7.826955919,FOVNotMatch,2006/5/1 7:41:47,SAT_20025,15.8421667,N/A,SAT_28969,12.138782,N/A,SAT_28874,15.53792045,N/A
frame-u-006121-6-0056,1,No match,FALSE,N/A,inf,189.5432245,-15.82739993,189.4676044,-15.8336224,FOVNotMatch,2006/5/1 6:07:27,SAT_02219,4.216826857,6.420471155,SAT_23867,2.529950938,7.249782721,SAT_23866,5.92286624,10.95623876
frame-u-006121-1-0133,1,Success,TRUE,SAT_19176,4.423236939,192.2004776,-4.37130919,192.2458167,-4.496500463,,2006/5/1 6:53:25,SAT_19176,0.87750748,4.423236939,SAT_18802,1.909620164,5.66300164,SAT_03123,2.615552234,6.837933308
frame-u-006122-2-0108,1,No match,FALSE,N/A,inf,251.3980464,62.68382117,251.001826,62.7267767,FOVNotMatch,2006/5/1 8:56:16,SAT_17328,5.442984884,5.99807305,SAT_18946,4.444683956,18.57495119,SAT_21900,4.263245463,19.66834363
frame-u-006161-3-0104,1,No match,FALSE,N/A,inf,258.5783159,33.99711027,258.6699789,33.98441342,FOVNotMatch,2006/5/24 5:06:17,SAT_17582,0.119813388,69.3144278,SAT_12889,2.95677022,89.41957174,SAT_00932,8.778727611,N/A
frame-u-006161-3-0105,1,No match,FALSE,N/A,inf,258.6282439,33.74810629,258.7724311,33.72804134,FOVNotMatch,2006/5/24 5:06:53,SAT_17582,0.119813388,69.32996882,SAT_12889,2.95677022,89.40403072,SAT_00932,8.778727611,N/A
frame-u-006123-1-0056,1,No match,FALSE,N/A,inf,273.7447224,63.19380634,273.5973579,63.36306807,FOVNotMatch,2006/5/1 10:22:57,SAT_00549,3.093728313,28.06380322,SAT_17328,5.119927306,38.83764152,SAT_01358,1.87829141,41.41609934
frame-u-006162-2-0017,1,No match,FALSE,N/A,inf,226.1348278,56.28673904,226.2939411,56.40479263,FOVNotMatch,2006/5/24 5:52:07,SAT_01570,4.647581981,20.47162701,SAT_20742,5.362155435,22.55554683,SAT_15714,1.06478148,28.9558403
frame-u-006162-5-0073,1,Success,TRUE,SAT_18701,1.673740732,238.6230919,61.82781085,238.8495748,61.96809145,,2006/5/24 6:25:33,SAT_18701,2.73131213,1.673740732,SAT_06682,0.112211365,6.115282217,SAT_20742,4.192315832,29.23591953
frame-u-006162-6-0085,1,Success,TRUE,SAT_14620,3.807053162,241.8290699,62.99653359,241.833624,63.24255169,,2006/5/24 6:32:43,SAT_14620,5.193348087,3.807053162,SAT_04685,0.173345903,39.82536962,SAT_18701,2.32150469,40.49634784
frame-u-006162-2-0357,1,No match,FALSE,N/A,inf,319.943948,51.7906146,320.3467134,51.8299713,FOVNotMatch,2006/5/24 9:15:07,SAT_12747,0.831460226,27.19089567,SAT_10962,0.032384958,33.49434441,SAT_10684,5.263657978,40.5210483
frame-u-006160-2-0033,1,No match,FALSE,N/A,inf,161.7703662,8.796538776,161.6662092,8.607096528,FOVNotMatch,2006/5/24 3:40:59,SAT_13910,2.328313141,6.210539301,SAT_07156,4.026217101,22.11930425,SAT_21797,2.449797667,38.07519917
frame-u-006160-2-0034,1,No match,FALSE,N/A,inf,161.9439521,8.583177867,161.9805069,8.649407271,FOVNotMatch,2006/5/24 3:41:34,SAT_13910,2.328313141,6.309267037,SAT_07156,4.026217101,22.21803199,SAT_21797,2.449797667,38.17392691
frame-u-006162-5-0170,1,Success,TRUE,SAT_17333,4.646099298,270.6812701,65.26525237,270.9654727,65.30493247,,2006/5/24 7:23:28,SAT_17333,2.370146334,4.646099298,SAT_27617,3.759955016,5.886859559,SAT_20028,4.021410165,8.291922032
frame-u-006162-3-0364,1,No match,FALSE,N/A,inf,321.7841331,51.23901334,321.7096947,51.32034318,FOVNotMatch,2006/5/24 9:19:18,SAT_04216,3.712319922,27.27070685,SAT_12636,4.565163655,41.72652379,SAT_19904,5.383385547,51.43751889
frame-u-006162-1-0141,1,No match,FALSE,N/A,inf,261.0776856,63.28510709,260.8658856,63.30784225,FOVNotMatch,2006/5/24 7:06:09,SAT_26483,1.70282003,12.46462206,SAT_12730,1.720060858,24.24159482,SAT_15223,4.789387048,28.71120006
frame-u-006162-1-0334,1,No match,FALSE,N/A,inf,315.2971184,53.82548513,315.4999925,53.91769136,FOVNotMatch,2006/5/24 9:01:23,SAT_08701,5.845002363,15.93867936,SAT_19299,5.499015044,39.16614278,SAT_13617,0.202219093,58.68426312
frame-u-006166-3-0045,1,No match,FALSE,N/A,inf,201.6606171,8.605824071,201.9096476,8.604675372,FOVNotMatch,2006/5/25 3:49:29,SAT_24876,5.599149214,61.06889434,SAT_07023,2.507520379,66.66106292,SAT_28918,15.24610946,N/A
frame-u-006166-6-0079,1,No match,FALSE,N/A,inf,204.9560094,4.528592142,205.0686742,4.422600228,FOVNotMatch,2006/5/25 4:09:47,SAT_18600,2.529948765,29.15627601,SAT_16650,4.743388069,36.46513895,SAT_15677,5.684033306,36.57873358
frame-u-006169-5-0139,1,Success,TRUE,SAT_10864,1.221612177,315.4034311,55.71996034,315.6341344,55.90522196,,2006/5/25 9:22:51,SAT_10864,5.737110854,1.221612177,SAT_12458,0.638742284,7.574177742,SAT_12999,1.235161663,22.42894396
frame-u-006166-4-0127,1,Success,TRUE,SAT_22254,0.189570104,207.0531179,-2.437610788,207.2980642,-2.434718878,,2006/5/25 4:38:26,SAT_22254,4.968055843,0.189570104,SAT_26624,3.361682076,0.650795153,SAT_24315,3.469680221,0.677164429
frame-u-006166-4-0127,2,Success,TRUE,SAT_28970,1.353437103,207.1130222,-2.529869491,207.242721,-2.309912351,,2006/5/25 4:38:26,SAT_28970,5.316169801,1.353437103,SAT_16404,3.888020796,10.71509844,SAT_28363,2.581877721,13.63496177
frame-u-006168-5-0012,1,Success,TRUE,SAT_09820,3.973810368,259.0671438,-12.16606191,259.0095452,-12.05327557,,2006/5/25 6:49:16,SAT_09820,2.198874729,3.973810368,SAT_22980,1.861749367,25.76987632,SAT_26680,2.841169587,42.05980543
frame-u-006168-6-0015,1,Success,TRUE,SAT_09820,4.141089736,259.6009095,-12.18554558,259.5137324,-12.01607435,,2006/5/25 6:51:03,SAT_09820,2.198874729,4.141089736,SAT_22980,1.861749367,25.60259695,SAT_26680,2.841169587,42.22708479
frame-u-006168-6-0017,1,Success,TRUE,SAT_09820,4.125771073,259.9563665,-12.19761681,259.9193548,-12.12563501,,2006/5/25 6:52:15,SAT_09820,2.198874729,4.125771073,SAT_22980,1.861749367,25.61791562,SAT_26680,2.841169587,42.21176613
frame-u-006168-6-0073,1,No match,FALSE,N/A,inf,267.1034659,-16.64703959,267.2558367,-16.70932239,FOVNotMatch,2006/5/25 7:25:41,SAT_13652,5.393311768,13.76785346,SAT_15993,5.035374111,13.86149193,SAT_14128,4.705130589,13.99402172
frame-u-006168-1-0075,1,No match,FALSE,N/A,inf,266.3113056,-18.6707504,266.4315028,-18.61819306,FOVNotMatch,2006/5/25 7:26:53,SAT_22176,0.686828848,8.460546132,SAT_01317,4.922292661,17.46650155,SAT_02969,2.46925507,17.78810801
frame-u-006177-5-0266,1,No match,FALSE,N/A,inf,321.9846644,19.35616161,322.0661655,19.37226868,FOVNotMatch,2006/5/27 9:11:16,SAT_27878,4.29264028,32.05999646,SAT_19796,2.552048016,56.56519268,SAT_26857,3.180604589,58.33007204
frame-u-006177-5-0266,2,No match,FALSE,N/A,inf,322.063208,19.44409733,322.1988368,19.36121113,FOVNotMatch,2006/5/27 9:11:16,SAT_27878,4.29264028,12.71138794,SAT_26857,3.180604589,13.55868764,SAT_07265,3.683047237,57.52671237
frame-u-006174-2-0098,1,Success,TRUE,SAT_22581,2.96809792,205.1876151,0.248241263,205.3301734,0.448198155,,2006/5/26 4:29:43,SAT_22581,4.263705156,2.96809792,SAT_22056,4.930222783,14.14665987,SAT_16398,5.613024306,15.50035044
frame-u-006174-4-0102,1,Success,TRUE,SAT_22581,4.152834193,206.1461817,0.126861366,206.2201175,0.226158126,,2006/5/26 4:32:07,SAT_22581,4.263705156,4.152834193,SAT_22056,4.930222783,15.33139614,SAT_16398,5.613024306,16.68508671
frame-u-006174-4-0103,1,Success,TRUE,SAT_22581,4.192850125,206.3248731,-0.069239428,206.4214632,0.06029409,,2006/5/26 4:32:43,SAT_22581,4.263705156,4.192850125,SAT_22056,4.930222783,15.37141207,SAT_16398,5.613024306,16.72510265
frame-u-006174-3-0104,1,No match,FALSE,N/A,inf,205.8932238,-0.338101565,206.077161,-0.199783899,FOVNotMatch,2006/5/26 4:33:18,SAT_20413,5.49766654,16.34045768,SAT_22581,4.263705156,20.53897463,SAT_08746,0.815998307,26.08464165
frame-u-006177-3-0290,1,No match,FALSE,N/A,inf,324.2124989,16.33114082,324.4359768,16.44019799,FOVNotMatch,2006/5/27 9:25:35,SAT_10885,0.983683151,21.63079759,SAT_21936,1.328781291,35.96869935,SAT_21785,0.099898567,37.62160745
frame-u-006174-6-0202,1,No match,FALSE,N/A,inf,213.2465963,-13.22907909,213.3425181,-13.11759537,FOVNotMatch,2006/5/26 5:31:49,SAT_13912,1.99528464,14.76857295,SAT_21594,5.724625057,19.6206233,SAT_23867,3.121439843,37.85850012
frame-u-006174-5-0203,1,Success,TRUE,SAT_13912,3.459237458,212.8309511,-13.57416295,213.0163052,-13.42958738,,2006/5/26 5:32:25,SAT_13912,1.99528464,3.459237458,SAT_21594,5.724625057,8.311287812,SAT_23867,3.121439843,26.54916463
frame-u-006174-6-0201,1,No match,FALSE,N/A,inf,213.049929,-13.03588912,213.1379628,-12.933483,FOVNotMatch,2006/5/26 5:31:14,SAT_13912,1.396729885,15.16872002,SAT_23867,2.756972745,37.63231918,SAT_26721,0.593944747,38.90033409
frame-u-006174-3-0152,1,No match,FALSE,N/A,inf,209.0035915,-6.907228803,209.0426196,-6.851642787,FOVNotMatch,2006/5/26 5:01:58,SAT_11896,1.802199628,14.04412192,SAT_18357,4.66642949,14.82812425,SAT_07044,4.768814138,14.87524668
frame-u-006182-1-0102,1,No match,FALSE,N/A,inf,318.7808463,51.73760891,318.8115543,51.90651114,FOVNotMatch,2006/5/30 8:23:52,SAT_02481,5.688482094,14.53842622,SAT_25803,5.750928998,27.01708387,SAT_03392,1.126051464,70.76229703
frame-u-006182-6-0234,1,Success,TRUE,SAT_17134,1.461529286,338.4204437,37.5720464,338.5062126,37.65073813,,2006/5/30 9:42:41,SAT_17134,5.398465321,1.461529286,SAT_20262,3.261981704,18.0276106,SAT_21847,5.677966234,18.77671977
frame-u-006207-2-0075,1,No match,FALSE,N/A,inf,281.7512618,18.55621475,281.5563269,18.53461146,FOVNotMatch,2006/6/17 5:03:59,SAT_28118,4.565121314,28.69481864,SAT_22321,13.68887246,N/A,SAT_26390,13.25457179,N/A
frame-u-006207-3-0115,1,No match,FALSE,N/A,inf,286.4184346,22.56907744,286.3810267,22.46149332,FOVNotMatch,2006/6/17 5:27:52,SAT_12138,5.704904844,6.58561101,SAT_22429,3.022185323,8.708974956,SAT_22781,0.069403922,67.90457022
frame-u-006354-6-0093,1,No match,FALSE,N/A,inf,341.3688274,34.40693216,341.384725,34.46554745,FOVNotMatch,2006/9/16 4:47:47,SAT_15827,5.872767288,12.87131937,SAT_23398,3.268539053,17.55232363,SAT_13607,5.804312598,18.95858178
frame-u-006354-5-0029,1,No match,FALSE,N/A,inf,334.0555235,42.24852386,334.0890348,42.33001826,FOVNotMatch,2006/9/16 4:09:34,SAT_13875,17.35814119,N/A,SAT_25590,9.845704682,N/A,SAT_19807,14.37652072,N/A
frame-u-006354-6-0235,1,No match,FALSE,N/A,inf,352.471853,15.64788654,352.43194,15.776966,FOVNotMatch,2006/9/16 6:12:34,SAT_19181,2.003360238,17.5097464,SAT_29172,5.827212745,64.05606229,SAT_15644,5.363346124,73.52256894
frame-u-006354-3-0199,1,Success,TRUE,SAT_24730,3.343433461,348.7007313,19.92966316,348.685549,20.04852076,,2006/9/16 5:51:04,SAT_24730,4.191422596,3.343433461,SAT_11086,3.356033939,7.164805479,SAT_00608,4.30290354,10.03337991
frame-u-006177-3-0352,1,Success,TRUE,SAT_10206,3.878652315,331.2653656,9.917534,331.3434306,9.937266969,,2006/5/27 10:02:37,SAT_10206,4.352644716,3.878652315,SAT_23018,1.201906914,32.10735393,SAT_27878,2.454657867,38.87992596
frame-u-006177-2-0353,1,Success,TRUE,SAT_10206,4.040157685,331.1307603,9.619402759,331.260012,9.652486288,,2006/5/27 10:03:12,SAT_10206,4.352644716,4.040157685,SAT_23018,1.201906914,32.26885929,SAT_27878,2.454657867,39.04143133
frame-u-006366-1-0075,1,Success,TRUE,SAT_20411,1.041576973,344.0032029,25.61256633,344.1641695,25.60518412,,2006/9/18 2:49:48,SAT_20411,3.751666232,1.041576973,SAT_21827,0.166235408,5.373269005,SAT_21011,0.045787263,63.74896151
frame-u-006366-5-0133,1,No match,FALSE,N/A,inf,349.9267481,18.64270788,350.0024591,18.77553752,FOVNotMatch,2006/9/18 3:24:26,SAT_03131,0.750484521,23.43424267,SAT_09598,0.123772625,26.03780346,SAT_15644,0.053745362,69.13821534
frame-u-006366-5-0134,1,No match,FALSE,N/A,inf,350.1330466,18.48778258,350.1852997,18.57806885,FOVNotMatch,2006/9/18 3:25:02,SAT_03131,0.750484521,23.82626288,SAT_09598,0.123772625,26.42982366,SAT_15644,0.053745362,68.74619514
frame-u-006354-1-0314,1,No match,FALSE,N/A,inf,355.5761553,4.107973338,355.6237451,4.188619364,FOVNotMatch,2006/9/16 6:59:44,SAT_29056,3.260106966,32.62177993,SAT_05587,5.891005775,44.4505099,SAT_04902,5.649630862,44.6661627
frame-u-006371-2-0066,1,No match,FALSE,N/A,inf,353.6651735,8.892318624,353.7426076,8.832534425,FOVNotMatch,2006/9/19 5:40:58,SAT_28944,0.996696957,77.75866044,SAT_23245,17.21282416,N/A,SAT_08585,13.99703281,N/A
frame-u-006361-1-0146,1,No match,FALSE,N/A,inf,7.753819768,-21.00715523,7.941404784,-20.85633791,FOVNotMatch,2006/9/17 7:52:52,SAT_14466,1.829781949,26.71342765,SAT_21588,2.988111114,29.13409873,SAT_27660,5.634539794,30.93311867
frame-u-006361-4-0080,1,No match,FALSE,N/A,inf,4.50331688,-11.64272873,4.56779889,-11.56807761,FOVNotMatch,2006/9/17 7:13:27,SAT_10953,4.368473126,33.94866511,SAT_14134,2.157210772,38.97304905,SAT_15158,1.517645552,39.51343265
frame-u-006372-5-0037,1,No match,FALSE,N/A,inf,357.7389811,3.491337498,357.9448043,3.579899665,FOVNotMatch,2006/9/19 7:07:33,SAT_05589,5.294526483,6.658458405,SAT_05587,5.152538135,8.609338225,SAT_04353,5.786531713,10.26985029
frame-u-006372-5-0128,1,No match,FALSE,N/A,inf,3.729072478,-8.733008476,3.887618987,-8.799953931,FOVNotMatch,2006/9/19 8:01:53,SAT_28805,4.132051328,15.11240734,SAT_21170,3.13957899,16.86769147,SAT_23240,5.656681888,19.82645783
frame-u-001302-3-0110,1,No match,FALSE,N/A,inf,121.9015624,44.08013954,121.9144398,44.13600907,FOVNotMatch,2000/3/30 6:15:03,SAT_07276,2.982069536,25.8875743,SAT_21284,0.697480874,56.45287699,SAT_12087,14.49653532,N/A
frame-u-001302-6-0178,1,No match,FALSE,N/A,inf,130.2740927,52.62703902,130.1950751,52.59109191,FOVNotMatch,2000/3/30 6:55:39,SAT_07276,5.497778143,8.591056113,SAT_10721,5.018335411,64.3480161,SAT_04944,1.497156544,80.54463961
frame-u-001302-6-0179,1,No match,FALSE,N/A,inf,130.5455372,52.82006619,130.3298998,52.71984028,FOVNotMatch,2000/3/30 6:56:15,SAT_07276,5.497778143,7.897632962,SAT_10721,5.018335411,65.04143926,SAT_07074,1.467287042,80.27023158
frame-u-001302-6-0180,1,No match,FALSE,N/A,inf,130.6797648,52.94804484,130.6433523,52.93138316,FOVNotMatch,2000/3/30 6:56:51,SAT_07276,5.497778143,8.22146437,SAT_10721,5.018335411,64.71760785,SAT_07074,1.467287042,80.59406299
frame-u-001302-5-0185,1,No match,FALSE,N/A,inf,131.8900975,53.06934932,131.732737,53.27103941,FOVNotMatch,2000/3/30 6:59:50,SAT_20413,4.759168897,9.26500177,SAT_24602,4.96919265,9.75599485,SAT_22971,1.887590794,12.12644648
frame-u-001302-5-0186,1,No match,FALSE,N/A,inf,132.2475741,53.26952961,132.2093617,53.31968232,FOVNotMatch,2000/3/30 7:00:26,SAT_20413,4.759168897,9.845413584,SAT_24602,4.96919265,10.33640666,SAT_22971,1.887590794,12.70685829
frame-u-001302-6-0317,1,Success,TRUE,SAT_17328,1.796772118,163.9933172,64.74672908,163.6123531,64.72095904,,2000/3/30 8:18:39,SAT_17328,5.437651955,1.796772118,SAT_07276,2.267544766,10.53027573,SAT_18949,0.085553237,20.02422837
frame-u-001302-6-0318,1,Success,TRUE,SAT_17328,3.115374585,164.304801,64.81986405,164.2497413,64.816702,,2000/3/30 8:19:14,SAT_17328,5.437651955,3.115374585,SAT_07276,2.267544766,11.84887819,SAT_18949,0.085553237,21.34283084
frame-u-001302-4-0323,1,No match,FALSE,N/A,inf,166.506819,64.07607269,166.5971635,64.18958038,FOVNotMatch,2000/3/30 8:22:13,SAT_17134,4.846248372,17.0618713,SAT_22662,0.603921502,38.32071753,SAT_22309,1.128687226,40.43715389
frame-u-001331-4-0134,1,No match,FALSE,N/A,inf,123.5035424,45.70006315,123.4287186,45.69265341,FOVNotMatch,2000/4/4 5:17:36,SAT_20830,4.155164168,48.59452656,SAT_05211,3.520432226,60.59813369,SAT_26004,4.96052361,65.62318223
frame-u-001241-1-0183,1,No match,FALSE,N/A,inf,165.7973582,-3.613189628,165.6963396,-3.52757754,FOVNotMatch,2000/3/4 8:37:47,SAT_08366,5.316416703,25.32077606,SAT_13023,4.68019632,26.97430809,SAT_15994,3.688102912,39.52589986
frame-u-001241-1-0184,1,No match,FALSE,N/A,inf,166.0097007,-3.543398023,165.9683618,-3.5081086,FOVNotMatch,2000/3/4 8:38:23,SAT_08366,5.316416703,25.52466855,SAT_13023,4.68019632,26.7704156,SAT_15994,3.688102912,39.72979234
frame-u-001302-5-0403,1,Success,TRUE,SAT_23734,0.297649821,194.6267374,65.41603889,194.8041636,65.52403335,,2000/3/30 9:09:59,SAT_23734,5.509806853,0.297649821,SAT_15983,3.60018605,3.287057317,SAT_23209,3.667312542,11.34746046
frame-u-001241-5-0171,1,No match,FALSE,N/A,inf,163.9251539,-1.789729541,163.9822084,-1.761295602,FOVNotMatch,2000/3/4 8:30:37,SAT_23249,4.865415309,15.59254507,SAT_25135,4.364115639,23.35580734,SAT_16274,3.942831125,26.22475411
frame-u-001332-1-0030,1,No match,FALSE,N/A,inf,152.5977927,59.74338205,152.609857,59.88886968,FOVNotMatch,2000/4/4 7:18:16,SAT_22312,4.831576722,35.98654126,SAT_13799,4.570199824,38.44022924,SAT_22309,4.250889603,49.33654343
frame-u-001336-3-0092,1,No match,FALSE,N/A,inf,261.2704532,53.28136693,261.3321956,53.27493956,FOVNotMatch,2000/4/4 10:03:09,SAT_09711,1.745894892,17.80295075,SAT_07276,4.141321606,46.41832263,SAT_10620,1.630822087,61.95348838
frame-u-001329-3-0039,1,Success,TRUE,SAT_25927,0.066476802,123.9064789,-0.00173544,123.8029939,0.018194451,,2000/4/4 3:34:03,SAT_25927,1.082107833,0.066476802,SAT_21818,5.734208283,2.851901163,SAT_25318,5.30857666,9.903892617
frame-u-001329-1-0053,1,Success,TRUE,SAT_17255,1.385936683,125.8990544,-0.856595865,125.8397963,-0.868940579,,2000/4/4 3:42:25,SAT_17255,1.298446894,1.385936683,SAT_20169,4.866148713,7.695518237,SAT_15994,4.03972168,9.429500812
frame-u-001329-1-0054,1,Success,TRUE,SAT_17255,1.356082785,126.1522287,-0.865966574,125.9892269,-0.899834531,,2000/4/4 3:43:01,SAT_17255,1.298446894,1.356082785,SAT_20169,4.866148713,7.66566434,SAT_15994,4.03972168,9.399646914
frame-u-001345-3-0051,1,Success,TRUE,SAT_09985,2.248886676,117.032891,38.40529716,116.8286695,38.56946832,,2000/4/5 3:13:23,SAT_09985,2.391469673,2.248886676,SAT_25818,4.034439083,7.165953059,SAT_21733,0.076662051,23.55513814
frame-u-001339-5-0036,1,Success,TRUE,SAT_24960,1.951586236,257.3971361,61.46697377,257.5125229,61.44143178,,2000/4/4 10:42:50,SAT_24960,5.653406543,1.951586236,SAT_12156,3.401303976,7.099872779,SAT_11896,4.561830292,13.60423911
frame-u-001339-6-0054,1,No match,FALSE,N/A,inf,259.7799716,59.01873336,259.9580713,58.89941496,FOVNotMatch,2000/4/4 10:53:34,SAT_12156,5.834017217,18.52249589,SAT_11882,2.219438717,33.84131076,SAT_14796,1.184639518,69.87470989
frame-u-001339-1-0066,1,No match,FALSE,N/A,inf,257.261296,56.54895625,257.5084887,56.55758427,FOVNotMatch,2000/4/4 11:00:44,SAT_15265,3.967624159,15.50151644,SAT_25854,0.138193882,21.99042323,SAT_11783,3.956316351,34.99410257
frame-u-001334-5-0031,1,No match,FALSE,N/A,inf,201.3221114,0.632748533,201.3623389,0.705054722,FOVNotMatch,2000/4/4 8:12:37,SAT_07780,0.140262224,7.119580231,SAT_13585,3.71778784,11.92769935,SAT_10492,1.990235168,28.39543214
frame-u-001345-6-0197,1,No match,FALSE,N/A,inf,136.0549096,56.28990332,135.9978766,56.26759234,FOVNotMatch,2000/4/5 4:40:34,SAT_20646,3.044839395,11.19110043,SAT_17328,0.080344123,15.48543239,SAT_19445,2.993010103,29.39504599
frame-u-001345-6-0198,1,No match,FALSE,N/A,inf,136.410429,56.47831471,136.1693754,56.3838318,FOVNotMatch,2000/4/5 4:41:10,SAT_20646,3.044839395,11.03055526,SAT_17328,0.080344123,15.32488722,SAT_19445,2.993010103,29.23450082
frame-u-001334-3-0056,1,Success,TRUE,SAT_23301,1.16909568,205.0343782,-0.066448388,204.9602011,-0.07734735,,2000/4/4 8:27:32,SAT_23301,5.900556145,1.16909568,SAT_23244,4.025740306,3.766767789,SAT_23313,4.884114586,8.310088856
frame-u-001345-6-0363,1,Success,TRUE,SAT_07376,3.959032112,185.5375162,66.09228284,185.2468671,66.11330925,,2000/4/5 6:19:41,SAT_07376,4.697425045,3.959032112,SAT_14264,5.024849067,34.92707788,SAT_21905,7.947358874,N/A
frame-u-001345-3-0305,1,No match,FALSE,N/A,inf,165.2847059,63.62268132,165.3451711,63.6092185,FOVNotMatch,2000/4/5 5:45:03,SAT_19168,3.36734595,10.42949031,SAT_21007,3.227608275,15.45178514,SAT_04259,5.67326361,23.9807652
frame-u-001345-3-0306,1,No match,FALSE,N/A,inf,165.9630507,63.70437385,165.8649834,63.72735627,FOVNotMatch,2000/4/5 5:45:39,SAT_19168,3.36734595,9.153112539,SAT_21007,3.227608275,14.17540736,SAT_04259,5.67326361,22.70438742
frame-u-001345-2-0446,1,No match,FALSE,N/A,inf,212.1789165,61.63112191,212.4261336,61.61383187,FOVNotMatch,2000/4/5 7:09:14,SAT_12156,3.465480958,27.09392808,SAT_15223,2.365447292,28.02870672,SAT_25379,4.07321811,31.11169866
frame-u-001345-1-0548,1,No match,FALSE,N/A,inf,235.0504013,52.5373857,235.2936326,52.64204993,FOVNotMatch,2000/4/5 8:10:08,SAT_12159,4.427766857,10.47299701,SAT_25614,4.931779619,23.9093417,SAT_16849,2.894783702,24.14972796
frame-u-001345-3-0488,1,No match,FALSE,N/A,inf,223.5688461,58.91709681,223.8823524,58.94911088,FOVNotMatch,2000/4/5 7:34:19,SAT_23291,1.370004445,18.97579283,SAT_08425,3.275451497,28.11364424,SAT_14736,2.605547015,38.89788722
frame-u-001345-6-0618,1,Success,TRUE,SAT_21163,2.40253908,248.0135964,45.98233082,248.2560425,46.13038617,,2000/4/5 8:51:56,SAT_21163,1.103522338,2.40253908,SAT_22197,0.069621406,10.81858783,SAT_22071,1.161758029,20.11626006
frame-u-001345-5-0618,1,Success,TRUE,SAT_21163,2.05132686,247.5628563,45.70258354,247.8031491,45.85189665,,2000/4/5 8:51:56,SAT_21163,1.103522338,2.05132686,SAT_22197,0.069621406,11.16980005,SAT_22071,1.161758029,19.76504784
frame-u-001345-5-0734,1,No match,FALSE,N/A,inf,259.7269848,31.15571162,259.6792715,31.18797474,FOVNotMatch,2000/4/5 10:01:12,SAT_13910,1.707725283,25.74651414,SAT_05527,2.388854747,34.43040341,SAT_19906,2.469792037,42.44369456
frame-u-001345-5-0735,1,No match,FALSE,N/A,inf,259.8601499,30.91899469,259.7005985,31.0273541,FOVNotMatch,2000/4/5 10:01:47,SAT_13910,1.707725283,25.68289475,SAT_05527,2.388854747,34.36678402,SAT_19906,2.469792037,42.38007517
frame-u-001345-1-0763,1,No match,FALSE,N/A,inf,260.326388,26.41223224,260.3799524,26.38416673,FOVNotMatch,2000/4/5 10:18:30,SAT_09822,0.048934015,81.31205186,SAT_18591,0.111440541,82.13606685,SAT_08163,6.30814551,N/A
frame-u-001345-6-0837,1,Success,TRUE,SAT_15331,3.121363525,267.9607688,17.63349456,267.8704867,17.67496695,,2000/4/5 11:02:41,SAT_15331,0.362860878,3.121363525,SAT_15837,4.102328499,20.47475963,SAT_10832,1.461153671,47.37708769
frame-u-001345-5-0808,1,No match,FALSE,N/A,inf,265.4382149,21.20203176,265.2744811,21.30763854,FOVNotMatch,2000/4/5 10:45:23,SAT_15206,5.560045769,19.47122123,SAT_15837,2.668300029,33.53302814,SAT_02876,4.452683314,56.91545769
frame-u-001345-5-0813,1,No match,FALSE,N/A,inf,265.9190327,20.60317816,265.6688899,20.57132567,FOVNotMatch,2000/4/5 10:48:22,SAT_15837,2.668300029,8.898868235,SAT_15206,5.560045769,22.96067515,SAT_24477,0.645088918,58.40523609
frame-u-001350-5-0016,1,No match,FALSE,N/A,inf,110.541347,34.04553706,110.538883,34.21228146,FOVNotMatch,2000/4/6 2:57:36,SAT_18701,3.582971951,19.60906782,SAT_22999,2.745258516,23.69944356,SAT_13909,5.879788216,26.8283905
frame-u-001350-2-0106,1,Success,TRUE,SAT_13904,1.897715225,120.9680433,45.05994148,120.7813064,45.25896446,,2000/4/6 3:51:21,SAT_13904,4.869741715,1.897715225,SAT_25214,2.156070325,8.04321572,SAT_20599,1.786977155,8.358894522
frame-u-001350-4-0115,1,No match,FALSE,N/A,inf,120.9820859,46.78667976,120.7841183,46.78145447,FOVNotMatch,2000/4/6 3:56:43,SAT_02201,1.65453307,27.63173355,SAT_05810,3.704949301,39.05171407,SAT_19105,4.521592914,45.72313316
frame-u-001350-6-0199,1,No match,FALSE,N/A,inf,132.662498,57.07329206,132.4780128,57.26832496,FOVNotMatch,2000/4/6 4:46:52,SAT_00561,4.463491462,7.817704048,SAT_04168,2.796991932,22.41021477,SAT_17264,5.551463614,29.62155275
frame-u-001350-5-0355,1,No match,FALSE,N/A,inf,179.4176688,67.89210718,179.5082342,67.91184184,FOVNotMatch,2000/4/6 6:20:01,SAT_07376,1.864524278,37.07630865,SAT_15223,3.793898769,41.44815413,SAT_19716,1.107763396,49.39605449
frame-u-001350-5-0389,1,No match,FALSE,N/A,inf,193.0355151,67.79993937,192.6470521,67.92194161,FOVNotMatch,2000/4/6 6:40:19,SAT_13720,3.496162902,6.882607309,SAT_19716,2.277132299,12.59621204,SAT_15223,1.205601217,22.34628776
frame-u-001356-5-0016,1,No match,FALSE,N/A,inf,259.3732568,66.76405041,259.1970707,66.82402442,FOVNotMatch,2000/4/6 9:00:49,SAT_13909,5.679723951,6.214877709,SAT_17159,2.010959922,11.73183058,SAT_16125,5.095304343,20.41977089
frame-u-001356-5-0017,1,No match,FALSE,N/A,inf,259.4507274,66.52886335,259.1623381,66.62669961,FOVNotMatch,2000/4/6 9:01:24,SAT_13909,5.679723951,6.558797325,SAT_17159,2.010959922,11.38791097,SAT_16125,5.095304343,20.07585128
frame-u-001356-2-0028,1,Success,TRUE,SAT_00741,0.271884591,257.7777984,64.71083291,257.679253,64.73020423,,2000/4/6 9:07:58,SAT_00741,5.952221147,0.271884591,SAT_16125,3.006351775,2.584235208,SAT_25379,2.658085552,11.95738051
frame-u-001356-2-0029,1,Success,TRUE,SAT_00741,1.208069321,257.9428205,64.43910366,257.7972524,64.46925225,,2000/4/6 9:08:34,SAT_00741,5.952221147,1.208069321,SAT_16125,3.006351775,3.520419939,SAT_25379,2.658085552,12.89356524
frame-u-001359-4-0059,1,No match,FALSE,N/A,inf,262.0200348,60.39029314,262.0705749,60.3611631,FOVNotMatch,2000/4/6 11:02:33,SAT_12156,5.093548624,10.83692758,SAT_14520,4.574151307,21.25642448,SAT_11896,5.685352303,30.6360245
frame-u-001363-1-0114,1,No match,FALSE,N/A,inf,123.1858125,47.1785852,123.3347249,47.06196387,FOVNotMatch,2000/4/7 4:18:36,SAT_25159,4.885500499,8.151639342,SAT_00446,0.105044461,24.51960097,SAT_00158,3.18944182,67.98072858
frame-u-001365-4-0023,1,No match,FALSE,N/A,inf,150.4307438,63.54221776,150.5387078,63.77069689,FOVNotMatch,2000/4/7 5:53:55,SAT_19445,3.733545525,25.3725478,SAT_22309,5.526480995,28.21710892,SAT_17328,0.738936101,40.9211728
frame-u-001352-3-0030,1,Success,TRUE,SAT_17046,1.024683772,201.6138106,-0.299075747,201.4737809,-0.278075496,,2000/4/6 8:11:33,SAT_17046,1.750309582,1.024683772,SAT_21594,4.947671762,1.476019126,SAT_15994,1.572735405,5.371603343
frame-u-001365-5-0055,1,Success,TRUE,SAT_06262,2.872209649,160.0348152,66.20552186,160.2335332,66.27284497,,2000/4/7 6:13:01,SAT_06262,1.011826347,2.872209649,SAT_17328,3.52964915,6.645190052,SAT_19445,4.597816764,7.119233866
frame-u-001402-1-0047,1,No match,FALSE,N/A,inf,115.7178733,38.62703955,115.6322871,38.71846203,FOVNotMatch,2000/4/25 3:56:31,SAT_12707,2.464724808,6.519502683,SAT_19824,1.138444892,9.766993378,SAT_09966,5.12901758,17.16237096
frame-u-001402-1-0048,1,No match,FALSE,N/A,inf,116.010908,38.77936026,115.8870771,38.91177465,FOVNotMatch,2000/4/25 3:57:07,SAT_12707,2.464724808,6.424747846,SAT_19824,1.138444892,9.672238541,SAT_09966,5.12901758,17.25712579
frame-u-001365-6-0093,1,No match,FALSE,N/A,inf,173.8777998,68.16315965,173.6405587,68.36590203,FOVNotMatch,2000/4/7 6:35:42,SAT_24803,2.570977927,25.27202642,SAT_25876,0.251969541,28.40915071,SAT_20944,0.033968602,34.59443078
frame-u-001365-5-0093,1,No match,FALSE,N/A,inf,174.3274405,67.76705247,174.0899085,67.97944806,FOVNotMatch,2000/4/7 6:35:42,SAT_24803,2.570977927,25.85842444,SAT_25876,0.251969541,28.99554873,SAT_20944,0.033968602,35.1808288
frame-u-001365-3-0108,1,No match,FALSE,N/A,inf,180.2095928,67.2722505,180.4411269,67.29876445,FOVNotMatch,2000/4/7 6:44:40,SAT_15223,0.019371481,24.29632263,SAT_07376,1.384507656,32.38203506,SAT_20944,1.480840499,52.24758468
frame-u-001402-5-0191,1,No match,FALSE,N/A,inf,133.1786894,57.06619284,133.2124074,57.14663805,FOVNotMatch,2000/4/25 5:22:30,SAT_13591,4.411783832,32.25965361,SAT_16393,3.508192962,36.79752418,SAT_07654,2.085716726,72.51557841
frame-u-001411-6-0057,1,No match,FALSE,N/A,inf,129.0898369,55.23077185,129.1023078,55.33261415,FOVNotMatch,2000/4/27 3:41:57,SAT_19445,1.264337459,21.24095976,SAT_22309,5.386873639,30.47090079,SAT_13591,2.142957802,32.97710781
frame-u-001412-6-0039,1,No match,FALSE,N/A,inf,140.864369,61.35641929,140.6834642,61.57696343,FOVNotMatch,2000/4/27 4:35:36,SAT_21630,3.437411977,40.28636073,SAT_19445,4.827721581,52.94034681,SAT_10949,5.650720738,56.88999634
frame-u-001412-3-0098,1,No match,FALSE,N/A,inf,159.0925862,65.02762112,159.053876,65.2634603,FOVNotMatch,2000/4/27 5:10:50,SAT_22312,4.101162332,47.64125115,SAT_22309,4.799562931,50.94547327,SAT_18946,4.828848544,51.81334729
frame-u-001412-3-0099,1,No match,FALSE,N/A,inf,159.3392933,65.07238248,159.1599811,65.28342583,FOVNotMatch,2000/4/27 5:11:26,SAT_20770,3.387290891,37.75118279,SAT_23751,3.90880477,38.89484632,SAT_23397,1.364496429,42.33397401
frame-u-001412-6-0099,1,No match,FALSE,N/A,inf,158.2793566,66.25608347,158.0832093,66.46577632,FOVNotMatch,2000/4/27 5:11:26,SAT_20770,3.387290891,36.82199079,SAT_23751,3.90880477,37.96565432,SAT_23397,1.364496429,41.40478202
frame-u-001412-6-0147,1,Success,TRUE,SAT_17328,0.752950057,176.1192316,68.31712231,176.2910116,68.34061637,,2000/4/27 5:40:05,SAT_17328,5.468897972,0.752950057,SAT_20646,3.961858291,6.867229242,SAT_18946,5.64012829,16.3823095
frame-u-001412-5-0126,1,No match,FALSE,N/A,inf,168.1621202,67.36769226,168.0078357,67.45067264,FOVNotMatch,2000/4/27 5:27:33,SAT_19753,5.345143966,10.51467931,SAT_08800,1.291088644,11.54958331,SAT_26197,5.706831581,12.39688709
frame-u-001412-6-0127,1,No match,FALSE,N/A,inf,168.4468828,67.69973887,168.0819522,67.89439331,FOVNotMatch,2000/4/27 5:28:09,SAT_19753,5.345143966,10.73498215,SAT_08800,1.291088644,11.76988614,SAT_26197,5.706831581,12.61718992
frame-u-001412-2-0199,1,Success,TRUE,SAT_10756,3.103776359,196.3881151,66.6102162,196.4504076,66.66263519,,2000/4/27 6:11:08,SAT_10756,0.52891378,3.103776359,SAT_00635,5.833258862,20.20319868,SAT_24963,4.692626095,28.70132342
frame-u-001412-2-0201,1,Success,TRUE,SAT_24963,1.747332383,197.2047362,66.57708875,197.2850191,66.59886449,,2000/4/27 6:12:20,SAT_24963,4.692626095,1.747332383,SAT_17333,1.587279215,9.408338157,SAT_10756,0.52891378,33.55243216
frame-u-001412-1-0236,1,No match,FALSE,N/A,inf,208.7700924,64.50282787,208.7294685,64.56287173,FOVNotMatch,2000/4/27 6:33:14,SAT_16996,2.053835768,35.96250198,SAT_07376,4.988556465,41.51480136,SAT_00898,0.802969705,42.20188725
frame-u-001412-1-0237,1,No match,FALSE,N/A,inf,209.3869832,64.42978281,209.2599616,64.61921647,FOVNotMatch,2000/4/27 6:33:50,SAT_16996,2.053835768,36.0950413,SAT_07376,4.988556465,41.64734068,SAT_00898,0.802969705,42.33442657
frame-u-001412-2-0240,1,Success,TRUE,SAT_17333,0.100319494,210.594628,64.83229612,210.7232498,64.8509268,,2000/4/27 6:35:37,SAT_17333,3.594049874,0.100319494,SAT_11896,4.329041422,7.59104876,SAT_24963,0.085875298,10.41968124
frame-u-001412-4-0267,1,No match,FALSE,N/A,inf,219.7907196,63.63523348,219.7198474,63.74053838,FOVNotMatch,2000/4/27 6:51:44,SAT_21913,1.2184074,16.00584693,SAT_16996,3.070703761,25.75982757,SAT_20882,2.052237287,34.78731249
frame-u-001450-2-0059,1,No match,FALSE,N/A,inf,127.8860912,51.63257307,127.7743056,51.78309012,FOVNotMatch,2000/5/3 5:44:40,SAT_21623,5.198788544,8.67470346,SAT_25834,0.336286128,15.08784136,SAT_20255,3.983991288,15.1072793
frame-u-001453-5-0079,1,No match,FALSE,N/A,inf,252.6849307,43.95167236,252.8545171,43.94291292,FOVNotMatch,2000/5/3 9:34:24,SAT_11074,0.71350689,23.94918365,SAT_00706,7.957027137,N/A,SAT_13070,12.96270589,N/A
frame-u-001452-5-0087,1,No match,FALSE,N/A,inf,209.803977,0.55442834,209.6646916,0.74877228,FOVNotMatch,2000/5/3 8:10:07,SAT_25931,1.260065671,29.89541829,SAT_15236,4.683284956,40.76246012,SAT_14307,5.613984646,41.29974741
frame-u-001458-1-0149,1,No match,FALSE,N/A,inf,147.0696285,0.948938277,147.1199322,1.12638699,FOVNotMatch,2000/5/4 4:20:19,SAT_08343,5.15594464,12.21140536,SAT_10141,0.093433353,39.38575217,SAT_18232,5.142248001,44.40148114
frame-u-001458-1-0150,1,No match,FALSE,N/A,inf,147.3633915,0.937003716,147.3809294,0.999910983,FOVNotMatch,2000/5/4 4:20:55,SAT_08343,5.15594464,11.96259427,SAT_10141,0.093433353,39.13694109,SAT_18232,5.142248001,44.15267005
frame-u-001458-6-0355,1,No match,FALSE,N/A,inf,178.0580377,3.689832923,178.0128746,3.739348004,FOVNotMatch,2000/5/4 6:23:19,SAT_11541,5.250974344,15.63405698,SAT_05775,2.939898206,33.73278999,SAT_14307,1.353112284,36.80070746
frame-u-001458-1-0332,1,No match,FALSE,N/A,inf,174.6246436,1.622143245,174.5871189,1.640052226,FOVNotMatch,2000/5/4 6:09:35,SAT_05775,0.750730553,11.88951378,SAT_14307,0.968089519,15.04127423,SAT_15236,3.086652868,15.50636357
frame-u-001458-6-0313,1,No match,FALSE,N/A,inf,171.7584238,3.599450415,171.5958798,3.665321484,FOVNotMatch,2000/5/4 5:58:14,SAT_05775,1.336129786,8.820522267,SAT_14497,4.726899324,10.89573234,SAT_14307,0.288068742,12.04265377
frame-u-001458-4-0595,1,No match,FALSE,N/A,inf,214.0221473,2.4288254,213.8871951,2.629399328,FOVNotMatch,2000/5/4 8:46:37,SAT_13481,2.506588034,8.033059159,SAT_09595,0.423131482,8.60655274,SAT_05060,0.477031495,33.53564567
frame-u-001458-6-0599,1,No match,FALSE,N/A,inf,214.5076357,3.231580932,214.6101863,3.40403864,FOVNotMatch,2000/5/4 8:49:00,SAT_14796,1.620325636,12.11553173,SAT_05060,0.477031495,31.06762972,SAT_20947,4.69518231,52.99301709
frame-u-001458-3-0612,1,Success,TRUE,SAT_19874,1.47070572,216.5689406,2.081997397,216.4544832,2.088334774,,2000/5/4 8:56:46,SAT_19874,5.443619336,1.47070572,SAT_21762,5.447427782,1.768706653,SAT_21223,5.642725055,1.851617511
frame-u-001458-5-0716,1,No match,FALSE,N/A,inf,232.1376038,2.338291761,232.0834278,2.563381156,FOVNotMatch,2000/5/4 9:58:51,SAT_10990,5.37537474,20.27038176,SAT_04435,1.032380365,25.28000467,SAT_22465,5.570003228,39.49179844
frame-u-001458-2-0741,1,No match,FALSE,N/A,inf,235.8173789,0.957143506,235.7592758,1.183464207,FOVNotMatch,2000/5/4 10:13:47,SAT_23293,1.134819362,23.42119207,SAT_24833,0.070998857,33.80982272,SAT_25806,3.130872207,37.64284784
frame-u-001462-3-0180,1,No match,FALSE,N/A,inf,152.2708201,1.762611994,152.3913003,1.818095065,FOVNotMatch,2000/5/5 5:02:58,SAT_23697,1.988170556,5.793927542,SAT_23429,5.996527038,23.75659374,SAT_19874,5.391183132,24.03555658
frame-u-001462-4-0225,1,Success,TRUE,SAT_13970,0.129113144,159.1524393,2.3255065,159.0014078,2.345410389,,2000/5/5 5:29:50,SAT_13970,5.730267453,0.129113144,SAT_14307,3.347601384,0.302753895,SAT_15995,2.332901879,0.91623386
frame-u-001462-4-0226,1,Success,TRUE,SAT_14307,0.136383,159.3134768,2.34952569,159.2296215,2.360824129,,2000/5/5 5:30:26,SAT_14307,3.347601384,0.136383,SAT_13970,5.730267453,0.29548404,SAT_15995,2.332901879,1.082604755
frame-u-001462-1-0285,1,Success,TRUE,SAT_07545,3.493799378,168.1625616,1.185204864,168.0070001,1.275339349,,2000/5/5 6:05:40,SAT_07545,3.634141899,3.493799378,SAT_05775,5.389755911,16.66467396,SAT_13878,3.555756252,18.56793111
frame-u-001462-1-0286,1,Success,TRUE,SAT_07545,3.822265507,168.3179812,1.272042754,168.236868,1.319662806,,2000/5/5 6:06:15,SAT_07545,3.634141899,3.822265507,SAT_05775,5.389755911,16.99314008,SAT_13878,3.555756252,18.89639723
frame-u-001462-4-0408,1,No match,FALSE,N/A,inf,186.4760165,2.505870612,186.5868539,2.538972652,FOVNotMatch,2000/5/5 7:19:06,SAT_19874,5.959373268,17.38348292,SAT_25135,5.81077416,18.45631898,SAT_15561,3.951743981,18.82788775
frame-u-001462-6-0414,1,No match,FALSE,N/A,inf,187.4869916,3.4720871,187.3255371,3.454945541,FOVNotMatch,2000/5/5 7:22:41,SAT_19874,5.959373268,6.81114673,SAT_25135,5.81077416,7.88398279,SAT_15561,3.951743981,8.25555156
frame-u-001462-6-0414,2,No match,FALSE,N/A,inf,187.4875892,3.465974924,187.3250333,3.448346801,FOVNotMatch,2000/5/5 7:22:41,SAT_19874,5.959373268,6.940135365,SAT_25135,5.81077416,8.012971425,SAT_15561,3.951743981,8.384540196
frame-u-001462-1-0315,1,Success,TRUE,SAT_19906,2.583447124,172.5955968,1.18988395,172.4982932,1.367845051,,2000/5/5 6:23:34,SAT_19906,5.58193915,2.583447124,SAT_04991,1.012908817,23.94069673,SAT_18599,1.480711363,32.146655
frame-u-001462-2-0454,1,No match,FALSE,N/A,inf,193.4768535,1.812969009,193.4464031,1.865399423,FOVNotMatch,2000/5/5 7:46:34,SAT_16142,1.977917144,12.66914548,SAT_13878,3.771500178,45.47367644,SAT_14307,3.988645996,47.76020492
frame-u-001462-1-0513,1,Success,TRUE,SAT_10571,2.631000423,202.2549687,1.139315547,202.1562482,1.258685142,,2000/5/5 8:21:48,SAT_10571,1.785770414,2.631000423,SAT_01570,4.073976864,6.922427923,SAT_21007,3.122371249,18.33498946
frame-u-001478-3-0048,1,No match,FALSE,N/A,inf,215.1459743,4.033853571,215.3088321,4.102747067,FOVNotMatch,2000/5/10 8:56:47,SAT_10346,0.607126379,30.58357053,SAT_12768,3.771244874,85.78703557,SAT_25601,11.72740159,N/A
frame-u-001478-4-0050,1,No match,FALSE,N/A,inf,215.4607613,4.409833288,215.5100683,4.431634498,FOVNotMatch,2000/5/10 8:57:59,SAT_10346,0.607126379,31.51781486,SAT_12768,3.771244874,86.7212799,SAT_25601,11.72740159,N/A
frame-u-001463-2-0049,1,Success,TRUE,SAT_20718,2.105912168,269.2265907,-0.746046831,269.0733344,-0.771566726,,2000/5/5 10:56:16,SAT_20718,5.461910145,2.105912168,SAT_19332,0.80121834,6.204259003,SAT_25558,4.598279154,9.444327918
frame-u-001463-3-0056,1,No match,FALSE,N/A,inf,270.2842617,-0.291738774,270.1978804,-0.192469195,FOVNotMatch,2000/5/5 11:00:27,SAT_25853,0.317619421,5.354231604,SAT_00963,3.236287156,37.76051643,SAT_19508,5.36728567,46.50355626
frame-u-001478-1-0098,1,No match,FALSE,N/A,inf,222.5876783,2.740463417,222.64424,2.832622551,FOVNotMatch,2000/5/10 9:26:39,SAT_00753,4.670541154,44.3286838,SAT_08646,4.160267371,53.22148698,SAT_18904,2.179754497,60.07649868
frame-u-001473-6-0084,1,Success,TRUE,SAT_07229,2.097973151,155.6610579,0.947763376,155.609507,0.964382066,,2000/5/7 3:57:04,SAT_07229,5.947560152,2.097973151,SAT_02862,0.112136553,4.689069859,SAT_08366,5.998063527,4.795815656
frame-u-001473-5-0072,1,No match,FALSE,N/A,inf,153.7940323,0.528068402,153.9383726,0.734570044,FOVNotMatch,2000/5/7 3:49:54,SAT_23246,3.493332397,51.21478419,SAT_19508,4.036318261,54.31459691,SAT_23778,4.47262424,54.50901125
frame-u-006481-6-0045,1,No match,FALSE,N/A,inf,118.5668965,42.88406404,118.5815996,43.09686541,FOVNotMatch,2006/10/22 11:22:13,SAT_26987,0.084237897,28.95721346,SAT_28115,2.611365169,30.12874146,SAT_20959,2.568739161,40.96064717
frame-u-006481-1-0076,1,No match,FALSE,N/A,inf,125.2273627,41.56921145,125.4169828,41.66098707,FOVNotMatch,2006/10/22 11:40:44,SAT_12775,4.081035936,14.07647877,SAT_07143,4.93022669,20.53160927,SAT_10485,1.280091988,30.33589942
frame-u-006481-3-0020,1,No match,FALSE,N/A,inf,114.1144972,40.78788809,114.0519886,40.85784291,FOVNotMatch,2006/10/22 11:07:18,SAT_26987,4.925391017,5.075887122,SAT_20959,2.526865466,7.449327689,SAT_21734,0.13365049,39.75878008
frame-u-006481-2-0020,1,No match,FALSE,N/A,inf,114.403978,40.46324759,114.2684552,40.61590137,FOVNotMatch,2006/10/22 11:07:18,SAT_26987,4.925391017,5.016446571,SAT_20959,2.526865466,7.508768239,SAT_21734,0.13365049,39.69933953
frame-u-006426-5-0110,1,Success,TRUE,SAT_21623,0.529879076,18.24244146,44.46479881,18.16903798,44.49716197,,2006/10/2 11:27:06,SAT_21623,3.741433677,0.529879076,SAT_22071,2.935268393,26.00966585,SAT_19144,4.237388196,40.24685979
frame-u-006426-5-0111,1,Success,TRUE,SAT_21623,0.719701142,18.53267368,44.6809841,18.25944372,44.80180096,,2006/10/2 11:27:42,SAT_21623,3.741433677,0.719701142,SAT_22071,2.935268393,25.81984379,SAT_19144,4.237388196,40.43668185
frame-u-006426-6-0111,1,Success,TRUE,SAT_21623,0.507918914,18.01993171,44.90611265,17.83707086,44.98602106,,2006/10/2 11:27:42,SAT_21623,3.741433677,0.507918914,SAT_22071,2.935268393,26.03162602,SAT_19144,4.237388196,40.22489962
frame-u-006481-6-0046,1,No match,FALSE,N/A,inf,118.9661125,42.92540433,118.9711021,42.99911566,FOVNotMatch,2006/10/22 11:22:49,SAT_12997,4.885770215,7.625226742,SAT_26987,3.421329559,28.0539257,SAT_28115,0.085237389,29.02932343
frame-u-006481-4-0047,1,No match,FALSE,N/A,inf,119.304328,42.20261549,119.3158276,42.34971244,FOVNotMatch,2006/10/22 11:23:25,SAT_12997,4.885770215,7.150580817,SAT_26987,3.421329559,28.52857162,SAT_28115,0.085237389,29.50396935
frame-u-006481-2-0051,1,Success,TRUE,SAT_20959,4.661058706,120.3971277,41.42264742,120.3044275,41.50071628,,2006/10/22 11:25:48,SAT_20959,5.79345645,4.661058706,SAT_21011,4.69449531,13.74165741,SAT_28115,0.085237389,15.47079406
frame-u-006469-6-0061,1,No match,FALSE,N/A,inf,49.10503214,19.71810864,48.95951799,19.8236101,FOVNotMatch,2006/10/20 6:50:15,SAT_28133,5.529802963,18.23643417,SAT_24282,1.297539678,56.31676681,SAT_22732,14.61629538,N/A
frame-u-006469-4-0028,1,No match,FALSE,N/A,inf,43.63150259,20.30433547,43.81802421,20.33054422,FOVNotMatch,2006/10/20 6:30:33,SAT_24282,3.104777352,13.62708696,SAT_28133,4.004573806,25.50147333,SAT_00340,2.325973074,33.46065846
frame-u-006469-4-0100,1,No match,FALSE,N/A,inf,54.61822444,17.02706895,54.5390386,17.13131548,FOVNotMatch,2006/10/20 7:13:32,SAT_01953,3.070606793,52.35508218,SAT_10723,4.691989506,60.99259067,SAT_20469,13.15257486,N/A
frame-u-006475-4-0093,1,No match,FALSE,N/A,inf,53.40944737,17.48242299,53.3506613,17.54849756,FOVNotMatch,2006/10/21 9:05:58,SAT_24640,0.663533335,58.96531194,SAT_26476,0.04085464,62.39655377,SAT_14805,1.581826152,71.19860961
frame-u-006475-4-0094,1,No match,FALSE,N/A,inf,53.65888209,17.4415338,53.52999789,17.58690599,FOVNotMatch,2006/10/21 9:06:34,SAT_24640,0.663533335,58.86649019,SAT_26476,0.04085464,62.49537552,SAT_14805,1.581826152,71.29743136
frame-u-006475-4-0095,1,No match,FALSE,N/A,inf,53.83811767,17.47992327,53.7933711,17.53070302,FOVNotMatch,2006/10/21 9:07:10,SAT_24640,0.663533335,58.69565176,SAT_26476,0.04085464,62.66621395,SAT_14805,1.581826152,71.46826979
frame-u-006514-3-0125,1,No match,FALSE,N/A,inf,76.90438859,14.69060914,76.82789744,14.77246792,FOVNotMatch,2006/10/31 11:07:49,SAT_24990,0.021502149,16.17073135,SAT_28808,1.420706728,20.43158029,SAT_17873,4.417112357,49.43272575
frame-u-006485-3-0109,1,Success,TRUE,SAT_27907,4.952694927,59.65728606,12.43381584,59.67935187,12.50798975,,2006/10/23 10:55:08,SAT_27907,0.065814475,4.952694927,SAT_26042,1.176713872,6.511166455,SAT_07435,0.7388047,40.78787995
frame-u-006485-1-0089,1,Success,TRUE,SAT_08822,1.260910083,58.14323123,9.777556578,58.16106973,9.828183348,,2006/10/23 10:43:12,SAT_08822,1.393171873,1.260910083,SAT_27907,1.708371038,7.257132942,SAT_22283,0.037328885,47.87097134
frame-u-006485-2-0094,1,No match,FALSE,N/A,inf,58.35695705,10.49057475,58.33030771,10.64005279,FOVNotMatch,2006/10/23 10:46:11,SAT_22283,0.037328885,18.78282451,SAT_27907,1.708371038,21.83101389,SAT_10801,1.663348289,23.44065799
frame-u-006485-1-0070,1,No match,FALSE,N/A,inf,56.04420001,7.856714017,55.80711286,7.94704843,FOVNotMatch,2006/10/23 10:31:51,SAT_28807,3.018802728,16.484864,SAT_21635,3.599848989,23.95205083,SAT_07229,5.102921311,25.14851951
frame-u-006485-4-0029,1,No match,FALSE,N/A,inf,50.44038163,4.645850899,50.59438274,4.720750255,FOVNotMatch,2006/10/23 10:07:22,SAT_15386,5.71793895,12.38229399,SAT_18631,5.080029069,13.62086658,SAT_20837,2.098209231,14.22064895
frame-u-006485-4-0030,1,No match,FALSE,N/A,inf,50.60498311,4.822907314,50.67310651,4.856186428,FOVNotMatch,2006/10/23 10:07:58,SAT_15386,5.71793895,12.48746972,SAT_18631,5.080029069,13.72604231,SAT_20837,2.098209231,14.32582468
frame-u-006514-1-0045,1,No match,FALSE,N/A,inf,67.27676096,7.110380176,67.31467818,7.15680722,FOVNotMatch,2006/10/31 10:20:03,SAT_08822,5.061234791,18.34260424,SAT_26778,4.635628995,20.3740947,SAT_14796,3.997863363,27.98667661
frame-u-006519-5-0058,1,No match,FALSE,N/A,inf,68.72947065,10.09344767,68.87450977,10.17430808,FOVNotMatch,2006/11/1 10:36:37,SAT_08621,5.07463684,6.737992134,SAT_12544,4.66738263,20.38857625,SAT_15946,4.442597069,20.52245161
frame-u-006519-3-0027,1,No match,FALSE,N/A,inf,65.46431637,6.643980974,65.56635353,6.782119987,FOVNotMatch,2006/11/1 10:18:06,SAT_26082,2.011213255,6.353936014,SAT_25803,4.524779683,13.69284074,SAT_08621,2.454252786,29.89097361
frame-u-006573-5-0264,1,No match,FALSE,N/A,inf,125.1251515,43.26896211,125.3473646,43.28379143,FOVNotMatch,2006/11/18 8:57:40,SAT_10485,4.60200968,53.08280138,SAT_15516,0.0462171,58.66482836,SAT_17216,4.341089159,60.68618916
frame-u-006572-5-0112,1,No match,FALSE,N/A,inf,32.63660307,-11.59756002,32.63466911,-11.35094157,FOVNotMatch,2006/11/18 4:59:20,SAT_03045,0.716840932,40.68199768,SAT_20107,4.379070162,78.19892853,SAT_13631,5.804193935,78.29300174
frame-u-006572-3-0125,1,Success,TRUE,SAT_21543,1.48435235,34.6034668,-10.83354838,34.61970632,-10.78332107,,2006/11/18 5:07:06,SAT_21543,5.950480009,1.48435235,SAT_18513,1.070516334,3.049976104,SAT_21819,4.517411607,21.59929904
frame-u-006572-1-0169,1,No match,FALSE,N/A,inf,40.20670496,-7.114095701,40.22879649,-6.907422551,FOVNotMatch,2006/11/18 5:33:22,SAT_10019,0.791787998,10.19193416,SAT_26015,4.800324753,12.82332892,SAT_19483,5.66784189,69.14080368
frame-u-006572-2-0166,1,No match,FALSE,N/A,inf,39.61031204,-7.090881948,39.62716316,-6.936599345,FOVNotMatch,2006/11/18 5:31:35,SAT_21408,0.22792638,22.20344227,SAT_19439,1.080997845,25.61716018,SAT_19483,4.934414522,68.97981486
frame-u-006585-3-0103,1,No match,FALSE,N/A,inf,98.95437491,26.78927287,98.7576651,26.95294863,FOVNotMatch,2006/11/21 11:18:55,SAT_00005,1.409180127,33.17995154,SAT_20237,0.064433159,35.43292563,SAT_25874,3.016662659,82.82559449
frame-u-006572-4-0204,1,Success,TRUE,SAT_04611,0.811411418,43.24979998,-2.569890795,43.20244168,-2.426057149,,2006/11/18 5:54:16,SAT_04611,5.297594045,0.811411418,SAT_07646,5.877275734,32.90817545,SAT_29360,3.940082417,38.59816191
frame-u-006574-3-0095,1,No match,FALSE,N/A,inf,131.691374,-2.503109675,131.7370255,-2.274689841,FOVNotMatch,2006/11/18 10:08:40,SAT_13080,4.741081933,12.21469304,SAT_20014,1.706040374,31.45668306,SAT_27518,0.930314871,66.59626784
frame-u-006574-3-0130,1,No match,FALSE,N/A,inf,136.289014,0.218173666,136.2962417,0.32495803,FOVNotMatch,2006/11/18 10:29:34,SAT_03577,5.655751528,7.433969737,SAT_04932,5.107506869,22.39734119,SAT_21007,5.622204735,23.28495011
frame-u-006708-6-0045,1,No match,FALSE,N/A,inf,69.82895997,-5.410427143,69.93252909,-5.256897685,FOVNotMatch,2007/2/7 2:05:18,SAT_07443,5.454599077,12.56203473,SAT_27059,5.600012557,26.77093983,SAT_23267,1.476390612,46.59346733
frame-u-006708-5-0050,1,No match,FALSE,N/A,inf,70.68871363,-5.424413913,70.78861353,-5.275356558,FOVNotMatch,2007/2/7 2:08:17,SAT_07443,5.454599077,12.38892546,SAT_27059,5.600012557,26.59783057,SAT_23267,1.476390612,46.7665766
frame-u-006708-5-0051,1,No match,FALSE,N/A,inf,70.85933477,-5.424195321,70.96231205,-5.269986656,FOVNotMatch,2007/2/7 2:08:53,SAT_07443,5.454599077,12.29293383,SAT_27059,5.600012557,26.50183893,SAT_23267,1.476390612,46.86256823
frame-u-006708-5-0052,1,No match,FALSE,N/A,inf,71.05399481,-5.388067783,71.13278779,-5.269773895,FOVNotMatch,2007/2/7 2:09:29,SAT_10011,0.89679487,5.118667143,SAT_25454,5.498717126,11.48897822,SAT_29673,5.379100019,13.19116038
frame-u-006708-4-0055,1,No match,FALSE,N/A,inf,71.54192915,-5.424036578,71.62016109,-5.306392808,FOVNotMatch,2007/2/7 2:11:16,SAT_10011,0.89679487,5.073965727,SAT_25454,5.498717126,11.44427681,SAT_29673,5.379100019,13.14645897
frame-u-006708-6-0055,1,No match,FALSE,N/A,inf,71.24377567,-4.810713517,71.17266323,-4.738997439,FOVNotMatch,2007/2/7 2:11:16,SAT_08195,5.640055406,23.81194575,SAT_29642,2.73259695,42.70046767,SAT_28936,1.441457452,44.80047746
frame-u-006708-4-0056,1,No match,FALSE,N/A,inf,71.71253309,-5.42385333,71.81524341,-5.269393974,FOVNotMatch,2007/2/7 2:11:52,SAT_10011,0.89679487,5.073842257,SAT_25454,5.498717126,11.44415334,SAT_29673,5.379100019,13.1463355
frame-u-006708-6-0056,1,No match,FALSE,N/A,inf,71.47032055,-4.63107121,71.34299539,-4.503092554,FOVNotMatch,2007/2/7 2:11:52,SAT_08195,5.640055406,23.91591694,SAT_29642,2.73259695,42.59649649,SAT_28936,1.441457452,44.69650627
frame-u-006708-4-0057,1,No match,FALSE,N/A,inf,71.88577269,-5.419802499,71.98583967,-5.269240233,FOVNotMatch,2007/2/7 2:12:28,SAT_10011,0.89679487,5.060256652,SAT_25454,5.498717126,11.43056773,SAT_29673,5.379100019,13.13274989
frame-u-006591-2-0058,1,Success,TRUE,SAT_12534,2.62402563,25.4585183,-18.88015935,25.37484239,-18.88889968,,2006/11/22 5:37:32,SAT_12534,1.807459064,2.62402563,SAT_25919,4.630349305,8.653932018,SAT_28660,4.526026652,9.295074631
frame-u-006709-4-0021,1,No match,FALSE,N/A,inf,116.6578179,33.13081277,116.6101964,33.35277628,FOVNotMatch,2007/2/7 4:33:39,SAT_16962,5.97595908,11.74992735,SAT_19168,4.712337465,12.31080584,SAT_13610,2.563702158,12.37074865
frame-u-006728-6-0132,1,No match,FALSE,N/A,inf,128.1977845,22.89600105,128.3026115,23.02007288,FOVNotMatch,2007/2/21 8:09:22,SAT_25411,3.206105974,14.5936805,SAT_04882,0.656204034,70.23791719,SAT_03126,1.483863077,73.3490505
frame-u-006591-6-0087,1,No match,FALSE,N/A,inf,27.77328571,-14.77450338,27.63092381,-14.86228103,FOVNotMatch,2006/11/22 5:54:51,SAT_10630,0.851540646,14.37168713,SAT_26865,4.105069609,19.91308074,SAT_19772,5.575230154,24.99603924
frame-u-006728-3-0055,1,No match,FALSE,N/A,inf,117.3050154,17.52606404,117.3521173,17.60811596,FOVNotMatch,2007/2/21 7:23:23,SAT_19165,2.505828671,52.47708244,SAT_21855,3.634484559,52.67786925,SAT_21100,3.917314644,59.23426593
frame-u-006728-4-0087,1,Success,TRUE,SAT_04882,4.039377469,121.848924,19.66541865,121.7222761,19.70804605,,2007/2/21 7:42:30,SAT_04882,5.211850692,4.039377469,SAT_20411,0.800821842,18.93429523,SAT_04664,5.987194468,55.0395197
frame-u-006708-4-0082,1,No match,FALSE,N/A,inf,75.10567607,-3.497530461,75.19330773,-3.379992047,FOVNotMatch,2007/2/7 2:27:23,SAT_12332,5.990626755,7.289093766,SAT_23622,4.252419768,16.86854447,SAT_15472,2.268730504,38.7235274
frame-u-006708-4-0083,1,No match,FALSE,N/A,inf,75.2705408,-3.486816265,75.37814839,-3.342408145,FOVNotMatch,2007/2/7 2:27:59,SAT_12332,5.990626755,7.27526276,SAT_23622,4.252419768,16.85471346,SAT_15472,2.268730504,38.70969639
frame-u-006708-4-0084,1,No match,FALSE,N/A,inf,75.43526686,-3.476160856,75.54275702,-3.331818599,FOVNotMatch,2007/2/7 2:28:35,SAT_12332,5.990626755,7.258125169,SAT_23622,4.252419768,16.83757587,SAT_15472,2.268730504,38.6925588
frame-u-006708-3-0088,1,No match,FALSE,N/A,inf,76.12025597,-3.399135097,76.1761479,-3.323450707,FOVNotMatch,2007/2/7 2:30:58,SAT_24946,3.836575966,15.33609945,SAT_02796,5.712622051,35.02330277,SAT_15505,3.781106876,37.61812399
frame-u-006708-1-0092,1,Success,TRUE,SAT_21149,0.13193298,77.20770823,-3.876631435,77.02866263,-3.889781158,,2007/2/7 2:33:22,SAT_21149,1.961258297,0.13193298,SAT_26745,4.292691177,0.420474545,SAT_28240,5.050638846,1.175306538
frame-u-006708-2-0179,1,No match,FALSE,N/A,inf,88.45030632,2.65593429,88.31534324,2.837201711,FOVNotMatch,2007/2/7 3:25:18,SAT_25485,0.048108759,16.24184756,SAT_27429,3.727042235,38.44500575,SAT_03029,4.608921902,47.21145999
frame-u-006708-3-0179,1,No match,FALSE,N/A,inf,88.19641317,2.995646575,88.12817996,3.086928982,FOVNotMatch,2007/2/7 3:25:18,SAT_25485,0.048108759,16.34301499,SAT_27429,3.727042235,38.34383831,SAT_03029,4.608921902,47.11029255
frame-u-006749-3-0175,1,No match,FALSE,N/A,inf,141.8977249,3.834472086,141.8359695,3.857009387,FOVNotMatch,2007/3/14 5:43:16,SAT_10516,3.950933836,7.140386698,SAT_14086,5.227423533,7.884462303,SAT_12472,4.024114501,11.68588944
frame-u-006749-2-0184,1,No match,FALSE,N/A,inf,143.0951244,4.284288342,143.1271209,4.34160694,FOVNotMatch,2007/3/14 5:48:38,SAT_10338,1.114019776,50.56996223,SAT_14985,0.055732343,60.10402592,SAT_15873,2.508764595,61.99494678
frame-u-006749-1-0189,1,No match,FALSE,N/A,inf,144.0036745,4.22673421,144.0154768,4.381529747,FOVNotMatch,2007/3/14 5:51:37,SAT_04377,5.946463579,71.97483722,SAT_10338,1.114019776,75.32423626,SAT_01576,4.061285352,77.52386238
frame-u-006749-1-0189,2,No match,FALSE,N/A,inf,144.0048742,4.375404786,143.9608965,4.297279168,FOVNotMatch,2007/3/14 5:51:37,SAT_10338,1.114019776,50.36661204,SAT_14985,0.055732343,59.90067573,SAT_15873,2.508764595,61.79159659
frame-u-006749-1-0190,1,No match,FALSE,N/A,inf,144.2518705,4.262407137,144.262759,4.404151927,FOVNotMatch,2007/3/14 5:52:13,SAT_23642,5.83218472,14.86299847,SAT_19141,5.19068244,27.5311953,SAT_24094,5.89429617,52.43753239
frame-u-006749-1-0190,2,No match,FALSE,N/A,inf,144.2264738,4.46439087,144.1343648,4.300130613,FOVNotMatch,2007/3/14 5:52:13,SAT_23642,5.83218472,9.96684383,SAT_24094,5.89429617,27.60769009,SAT_19141,5.19068244,52.36103761
frame-u-006751-3-0067,1,No match,FALSE,N/A,inf,204.3016152,5.248063968,204.2964977,5.317163926,FOVNotMatch,2007/3/14 7:12:55,SAT_21155,3.042160452,31.64069536,SAT_21406,2.683506589,38.00350258,SAT_19121,4.309155946,77.25237063
frame-u-006751-5-0107,1,No match,FALSE,N/A,inf,209.6546944,2.51329698,209.8089847,2.449429915,FOVNotMatch,2007/3/14 7:36:48,SAT_19121,2.975639286,13.41634209,SAT_20401,5.549816219,13.85687659,SAT_23429,2.946869635,15.94121534
frame-u-006751-5-0107,2,Success,TRUE,SAT_24920,1.579090871,209.7389969,2.417656451,209.7365004,2.434870565,,2007/3/14 7:36:48,SAT_24920,0.613402849,1.579090871,SAT_10934,4.336208715,3.87764033,SAT_22195,5.009276956,26.39997276
frame-u-006751-5-0108,1,No match,FALSE,N/A,inf,209.7945739,2.38536283,209.9129193,2.336540418,FOVNotMatch,2007/3/14 7:37:24,SAT_19121,2.975639286,13.3460225,SAT_20401,5.549816219,13.786557,SAT_23429,2.946869635,15.87089575
frame-u-006781-5-0080,1,Success,TRUE,SAT_28822,3.853860937,177.6387109,3.717764608,177.5966304,3.762776015,,2007/4/15 4:57:20,SAT_28822,3.021246031,3.853860937,SAT_27430,3.44641204,15.72199605,SAT_28454,3.699941095,22.31054721
frame-u-006781-5-0084,1,Success,TRUE,SAT_28454,0.881508325,177.9065711,4.193730566,177.8648383,4.298939754,,2007/4/15 4:59:43,SAT_28454,3.699941095,0.881508325,SAT_27430,3.44641204,5.707042835,SAT_28822,3.021246031,25.28289982
frame-u-006782-1-0013,1,No match,FALSE,N/A,inf,206.712844,2.457833129,206.5884203,2.552125535,FOVNotMatch,2007/4/15 5:47:09,SAT_19777,5.674146726,24.09259794,SAT_21041,4.056127666,25.68540085,SAT_20217,2.175427801,27.09735759
frame-u-006782-1-0078,1,Success,TRUE,SAT_25774,3.659428931,214.5590278,-3.071707404,214.6854657,-2.971941233,,2007/4/15 6:25:57,SAT_25774,2.753653949,3.659428931,SAT_06160,3.208027573,19.3871998,SAT_28661,4.9179795,22.40026734
frame-u-006782-2-0173,1,No match,FALSE,N/A,inf,226.7529596,-10.80685544,226.635124,-10.70860583,FOVNotMatch,2007/4/15 7:22:41,SAT_03785,2.022218839,20.56793649,SAT_11964,4.555089859,26.79151054,SAT_14050,0.030324037,27.05214725
frame-u-006850-1-0151,1,No match,FALSE,N/A,inf,322.1492109,16.73004896,322.3958574,16.7664761,FOVNotMatch,2007/6/13 9:43:55,SAT_00602,4.040833731,72.48661906,SAT_29668,5.296437879,76.0985363,SAT_07493,0.1425257,78.42251523
frame-u-006793-5-0077,1,No match,FALSE,N/A,inf,172.0633459,0.428339034,172.1563479,0.472611423,FOVNotMatch,2007/4/20 6:12:19,SAT_25372,0.887121069,10.04950934,SAT_21726,3.728833635,25.49035809,SAT_25086,5.036446475,26.41570068
frame-u-006793-6-0081,1,No match,FALSE,N/A,inf,172.6628725,0.8730503,172.8248037,0.973708098,FOVNotMatch,2007/4/20 6:14:42,SAT_25372,0.887121069,16.46143466,SAT_21726,3.728833635,31.90228341,SAT_25086,5.036446475,32.827626
frame-u-006794-1-0035,1,Success,TRUE,SAT_21437,1.030970314,217.8616049,-5.365264272,217.8016982,-5.20572279,,2007/4/20 7:21:40,SAT_21437,0.219916423,1.030970314,SAT_08867,2.480094738,5.398147101,SAT_27868,1.388915133,16.76802056
frame-u-006794-1-0035,2,Success,TRUE,SAT_21437,0.912859702,217.8204259,-5.214217715,217.8117686,-5.191302853,,2007/4/20 7:21:40,SAT_21437,0.219916423,0.912859702,SAT_08867,2.480094738,5.516257713,SAT_27868,1.388915133,16.88613117
frame-u-006794-1-0036,1,Success,TRUE,SAT_21437,1.159029709,218.0536623,-5.392098067,217.9842121,-5.205876905,,2007/4/20 7:22:15,SAT_21437,0.219916423,1.159029709,SAT_08867,2.480094738,5.270087706,SAT_27868,1.388915133,16.63996117
frame-u-006794-1-0036,2,Success,TRUE,SAT_21437,1.076608574,218.0643327,-5.377343776,217.994654,-5.191325919,,2007/4/20 7:22:15,SAT_21437,0.219916423,1.076608574,SAT_08867,2.480094738,5.352508841,SAT_27868,1.388915133,16.7223823
frame-u-006794-1-0036,3,No match,FALSE,N/A,inf,217.9443867,-5.421241386,218.1060423,-5.262420126,FOVNotMatch,2007/4/20 7:22:15,SAT_11693,5.190947071,25.26333886,SAT_26612,4.905232564,25.911766,SAT_21727,5.792580755,39.54376944
frame-u-006794-2-0040,1,No match,FALSE,N/A,inf,218.7959049,-5.377600849,218.7259857,-5.192293242,FOVNotMatch,2007/4/20 7:24:39,SAT_27870,1.337414675,15.71564997,SAT_26027,1.931284458,16.4319493,SAT_19776,1.46647948,56.09535515
frame-u-006794-3-0043,1,No match,FALSE,N/A,inf,219.3282032,-5.356788234,219.2687693,-5.199916548,FOVNotMatch,2007/4/20 7:26:26,SAT_27870,1.337414675,15.79357448,SAT_26027,1.931284458,16.50987381,SAT_19776,1.46647948,56.01743065
frame-u-006794-3-0044,1,No match,FALSE,N/A,inf,219.5215175,-5.384915951,219.4512975,-5.199633364,FOVNotMatch,2007/4/20 7:27:02,SAT_27870,1.337414675,15.79911243,SAT_26027,1.931284458,16.51541176,SAT_19776,1.46647948,56.0118927
frame-u-006794-3-0045,1,No match,FALSE,N/A,inf,219.704512,-5.385703122,219.6824374,-5.327064148,FOVNotMatch,2007/4/20 7:27:38,SAT_27870,1.337414675,15.67025184,SAT_26027,1.931284458,16.38655117,SAT_19776,1.46647948,56.14075329
frame-u-006794-4-0047,1,Success,TRUE,SAT_23407,1.615486872,220.0553725,-5.346868164,220.0028639,-5.209946809,,2007/4/20 7:28:49,SAT_23407,0.416691251,1.615486872,SAT_19776,1.798893513,55.78417734,SAT_13631,4.06434718,56.37317834
frame-u-006794-1-0137,1,No match,FALSE,N/A,inf,230.7594722,-13.87644833,230.7207349,-13.67770061,FOVNotMatch,2007/4/20 8:22:34,SAT_11144,2.952909113,64.50341974,SAT_11964,5.960683368,65.95921079,SAT_19776,5.490685274,66.29732747
frame-u-006794-2-0140,1,No match,FALSE,N/A,inf,231.4148663,-13.63868378,231.3836921,-13.55766585,FOVNotMatch,2007/4/20 8:24:21,SAT_11144,2.952909113,54.71707028,SAT_11964,5.960683368,56.17286133,SAT_19776,5.490685274,56.51097801
frame-u-007178-3-0027,1,No match,FALSE,N/A,inf,72.24995193,-5.373619031,72.27559761,-5.335028451,FOVNotMatch,2007/11/19 9:29:30,SAT_22431,2.601996697,14.00800301,SAT_10620,4.526757702,14.77453293,SAT_17216,2.917700024,19.7158729
frame-u-007178-5-0051,1,No match,FALSE,N/A,inf,75.08264754,-2.981398732,74.95837032,-2.813244688,FOVNotMatch,2007/11/19 9:43:50,SAT_23301,3.429850849,43.29288841,SAT_02645,5.58259447,49.4542735,SAT_17216,3.79036582,50.14578129
frame-u-007178-5-0052,1,No match,FALSE,N/A,inf,75.27399531,-2.741346004,75.22121215,-2.669393964,FOVNotMatch,2007/11/19 9:44:26,SAT_23301,3.429850849,43.49191373,SAT_02645,5.58259447,49.65329882,SAT_17216,3.79036582,49.94675597
frame-u-007178-3-0028,1,No match,FALSE,N/A,inf,72.42128203,-5.372595915,72.52331309,-5.218321924,FOVNotMatch,2007/11/19 9:30:06,SAT_17216,2.443645241,19.61317088,SAT_23230,4.994924132,38.22016149,SAT_21789,5.741186489,46.01396815
frame-u-007178-2-0031,1,No match,FALSE,N/A,inf,72.93363582,-5.3727116,72.988576,-5.289228736,FOVNotMatch,2007/11/19 9:31:54,SAT_17216,2.443645241,19.48167884,SAT_23230,4.994924132,38.35165353,SAT_21789,5.741186489,46.14546019
frame-u-007178-2-0032,1,No match,FALSE,N/A,inf,73.10443706,-5.372204069,73.20652858,-5.217372073,FOVNotMatch,2007/11/19 9:32:29,SAT_17216,2.443645241,19.53381574,SAT_23230,4.994924132,38.29951663,SAT_21789,5.741186489,46.09332329
frame-u-007178-1-0036,1,No match,FALSE,N/A,inf,73.7879168,-5.37170792,73.82459285,-5.316312847,FOVNotMatch,2007/11/19 9:34:53,SAT_22422,1.905630917,10.90557879,SAT_22505,4.751023857,18.49553208,SAT_17216,2.935778625,19.65884801
frame-u-007178-1-0037,1,No match,FALSE,N/A,inf,73.95884382,-5.371577569,74.06077194,-5.216282118,FOVNotMatch,2007/11/19 9:35:29,SAT_22422,1.905630917,10.67918184,SAT_22505,4.751023857,18.26913513,SAT_17216,2.935778625,19.43245106
frame-u-007178-1-0037,2,No match,FALSE,N/A,inf,73.93582697,-5.329274466,74.0104995,-5.215507478,FOVNotMatch,2007/11/19 9:35:29,SAT_22422,1.905630917,10.68065597,SAT_22505,4.751023857,18.27060926,SAT_17216,2.935778625,19.43392519
frame-u-007178-1-0038,1,No match,FALSE,N/A,inf,74.19253545,-5.275874606,74.23131907,-5.216689795,FOVNotMatch,2007/11/19 9:36:04,SAT_22422,1.905630917,10.63908271,SAT_22505,4.751023857,18.229036,SAT_17216,2.935778625,19.39235193
frame-u-007178-1-0038,2,No match,FALSE,N/A,inf,74.20829326,-5.174387474,74.10690157,-5.329767162,FOVNotMatch,2007/11/19 9:36:04,SAT_22422,1.905630917,10.52844394,SAT_22505,4.751023857,18.11839723,SAT_17216,2.935778625,19.28171316
frame-u-007178-3-0216,1,No match,FALSE,N/A,inf,97.16708454,8.159657793,97.27616106,8.305151513,FOVNotMatch,2007/11/19 11:22:21,SAT_21789,3.719282775,46.59171983,SAT_15629,2.708672109,46.68384654,SAT_18631,2.762501387,49.38988308
frame-u-007178-2-0222,1,No match,FALSE,N/A,inf,98.26511045,8.310299025,98.28439242,8.33579513,FOVNotMatch,2007/11/19 11:25:56,SAT_21789,3.719282775,46.35844559,SAT_15629,2.708672109,46.4505723,SAT_18631,2.762501387,49.15660884
frame-u-007210-4-0056,1,No match,FALSE,N/A,inf,9.000786814,35.94880814,8.774053697,35.93910362,FOVNotMatch,2007/12/4 1:59:52,SAT_07019,0.051041662,12.55670384,SAT_28950,5.372826259,26.96130095,SAT_25847,8.063067648,N/A
frame-u-007220-3-0055,1,No match,FALSE,N/A,inf,104.328264,-17.30011568,104.1965594,-17.33097739,FOVNotMatch,2007/12/6 7:56:22,SAT_23201,3.663567319,7.362277153,SAT_24675,0.581775648,25.14100039,SAT_26398,0.039836184,34.68076968
frame-u-007183-3-0167,1,Success,TRUE,SAT_03428,1.620198206,31.62166358,-0.413367489,31.76946326,-0.403496315,,2007/11/20 6:12:14,SAT_03428,5.037041607,1.620198206,SAT_27378,5.031548126,3.774875905,SAT_31102,5.0167831,3.8006449
frame-u-007220-4-0179,1,Success,TRUE,SAT_10211,1.90229114,120.8781592,-8.083748255,120.709809,-8.122147933,,2007/12/6 9:10:24,SAT_10211,1.009256878,1.90229114,SAT_28913,5.73672949,11.85501921,SAT_26038,3.547289128,12.87790677
frame-u-007264-5-0057,1,No match,FALSE,N/A,inf,32.02490607,-11.79213582,31.91989328,-11.92149672,FOVNotMatch,2008/1/1 3:52:41,SAT_22725,5.476292699,31.01252732,SAT_18351,5.654330315,39.45122932,SAT_20193,4.095513624,44.65437402
frame-u-007265-5-0056,1,No match,FALSE,N/A,inf,103.819867,-16.76685548,103.7495541,-16.71326084,FOVNotMatch,2008/1/1 6:04:01,SAT_04786,1.655179224,15.07584571,SAT_01684,4.727505504,22.82137597,SAT_16064,2.667122745,62.70966066
frame-u-007264-3-0091,1,No match,FALSE,N/A,inf,36.42344871,-9.14206734,36.44970977,-9.017394671,FOVNotMatch,2008/1/1 4:13:00,SAT_01549,1.045555482,24.27831206,SAT_01293,5.101678174,65.48603457,SAT_18351,2.325166325,65.96221424
frame-u-007264-2-0093,1,No match,FALSE,N/A,inf,36.79112708,-9.126941003,36.8048533,-9.062183073,FOVNotMatch,2008/1/1 4:14:11,SAT_01549,1.045555482,24.2071179,SAT_01293,5.101678174,65.41484041,SAT_18351,2.325166325,65.89102009
frame-u-007264-1-0121,1,No match,FALSE,N/A,inf,40.28380285,-6.752184374,40.31980362,-6.699371419,FOVNotMatch,2008/1/1 4:30:54,SAT_16996,5.402498777,13.13649103,SAT_24715,4.900560339,38.74820867,SAT_19397,4.902721268,42.56303105
frame-u-007264-1-0145,1,Success,TRUE,SAT_24715,0.210414711,43.00047306,-4.145810846,42.82443854,-4.197103646,,2008/1/1 4:45:14,SAT_24715,4.490155033,0.210414711,SAT_14839,5.802229141,0.443004156,SAT_10630,0.358180514,2.092234169
frame-u-007264-1-0146,1,Success,TRUE,SAT_24715,0.154011442,43.05846116,-3.988468775,42.88926237,-4.037959917,,2008/1/1 4:45:50,SAT_24715,4.490155033,0.154011442,SAT_14839,5.802229141,0.386600886,SAT_10630,0.358180514,2.0358309
frame-u-007264-6-0157,1,Success,TRUE,SAT_13910,4.889504978,42.79982286,-1.539594487,42.76888374,-1.485900955,,2008/1/1 4:52:24,SAT_13910,5.944950095,4.889504978,SAT_09594,4.559736368,7.238058451,SAT_16271,2.218275654,12.71781362
frame-u-007264-6-0158,1,Success,TRUE,SAT_13910,4.764831677,43.02507457,-1.347319123,42.98861015,-1.283711685,,2008/1/1 4:53:00,SAT_13910,5.944950095,4.764831677,SAT_09594,4.559736368,7.11338515,SAT_16271,2.218275654,12.59314032
frame-u-007674-4-0099,1,Success,TRUE,SAT_00573,2.117898584,9.366153148,3.664298168,9.446764216,3.726131938,,2008/9/6 8:50:42,SAT_00573,2.577597997,2.117898584,SAT_21229,4.93911061,19.13179961,SAT_08882,5.770777548,20.06827219
frame-u-007674-1-0071,1,No match,FALSE,N/A,inf,7.303038873,-0.284343184,7.26392202,-0.027117741,FOVNotMatch,2008/9/6 8:33:59,SAT_27918,5.949420887,6.910921307,SAT_28876,4.648526806,47.44436968,SAT_11147,4.891806527,78.68708715
frame-u-007674-1-0035,1,No match,FALSE,N/A,inf,3.442645492,-3.970047018,3.369420221,-3.945178406,FOVNotMatch,2008/9/6 8:12:29,SAT_19106,0.573328431,14.9061506,SAT_29106,5.241762762,18.12466182,SAT_08882,2.972546289,18.74465707
frame-u-007675-1-0084,1,No match,FALSE,N/A,inf,32.21583563,1.400968779,32.26937924,1.350998793,FOVNotMatch,2008/9/6 10:25:49,SAT_05042,2.867300166,18.60415606,SAT_10450,4.497100816,21.00349027,SAT_18742,2.134460346,28.83432494
frame-u-007699-4-0039,1,No match,FALSE,N/A,inf,352.3362726,24.66929582,352.349396,24.73732151,FOVNotMatch,2008/9/24 7:10:06,SAT_32782,3.934483296,45.2861188,SAT_01510,5.65210441,61.83411383,SAT_29008,4.481501781,64.13121
frame-u-007699-3-0040,1,No match,FALSE,N/A,inf,352.5803971,24.26833487,352.6254217,24.49776293,FOVNotMatch,2008/9/24 7:10:41,SAT_32782,3.934483296,45.47937824,SAT_01510,5.65210441,61.64085439,SAT_29008,4.481501781,63.93795056
frame-u-007698-4-0263,1,No match,FALSE,N/A,inf,319.9055134,16.26198211,319.8512795,16.24431331,FOVNotMatch,2008/9/24 6:10:28,SAT_13912,2.116171762,18.41589577,SAT_26792,0.807690359,23.96941025,SAT_06797,0.106158287,37.4020056
frame-u-007699-3-0069,1,No match,FALSE,N/A,inf,357.3034087,24.58650107,357.3604769,24.81363133,FOVNotMatch,2008/9/24 7:28:00,SAT_32782,5.830031276,45.3053349,SAT_26029,4.022606941,65.5608413,SAT_25485,12.40244745,N/A
frame-u-007675-5-0127,1,Success,TRUE,SAT_10761,3.031124019,38.81718813,2.709544686,38.84781254,2.798287662,,2008/9/6 10:51:29,SAT_10761,4.466233507,3.031124019,SAT_32776,5.507567167,9.1468967,SAT_00243,1.267103821,18.46138502
frame-u-007675-2-0167,1,No match,FALSE,N/A,inf,44.66223964,1.297729014,44.64381324,1.409099801,FOVNotMatch,2008/9/6 11:15:22,SAT_25730,0.192417082,26.18035803,SAT_10949,2.783165808,28.84121854,SAT_20011,3.51753548,39.62912727
frame-u-007675-2-0168,1,No match,FALSE,N/A,inf,44.95494472,1.330160746,44.92436182,1.513840627,FOVNotMatch,2008/9/6 11:15:58,SAT_25730,0.192417082,26.23863001,SAT_10949,2.783165808,28.89949052,SAT_20011,3.51753548,39.68739925
frame-u-007675-1-0175,1,No match,FALSE,N/A,inf,45.99524416,1.035280611,45.98662028,1.06471188,FOVNotMatch,2008/9/6 11:20:09,SAT_17587,3.035377665,19.57803036,SAT_32501,3.144750367,35.68284685,SAT_10949,0.094147477,35.93400352
frame-u-007675-2-0175,1,No match,FALSE,N/A,inf,45.92861241,1.262416843,45.86279365,1.488231737,FOVNotMatch,2008/9/6 11:20:09,SAT_17587,3.035377665,19.49460766,SAT_32501,3.144750367,35.76626955,SAT_10949,0.094147477,35.85058082
frame-u-007698-2-0053,1,No match,FALSE,N/A,inf,320.7204385,-15.01931659,320.688306,-15.10324702,FOVNotMatch,2008/9/24 4:05:04,SAT_01425,4.475116718,25.55947864,SAT_10288,0.584034123,37.43139742,SAT_10411,1.953984976,48.62102347
frame-u-007698-1-0066,1,Success,TRUE,SAT_18350,3.971972743,321.1917088,-13.08525574,321.0512546,-13.09160915,,2008/9/24 4:12:50,SAT_18350,5.737450368,3.971972743,SAT_21803,5.526185619,4.093573252,SAT_26865,5.033150407,7.302001137
frame-u-007708-2-0087,1,Success,TRUE,SAT_26898,0.090461094,340.9770026,22.25455255,340.8680545,22.27181077,,2008/10/1 8:29:28,SAT_26898,4.052505943,0.090461094,SAT_14978,3.967492411,52.6758897,SAT_06267,0.221445364,71.961246
frame-u-007709-5-0048,1,No match,FALSE,N/A,inf,29.05032454,23.70216075,29.13806467,23.74731129,FOVNotMatch,2008/10/1 10:59:56,SAT_15429,4.900756071,30.26500354,SAT_05986,4.153052196,39.91695967,SAT_14796,5.590456557,50.88418789
frame-u-007709-2-0036,1,Success,TRUE,SAT_14796,4.923231592,26.85400899,22.76310195,26.91638142,22.98134158,,2008/10/1 10:52:46,SAT_14796,3.963511662,4.923231592,SAT_28583,1.055228934,13.05889717,SAT_15429,3.642482316,14.6976908
frame-u-007709-1-0036,1,Success,TRUE,SAT_14796,4.842178571,26.73874747,22.35551732,26.80033165,22.57288905,,2008/10/1 10:52:46,SAT_14796,3.963511662,4.842178571,SAT_28583,1.055228934,12.97784415,SAT_15429,3.642482316,14.77874382
frame-u-007709-5-0069,1,No match,FALSE,N/A,inf,32.42010684,23.12535464,32.51926883,23.33594925,FOVNotMatch,2008/10/1 11:12:28,SAT_20721,0.057846988,28.12698174,SAT_31678,2.690852214,39.90651124,SAT_04644,5.781222483,53.71376959
frame-u-007709-3-0119,1,No match,FALSE,N/A,inf,40.0692068,20.67219709,40.07784724,20.90172302,FOVNotMatch,2008/10/1 11:42:20,SAT_29933,2.379297168,19.96766761,SAT_31576,0.097110625,29.81148692,SAT_08183,5.784497091,37.50714417
frame-u-007709-5-0120,1,No match,FALSE,N/A,inf,40.41422526,21.45727796,40.42174181,21.64259147,FOVNotMatch,2008/10/1 11:42:56,SAT_29933,2.379297168,20.11252821,SAT_31576,0.097110625,29.66662632,SAT_08183,5.784497091,37.65200477
frame-u-007713-6-0188,1,No match,FALSE,N/A,inf,353.1755975,18.35092419,353.2712011,18.430875,FOVNotMatch,2008/10/2 8:31:30,SAT_20760,4.526765518,17.11922976,SAT_22231,5.934925239,18.99314926,SAT_05987,4.495243015,27.39698547
frame-u-007713-5-0147,1,No match,FALSE,N/A,inf,346.867708,17.35279643,346.9344684,17.4272914,FOVNotMatch,2008/10/2 8:07:01,SAT_23756,4.22628337,31.09742382,SAT_14735,5.857649295,31.54113249,SAT_05987,3.509557757,32.59169305
frame-u-007713-6-0153,1,No match,FALSE,N/A,inf,347.6700677,17.828124,347.7702156,17.94554257,FOVNotMatch,2008/10/2 8:10:36,SAT_14735,5.857649295,30.06952891,SAT_23756,4.22628337,32.56902741,SAT_05987,3.509557757,34.06329663
frame-u-007713-3-0246,1,Success,TRUE,SAT_21049,1.82208368,2.340345699,17.45569173,2.494291392,17.49586312,,2008/10/2 9:06:08,SAT_21049,5.855465222,1.82208368,SAT_12102,2.232061573,4.203206697,SAT_23756,3.321720267,6.86142197
frame-u-007713-3-0249,1,No match,FALSE,N/A,inf,2.796643244,17.31808301,2.854400344,17.38778078,FOVNotMatch,2008/10/2 9:07:55,SAT_26777,4.052012839,26.78715916,SAT_21049,5.855465222,38.17923904,SAT_12102,2.232061573,40.56036205
frame-u-007713-5-0347,1,Success,TRUE,SAT_20760,2.461781779,18.21265499,17.83296388,18.3645747,17.85938316,,2008/10/2 10:06:26,SAT_20760,3.516546038,2.461781779,SAT_26777,3.101299343,9.42621039,SAT_23756,3.919062385,10.32993805
frame-u-007713-5-0348,1,Success,TRUE,SAT_20760,2.571320451,18.43740438,17.79711779,18.54097356,17.81493808,,2008/10/2 10:07:02,SAT_20760,3.516546038,2.571320451,SAT_26777,3.101299343,9.535749063,SAT_23756,3.919062385,10.22039938
frame-u-007713-5-0350,1,No match,FALSE,N/A,inf,18.68640216,17.84404971,18.73222822,17.88440986,FOVNotMatch,2008/10/2 10:08:13,SAT_15836,1.302070555,20.96502401,SAT_26777,3.101299343,22.99969266,SAT_20760,3.516546038,29.96412127
frame-u-007713-5-0351,1,No match,FALSE,N/A,inf,18.87024304,17.70777911,19.01525257,17.83580161,FOVNotMatch,2008/10/2 10:08:49,SAT_15836,1.302070555,21.01923524,SAT_26777,3.101299343,23.05390389,SAT_20760,3.516546038,30.0183325
frame-u-007712-5-0304,1,No match,FALSE,N/A,inf,356.1179127,3.23027571,356.1623862,3.326161259,FOVNotMatch,2008/10/2 4:53:43,SAT_21229,3.916235786,38.60740867,SAT_03428,4.0741176,55.08110283,SAT_03285,5.62447828,61.58894196
frame-u-007712-6-0138,1,Success,TRUE,SAT_07665,3.347474471,331.2580653,3.130810019,331.3359748,3.270528318,,2008/10/2 3:14:37,SAT_07665,1.597094554,3.347474471,SAT_03827,5.499496092,5.06514856,SAT_07439,2.918268707,5.526562363
frame-u-007712-2-0129,1,No match,FALSE,N/A,inf,330.019441,1.422346367,330.074927,1.646881905,FOVNotMatch,2008/10/2 3:09:14,SAT_32398,5.786785721,5.53387904,SAT_21733,0.702781791,11.49245116,SAT_28556,5.795718511,64.03914639
frame-u-007712-1-0129,1,No match,FALSE,N/A,inf,329.9323876,1.064886,329.9712195,1.224740151,FOVNotMatch,2008/10/2 3:09:14,SAT_32398,5.786785721,5.75840151,SAT_21733,0.702781791,11.26792869,SAT_28556,5.795718511,64.26366886
frame-u-007712-1-0421,1,No match,FALSE,N/A,inf,13.8115711,1.462511346,13.65519408,1.646656231,FOVNotMatch,2008/10/2 6:03:35,SAT_21318,0.850953887,35.63472592,SAT_32426,3.078953105,36.34450645,SAT_19290,0.947924927,37.1469693
frame-u-007712-2-0386,1,No match,FALSE,N/A,inf,8.572541458,2.061301762,8.544181953,2.09268222,FOVNotMatch,2008/10/2 5:42:41,SAT_31103,5.305474768,5.928594156,SAT_26050,0.852124684,31.17353749,SAT_28948,2.478220214,48.01101235
frame-u-007717-3-0315,1,No match,FALSE,N/A,inf,357.8535555,2.063594012,357.7625659,2.088743959,FOVNotMatch,2008/10/3 5:10:56,SAT_12445,5.424780112,5.277872728,SAT_26696,5.344230738,7.192625031,SAT_16393,1.970592517,13.49059948
frame-u-007717-3-0381,1,No match,FALSE,N/A,inf,7.649924023,2.181609647,7.749822309,2.223450442,FOVNotMatch,2008/10/3 5:50:21,SAT_21589,5.354935777,6.114356536,SAT_08132,5.337701482,7.057189234,SAT_05589,5.18239309,7.264587673
frame-u-007717-1-0497,1,No match,FALSE,N/A,inf,25.05457621,1.092153189,25.01459738,1.160758807,FOVNotMatch,2008/10/3 6:59:36,SAT_29422,1.86244983,28.75887607,SAT_10652,2.569556058,56.32558661,SAT_02215,5.812539924,59.71737174
frame-u-007717-6-0560,1,No match,FALSE,N/A,inf,34.55905365,3.016264236,34.65328619,3.095500017,FOVNotMatch,2008/10/3 7:37:13,SAT_09649,3.157321499,20.54054505,SAT_14115,0.277858061,26.70246633,SAT_08132,5.459030284,27.83552942
frame-u-007717-3-0589,1,Success,TRUE,SAT_25023,1.437143217,38.80498489,1.717483655,38.96926607,1.748631455,,2008/10/3 7:54:32,SAT_25023,3.88372774,1.437143217,SAT_14115,2.045953909,1.998094927,SAT_07318,5.492827091,2.547364757
frame-u-007718-5-0154,1,No match,FALSE,N/A,inf,24.91955359,5.48070484,24.85304795,5.561828027,FOVNotMatch,2008/10/3 10:01:04,SAT_28185,4.896933189,22.61451567,SAT_14741,0.831724089,24.68352688,SAT_30435,3.565667314,39.41898368
frame-u-007727-6-0109,1,No match,FALSE,N/A,inf,6.356183344,5.951148194,6.517014725,5.921920473,FOVNotMatch,2008/10/8 8:55:04,SAT_25743,4.608796382,8.597731874,SAT_03431,5.309011215,19.51590981,SAT_20799,4.78817692,24.83968201
frame-u-007727-4-0254,1,Success,TRUE,SAT_03431,0.428175901,28.13964059,4.746607766,28.30389835,4.762707955,,2008/10/8 10:21:39,SAT_03431,2.360018729,0.428175901,SAT_20799,1.114150947,5.651140162,SAT_29014,1.659360006,5.895387173
frame-u-007727-1-0283,1,No match,FALSE,N/A,inf,32.5794257,3.196076336,32.60157526,3.216305611,FOVNotMatch,2008/10/8 10:38:58,SAT_11147,3.064978673,26.07584156,SAT_17705,4.95652195,27.60449053,SAT_15574,3.833237017,28.87620135
frame-u-007727-6-0344,1,No match,FALSE,N/A,inf,41.78743035,4.853830162,41.68380356,4.943250376,FOVNotMatch,2008/10/8 11:15:23,SAT_07850,4.983619827,14.04371222,SAT_29975,4.599909939,43.40205259,SAT_03431,2.718227406,44.49852336
frame-u-007727-6-0345,1,No match,FALSE,N/A,inf,41.99600075,4.917094258,41.93513827,4.970113787,FOVNotMatch,2008/10/8 11:15:59,SAT_07850,4.983619827,13.77245697,SAT_29975,4.599909939,43.13079733,SAT_32180,3.220824581,44.48486281
frame-u-007729-6-0118,1,Success,TRUE,SAT_03431,1.597265545,8.5222006,8.527500425,8.65687477,8.550490613,,2008/10/9 9:21:27,SAT_03431,5.994341525,1.597265545,SAT_19242,4.912968063,87.7782773,SAT_16497,15.10688873,N/A
frame-u-007741-4-0050,1,No match,FALSE,N/A,inf,320.0033417,5.525721819,320.0431834,5.54912821,FOVNotMatch,2008/10/19 1:58:15,SAT_22744,4.967645464,47.80653636,SAT_13566,4.094783721,86.92655131,SAT_26915,17.39502025,N/A
frame-u-007729-2-0064,1,No match,FALSE,N/A,inf,0.42447714,6.833189745,0.369196882,6.863245619,FOVNotMatch,2008/10/9 8:49:12,SAT_00406,2.108423128,13.41499691,SAT_28556,4.058951945,29.2467295,SAT_21029,5.366805958,36.02139007
frame-u-007729-3-0161,1,No match,FALSE,N/A,inf,15.00185153,6.970592555,15.16150652,7.02220282,FOVNotMatch,2008/10/9 9:47:07,SAT_29014,4.105310689,5.120705534,SAT_10442,3.553330354,7.10067339,SAT_03431,4.155708764,10.74833294
frame-u-007741-4-0061,1,Success,TRUE,SAT_28651,2.768676263,321.6686737,5.471534505,321.5481326,5.685159584,,2008/10/19 2:04:49,SAT_28651,4.465073236,2.768676263,SAT_30983,2.518706397,5.188393984,SAT_04719,0.044767634,51.85886337
frame-u-007741-1-0085,1,No match,FALSE,N/A,inf,325.3286421,4.53094114,325.424687,4.545913705,FOVNotMatch,2008/10/19 2:19:09,SAT_10144,0.211416571,8.83453914,SAT_14493,1.95942366,10.23505026,SAT_02701,5.51056392,76.54692746
frame-u-007757-6-0026,1,Success,TRUE,SAT_26967,0.898489443,0.016471573,28.45702021,359.8910552,28.60405017,,2008/10/25 7:57:18,SAT_26967,0.60987734,0.898489443,SAT_15085,5.837470513,11.75300936,SAT_28584,1.153887064,27.13330256
frame-u-007754-6-0023,1,No match,FALSE,N/A,inf,316.1492922,4.458868556,316.2619153,4.52278217,FOVNotMatch,2008/10/25 1:47:01,SAT_22176,3.086818707,30.58219806,SAT_08746,5.667364529,41.24298455,SAT_28876,0.134033541,50.20863706
frame-u-007754-6-0024,1,No match,FALSE,N/A,inf,316.3385238,4.415784914,316.462302,4.486060257,FOVNotMatch,2008/10/25 1:47:37,SAT_22176,3.086818707,30.59180039,SAT_08746,5.667364529,41.25258688,SAT_28876,0.134033541,50.21823939
frame-u-007757-1-0193,1,No match,FALSE,N/A,inf,27.6784776,24.70972445,27.84465332,24.63032584,FOVNotMatch,2008/10/25 9:37:01,SAT_00575,1.942755561,9.380975988,SAT_01587,0.704873522,12.92815998,SAT_06939,2.301741107,21.41941676
frame-u-007757-1-0194,1,No match,FALSE,N/A,inf,27.94486067,24.68412036,28.015951,24.64961163,FOVNotMatch,2008/10/25 9:37:37,SAT_00575,1.942755561,9.00640155,SAT_01587,0.704873522,12.55358554,SAT_06939,2.301741107,21.04484232
frame-u-007754-1-0050,1,Success,TRUE,SAT_28556,4.334438484,320.3290676,2.5554529,320.4199868,2.576576194,,2008/10/25 2:03:08,SAT_28556,5.426279006,4.334438484,SAT_03956,5.479810255,4.480501542,SAT_26090,3.785294129,5.469422989
frame-u-007754-4-0212,1,No match,FALSE,N/A,inf,344.5459581,4.988098178,344.6462589,4.958809296,FOVNotMatch,2008/10/25 3:39:52,SAT_21254,5.033670614,7.021541866,SAT_25660,2.74732685,18.08784466,SAT_03029,5.754234465,26.5122753
frame-u-007754-4-0213,1,No match,FALSE,N/A,inf,344.7194648,5.034407736,344.8604265,4.992750243,FOVNotMatch,2008/10/25 3:40:28,SAT_21254,5.033670614,7.208380544,SAT_25660,2.74732685,18.27468334,SAT_03029,5.754234465,26.69911398
frame-u-007761-3-0023,1,No match,FALSE,N/A,inf,1.32558417,34.8003152,1.397308013,34.8246622,FOVNotMatch,2008/10/26 8:47:10,SAT_20971,0.603034454,6.385250468,SAT_19425,5.50567761,13.61013859,SAT_06252,0.299483315,19.02245487
frame-u-007761-3-0024,1,No match,FALSE,N/A,inf,1.510272011,34.74933861,1.70678208,34.81621775,FOVNotMatch,2008/10/26 8:47:46,SAT_20971,0.603034454,6.430353881,SAT_19425,5.50567761,13.655242,SAT_06252,0.299483315,19.06755828
frame-u-007761-2-0041,1,No match,FALSE,N/A,inf,4.652452437,34.5794248,4.727177729,34.58877644,FOVNotMatch,2008/10/26 8:57:55,SAT_26166,5.996796536,16.86085301,SAT_25162,4.26757274,59.28215284,SAT_23468,16.1823235,N/A
frame-u-007759-5-0153,1,No match,FALSE,N/A,inf,353.4644576,7.855568208,353.6110106,7.772720515,FOVNotMatch,2008/10/26 6:12:46,SAT_27867,2.272381062,56.49712413,SAT_10516,13.79307791,N/A,SAT_22231,12.52781133,N/A
frame-u-007760-2-0108,1,No match,FALSE,N/A,inf,23.41312054,6.414003213,23.57743318,6.491743591,FOVNotMatch,2008/10/26 7:32:22,SAT_20469,0.03321932,5.87177566,SAT_06976,3.3373146,9.601363604,SAT_08132,2.659957095,12.53614321
frame-u-007765-5-0166,1,No match,FALSE,N/A,inf,336.5119484,5.043383477,336.6529681,4.873600573,FOVNotMatch,2008/10/28 5:34:28,SAT_30042,3.227158216,6.683280636,SAT_26072,3.585197516,30.78426104,SAT_29099,4.665641592,36.63131317
frame-u-007765-3-0177,1,Success,TRUE,SAT_32405,3.242985587,338.1694064,4.213293877,338.3116765,4.1894996,,2008/10/28 5:41:02,SAT_32405,5.975129515,3.242985587,SAT_26807,5.164027839,4.686829181,SAT_26072,3.094548679,12.37279897
frame-u-007765-3-0178,1,Success,TRUE,SAT_32405,3.234678025,338.384307,4.239201458,338.4830016,4.222710366,,2008/10/28 5:41:38,SAT_32405,5.975129515,3.234678025,SAT_26807,5.164027839,4.678521619,SAT_26072,3.094548679,12.38110654
frame-u-007767-1-0073,1,No match,FALSE,N/A,inf,20.65378631,8.76560602,20.70337726,8.811699884,FOVNotMatch,2008/10/28 8:36:12,SAT_04881,3.542936571,30.51475656,SAT_02867,5.013571321,37.76753785,SAT_13534,5.603306698,44.04115922
frame-u-007773-4-0114,1,No match,FALSE,N/A,inf,330.0135247,10.51726389,330.0939522,10.54596123,FOVNotMatch,2008/10/29 5:53:43,SAT_27469,5.759838778,5.09890401,SAT_26076,0.675265252,6.478093682,SAT_14136,4.670826803,7.753695299
frame-u-007773-4-0115,1,No match,FALSE,N/A,inf,330.2740111,10.53951382,330.3287925,10.55898156,FOVNotMatch,2008/10/29 5:54:18,SAT_27469,5.759838778,5.025796641,SAT_26076,0.675265252,6.551201051,SAT_14136,4.670826803,7.826802667
frame-u-007773-6-0103,1,No match,FALSE,N/A,inf,328.2549831,11.23499282,328.3976323,11.22941693,FOVNotMatch,2008/10/29 5:47:09,SAT_23027,5.269536769,51.15018003,SAT_14174,4.533696192,51.82226366,SAT_23512,0.527012663,60.98158007
frame-u-007767-3-0141,1,No match,FALSE,N/A,inf,30.98650986,8.942239924,31.0773159,8.888595781,FOVNotMatch,2008/10/28 9:16:48,SAT_32764,3.194340746,8.082669291,SAT_14839,2.409492951,17.01027343,SAT_27437,5.877002298,31.83130131
frame-u-007767-3-0110,1,Success,TRUE,SAT_32764,2.724246033,26.35803575,9.230449442,26.29616292,9.250813425,,2008/10/28 8:58:18,SAT_32764,1.717394978,2.724246033,SAT_08840,5.719235302,13.33334906,SAT_02867,5.018009613,22.94688794
frame-u-007767-3-0111,1,Success,TRUE,SAT_32764,2.942852997,26.45067566,9.279755671,26.61274095,9.227094942,,2008/10/28 8:58:54,SAT_32764,1.717394978,2.942852997,SAT_08840,5.719235302,13.55195603,SAT_02867,5.018009613,22.72828098
frame-u-007767-3-0112,1,Success,TRUE,SAT_32764,2.921346761,26.73993362,9.264955976,26.76663487,9.256269009,,2008/10/28 8:59:29,SAT_32764,1.717394978,2.921346761,SAT_08840,5.719235302,13.53044979,SAT_02867,5.018009613,22.74978721
frame-u-007773-3-0135,1,No match,FALSE,N/A,inf,333.2798714,10.48865675,333.3589891,10.47846767,FOVNotMatch,2008/10/29 6:06:15,SAT_30536,3.376445854,27.29398119,SAT_14136,2.644022985,34.03154878,SAT_30354,3.392410835,36.61383894
frame-u-007773-1-0141,1,Success,TRUE,SAT_12534,0.207249421,334.3701361,9.774964374,334.2348392,9.957985857,,2008/10/29 6:09:50,SAT_12534,1.267833525,0.207249421,SAT_06848,4.576910484,6.868196914,SAT_28915,3.610570995,9.5400825
frame-u-007770-6-0134,1,No match,FALSE,N/A,inf,332.3516985,9.287638245,332.3703558,9.405758501,FOVNotMatch,2008/10/29 2:46:06,SAT_28381,1.996621864,14.97106843,SAT_27409,0.09303157,28.31274887,SAT_10870,0.265637173,29.58335781
frame-u-007773-2-0142,1,No match,FALSE,N/A,inf,334.4029483,10.17217178,334.3354838,10.26344843,FOVNotMatch,2008/10/29 6:10:26,SAT_28915,1.948610628,10.16908018,SAT_09980,2.833289643,19.7026358,SAT_20005,1.461925444,20.63820298
frame-u-007773-6-0214,1,Success,TRUE,SAT_02327,0.252694908,345.1285526,13.03861433,345.2699802,13.02318459,,2008/10/29 6:53:25,SAT_02327,4.669903548,0.252694908,SAT_19561,0.289597198,9.971549767,SAT_26789,4.423055823,11.08841361
frame-u-007773-6-0428,1,No match,FALSE,N/A,inf,18.05476842,13.36974319,18.16523776,13.37387686,FOVNotMatch,2008/10/29 9:01:12,SAT_27465,0.424109203,7.953191623,SAT_27546,0.781474312,8.561801213,SAT_06155,5.460047648,11.66815401
frame-u-007773-5-0456,1,Success,TRUE,SAT_32764,1.706500734,22.42436103,12.66913806,22.48935802,12.64416733,,2008/10/29 9:17:55,SAT_32764,4.980263771,1.706500734,SAT_01981,4.656743051,25.86494592,SAT_07824,1.218157243,37.22092996
frame-u-007777-5-0026,1,No match,FALSE,N/A,inf,314.8183437,8.590685965,314.9592297,8.719805379,FOVNotMatch,2008/10/30 1:35:04,SAT_10934,2.955391851,29.02851366,SAT_22969,0.996780934,37.02984604,SAT_01613,0.040194077,64.37470214
frame-u-007778-5-0051,1,Success,TRUE,SAT_26471,0.747006937,320.1540377,-1.05716376,320.2510822,-1.047786449,,2008/10/30 3:31:57,SAT_26471,5.971929478,0.747006937,SAT_04478,3.020083737,2.734335688,SAT_19054,4.581271059,2.857674311
frame-u-007778-5-0092,1,Success,TRUE,SAT_26471,1.364175613,326.2937243,-1.317166651,326.4513425,-1.31191362,,2008/10/30 3:56:26,SAT_26471,5.739983263,1.364175613,SAT_28790,5.465601237,1.904154364,SAT_25922,4.076236376,1.92126223
frame-u-007778-2-0203,1,No match,FALSE,N/A,inf,343.0243902,-2.943021812,343.0023184,-2.718386055,FOVNotMatch,2008/10/30 5:02:43,SAT_27918,4.294498927,7.256665911,SAT_28915,2.506194531,15.87030819,SAT_31780,1.709772985,33.11051332
frame-u-007778-4-0170,1,No match,FALSE,N/A,inf,337.9568145,-1.990901356,338.048691,-1.791007024,FOVNotMatch,2008/10/30 4:43:00,SAT_10286,0.479269363,17.40311628,SAT_23044,4.900277517,46.46829584,SAT_23512,0.023767307,46.98829898
frame-u-007778-5-0231,1,No match,FALSE,N/A,inf,347.0995027,-1.695594369,347.1917183,-1.708352607,FOVNotMatch,2008/10/30 5:19:26,SAT_32254,5.402284456,5.228922486,SAT_27954,3.788328328,7.856642163,SAT_28252,4.356777779,7.862292305
frame-u-007778-5-0232,1,No match,FALSE,N/A,inf,347.2645229,-1.680851198,347.4122945,-1.701366516,FOVNotMatch,2008/10/30 5:20:01,SAT_32254,5.402284456,5.255824041,SAT_27954,3.788328328,7.883543717,SAT_28252,4.356777779,7.88919386
frame-u-007778-2-0264,1,Success,TRUE,SAT_27429,3.494617649,352.029932,-2.913780536,352.1923157,-2.96375014,,2008/10/30 5:39:08,SAT_27429,2.848295984,3.494617649,SAT_26471,4.898545387,11.34225997,SAT_32254,4.375028962,12.75421238
frame-u-007778-3-0271,1,No match,FALSE,N/A,inf,353.0817152,-2.6163027,353.2034935,-2.653048568,FOVNotMatch,2008/10/30 5:43:19,SAT_26471,4.987262098,10.5105243,SAT_32254,4.86328329,12.02579966,SAT_27954,2.925833661,16.78644022
frame-u-007778-3-0272,1,No match,FALSE,N/A,inf,353.2317714,-2.57381593,353.3948191,-2.623053132,FOVNotMatch,2008/10/30 5:43:55,SAT_26471,4.987262098,10.52248505,SAT_32254,4.86328329,12.03776041,SAT_27954,2.925833661,16.79840097
frame-u-007778-3-0276,1,No match,FALSE,N/A,inf,353.9332701,-2.434428919,353.9958011,-2.453067552,FOVNotMatch,2008/10/30 5:46:18,SAT_26471,4.987262098,10.31492604,SAT_32254,4.86328329,11.8302014,SAT_27954,2.925833661,16.59084196
frame-u-007778-2-0417,1,Success,TRUE,SAT_11622,4.681682545,14.96857459,-2.966062286,15.12853211,-2.904265665,,2008/10/30 7:10:29,SAT_11622,4.114307564,4.681682545,SAT_28520,2.633621783,5.22058351,SAT_14117,3.858478735,5.728034532
frame-u-007778-3-0422,1,Success,TRUE,SAT_29011,4.316300971,15.79577821,-2.465157334,15.87449873,-2.503192801,,2008/10/30 7:13:28,SAT_29011,3.029420529,4.316300971,SAT_26110,4.787798409,24.74876637,SAT_27954,2.514936116,25.79962114
frame-u-007778-4-0616,1,No match,FALSE,N/A,inf,44.88252459,-1.621891007,44.77354393,-1.48303886,FOVNotMatch,2008/10/30 9:09:18,SAT_15469,3.454953381,23.70324354,SAT_32185,3.567035862,38.54098148,SAT_30060,0.597631822,42.4166527
frame-u-007780-1-0140,1,No match,FALSE,N/A,inf,35.64153166,-3.281821771,35.80568907,-3.313731573,FOVNotMatch,2008/10/31 8:23:14,SAT_26741,4.248322403,6.376673991,SAT_26850,4.008761255,9.079111173,SAT_02218,4.01574016,9.520761913
frame-u-007780-1-0141,1,No match,FALSE,N/A,inf,35.79054225,-3.245869793,35.95485871,-3.277871505,FOVNotMatch,2008/10/31 8:23:50,SAT_26741,4.248322403,6.396810689,SAT_26850,4.008761255,9.099247871,SAT_02218,4.01574016,9.540898611
frame-u-007780-1-0142,1,No match,FALSE,N/A,inf,35.93970304,-3.209889398,36.10404611,-3.241774845,FOVNotMatch,2008/10/31 8:24:26,SAT_26741,4.248322403,6.355566902,SAT_26850,4.008761255,9.058004083,SAT_02218,4.01574016,9.499654823
frame-u-007780-1-0143,1,No match,FALSE,N/A,inf,36.08906552,-3.174055658,36.2532415,-3.205787165,FOVNotMatch,2008/10/31 8:25:02,SAT_26741,4.248322403,6.31425511,SAT_26850,4.008761255,9.016692292,SAT_02218,4.01574016,9.458343032
frame-u-007780-1-0144,1,No match,FALSE,N/A,inf,36.37291919,-3.164291912,36.40240003,-3.17001157,FOVNotMatch,2008/10/31 8:25:38,SAT_26741,4.248322403,6.354683216,SAT_26850,4.008761255,9.057120397,SAT_02218,4.01574016,9.498771138
frame-u-007780-2-0152,1,No match,FALSE,N/A,inf,37.43121548,-2.852011124,37.59519443,-2.883391434,FOVNotMatch,2008/10/31 8:30:24,SAT_26741,3.87153195,5.559223999,SAT_26850,3.827222293,8.032385935,SAT_02218,3.877773726,9.210336102
frame-u-007780-2-0153,1,No match,FALSE,N/A,inf,37.58014318,-2.816260658,37.74430209,-2.847529974,FOVNotMatch,2008/10/31 8:31:00,SAT_26741,3.87153195,5.509864358,SAT_26850,3.827222293,7.983026294,SAT_02218,3.877773726,9.16097646
frame-u-007780-2-0154,1,No match,FALSE,N/A,inf,37.72907424,-2.780483082,37.89340598,-2.811723921,FOVNotMatch,2008/10/31 8:31:36,SAT_26741,3.87153195,5.488858474,SAT_26850,3.827222293,7.96202041,SAT_02218,3.877773726,9.139970577
frame-u-007780-2-0155,1,No match,FALSE,N/A,inf,37.87853016,-2.745013213,38.04250142,-2.776029543,FOVNotMatch,2008/10/31 8:32:12,SAT_26741,3.87153195,5.435873262,SAT_26850,3.827222293,7.909035198,SAT_02218,3.877773726,9.086985364
frame-u-007784-6-0069,1,No match,FALSE,N/A,inf,340.7206086,10.0356959,340.5640275,10.03184966,FOVNotMatch,2008/11/1 6:25:31,SAT_25772,2.387221089,10.04425385,SAT_21049,2.659617946,21.31513639,SAT_26777,2.314857955,26.91268496
frame-u-007780-3-0164,1,Success,TRUE,SAT_26741,4.751924623,39.21957832,-2.42470313,39.38372539,-2.455350708,,2008/10/31 8:37:34,SAT_26741,3.219486219,4.751924623,SAT_26850,3.527746951,6.977662901,SAT_02218,3.974479174,8.831307757
frame-u-007780-3-0165,1,Success,TRUE,SAT_26741,4.708473111,39.36844957,-2.389231141,39.53276382,-2.419781908,,2008/10/31 8:38:10,SAT_26741,3.219486219,4.708473111,SAT_26850,3.527746951,6.934211388,SAT_02218,3.974479174,8.787856245
frame-u-007780-3-0167,1,Success,TRUE,SAT_26741,4.67367867,39.66671645,-2.318296706,39.83086399,-2.348715002,,2008/10/31 8:39:22,SAT_26741,3.219486219,4.67367867,SAT_26850,3.527746951,6.899416947,SAT_02218,3.974479174,8.753061804
frame-u-007780-3-0169,1,Success,TRUE,SAT_26741,4.695912724,39.9647661,-2.247476835,40.12889169,-2.277958406,,2008/10/31 8:40:33,SAT_26741,3.219486219,4.695912724,SAT_26850,3.527746951,6.921651002,SAT_02218,3.974479174,8.775295858
frame-u-007780-4-0176,1,Success,TRUE,SAT_26741,4.047169429,41.0079825,-2.000354344,41.09154998,-2.015711965,,2008/10/31 8:44:44,SAT_26741,2.56087087,4.047169429,SAT_26850,3.403047279,5.974381835,SAT_02218,4.142848952,8.550289608
frame-u-007780-4-0182,1,Success,TRUE,SAT_26741,3.952328288,41.90153949,-1.789279525,42.06547414,-1.819129886,,2008/10/31 8:48:19,SAT_26741,2.56087087,3.952328288,SAT_26850,3.403047279,5.879540694,SAT_02218,4.142848952,8.455448468
frame-u-007784-4-0240,1,No match,FALSE,N/A,inf,6.576942564,10.13857137,6.717061044,10.2238735,FOVNotMatch,2008/11/1 8:07:37,SAT_21589,5.941545704,13.25294571,SAT_30603,2.638526354,17.87011458,SAT_02436,1.786072232,22.54969762
frame-u-007784-4-0240,2,Success,TRUE,SAT_12086,0.05788491,6.577011719,10.0833883,6.742653634,10.09882703,,2008/11/1 8:07:37,SAT_12086,1.364067046,0.05788491,SAT_21948,3.971485731,0.088760289,SAT_06680,0.250916117,3.122387007
frame-u-007784-1-0240,1,No match,FALSE,N/A,inf,6.570980455,8.813041864,6.707999221,8.783201389,FOVNotMatch,2008/11/1 8:07:37,SAT_20559,4.667801301,12.80103281,SAT_21948,3.971485731,17.74732787,SAT_12086,1.364067046,17.89397307
frame-u-007784-2-0254,1,Success,TRUE,SAT_14839,0.232440521,8.696051481,9.214777829,8.822818099,9.183832802,,2008/11/1 8:15:58,SAT_14839,4.292548677,0.232440521,SAT_01361,5.153460021,11.97246823,SAT_25097,0.241155362,17.70875586
frame-u-007780-4-0183,1,Success,TRUE,SAT_26741,3.472506375,42.10875284,-1.764997673,42.21440434,-1.783916225,,2008/10/31 8:48:55,SAT_26741,2.417347179,3.472506375,SAT_26850,3.576946942,5.200209343,SAT_02218,4.239897558,8.221187156
frame-u-007784-2-0261,1,No match,FALSE,N/A,inf,9.771544096,9.277795359,9.924093736,9.26194887,FOVNotMatch,2008/11/1 8:20:09,SAT_21948,5.772001159,9.486845984,SAT_21275,2.463419005,17.23698534,SAT_12497,5.65430463,17.81885844
frame-u-007784-2-0261,2,Success,TRUE,SAT_26410,1.321601286,9.765977626,9.295848318,9.784728255,9.354905532,,2008/11/1 8:20:09,SAT_26410,5.55651591,1.321601286,SAT_26463,5.393891022,3.311871126,SAT_06852,3.715552293,19.38812325
frame-u-007780-5-0190,1,Success,TRUE,SAT_26741,3.179317302,43.25657358,-1.53877311,43.092193,-1.509283821,,2008/10/31 8:53:06,SAT_26741,1.851125197,3.179317302,SAT_26850,3.646438546,4.687614325,SAT_10793,4.603945455,5.323017602
frame-u-007780-5-0191,1,Success,TRUE,SAT_26741,3.110557969,43.40526718,-1.503726405,43.24107832,-1.47447431,,2008/10/31 8:53:41,SAT_26741,1.851125197,3.110557969,SAT_26850,3.646438546,4.618854992,SAT_10793,4.603945455,5.391776935
frame-u-007780-5-0192,1,Success,TRUE,SAT_26741,3.038146665,43.39040715,-1.439881714,43.55446907,-1.468897835,,2008/10/31 8:54:17,SAT_26741,1.851125197,3.038146665,SAT_26850,3.646438546,4.546443688,SAT_10793,4.603945455,5.464188239
frame-u-007780-5-0194,1,Success,TRUE,SAT_26741,3.047362225,43.68789741,-1.370167283,43.85218023,-1.399250592,,2008/10/31 8:55:29,SAT_26741,1.851125197,3.047362225,SAT_26850,3.646438546,4.555659249,SAT_10793,4.603945455,5.454972678
frame-u-007780-5-0195,1,Success,TRUE,SAT_26741,3.034969587,43.83696185,-1.335398176,44.00107612,-1.364415469,,2008/10/31 8:56:05,SAT_26741,1.851125197,3.034969587,SAT_26850,3.646438546,4.54326661,SAT_10793,4.603945455,5.467365317
frame-u-007787-2-0061,1,Success,TRUE,SAT_25743,1.319517481,338.6344095,10.43725376,338.530768,10.4496644,,2008/11/2 6:07:51,SAT_25743,5.499356343,1.319517481,SAT_23590,5.477851527,10.16447185,SAT_14136,0.622466087,32.12924231
frame-u-007787-6-0085,1,Success,TRUE,SAT_25117,1.635491208,342.1906143,12.49399624,342.019205,12.5358495,,2008/11/2 6:22:11,SAT_25117,3.759504163,1.635491208,SAT_26789,4.888221588,8.767157725,SAT_14839,0.141311782,21.10590662
frame-u-007780-2-0197,1,No match,FALSE,N/A,inf,44.23436129,-2.660846319,44.33937644,-2.755604629,FOVNotMatch,2008/10/31 8:57:16,SAT_26919,0.498845395,21.0193224,SAT_26741,2.936054493,34.78915416,SAT_26850,4.51443009,36.05711304
frame-u-007780-6-0203,1,Success,TRUE,SAT_26741,2.697674046,45.02756468,-1.058429372,45.09174092,-1.069744864,,2008/10/31 9:00:51,SAT_26741,2.936054493,2.697674046,SAT_26850,4.51443009,3.965632933,SAT_02218,4.406256774,7.935022562
frame-u-007780-6-0204,1,Success,TRUE,SAT_26741,2.182262889,45.17656769,-1.024178188,45.34058173,-1.052484517,,2008/10/31 9:01:27,SAT_26741,1.112718579,2.182262889,SAT_26850,4.371341509,3.187923286,SAT_02218,4.732604287,7.663172491
frame-u-007780-6-0206,1,Success,TRUE,SAT_26741,2.170074647,45.47421133,-0.955181521,45.63827587,-0.983461229,,2008/10/31 9:02:39,SAT_26741,1.112718579,2.170074647,SAT_26850,4.371341509,3.175735044,SAT_02218,4.732604287,7.650984249
frame-u-007787-5-0146,1,No match,FALSE,N/A,inf,351.436474,12.65001092,351.3903054,12.65788007,FOVNotMatch,2008/11/2 6:58:36,SAT_14049,0.580202601,18.97136006,SAT_11168,2.897489417,19.09765564,SAT_21948,5.33672113,20.37522733
frame-u-007787-5-0147,1,No match,FALSE,N/A,inf,351.7110282,12.67026019,351.5417861,12.69985612,FOVNotMatch,2008/11/2 6:59:12,SAT_14049,0.580202601,19.22478723,SAT_11168,2.897489417,19.35108282,SAT_21948,5.33672113,20.62865451
frame-u-007787-5-0148,1,No match,FALSE,N/A,inf,351.8621843,12.71231961,351.8161123,12.7202559,FOVNotMatch,2008/11/2 6:59:47,SAT_14049,0.580202601,19.07714056,SAT_11168,2.897489417,19.20343615,SAT_21948,5.33672113,20.48100783
frame-u-007784-4-0401,1,No match,FALSE,N/A,inf,31.13069835,9.061484291,31.01087901,9.110761743,FOVNotMatch,2008/11/1 9:43:44,SAT_21948,5.834808427,15.6902322,SAT_03431,5.245242995,26.60859846,SAT_21635,3.589478802,31.40597468
frame-u-007808-4-0032,1,No match,FALSE,N/A,inf,333.5053022,8.938565926,333.3483678,8.844584281,FOVNotMatch,2008/11/17 2:48:53,SAT_25064,5.610956558,38.5710454,SAT_22098,0.013331038,52.0751827,SAT_10089,2.794128372,83.64077029
frame-u-007812-1-0081,1,No match,FALSE,N/A,inf,320.3096186,-2.83897152,320.3306849,-2.808007589,FOVNotMatch,2008/11/18 1:58:31,SAT_28556,1.270735759,36.49838448,SAT_02651,2.855034895,52.33023629,SAT_02649,3.215661068,52.40143358
frame-u-007812-2-0081,1,No match,FALSE,N/A,inf,320.4597204,-2.617097414,320.4809269,-2.586375483,FOVNotMatch,2008/11/18 1:58:31,SAT_28556,1.270735759,36.10671169,SAT_02651,2.855034895,51.9385635,SAT_02649,3.215661068,52.00976079
frame-u-007812-1-0082,1,No match,FALSE,N/A,inf,320.5515404,-2.932719331,320.6235168,-2.82681781,FOVNotMatch,2008/11/18 1:59:07,SAT_28556,1.270735759,36.52691138,SAT_02651,2.855034895,52.35876319,SAT_02649,3.215661068,52.42996048
frame-u-007814-2-0066,1,No match,FALSE,N/A,inf,347.55457,8.96704235,347.48971,8.98571366,FOVNotMatch,2008/11/19 4:47:02,SAT_25334,3.446956164,7.679189765,SAT_21087,1.401432485,27.71040652,SAT_27867,3.596623408,44.1861518
frame-u-007814-3-0044,1,No match,FALSE,N/A,inf,344.0812162,9.143800662,344.1653371,9.262289557,FOVNotMatch,2008/11/19 4:33:54,SAT_28834,4.22368618,24.77156786,SAT_27867,3.302635165,26.27085134,SAT_26777,4.975532673,29.06688253
frame-u-007814-4-0142,1,No match,FALSE,N/A,inf,358.8897065,10.3027061,358.9554888,10.27576786,FOVNotMatch,2008/11/19 5:32:24,SAT_26898,1.233324904,5.526857723,SAT_25334,1.822824181,11.25617551,SAT_28834,2.748801264,22.52935341
frame-u-007814-4-0143,1,No match,FALSE,N/A,inf,359.0406076,10.37057038,359.2070391,10.30249694,FOVNotMatch,2008/11/19 5:33:00,SAT_26898,1.233324904,5.548021988,SAT_25334,1.822824181,11.23501125,SAT_28834,2.748801264,22.50818914
frame-u-007814-2-0096,1,No match,FALSE,N/A,inf,351.9309469,9.208633188,351.9912774,9.208872288,FOVNotMatch,2008/11/19 5:04:56,SAT_25334,2.10322137,9.927711381,SAT_12497,3.521562597,15.52987976,SAT_19595,4.62576835,24.90645561
frame-u-007812-2-0129,1,No match,FALSE,N/A,inf,327.5333088,-2.818461297,327.597282,-2.596766718,FOVNotMatch,2008/11/18 2:27:11,SAT_08153,2.372740504,6.334504891,SAT_18340,0.067651964,29.85302646,SAT_20556,5.633307035,39.68671567
frame-u-007812-3-0129,1,No match,FALSE,N/A,inf,327.6525273,-2.402734804,327.683883,-2.294587481,FOVNotMatch,2008/11/18 2:27:11,SAT_08153,2.372740504,6.411140233,SAT_18340,0.067651964,29.9296618,SAT_20556,5.633307035,39.76335102
frame-u-007812-1-0130,1,No match,FALSE,N/A,inf,327.7293576,-3.186413311,327.7773618,-3.020344385,FOVNotMatch,2008/11/18 2:27:47,SAT_08153,2.372740504,6.355450683,SAT_18340,0.067651964,29.87397225,SAT_20556,5.633307035,39.70766147
frame-u-007824-6-0216,1,No match,FALSE,N/A,inf,344.8950145,-3.539213937,345.0348093,-3.445936736,FOVNotMatch,2008/11/20 4:46:57,SAT_10471,1.794395727,14.7609328,SAT_11567,2.433598839,20.63163699,SAT_03431,5.962304895,22.79011741
frame-u-007824-3-0400,1,No match,FALSE,N/A,inf,12.51158339,-5.102049169,12.61710211,-5.158001407,FOVNotMatch,2008/11/20 6:36:48,SAT_32712,3.956422796,25.26809104,SAT_21223,4.950569754,26.21100799,SAT_26495,4.430630037,28.04542614
frame-u-007824-3-0260,1,Success,TRUE,SAT_26789,1.810543156,351.4685334,-4.872694459,351.6254841,-4.958518473,,2008/11/20 5:13:13,SAT_26789,2.911743391,1.810543156,SAT_23867,5.830057924,13.80500352,SAT_23490,0.649534162,22.32329308
frame-u-007824-6-0325,1,No match,FALSE,N/A,inf,1.242617367,-3.8379406,1.33962555,-3.876737602,FOVNotMatch,2008/11/20 5:52:01,SAT_26471,3.699190812,11.90428802,SAT_25964,3.432771419,16.49553534,SAT_26495,4.41136602,21.85048492
frame-u-007845-2-0097,1,No match,FALSE,N/A,inf,23.02277787,15.9222728,23.15575589,15.87853723,FOVNotMatch,2008/12/4 7:29:21,SAT_03978,2.582503338,13.52532454,SAT_11926,0.068495797,26.98075804,SAT_18334,3.398216571,28.69938464
frame-u-007845-2-0099,1,No match,FALSE,N/A,inf,23.35858648,15.9593202,23.50472223,15.91119245,FOVNotMatch,2008/12/4 7:30:33,SAT_03978,2.582503338,13.55197777,SAT_11926,0.068495797,27.00741128,SAT_18334,3.398216571,28.72603788
frame-u-007880-5-0027,1,No match,FALSE,N/A,inf,357.6200335,10.54781975,357.6726824,10.66982686,FOVNotMatch,2008/12/30 2:07:26,SAT_20793,4.478877282,50.33698689,SAT_07029,0.154125763,56.68952406,SAT_13160,3.943882035,76.33639253
frame-u-007880-1-0037,1,No match,FALSE,N/A,inf,359.0601488,9.050090808,359.1925682,9.047695421,FOVNotMatch,2008/12/30 2:13:24,SAT_18114,5.230089979,9.710799407,SAT_07269,1.15927576,10.31375793,SAT_13770,0.384877218,21.29270244
frame-u-007880-2-0102,1,No match,FALSE,N/A,inf,8.918259359,9.554408908,9.073152886,9.485885892,FOVNotMatch,2008/12/30 2:52:13,SAT_23614,2.219050662,5.635323339,SAT_04297,5.629469674,33.26220208,SAT_29059,1.228701575,35.81499331
frame-u-007881-3-0020,1,No match,FALSE,N/A,inf,359.75274,-5.165786107,359.7983412,-5.200849019,FOVNotMatch,2008/12/30 3:22:10,SAT_20229,5.182796031,24.30834494,SAT_26490,3.198098734,30.9992474,SAT_27026,3.06703387,31.91864836
frame-u-007881-4-0172,1,No match,FALSE,N/A,inf,22.4746518,-4.621021201,22.56523748,-4.535543947,FOVNotMatch,2008/12/30 4:52:55,SAT_28430,2.163135998,26.72794547,SAT_32985,4.11360605,28.59137156,SAT_18570,4.031193621,29.28878827
frame-u-007881-4-0173,1,No match,FALSE,N/A,inf,22.69001434,-4.692787416,22.78791056,-4.600438677,FOVNotMatch,2008/12/30 4:53:31,SAT_28430,2.163135998,26.72239981,SAT_32985,4.11360605,28.5858259,SAT_18570,4.031193621,29.28324261
frame-u-007881-2-0185,1,Success,TRUE,SAT_23754,3.005354959,24.50860149,-5.541759031,24.55637566,-5.544228733,,2008/12/30 5:00:41,SAT_23754,3.207962166,3.005354959,SAT_26639,5.590562137,3.041706621,SAT_33059,3.53289901,3.572742537
frame-u-007881-1-0205,1,No match,FALSE,N/A,inf,27.57959371,-5.8695146,27.63797815,-5.81598749,FOVNotMatch,2008/12/30 5:12:37,SAT_18570,3.850170245,28.5244168,SAT_19776,1.577129423,28.55748875,SAT_19765,5.292269098,28.8520932
frame-u-007881-5-0237,1,No match,FALSE,N/A,inf,32.37918543,-3.92001306,32.21459765,-3.892302083,FOVNotMatch,2008/12/30 5:31:44,SAT_23754,2.635008799,9.614599075,SAT_25585,3.060304,10.30388639,SAT_33059,3.110674666,10.37999857
frame-u-007881-6-0248,1,No match,FALSE,N/A,inf,34.01475577,-3.511567872,33.84979085,-3.485005919,FOVNotMatch,2008/12/30 5:38:18,SAT_01317,5.393868768,7.830558043,SAT_00963,0.639640443,8.826591665,SAT_23754,3.606278055,9.200624586
frame-u-007881-6-0249,1,No match,FALSE,N/A,inf,33.99859804,-3.448055921,34.1632337,-3.474689471,FOVNotMatch,2008/12/30 5:38:54,SAT_01317,5.393868768,7.872545174,SAT_00963,0.639640443,8.784604533,SAT_23754,3.606278055,9.242611718
frame-u-007881-6-0250,1,No match,FALSE,N/A,inf,34.31193101,-3.437668808,34.14754391,-3.411024373,FOVNotMatch,2008/12/30 5:39:30,SAT_01317,5.393868768,7.889576408,SAT_00963,0.639640443,8.7675733,SAT_23754,3.606278055,9.259642951
frame-u-007881-6-0251,1,No match,FALSE,N/A,inf,34.29577178,-3.374174376,34.46065345,-3.400551873,FOVNotMatch,2008/12/30 5:40:05,SAT_01317,5.393868768,7.771466028,SAT_00963,0.639640443,8.88568368,SAT_23754,3.606278055,9.141532571
frame-u-007881-6-0253,1,No match,FALSE,N/A,inf,34.59282645,-3.300241562,34.75774413,-3.326521923,FOVNotMatch,2008/12/30 5:41:17,SAT_01317,5.393868768,7.735873978,SAT_00963,0.639640443,8.92127573,SAT_23754,3.606278055,9.105940521
frame-u-001662-1-0138,1,No match,FALSE,N/A,inf,351.0548128,-10.90634566,350.8905612,-10.88434173,FOVNotMatch,2000/9/4 10:11:02,SAT_23239,3.757222939,5.051655628,SAT_21392,5.856564101,7.770537423,SAT_22883,2.34957024,8.479779914
frame-u-001662-1-0139,1,No match,FALSE,N/A,inf,351.2078913,-10.89899724,351.0437203,-10.87683897,FOVNotMatch,2000/9/4 10:11:38,SAT_23239,3.757222939,5.109066331,SAT_21392,5.856564101,7.827948126,SAT_22883,2.34957024,8.537190616
frame-u-001662-1-0140,1,No match,FALSE,N/A,inf,351.360182,-10.89149714,351.2356643,-10.87429853,FOVNotMatch,2000/9/4 10:12:14,SAT_23239,3.757222939,5.289302738,SAT_21392,5.856564101,8.008184533,SAT_22883,2.34957024,8.717427024
frame-u-001662-6-0144,1,No match,FALSE,N/A,inf,352.049662,-8.89366906,351.9590397,-8.811382106,FOVNotMatch,2000/9/4 10:14:37,SAT_09951,3.906572332,11.30407986,SAT_03390,5.020735924,27.32679212,SAT_23239,3.757222939,39.86513268
frame-u-001662-1-0131,1,Success,TRUE,SAT_03174,2.514573291,349.9038266,-10.90736607,349.8368679,-10.82671247,,2000/9/4 10:06:51,SAT_03174,3.277925572,2.514573291,SAT_15935,1.172974384,24.63249137,SAT_15764,1.286744085,29.12227202
frame-u-001662-1-0134,1,Success,TRUE,SAT_10465,2.119363389,350.3908659,-10.92877581,350.2788457,-10.91323546,,2000/9/4 10:08:39,SAT_10465,3.175340747,2.119363389,SAT_23239,3.449601548,5.523894843,SAT_21392,5.818183215,8.043351374
frame-u-001662-1-0135,1,Success,TRUE,SAT_10465,1.827869751,350.5962858,-10.9284233,350.4315395,-10.90640688,,2000/9/4 10:09:14,SAT_10465,3.175340747,1.827869751,SAT_23239,3.449601548,5.232401204,SAT_21392,5.818183215,7.751857736
frame-u-001662-1-0136,1,Success,TRUE,SAT_10465,1.845081062,350.7489949,-10.92094052,350.5842344,-10.89887214,,2000/9/4 10:09:50,SAT_10465,3.175340747,1.845081062,SAT_23239,3.449601548,5.249612515,SAT_21392,5.818183215,7.769069047
frame-u-001662-1-0137,1,Success,TRUE,SAT_10465,1.869431651,350.902022,-10.9139914,350.7377707,-10.89192089,,2000/9/4 10:10:26,SAT_10465,3.175340747,1.869431651,SAT_23239,3.449601548,5.273963104,SAT_21392,5.818183215,7.793419636
frame-u-001659-4-0285,1,No match,FALSE,N/A,inf,348.0750741,-9.359705716,348.0108095,-9.132120631,FOVNotMatch,2000/9/3 7:08:16,SAT_22413,5.494552061,13.76984801,SAT_07629,3.889632964,26.85055999,SAT_22877,3.232285443,45.00910083
frame-u-001659-2-0242,1,Success,TRUE,SAT_22089,4.031990612,341.4312006,-9.805551148,341.5210705,-9.735062813,,2000/9/3 6:42:36,SAT_22089,3.401522773,4.031990612,SAT_03029,3.862577101,22.47670398,SAT_05587,1.718292954,22.50874445
frame-u-001666-1-0170,1,No match,FALSE,N/A,inf,356.7633247,-11.0233038,356.7472877,-10.92039058,FOVNotMatch,2000/9/5 9:55:02,SAT_07625,0.439958916,20.46031035,SAT_21833,5.729338658,37.22549365,SAT_09821,3.959820052,73.43465037
frame-u-001666-5-0205,1,No match,FALSE,N/A,inf,1.95364314,-9.49437391,2.118664885,-9.536909996,FOVNotMatch,2000/9/5 10:15:56,SAT_22117,4.857390299,14.60527102,SAT_23016,4.621541993,14.61786763,SAT_19686,2.165753003,14.62756187
frame-u-001666-2-0229,1,Success,TRUE,SAT_21833,1.739314322,5.668640525,-10.8227152,5.600144802,-10.75489957,,2000/9/5 10:30:15,SAT_21833,4.568997559,1.739314322,SAT_00862,5.943240012,26.85671112,SAT_23866,5.073572768,35.35802318
frame-u-001666-5-0258,1,Success,TRUE,SAT_10886,2.54241781,10.10193907,-9.529388146,10.15836054,-9.304801499,,2000/9/5 10:47:34,SAT_10886,2.480207953,2.54241781,SAT_08419,1.854647836,22.5968038,SAT_22183,0.07198774,29.92349404
frame-u-001666-4-0271,1,No match,FALSE,N/A,inf,12.03732154,-9.718741094,12.14480199,-9.763562617,FOVNotMatch,2000/9/5 10:55:20,SAT_23866,4.107009,11.75629785,SAT_00172,4.309888601,15.78054917,SAT_24786,5.92217247,22.88629922
frame-u-001666-6-0274,1,No match,FALSE,N/A,inf,12.41883266,-9.024691266,12.49324183,-8.840878358,FOVNotMatch,2000/9/5 10:57:07,SAT_25372,2.232727569,40.99211314,SAT_01359,0.518463697,42.77741623,SAT_14616,0.039309205,46.8835586
frame-u-001666-5-0275,1,No match,FALSE,N/A,inf,12.60303035,-9.31031999,12.6243927,-9.256971556,FOVNotMatch,2000/9/5 10:57:43,SAT_25372,2.232727569,41.22532428,SAT_01359,0.518463697,43.01062738,SAT_14616,0.039309205,46.65034746
frame-u-001666-6-0275,1,No match,FALSE,N/A,inf,12.7042939,-9.059922904,12.73413321,-8.986503512,FOVNotMatch,2000/9/5 10:57:43,SAT_25372,2.232727569,40.91836118,SAT_01359,0.518463697,42.70366428,SAT_14616,0.039309205,46.95731056
frame-u-001729-3-0075,1,No match,FALSE,N/A,inf,358.7432597,-10.32257082,358.8253221,-10.22165244,FOVNotMatch,2000/9/26 7:10:09,SAT_10000,1.725548755,35.2091674,SAT_24654,1.681880365,35.37560513,SAT_11353,4.412590832,37.32101583
frame-u-001729-1-0217,1,Success,TRUE,SAT_15484,0.893214153,20.37523434,-10.68311789,20.40739851,-10.67628072,,2000/9/26 8:34:56,SAT_15484,2.535550425,0.893214153,SAT_14394,4.210665158,1.180467136,SAT_08838,3.761151427,1.503955224
frame-u-001729-1-0220,1,Success,TRUE,SAT_14394,0.955794313,20.96634906,-10.70826768,20.99931229,-10.70112816,,2000/9/26 8:36:43,SAT_14394,4.210665158,0.955794313,SAT_15484,2.535550425,1.117886976,SAT_08838,3.761151427,1.2792824
frame-u-001729-3-0322,1,No match,FALSE,N/A,inf,36.39483115,-8.775251134,36.33474156,-8.805065627,FOVNotMatch,2000/9/26 9:37:38,SAT_11964,4.607977635,12.28665069,SAT_08838,4.34989604,12.82725114,SAT_14394,4.637142625,13.1807059
frame-u-001729-5-0306,1,No match,FALSE,N/A,inf,33.91732897,-8.25149191,33.82646476,-8.223137416,FOVNotMatch,2000/9/26 9:28:04,SAT_23239,4.656912885,6.998952637,SAT_25843,5.080734208,8.369810341,SAT_21589,5.15408731,11.2603093
frame-u-001729-6-0352,1,Success,TRUE,SAT_22911,1.85992476,40.67090106,-7.149673329,40.62768942,-7.148255273,,2000/9/26 9:55:32,SAT_22911,3.948575481,1.85992476,SAT_22930,3.322133001,1.865216637,SAT_23313,1.835087571,1.866902919
frame-u-001729-6-0353,1,Success,TRUE,SAT_22911,1.845364222,40.94110361,-7.118157938,40.77693078,-7.112811406,,2000/9/26 9:56:08,SAT_22911,3.948575481,1.845364222,SAT_22930,3.322133001,1.850656098,SAT_23313,1.835087571,1.852342381
frame-u-001729-6-0354,1,Success,TRUE,SAT_22911,1.759607577,40.98428471,-7.079236506,41.08956914,-7.082508966,,2000/9/26 9:56:44,SAT_22911,3.948575481,1.759607577,SAT_22930,3.322133001,1.764899453,SAT_23313,1.835087571,1.766585736
frame-u-001729-2-0442,1,No match,FALSE,N/A,inf,54.38770175,-7.388518722,54.3282051,-7.305182091,FOVNotMatch,2000/9/26 10:49:17,SAT_23853,1.599130158,26.52004141,SAT_26018,1.496590151,26.81380386,SAT_22911,3.976338149,54.67380376
frame-u-001729-1-0463,1,No match,FALSE,N/A,inf,57.61137668,-7.334691089,57.66526179,-7.145309649,FOVNotMatch,2000/9/26 11:01:49,SAT_25803,5.121010253,18.11328015,SAT_10459,0.146484774,25.10275257,SAT_14503,2.114808571,41.95091758
frame-u-001736-4-0026,1,No match,FALSE,N/A,inf,309.1849822,-5.655903934,309.2415028,-5.438299879,FOVNotMatch,2000/9/27 2:07:19,SAT_16719,0.234232511,11.791508,SAT_12782,0.891318562,14.48236373,SAT_04468,0.32064129,16.87044169
frame-u-001736-6-0026,1,No match,FALSE,N/A,inf,309.3961136,-4.83809771,309.4204026,-4.74467319,FOVNotMatch,2000/9/27 2:07:19,SAT_16719,0.234232511,11.82117902,SAT_12782,0.891318562,14.51203474,SAT_04468,0.32064129,16.84077067
frame-u-001738-1-0060,1,Success,TRUE,SAT_25802,1.051190209,313.1310373,8.453091095,312.9966542,8.296769652,,2000/9/27 4:32:26,SAT_25802,0.895715694,1.051190209,SAT_13890,2.772160836,17.40927619,SAT_23590,4.504669042,27.32038197
frame-u-001739-2-0126,1,Success,TRUE,SAT_20713,2.204623292,333.0474288,12.2194191,332.8829169,12.20748154,,2000/9/27 6:12:25,SAT_20713,5.748422969,2.204623292,SAT_22098,0.065672886,7.027315631,SAT_21049,2.448437461,16.87928467
frame-u-001737-2-0040,1,No match,FALSE,N/A,inf,313.1273305,-7.057761077,313.1077307,-6.828877247,FOVNotMatch,2000/9/27 2:48:25,SAT_12638,2.31673507,8.193017278,SAT_14521,0.054067899,28.11867219,SAT_25776,4.376359523,69.89616284
frame-u-001737-1-0050,1,No match,FALSE,N/A,inf,314.6455483,-7.686050442,314.4951659,-7.595328385,FOVNotMatch,2000/9/27 2:54:23,SAT_18589,4.174141155,26.70889978,SAT_10207,0.177171668,28.06445034,SAT_22910,1.309669543,29.4002869
frame-u-001737-1-0052,1,No match,FALSE,N/A,inf,314.9646016,-7.597415652,314.8114742,-7.505672521,FOVNotMatch,2000/9/27 2:55:35,SAT_18589,4.174141155,26.8893988,SAT_10207,0.177171668,27.88395132,SAT_22910,1.309669543,29.21978788
frame-u-001737-2-0056,1,No match,FALSE,N/A,inf,315.5314967,-7.380763931,315.4442578,-7.329070976,FOVNotMatch,2000/9/27 2:57:58,SAT_18589,4.174141155,27.18029079,SAT_10207,0.177171668,27.59305933,SAT_22910,1.309669543,28.92889589
frame-u-001739-2-0260,1,No match,FALSE,N/A,inf,353.3902102,14.25714825,353.4719809,14.28828751,FOVNotMatch,2000/9/27 7:32:25,SAT_12709,1.136201175,9.432775687,SAT_23002,2.58645179,11.28717525,SAT_10626,4.335354612,23.52080029
frame-u-001739-2-0308,1,No match,FALSE,N/A,inf,0.88590097,14.33191528,0.97280805,14.37278952,FOVNotMatch,2000/9/27 8:01:05,SAT_25946,3.403965236,18.03594853,SAT_02971,2.873750841,25.83186072,SAT_22277,5.208660223,27.13535614
frame-u-001737-2-0057,1,No match,FALSE,N/A,inf,315.7556047,-7.376042872,315.6034223,-7.285899457,FOVNotMatch,2000/9/27 2:58:34,SAT_10346,0.244879817,19.57061677,SAT_00862,4.476965885,26.20488887,SAT_24780,4.198618073,27.33204984
frame-u-001737-2-0059,1,No match,FALSE,N/A,inf,316.0720254,-7.288587921,315.933916,-7.207421675,FOVNotMatch,2000/9/27 2:59:46,SAT_10346,0.244879817,19.36788326,SAT_00862,4.476965885,26.00215537,SAT_24780,4.198618073,27.12931634
frame-u-001737-4-0060,1,No match,FALSE,N/A,inf,316.3213969,-6.539087145,316.1732645,-6.445991097,FOVNotMatch,2000/9/27 3:00:22,SAT_10346,0.244879817,21.03837033,SAT_00862,4.476965885,27.67264244,SAT_24780,4.198618073,28.79980341
frame-u-001737-3-0065,1,Success,TRUE,SAT_21640,2.946736348,317.019207,-7.029811229,316.8658174,-6.941588671,,2000/9/27 3:03:21,SAT_21640,5.406136706,2.946736348,SAT_00862,2.819006775,24.80069585,SAT_22910,1.914197419,28.30410846
frame-u-001737-5-0078,1,Success,TRUE,SAT_21640,1.294082627,319.0644156,-6.487348852,318.9103342,-6.402709655,,2000/9/27 3:11:06,SAT_21640,4.251841568,1.294082627,SAT_00862,1.097677291,22.69301974,SAT_16650,4.841719426,27.25699104
frame-u-001737-5-0079,1,Success,TRUE,SAT_21640,1.269685709,319.2209944,-6.446820926,319.0674737,-6.362567882,,2000/9/27 3:11:42,SAT_21640,4.251841568,1.269685709,SAT_00862,1.097677291,22.66862282,SAT_16650,4.841719426,27.23259412
frame-u-001737-3-0081,1,Success,TRUE,SAT_21640,4.198806873,319.3484268,-7.446251853,319.2400918,-7.399672055,,2000/9/27 3:12:54,SAT_21640,4.251841568,4.198806873,SAT_00862,1.097677291,17.20013024,SAT_16650,4.841719426,21.76410154
frame-u-001737-3-0082,1,Success,TRUE,SAT_21640,3.906074228,319.5519982,-7.44215782,319.4731396,-7.407776147,,2000/9/27 3:13:30,SAT_21640,4.251841568,3.906074228,SAT_00862,1.097677291,17.49286288,SAT_16650,4.841719426,22.05683418
frame-u-001737-3-0116,1,Success,TRUE,SAT_22616,0.747777618,324.5454682,-8.059873085,324.6668669,-7.848435914,,2000/9/27 3:33:48,SAT_22616,3.68174363,0.747777618,SAT_23770,2.535338385,36.86638455,SAT_17143,1.983685549,42.9278589
frame-u-001740-5-0025,1,No match,FALSE,N/A,inf,0.528307563,-9.175274611,0.402567177,-9.106015256,FOVNotMatch,2000/9/27 8:31:01,SAT_15199,3.403284664,23.75301999,SAT_25843,1.639037474,26.63967278,SAT_25493,2.050958242,28.93011519
frame-u-001740-3-0099,1,Success,TRUE,SAT_19347,0.368920561,11.73857927,-10.02587838,11.62705604,-10.03993677,,2000/9/27 9:15:12,SAT_19347,3.516952985,0.368920561,SAT_16214,2.347257727,2.510128719,SAT_21336,3.970063584,3.007791143
frame-u-001740-3-0100,1,Success,TRUE,SAT_19347,0.076865728,11.94427082,-10.03159651,11.77912266,-10.05157224,,2000/9/27 9:15:48,SAT_19347,3.516952985,0.076865728,SAT_16214,2.347257727,2.802183552,SAT_00058,1.598748889,3.253018591
frame-u-001740-3-0103,1,Success,TRUE,SAT_19347,1.009690255,12.40085573,-10.06831138,12.37039433,-10.07141948,,2000/9/27 9:17:36,SAT_19347,3.516952985,1.009690255,SAT_00058,1.598748889,2.166462609,SAT_22883,5.958298059,3.38473838
frame-u-001740-4-0044,1,Success,TRUE,SAT_10000,2.381373644,3.266185277,-9.575703287,3.331981884,-9.552953375,,2000/9/27 8:42:22,SAT_10000,1.006480695,2.381373644,SAT_08366,5.411344523,2.727799473,SAT_22254,4.479944355,3.84729403
frame-u-001742-5-0026,1,Success,TRUE,SAT_26109,2.206730074,64.84829603,0.730888818,64.71461211,0.74860435,,2000/9/27 11:06:17,SAT_26109,4.118640282,2.206730074,SAT_24654,4.085333908,2.841929646,SAT_21815,5.652805332,8.470972485
frame-u-001752-1-0056,1,No match,FALSE,N/A,inf,29.15407569,-0.903572444,29.18158059,-0.854833204,FOVNotMatch,2000/10/1 8:24:13,SAT_11570,5.980859836,43.85015799,SAT_04902,3.094646385,45.74610966,SAT_14117,4.708837643,45.85503758
frame-u-001752-6-0071,1,Success,TRUE,SAT_10856,2.101014486,31.42095136,1.07675733,31.561582,1.055009466,,2000/10/1 8:33:11,SAT_10856,1.609953608,2.101014486,SAT_08747,3.659057935,4.038404579,SAT_21727,2.70777012,6.934246679
frame-u-001752-6-0096,1,Success,TRUE,SAT_04353,4.83450998,35.14333038,1.120517562,35.29143338,1.143120002,,2000/10/1 8:48:06,SAT_04353,5.541354869,4.83450998,SAT_04902,5.299372532,5.223096733,SAT_14117,3.009674623,5.774218871
frame-u-001752-4-0137,1,No match,FALSE,N/A,inf,41.40616378,0.214056292,41.32620459,0.438594541,FOVNotMatch,2000/10/1 9:12:35,SAT_15775,4.251209596,20.14052531,SAT_12675,5.523291313,22.67700916,SAT_12107,3.434981279,35.58399043
frame-u-001752-3-0179,1,No match,FALSE,N/A,inf,47.7251107,-0.023068498,47.64801009,0.004569775,FOVNotMatch,2000/10/1 9:37:40,SAT_08747,4.573990765,5.830899646,SAT_26352,5.479335375,19.50689898,SAT_22930,5.819303546,19.68776364
frame-u-001752-3-0208,1,No match,FALSE,N/A,inf,52.06303487,-0.206165274,52.07281275,-0.179033159,FOVNotMatch,2000/10/1 9:54:59,SAT_16925,0.121487891,40.40412791,SAT_26557,2.98201382,57.11470033,SAT_10953,1.72995972,57.21032818
frame-u-001752-2-0208,1,No match,FALSE,N/A,inf,51.91025478,-0.613978404,51.99032096,-0.401233285,FOVNotMatch,2000/10/1 9:54:59,SAT_16925,0.121487891,41.20905397,SAT_26557,2.98201382,56.30977427,SAT_10953,1.72995972,56.40540212
frame-u-001752-2-0208,2,No match,FALSE,N/A,inf,52.00839131,-0.497479579,51.91009507,-0.42299988,FOVNotMatch,2000/10/1 9:54:59,SAT_08747,5.296014652,23.15984293,SAT_26109,4.809942663,29.58232789,SAT_16925,0.121487891,32.26159406
frame-u-001755-5-0123,1,Success,TRUE,SAT_25619,0.850954506,322.1991342,0.471516652,322.0367615,0.493148039,,2000/10/2 5:59:11,SAT_25619,5.360377705,0.850954506,SAT_20945,5.927995332,7.536861551,SAT_22096,5.699677121,7.572929763
frame-u-001755-5-0124,1,Success,TRUE,SAT_25619,0.774366171,322.1864763,0.513295134,322.3489705,0.491426531,,2000/10/2 5:59:47,SAT_25619,5.360377705,0.774366171,SAT_20945,5.927995332,7.613449886,SAT_22096,5.699677121,7.649518098
frame-u-001755-5-0125,1,Success,TRUE,SAT_25619,0.627796832,322.4806201,0.513909341,322.4993148,0.51134469,,2000/10/2 6:00:22,SAT_25619,5.360377705,0.627796832,SAT_20945,5.927995332,7.760019225,SAT_22096,5.699677121,7.796087436
frame-u-001752-4-0309,1,Success,TRUE,SAT_25070,0.038854779,67.1933242,0.414399822,67.05721052,0.405109347,,2000/10/1 10:55:17,SAT_25070,4.66196649,0.038854779,SAT_19951,4.273660424,0.826323437,SAT_25068,3.366843836,3.134188548
frame-u-001752-4-0312,1,Success,TRUE,SAT_25070,0.115606785,67.64347347,0.385407822,67.48084858,0.374088898,,2000/10/1 10:57:04,SAT_25070,4.66196649,0.115606785,SAT_19951,4.273660424,0.903075443,SAT_25068,3.366843836,3.210940554
frame-u-001752-4-0313,1,Success,TRUE,SAT_25070,0.026853472,67.79295472,0.37516133,67.63273758,0.36425933,,2000/10/1 10:57:40,SAT_25070,4.66196649,0.026853472,SAT_19951,4.273660424,0.81432213,SAT_25068,3.366843836,3.122187241
frame-u-001752-6-0302,1,Success,TRUE,SAT_10953,4.31185727,65.98386148,1.164409567,66.12523866,1.202824945,,2000/10/1 10:51:06,SAT_10953,3.453393361,4.31185727,SAT_15484,5.10648606,4.642787064,SAT_14117,4.283661946,4.657595076
frame-u-001752-6-0303,1,Success,TRUE,SAT_10953,3.946530253,66.20050773,1.142491802,66.29607316,1.167806261,,2000/10/1 10:51:42,SAT_10953,3.453393361,3.946530253,SAT_15484,5.10648606,4.277460047,SAT_14117,4.283661946,4.29226806
frame-u-001752-4-0308,1,Success,TRUE,SAT_19951,0.23022038,67.04435414,0.42392339,66.88355441,0.413899455,,2000/10/1 10:54:41,SAT_19951,4.930896443,0.23022038,SAT_25070,5.566749894,0.648642148,SAT_25068,2.311046964,2.636376416
frame-u-001752-4-0317,1,Success,TRUE,SAT_25070,0.803751764,68.39205181,0.333953124,68.22990243,0.321850607,,2000/10/1 11:00:04,SAT_25070,4.590705185,0.803751764,SAT_19951,4.388820832,1.493472931,SAT_13631,3.59311558,3.398701861
frame-u-001752-4-0322,1,Success,TRUE,SAT_12320,1.757652647,68.99182759,0.213770694,69.05712224,0.437618421,,2000/10/1 11:03:03,SAT_12320,0.759770638,1.757652647,SAT_15270,3.140969352,4.457711151,SAT_21152,5.113715517,12.24358947
frame-u-001752-4-0322,2,Success,TRUE,SAT_25070,0.997970475,69.14018437,0.278578372,68.97864023,0.265970186,,2000/10/1 11:03:03,SAT_25070,4.590705185,0.997970475,SAT_19951,4.388820832,1.687691641,SAT_13631,3.59311558,3.204483151
frame-u-001752-4-0326,1,Success,TRUE,SAT_15677,0.843274276,69.73939906,0.231763217,69.57739433,0.218582571,,2000/10/1 11:05:26,SAT_15677,5.30277146,0.843274276,SAT_25070,3.256895453,1.538723194,SAT_19951,3.351425862,2.148933192
frame-u-001752-5-0339,1,Success,TRUE,SAT_15560,0.345760953,71.52341765,0.846291357,71.60675117,0.857900594,,2000/10/1 11:13:12,SAT_15560,3.879150281,0.345760953,SAT_13631,3.56902596,0.407048922,SAT_14117,5.619341735,1.550587422
frame-u-001752-5-0340,1,Success,TRUE,SAT_15560,0.670572607,71.78737983,0.84156302,71.83283273,0.848157957,,2000/10/1 11:13:47,SAT_15560,3.879150281,0.670572607,SAT_13631,3.56902596,0.731860576,SAT_14117,5.619341735,1.225775768
frame-u-001755-3-0170,1,No match,FALSE,N/A,inf,329.174464,-0.316930254,329.0900384,-0.215876014,FOVNotMatch,2000/10/2 6:27:15,SAT_20945,5.12973686,50.0720263,SAT_22096,4.862861391,50.10268031,SAT_21227,4.940009995,50.12275336
frame-u-001755-3-0172,1,Success,TRUE,SAT_02650,0.252638322,329.5359185,-0.239938965,329.3744192,-0.269739103,,2000/10/2 6:28:26,SAT_02650,2.812058558,0.252638322,SAT_18953,2.770821516,4.364326961,SAT_23232,3.00871387,8.462953217
frame-u-001755-3-0174,1,Success,TRUE,SAT_02650,0.455545541,329.8342045,-0.296027961,329.6972744,-0.321796175,,2000/10/2 6:29:38,SAT_02650,2.812058558,0.455545541,SAT_18953,2.770821516,4.567234179,SAT_23232,3.00871387,8.665860436
frame-u-001752-4-0363,1,Success,TRUE,SAT_20646,2.594101383,75.14829929,0.213633292,75.23789283,0.437561029,,2000/10/1 11:27:31,SAT_20646,3.913841235,2.594101383,SAT_02977,3.252088258,4.609218564,SAT_00159,2.951687095,13.16809429
frame-u-001752-3-0364,1,Success,TRUE,SAT_20646,2.48622716,75.33640919,-0.06712588,75.37049499,0.018535927,,2000/10/1 11:28:07,SAT_20646,3.913841235,2.48622716,SAT_02977,3.252088258,4.501344341,SAT_00159,2.951687095,13.27596851
frame-u-001755-2-0227,1,Success,TRUE,SAT_21175,0.156496909,337.7023859,-0.854851104,337.7056118,-0.631981223,,2000/10/2 7:01:17,SAT_21175,4.956643636,0.156496909,SAT_07683,1.42575129,1.54583869,SAT_14189,1.345892118,19.60863745
frame-u-001755-6-0230,1,Success,TRUE,SAT_04903,0.323964848,338.2178567,0.891661463,338.1429578,0.872469861,,2000/10/2 7:03:04,SAT_04903,1.501142875,0.323964848,SAT_02650,0.921041353,4.647709292,SAT_24786,4.275410918,14.30355082
frame-u-001755-2-0355,1,No match,FALSE,N/A,inf,356.9105062,-0.854409696,356.7707484,-0.697983394,FOVNotMatch,2000/10/2 8:17:42,SAT_11062,3.50378483,37.51192113,SAT_20945,4.761038788,48.18152168,SAT_22096,4.457415494,48.18726378
frame-u-001755-3-0416,1,Success,TRUE,SAT_00118,2.01361743,5.963628959,-0.394102021,5.904506239,-0.380887532,,2000/10/2 8:54:07,SAT_00118,0.768065553,2.01361743,SAT_22096,4.883075593,12.55942931,SAT_20945,5.167672655,12.56249903
frame-u-001755-1-0480,1,No match,FALSE,N/A,inf,15.56275225,-1.273519685,15.48556937,-1.250909772,FOVNotMatch,2000/10/2 9:32:20,SAT_22522,0.187487195,12.98594449,SAT_23238,4.039602474,15.21704552,SAT_24786,3.857002916,16.2610448
frame-u-001755-1-0494,1,No match,FALSE,N/A,inf,17.7023101,-1.273496836,17.72150544,-1.240761646,FOVNotMatch,2000/10/2 9:40:42,SAT_23489,5.737974065,10.23897639,SAT_08820,5.77375821,11.69463837,SAT_11888,4.259679259,18.19211006
frame-u-001755-5-0592,1,No match,FALSE,N/A,inf,32.28333545,0.403981523,32.41043885,0.600761236,FOVNotMatch,2000/10/2 10:39:12,SAT_13603,3.88430871,13.62410196,SAT_19168,3.12289493,13.85656809,SAT_12834,5.656690182,19.86036581
frame-u-001755-2-0597,1,No match,FALSE,N/A,inf,33.00273358,-0.803005535,33.11404429,-0.62997718,FOVNotMatch,2000/10/2 10:42:12,SAT_13603,3.88430871,13.51749872,SAT_19168,3.12289493,13.74996485,SAT_12834,5.656690182,19.75376257
frame-u-001755-2-0598,1,No match,FALSE,N/A,inf,33.26872965,-0.854797234,33.31553591,-0.782630806,FOVNotMatch,2000/10/2 10:42:47,SAT_13603,3.88430871,13.73027308,SAT_19168,3.12289493,13.9627392,SAT_12834,5.656690182,19.96653693
frame-u-001854-4-0137,1,No match,FALSE,N/A,inf,356.1342701,-9.56789451,356.0236117,-9.499897284,FOVNotMatch,2000/11/17 3:10:29,SAT_10469,2.597806188,28.68637881,SAT_15199,5.103970071,29.95148124,SAT_13007,0.036690073,30.509558
frame-u-001855-3-0042,1,No match,FALSE,N/A,inf,350.9833319,-9.850515593,350.9428695,-9.83035749,FOVNotMatch,2000/11/17 3:49:03,SAT_16274,2.126024322,26.6250399,SAT_25331,4.216472737,26.76691483,SAT_22205,5.428047609,26.78873775
frame-u-001855-3-0043,1,No match,FALSE,N/A,inf,351.2584413,-9.849138363,351.096864,-9.770397524,FOVNotMatch,2000/11/17 3:49:39,SAT_16274,2.512764533,26.15399596,SAT_25331,4.431402491,26.26462749,SAT_26056,4.898926419,26.31767338
frame-u-001855-5-0099,1,No match,FALSE,N/A,inf,359.7822852,-9.12944913,359.65911,-9.095242099,FOVNotMatch,2000/11/17 4:23:05,SAT_15199,5.643072259,12.7922156,SAT_19169,1.91943706,14.14065204,SAT_06974,0.933124741,15.65229985
frame-u-001855-5-0114,1,No match,FALSE,N/A,inf,1.946650801,-9.34709768,1.923646022,-9.125430448,FOVNotMatch,2000/11/17 4:32:02,SAT_23821,5.128175275,5.663739804,SAT_16849,4.748199579,10.0395003,SAT_13999,2.353481224,17.13116563
frame-u-001855-1-0123,1,No match,FALSE,N/A,inf,3.304651421,-11.03532505,3.24745118,-11.00459736,FOVNotMatch,2000/11/17 4:37:25,SAT_05519,4.239395277,15.98432588,SAT_15199,4.35864532,25.54456074,SAT_15152,3.076844898,28.66435467
frame-u-001855-1-0124,1,No match,FALSE,N/A,inf,3.564660825,-11.01275925,3.520226895,-10.98872852,FOVNotMatch,2000/11/17 4:38:00,SAT_05519,4.239395277,16.14528699,SAT_15199,4.35864532,25.70552186,SAT_15152,3.076844898,28.82531579
frame-u-001862-3-0095,1,No match,FALSE,N/A,inf,40.46697278,-8.232544326,40.38381942,-8.194682246,FOVNotMatch,2000/11/18 4:58:12,SAT_26039,4.88672413,22.23267891,SAT_20947,2.487426965,23.29680006,SAT_23741,3.158225636,24.68446314
frame-u-001862-2-0126,1,Success,TRUE,SAT_19332,0.244215758,45.25537719,-8.113412988,45.09513891,-8.15854613,,2000/11/18 5:16:42,SAT_19332,3.990343164,0.244215758,SAT_15484,4.830994896,4.2835353,SAT_15995,4.83037344,5.941288804
frame-u-001862-2-0127,1,Success,TRUE,SAT_19332,0.315367369,45.40845304,-8.121344038,45.30042264,-8.151915728,,2000/11/18 5:17:18,SAT_19332,3.990343164,0.315367369,SAT_15484,4.830994896,4.354686911,SAT_15995,4.83037344,6.012440415
frame-u-001862-6-0119,1,No match,FALSE,N/A,inf,44.00272292,-6.741154311,43.86310806,-6.650906527,FOVNotMatch,2000/11/18 5:12:32,SAT_18571,4.231176176,20.85127577,SAT_26039,4.802265276,30.22351497,SAT_20947,1.47204494,30.36601684
frame-u-001862-2-0125,1,Success,TRUE,SAT_19332,0.309452375,45.10217653,-8.105549876,44.94401219,-8.149835308,,2000/11/18 5:16:07,SAT_19332,5.814280969,0.309452375,SAT_07790,4.868853775,2.136232085,SAT_15141,4.52439618,2.198556946
frame-u-001863-5-0017,1,Success,TRUE,SAT_08747,1.097896409,47.68032734,0.662449273,47.51838293,0.697740102,,2000/11/18 5:49:05,SAT_08747,5.021032349,1.097896409,SAT_08746,3.09833559,1.325558245,SAT_23241,2.359510723,10.66651127
frame-u-001863-5-0018,1,Success,TRUE,SAT_08747,1.028461159,47.82979266,0.694843038,47.66764649,0.730383464,,2000/11/18 5:49:41,SAT_08747,5.021032349,1.028461159,SAT_08746,3.09833559,1.256122995,SAT_23241,2.359510723,10.73594652
frame-u-001863-6-0027,1,Success,TRUE,SAT_08747,1.470247148,49.17728249,0.985070944,49.01431121,1.019756919,,2000/11/18 5:55:03,SAT_08747,5.427562052,1.470247148,SAT_08746,3.859527474,1.675766366,SAT_04903,5.036083189,7.518648975
frame-u-001863-6-0030,1,Success,TRUE,SAT_08747,1.338450436,49.62629507,1.080378052,49.46408674,1.115290743,,2000/11/18 5:56:51,SAT_08747,5.427562052,1.338450436,SAT_08746,3.859527474,1.543969653,SAT_04903,5.036083189,7.386852263
frame-u-001863-6-0031,1,Success,TRUE,SAT_08747,1.410597169,49.7761444,1.112345827,49.61389098,1.147054168,,2000/11/18 5:57:26,SAT_08747,5.427562052,1.410597169,SAT_08746,3.859527474,1.616116386,SAT_04903,5.036083189,7.458998996
frame-u-001863-3-0048,1,No match,FALSE,N/A,inf,52.22344663,-0.311413479,52.15990824,-0.265215088,FOVNotMatch,2000/11/18 6:07:35,SAT_08746,3.384484354,22.20516783,SAT_08747,5.217083924,22.36404022,SAT_23241,1.609144363,33.44050706
frame-u-001863-1-0065,1,No match,FALSE,N/A,inf,54.74741312,-1.079079046,54.71219312,-1.150553079,FOVNotMatch,2000/11/18 6:17:44,SAT_15223,5.477521838,9.906113214,SAT_21660,4.017761188,24.51445792,SAT_26204,0.723004622,32.72592672
frame-u-001869-4-0080,1,Success,TRUE,SAT_14134,0.423506171,37.29234252,-8.165169908,37.21332519,-8.177722452,,2000/11/20 7:02:56,SAT_14134,2.850066177,0.423506171,SAT_19400,2.958456024,0.624512186,SAT_15152,3.889937133,1.06817546
frame-u-001886-5-0098,1,Success,TRUE,SAT_24283,1.073190956,40.15651314,-7.562115954,40.02792103,-7.547290899,,2000/11/26 4:16:08,SAT_24283,1.905941207,1.073190956,SAT_23741,4.067334204,6.611562346,SAT_24936,4.897251691,6.616895348
frame-u-001886-5-0099,1,Success,TRUE,SAT_24283,0.81105153,40.26360819,-7.510159434,40.34185888,-7.518822044,,2000/11/26 4:16:43,SAT_24283,1.905941207,0.81105153,SAT_23741,4.067334204,6.34942292,SAT_24936,4.897251691,6.354755923
frame-u-001889-2-0076,1,No match,FALSE,N/A,inf,118.1430073,35.60090075,118.0872266,35.66961279,FOVNotMatch,2000/11/26 8:55:42,SAT_25884,1.834582367,8.45315273,SAT_13001,4.753619584,57.28238753,SAT_18477,14.16038031,N/A
frame-u-001889-4-0078,1,No match,FALSE,N/A,inf,117.4944718,36.31218894,117.252659,36.42411191,FOVNotMatch,2000/11/26 8:56:54,SAT_25884,1.834582367,18.23985277,SAT_13001,4.753619584,83.97539303,SAT_18477,14.16038031,N/A
frame-u-001886-6-0132,1,No match,FALSE,N/A,inf,45.14009873,-6.61285642,45.10360759,-6.573537577,FOVNotMatch,2000/11/26 4:36:26,SAT_26475,3.039015065,13.01741582,SAT_10358,1.839326815,18.18895333,SAT_26072,3.760933644,19.33992144
frame-u-001889-5-0149,1,Success,TRUE,SAT_10925,0.728128558,125.4848388,44.92648991,125.4195448,44.99280956,,2000/11/26 9:39:17,SAT_10925,5.8393281,0.728128558,SAT_13432,17.32987136,N/A,SAT_07276,14.83917013,N/A
frame-u-001889-5-0150,1,Success,TRUE,SAT_10925,0.544614632,125.7679231,45.14485107,125.7159697,45.19778625,,2000/11/26 9:39:53,SAT_10925,5.8393281,0.544614632,SAT_13432,17.32987136,N/A,SAT_07276,14.83917013,N/A
frame-u-001889-2-0156,1,Success,TRUE,SAT_15039,3.718177637,127.821767,44.89413635,127.7171574,45.0493103,,2000/11/26 9:43:28,SAT_15039,5.118049846,3.718177637,SAT_10925,5.149374128,8.180607379,SAT_02380,3.462088188,35.6639884
frame-u-001889-6-0244,1,Success,TRUE,SAT_20649,2.884765771,140.9984664,55.32747777,141.0784026,55.37291965,,2000/11/26 10:36:01,SAT_20649,5.05650551,2.884765771,SAT_25943,3.492175889,38.34668419,SAT_21543,9.435194939,N/A
frame-u-001887-1-0091,1,Success,TRUE,SAT_14607,0.889229807,42.7847578,-1.044558686,42.75824477,-1.002160676,,2000/11/26 5:50:32,SAT_14607,2.228208169,0.889229807,SAT_23241,3.434538945,57.17458596,SAT_23313,5.360802098,57.97826125
frame-u-001887-1-0096,1,No match,FALSE,N/A,inf,43.6545164,-1.045296099,43.55130005,-1.008284237,FOVNotMatch,2000/11/26 5:53:31,SAT_23241,3.434538945,18.91973849,SAT_23313,5.360802098,19.72341378,SAT_21222,4.945362602,19.73191929
frame-u-001887-4-0103,1,No match,FALSE,N/A,inf,44.67341903,0.271315618,44.55249126,0.31859958,FOVNotMatch,2000/11/26 5:57:42,SAT_23241,2.825201711,20.18914304,SAT_21222,5.990046898,21.35831715,SAT_22930,5.659173135,21.38159653
frame-u-001887-4-0104,1,No match,FALSE,N/A,inf,44.86541309,0.312848698,44.74895182,0.358949187,FOVNotMatch,2000/11/26 5:58:17,SAT_23241,2.825201711,20.42906494,SAT_21222,5.990046898,21.59823905,SAT_22930,5.659173135,21.62151843
frame-u-001891-1-0082,1,No match,FALSE,N/A,inf,357.3856579,-10.89479106,357.2219521,-10.85134099,FOVNotMatch,2000/11/27 2:06:16,SAT_21169,0.05403737,7.079278711,SAT_22796,5.00841441,14.90356734,SAT_23598,5.528635725,15.10103201
frame-u-001891-1-0083,1,No match,FALSE,N/A,inf,357.5382727,-10.86139287,357.3750648,-10.81792861,FOVNotMatch,2000/11/27 2:06:52,SAT_21169,0.05403737,7.126403525,SAT_22796,5.00841441,14.95069215,SAT_23598,5.528635725,15.14815682
frame-u-001891-1-0084,1,No match,FALSE,N/A,inf,357.6849156,-10.82697721,357.531242,-10.78585321,FOVNotMatch,2000/11/27 2:07:28,SAT_21169,0.05403737,7.195081658,SAT_22796,5.00841441,15.01937028,SAT_23598,5.528635725,15.21683496
frame-u-001891-1-0085,1,No match,FALSE,N/A,inf,357.8446523,-10.79495403,357.6817034,-10.75212908,FOVNotMatch,2000/11/27 2:08:03,SAT_21169,0.05403737,6.93287986,SAT_22796,5.00841441,14.75716849,SAT_23598,5.528635725,14.95463316
frame-u-001893-4-0120,1,Success,TRUE,SAT_13984,0.489400031,46.40781412,-7.253835557,46.24571043,-7.273292131,,2000/11/27 4:15:15,SAT_13984,0.068843893,0.489400031,SAT_20107,5.57898919,0.824781854,SAT_21824,2.377707958,1.321818568
frame-u-001891-2-0095,1,No match,FALSE,N/A,inf,359.3741345,-10.4610384,359.2109894,-10.4188655,FOVNotMatch,2000/11/27 2:14:02,SAT_07039,3.652085187,8.302026866,SAT_24847,4.113513543,13.73588923,SAT_26110,0.584903775,14.38656068
frame-u-001895-4-0277,1,No match,FALSE,N/A,inf,152.0457067,58.45463444,152.1568029,58.51630754,FOVNotMatch,2000/11/27 9:06:11,SAT_18745,5.095461051,19.90478477,SAT_18949,5.384055097,24.4603845,SAT_22195,4.435671264,55.88651508
frame-u-001895-4-0253,1,No match,FALSE,N/A,inf,146.4286473,56.59174565,146.5082934,56.70689354,FOVNotMatch,2000/11/27 8:51:51,SAT_22258,5.313777232,64.10271106,SAT_15265,1.917508794,67.63973269,SAT_21369,7.973487473,N/A
frame-u-001895-5-0331,1,No match,FALSE,N/A,inf,166.8509999,61.93431688,167.0210961,62.15758043,FOVNotMatch,2000/11/27 9:38:26,SAT_02371,4.851077671,9.019749669,SAT_18779,4.793289047,25.84827019,SAT_22040,3.824934393,27.36678015
frame-u-001895-3-0338,1,Success,TRUE,SAT_26386,4.441586015,169.6172611,61.63188192,169.3299315,61.50984781,,2000/11/27 9:42:37,SAT_26386,0.629674919,4.441586015,SAT_08394,1.102813351,7.905673215,SAT_00327,1.640919838,15.64458032
frame-u-001896-5-0097,1,No match,FALSE,N/A,inf,162.6284625,61.14946159,162.7995518,61.16684911,FOVNotMatch,2000/11/27 11:02:13,SAT_00728,3.336151477,14.48000657,SAT_13432,4.276022017,26.10297991,SAT_25807,5.657952078,26.45190704
frame-u-001896-1-0100,1,No match,FALSE,N/A,inf,164.3865447,59.76811329,164.4595553,59.82980914,FOVNotMatch,2000/11/27 11:04:00,SAT_25807,5.657952078,20.88635899,SAT_13432,4.276022017,21.23528612,SAT_00728,3.336151477,32.85825947
frame-u-001896-1-0101,1,No match,FALSE,N/A,inf,164.7476394,59.69125392,164.969797,59.87512132,FOVNotMatch,2000/11/27 11:04:36,SAT_25807,5.657952078,20.34832941,SAT_13432,4.276022017,20.69725653,SAT_00728,3.336151477,32.32022988
frame-u-001896-1-0102,1,No match,FALSE,N/A,inf,165.2394522,59.72065141,165.3315157,59.7957862,FOVNotMatch,2000/11/27 11:05:12,SAT_25807,5.657952078,19.97135967,SAT_13432,4.276022017,20.32028679,SAT_00728,3.336151477,31.94326014
frame-u-001896-3-0140,1,No match,FALSE,N/A,inf,176.317837,61.79338296,176.0607597,62.00280406,FOVNotMatch,2000/11/27 11:27:53,SAT_15261,4.885793911,10.74973756,SAT_23645,5.461298687,43.58924261,SAT_05550,4.629202151,81.74856767
frame-u-001904-3-0075,1,No match,FALSE,N/A,inf,348.4400471,14.25114371,348.3331016,14.31368764,FOVNotMatch,2000/11/30 4:21:55,SAT_10654,1.926639053,18.36774429,SAT_14475,4.887024891,54.37181752,SAT_08298,10.31192237,N/A
frame-u-001894-1-0056,1,Success,TRUE,SAT_08746,0.54513855,39.51882749,-1.257272242,39.37879981,-1.22268949,,2000/11/27 4:58:47,SAT_08746,2.058469382,0.54513855,SAT_08747,0.572805609,0.805518985,SAT_26072,5.992102634,13.36301494
frame-u-001894-1-0057,1,Success,TRUE,SAT_08746,0.61535811,39.68981412,-1.225892514,39.57765574,-1.198046521,,2000/11/27 4:59:22,SAT_08746,2.058469382,0.61535811,SAT_08747,0.572805609,0.875738545,SAT_26072,5.992102634,13.29279538
frame-u-001896-4-0168,1,No match,FALSE,N/A,inf,184.930409,62.64815597,185.2835893,62.67425331,FOVNotMatch,2000/11/27 11:44:36,SAT_13432,2.502687703,19.68622709,SAT_24764,0.646770317,21.47637043,SAT_22986,0.120469498,22.71854815
frame-u-001904-5-0264,1,Success,TRUE,SAT_22997,1.236742797,17.71661034,15.31605786,17.55597123,15.3240026,,2000/11/30 6:14:46,SAT_22997,0.07020302,1.236742797,SAT_11680,0.087328244,16.88256405,SAT_25136,4.655833328,19.17511859
frame-u-001904-1-0120,1,No match,FALSE,N/A,inf,355.3208831,13.76382227,355.2551277,13.80250059,FOVNotMatch,2000/11/30 4:48:47,SAT_13533,3.498032316,28.34693654,SAT_26175,4.025527129,42.24775153,SAT_20669,5.004185521,54.62618347
frame-u-001904-2-0146,1,Success,TRUE,SAT_09826,0.410234754,359.2495972,14.39252775,359.3918082,14.41072359,,2000/11/30 5:04:19,SAT_09826,2.982634751,0.410234754,SAT_09966,2.403170824,0.996145452,SAT_20669,3.789476356,14.81846011
frame-u-001904-1-0164,1,No match,FALSE,N/A,inf,2.14297454,13.99671007,2.036072815,14.07942852,FOVNotMatch,2000/11/30 5:15:04,SAT_26475,3.311944485,16.98480735,SAT_14796,2.374165863,33.15950085,SAT_25488,3.478575897,34.59762113
frame-u-001904-1-0165,1,No match,FALSE,N/A,inf,2.357332492,14.07322364,2.248990135,14.15686873,FOVNotMatch,2000/11/30 5:15:39,SAT_26475,3.311944485,16.93149271,SAT_14796,2.374165863,33.2128155,SAT_25488,3.478575897,34.65093577
frame-u-001904-2-0336,1,Success,TRUE,SAT_12263,2.714226477,28.57798612,13.17037469,28.58816756,13.39393207,,2000/11/30 6:57:45,SAT_12263,3.071564566,2.714226477,SAT_14614,4.03631303,5.564308189,SAT_23401,4.532630466,16.8499132
frame-u-001904-3-0371,1,No match,FALSE,N/A,inf,34.10341658,13.1042733,34.02371059,13.20444487,FOVNotMatch,2000/11/30 7:18:39,SAT_01864,3.132148472,10.74038069,SAT_18603,0.913189508,23.06049283,SAT_08614,1.879913199,36.5970952
frame-u-001907-1-0011,1,No match,FALSE,N/A,inf,124.226934,0.236174133,124.3161985,0.404175116,FOVNotMatch,2000/11/30 9:28:31,SAT_22617,4.950538839,10.91348468,SAT_19773,1.036870337,58.03360652,SAT_25822,3.307632502,58.40882616
frame-u-001907-1-0012,1,No match,FALSE,N/A,inf,124.4937594,0.186915673,124.5388547,0.272017204,FOVNotMatch,2000/11/30 9:29:07,SAT_22617,4.950538839,10.97739379,SAT_19773,1.036870337,58.09751563,SAT_25822,3.307632502,58.47273528
frame-u-001907-1-0143,1,No match,FALSE,N/A,inf,144.0520037,0.84389777,144.1401196,0.901829188,FOVNotMatch,2000/11/30 10:47:20,SAT_16650,3.547020204,31.48752373,SAT_13984,1.667599751,32.00157959,SAT_15994,5.165082789,32.15175508
frame-u-001926-4-0024,1,Success,TRUE,SAT_22656,0.100570347,76.63801838,-5.27721448,76.8015847,-5.274941324,,2000/12/8 6:02:41,SAT_22656,1.688949953,0.100570347,SAT_21149,5.199596841,0.171693876,SAT_24897,1.950044576,0.373100058
frame-u-001926-4-0028,1,Success,TRUE,SAT_22656,0.208426149,77.23929875,-5.277025533,77.40259106,-5.27445003,,2000/12/8 6:05:04,SAT_22656,1.688949953,0.208426149,SAT_24897,1.950044576,0.265244256,SAT_21149,5.199596841,0.279549678
frame-u-001926-4-0034,1,Success,TRUE,SAT_24897,0.074916942,78.14187136,-5.277126001,78.30553095,-5.273967766,,2000/12/8 6:08:39,SAT_24897,1.886425674,0.074916942,SAT_21149,5.208466708,0.530955159,SAT_22656,1.981200504,0.964932007
frame-u-001926-4-0049,1,Success,TRUE,SAT_22656,1.475198325,80.39864444,-5.387073857,80.56250671,-5.393274041,,2000/12/8 6:17:36,SAT_22656,2.54360787,1.475198325,SAT_26038,1.839304625,2.157037908,SAT_24812,3.768046877,2.175369948
frame-u-001926-4-0049,2,Success,TRUE,SAT_24897,0.27065173,80.39678958,-5.276577939,80.56016649,-5.272394978,,2000/12/8 6:17:36,SAT_24897,1.787464457,0.27065173,SAT_23429,0.677020223,0.836075107,SAT_21149,5.218282756,0.967261657
frame-u-001926-4-0052,1,Success,TRUE,SAT_22656,1.307866603,80.84954116,-5.359185016,81.01128676,-5.364834456,,2000/12/8 6:19:24,SAT_22656,2.54360787,1.307866603,SAT_26038,1.839304625,1.989706186,SAT_24812,3.768046877,2.008038227
frame-u-001926-4-0052,2,Success,TRUE,SAT_24897,0.349410918,80.8484617,-5.276310612,81.01115694,-5.27192225,,2000/12/8 6:19:24,SAT_24897,1.787464457,0.349410918,SAT_23429,0.677020223,0.757315919,SAT_21149,5.218282756,1.046020845
frame-u-001926-4-0053,1,Success,TRUE,SAT_22656,1.280642836,81.00006509,-5.349594877,81.16264317,-5.355196479,,2000/12/8 6:20:00,SAT_22656,2.54360787,1.280642836,SAT_26038,1.839304625,1.962482419,SAT_24812,3.768046877,1.980814459
frame-u-001926-4-0053,2,Success,TRUE,SAT_24897,0.362881297,80.99847891,-5.276375826,81.16114739,-5.271950076,,2000/12/8 6:20:00,SAT_24897,1.787464457,0.362881297,SAT_23429,0.677020223,0.74384554,SAT_21149,5.218282756,1.059491224
frame-u-001926-4-0055,1,Success,TRUE,SAT_22656,1.248806717,81.30021808,-5.330820435,81.46292131,-5.3363364,,2000/12/8 6:21:11,SAT_22656,2.54360787,1.248806717,SAT_26038,1.839304625,1.9306463,SAT_24812,3.768046877,1.94897834
frame-u-001926-4-0055,2,Success,TRUE,SAT_24897,0.388209147,81.29909742,-5.276307675,81.46262695,-5.271786461,,2000/12/8 6:21:11,SAT_24897,1.787464457,0.388209147,SAT_23429,0.677020223,0.71851769,SAT_21149,5.218282756,1.084819074
frame-u-001908-5-0056,1,No match,FALSE,N/A,inf,156.0721656,0.6035213,156.1443807,0.754647154,FOVNotMatch,2000/11/30 12:28:59,SAT_23739,3.399092083,5.319694545,SAT_01515,1.903775484,18.35195446,SAT_19643,5.667967344,35.17606347
frame-u-001908-5-0051,1,No match,FALSE,N/A,inf,155.3187738,0.535762926,155.4172475,0.579733505,FOVNotMatch,2000/11/30 12:26:00,SAT_15677,3.482093276,22.83933901,SAT_22796,4.437455388,23.05088217,SAT_23581,5.860422733,23.87134863
frame-u-001908-5-0052,1,No match,FALSE,N/A,inf,155.6043624,0.530219596,155.6308822,0.541573559,FOVNotMatch,2000/11/30 12:26:35,SAT_15677,3.482093276,21.95478998,SAT_22796,4.437455388,22.16633314,SAT_23581,5.860422733,22.98679961
frame-u-001926-4-0056,1,Success,TRUE,SAT_22656,0.899317177,81.4502372,-5.321004328,81.61352747,-5.326690315,,2000/12/8 6:21:47,SAT_22656,2.869352557,0.899317177,SAT_26038,1.83491008,1.983506427,SAT_24812,3.773052459,2.001296067
frame-u-001926-4-0056,2,Success,TRUE,SAT_24897,0.494858162,81.44985231,-5.276384967,81.61248886,-5.271566121,,2000/12/8 6:21:47,SAT_24897,1.739583883,0.494858162,SAT_23429,0.648977932,0.615397254,SAT_23168,3.269575737,1.029181714
frame-u-001926-4-0067,1,Success,TRUE,SAT_23429,0.363863679,83.10336688,-5.27610002,83.26723404,-5.27048364,,2000/12/8 6:28:21,SAT_23429,0.60828154,0.363863679,SAT_23168,3.264819222,0.743395962,SAT_24897,1.662519064,0.751242376
frame-u-001926-4-0074,1,Success,TRUE,SAT_23429,0.361660477,84.15627812,-5.275683195,84.31976207,-5.270048614,,2000/12/8 6:32:32,SAT_23429,0.584392369,0.361660477,SAT_23168,3.261578432,0.719245348,SAT_24897,1.612558079,0.756091631
frame-u-001927-5-0024,1,Success,TRUE,SAT_26352,3.052560929,78.8017798,-5.203941094,78.63898121,-5.194975005,,2000/12/8 6:59:21,SAT_26352,1.273561138,3.052560929,SAT_23192,2.919695749,3.15070915,SAT_23846,2.423121531,3.150888742
frame-u-001927-5-0026,1,Success,TRUE,SAT_26352,2.922130306,79.10231886,-5.18363999,78.93956104,-5.17504594,,2000/12/8 7:00:32,SAT_26352,1.273561138,2.922130306,SAT_23192,2.919695749,3.020278527,SAT_23846,2.423121531,3.020458119
frame-u-001927-5-0019,1,Success,TRUE,SAT_26352,3.250814818,77.8874093,-5.244979236,78.05063854,-5.254529052,,2000/12/8 6:56:22,SAT_26352,1.010472869,3.250814818,SAT_23192,3.224934589,3.347887708,SAT_23846,2.130129848,3.348426104
frame-u-001927-5-0020,1,Success,TRUE,SAT_26352,2.983066867,78.20068095,-5.244285798,78.03806273,-5.235530742,,2000/12/8 6:56:57,SAT_26352,1.010472869,2.983066867,SAT_23192,3.224934589,3.080139757,SAT_23846,2.130129848,3.080678153
frame-u-001927-5-0021,1,Success,TRUE,SAT_26352,3.088125481,78.3504584,-5.234026615,78.18758861,-5.224959572,,2000/12/8 6:57:33,SAT_26352,1.010472869,3.088125481,SAT_23192,3.224934589,3.185198371,SAT_23846,2.130129848,3.185736767
frame-u-001927-5-0023,1,Success,TRUE,SAT_26352,3.04040335,78.65109821,-5.214055966,78.4894731,-5.205192406,,2000/12/8 6:58:45,SAT_26352,1.010472869,3.04040335,SAT_23192,3.224934589,3.13747624,SAT_23846,2.130129848,3.138014636
frame-u-001992-6-0100,1,Success,TRUE,SAT_18944,1.13812399,164.8413463,3.519054081,164.8056716,3.621306118,,2000/12/23 11:33:45,SAT_18944,5.592786649,1.13812399,SAT_11672,3.303499748,15.44694364,SAT_20413,1.670876841,18.81117814
frame-u-001927-5-0033,1,Success,TRUE,SAT_26352,2.645086596,80.15390209,-5.112944068,79.99204946,-5.105174025,,2000/12/8 7:04:43,SAT_26352,1.282308626,2.645086596,SAT_23846,2.431364617,2.744287357,SAT_23192,2.914070022,2.744568241
frame-u-001927-5-0035,1,Success,TRUE,SAT_26352,2.618948718,80.4537345,-5.092829038,80.29286392,-5.085179166,,2000/12/8 7:05:55,SAT_26352,1.282308626,2.618948718,SAT_23846,2.431364617,2.718149479,SAT_23192,2.914070022,2.718430364
frame-u-001927-5-0039,1,Success,TRUE,SAT_26352,2.541473637,81.05484793,-5.052575929,80.89319147,-5.045106433,,2000/12/8 7:08:18,SAT_26352,1.282308626,2.541473637,SAT_23846,2.431364617,2.640674398,SAT_23192,2.914070022,2.640955282
frame-u-002064-1-0044,1,No match,FALSE,N/A,inf,124.9463337,41.80650795,124.7023942,41.84917543,FOVNotMatch,2001/1/24 9:27:19,SAT_06073,1.00988017,16.00771972,SAT_12222,0.985604296,35.17895114,SAT_19325,1.993892221,44.54735506
frame-u-002062-3-0130,1,No match,FALSE,N/A,inf,119.9817259,38.67883033,119.9296101,38.67931561,FOVNotMatch,2001/1/24 7:58:44,SAT_21753,1.696673045,41.85892567,SAT_21114,4.144954207,46.29509427,SAT_20626,0.935115022,53.27032984
frame-u-002064-4-0145,1,No match,FALSE,N/A,inf,139.4616105,53.55400926,139.3112344,53.5735849,FOVNotMatch,2001/1/24 10:27:37,SAT_19964,1.417241987,46.88486673,SAT_21900,2.834887295,66.99861749,SAT_20742,1.473798748,69.37416244
frame-u-002064-2-0151,1,No match,FALSE,N/A,inf,141.3505563,53.3459886,141.3936357,53.48495818,FOVNotMatch,2001/1/24 10:31:12,SAT_20742,1.473798748,22.52073805,SAT_21900,2.834887295,24.896283,SAT_19964,1.417241987,41.22023279
frame-u-002068-5-0178,1,No match,FALSE,N/A,inf,124.6377673,44.7764356,124.5026822,44.72591155,FOVNotMatch,2001/1/25 5:53:12,SAT_23347,5.935490222,20.82624815,SAT_10934,1.866495997,25.37068298,SAT_00355,0.30457305,88.64391517
frame-u-002029-6-0268,1,Success,TRUE,SAT_23671,2.987127419,185.6190898,1.087847163,185.4577809,1.065504834,,2001/1/14 11:35:18,SAT_23671,2.57013918,2.987127419,SAT_25954,5.164262518,7.877963761,SAT_23192,5.265496237,7.878655103
frame-u-002065-2-0101,1,No match,FALSE,N/A,inf,180.9259014,64.08697982,181.2708381,64.27934842,FOVNotMatch,2001/1/24 11:47:11,SAT_17081,5.356480577,12.9688268,SAT_14465,4.122595511,14.82768414,SAT_25600,4.448210745,16.58570794
frame-u-002065-3-0106,1,No match,FALSE,N/A,inf,182.7711848,64.54616003,182.8812772,64.77209297,FOVNotMatch,2001/1/24 11:50:10,SAT_17081,5.356480577,39.17413845,SAT_14465,4.122595511,41.03299579,SAT_25600,4.448210745,42.79101959
frame-u-002065-1-0135,1,No match,FALSE,N/A,inf,192.5474519,63.52362451,192.4989795,63.57125111,FOVNotMatch,2001/1/24 12:07:29,SAT_19448,2.194192957,30.92560577,SAT_12156,3.316981441,56.71851055,SAT_17081,1.648671493,79.65738643
frame-u-002065-4-0142,1,No match,FALSE,N/A,inf,195.3197109,64.64244831,195.6518676,64.76498439,FOVNotMatch,2001/1/24 12:11:40,SAT_17081,0.481590922,7.017641753,SAT_08425,5.986022472,16.69223537,SAT_24323,4.839753776,50.57065324
frame-u-002065-5-0184,1,Success,TRUE,SAT_13012,1.474144851,209.3369221,63.33216981,209.7692913,63.49530352,,2001/1/24 12:36:44,SAT_13012,5.162332585,1.474144851,SAT_07780,3.490073946,1.63759914,SAT_26483,4.175656022,1.664449413
frame-u-002065-1-0188,1,No match,FALSE,N/A,inf,209.3864994,61.51351875,209.3758631,61.60107624,FOVNotMatch,2001/1/24 12:39:07,SAT_24726,0.073039414,8.985649332,SAT_23630,3.549914639,39.12774636,SAT_13585,5.387810208,39.98499441
frame-u-002069-6-0048,1,No match,FALSE,N/A,inf,126.3874764,3.489047695,126.3300851,3.509776196,FOVNotMatch,2001/1/25 7:08:30,SAT_03029,1.632941039,6.820655002,SAT_04250,5.036369427,8.040923808,SAT_03431,4.184855931,9.778860727
frame-u-002069-1-0055,1,No match,FALSE,N/A,inf,127.4203505,1.566035434,127.5810838,1.594645429,FOVNotMatch,2001/1/25 7:12:41,SAT_21135,2.095689357,7.368221898,SAT_15677,3.708520565,7.374995731,SAT_20217,3.971677109,7.527600568
frame-u-002069-1-0056,1,No match,FALSE,N/A,inf,127.569968,1.561233656,127.730339,1.590089627,FOVNotMatch,2001/1/25 7:13:17,SAT_21135,2.095689357,7.475711695,SAT_15677,3.708520565,7.482485528,SAT_20217,3.971677109,7.635090365
frame-u-002074-1-0028,1,Success,TRUE,SAT_26652,3.225582925,123.8053356,40.78045882,123.7477138,40.74805778,,2001/1/26 4:46:24,SAT_26652,3.498542306,3.225582925,SAT_20045,1.791966931,11.29164161,SAT_13295,0.135458317,28.79457777
frame-u-002074-2-0028,1,No match,FALSE,N/A,inf,123.3912668,41.06102135,123.2662023,41.06202552,FOVNotMatch,2001/1/26 4:46:24,SAT_26652,3.498542306,40.42633385,SAT_20045,1.791966931,48.49239253,SAT_13295,0.135458317,65.99532869
frame-u-002069-2-0132,1,No match,FALSE,N/A,inf,138.9190788,2.633959764,138.9425639,2.708750455,FOVNotMatch,2001/1/25 7:58:39,SAT_02371,4.006569689,28.57503776,SAT_25963,5.062388539,33.2173621,SAT_03036,2.800385982,36.77334068
frame-u-002069-1-0133,1,No match,FALSE,N/A,inf,139.0847311,2.224130655,139.1563416,2.452549161,FOVNotMatch,2001/1/25 7:59:15,SAT_02371,4.006569689,28.55292204,SAT_25963,5.062388539,33.23947782,SAT_03036,2.800385982,36.75122496
frame-u-002073-3-0054,1,Success,TRUE,SAT_26090,3.818678684,33.48898979,-8.99361518,33.3228307,-8.979209427,,2001/1/26 3:17:57,SAT_26090,2.156260945,3.818678684,SAT_23016,5.369823839,5.018039183,SAT_21392,3.953678223,5.019026693
frame-u-002076-5-0144,1,No match,FALSE,N/A,inf,124.5662704,44.47560569,124.5858516,44.65482098,FOVNotMatch,2001/1/26 9:09:07,SAT_12892,2.9786499,13.80894004,SAT_22615,0.406327426,48.32840756,SAT_08546,3.254672664,64.18749773
frame-u-002076-5-0145,1,No match,FALSE,N/A,inf,124.8279886,44.66136772,124.8357786,44.72157163,FOVNotMatch,2001/1/26 9:09:43,SAT_12892,2.9786499,13.00440347,SAT_22615,0.406327426,49.13294413,SAT_08546,3.254672664,63.38296116
frame-u-002075-5-0069,1,No match,FALSE,N/A,inf,127.2235385,46.50868151,127.0525585,46.51441305,FOVNotMatch,2001/1/26 7:25:01,SAT_14670,5.685621998,8.57206377,SAT_25054,5.025996034,10.77563152,SAT_24960,9.51321168,N/A
frame-u-002074-6-0189,1,No match,FALSE,N/A,inf,149.9516555,58.64106468,149.6335009,58.67468036,FOVNotMatch,2001/1/26 6:22:31,SAT_16402,5.660765724,42.40671582,SAT_22321,3.204247118,47.29499593,SAT_08164,1.927715977,59.64013021
frame-u-002074-3-0205,1,Success,TRUE,SAT_22321,0.480617841,155.2733379,58.58016152,155.0615555,58.77501961,,2001/1/26 6:32:05,SAT_22321,1.581051149,0.480617841,SAT_07629,2.275780306,9.081805111,SAT_21602,4.757198965,35.27631517
frame-u-002078-4-0058,1,No match,FALSE,N/A,inf,169.6635305,64.31403294,169.4965953,64.34317601,FOVNotMatch,2001/1/26 10:24:04,SAT_15260,4.344021293,14.56681811,SAT_16962,3.92244347,17.12521252,SAT_01328,1.145331815,18.35944992
frame-u-002078-3-0197,1,No match,FALSE,N/A,inf,215.4244719,61.16299246,215.6093202,61.14018102,FOVNotMatch,2001/1/26 11:47:03,SAT_25382,5.706103227,7.055588529,SAT_25379,5.155678523,9.01680404,SAT_14313,5.269755746,16.39774734
frame-u-002078-2-0219,1,No match,FALSE,N/A,inf,220.8415296,59.08342366,220.8939346,59.17942086,FOVNotMatch,2001/1/26 12:00:11,SAT_16103,2.935984288,22.35023887,SAT_11050,2.584250313,25.58720475,SAT_18980,0.060788429,33.03348186
frame-u-002078-1-0264,1,No match,FALSE,N/A,inf,230.2082563,54.83939912,230.4660374,54.86353425,FOVNotMatch,2001/1/26 12:27:03,SAT_07369,1.048855234,5.376861469,SAT_18980,5.62444898,28.18488756,SAT_14815,5.950850823,31.27220936
frame-u-002073-4-0138,1,Success,TRUE,SAT_15199,1.30947982,46.09074312,-7.321891393,45.92886208,-7.303806342,,2001/1/26 4:08:07,SAT_15199,3.252603154,1.30947982,SAT_21392,2.345681692,6.429754926,SAT_26495,2.063640681,6.435963302
frame-u-002073-3-0149,1,No match,FALSE,N/A,inf,47.74175347,-7.377974981,47.61034558,-7.431476,FOVNotMatch,2001/1/26 4:14:41,SAT_13571,5.610527427,8.912817212,SAT_16870,4.838277224,11.035169,SAT_19689,3.941712698,11.96208657
frame-u-002073-3-0150,1,No match,FALSE,N/A,inf,47.82502833,-7.431648475,47.92284914,-7.390801132,FOVNotMatch,2001/1/26 4:15:17,SAT_13571,5.610527427,9.427202124,SAT_16870,4.838277224,11.54955391,SAT_19689,3.941712698,12.47647148
frame-u-002125-4-0056,1,Success,TRUE,SAT_21815,3.94004679,127.2752665,2.707093093,127.2075984,2.719986158,,2001/2/20 4:02:48,SAT_21815,4.6608465,3.94004679,SAT_16250,4.792603585,10.56315448,SAT_14050,2.848300569,12.14714665
frame-u-002125-1-0110,1,No match,FALSE,N/A,inf,135.3828517,2.163919892,135.2625206,2.145845382,FOVNotMatch,2001/2/20 4:35:03,SAT_21641,1.200429011,5.251716483,SAT_23330,5.391952349,6.008680394,SAT_21702,2.489456564,6.142630719
frame-u-002125-4-0194,1,No match,FALSE,N/A,inf,147.9139431,4.178335178,147.7589545,4.158196487,FOVNotMatch,2001/2/20 5:25:12,SAT_23330,5.701666561,5.69106449,SAT_21641,1.372487372,6.000675506,SAT_15994,5.815320464,6.452562453
frame-u-002125-1-0321,1,No match,FALSE,N/A,inf,166.8827354,3.497818135,166.9559738,3.722382258,FOVNotMatch,2001/2/20 6:41:01,SAT_21598,0.089345539,24.69360474,SAT_08145,2.26778054,28.63293701,SAT_07794,2.226909451,45.69071325
frame-u-002127-4-0049,1,No match,FALSE,N/A,inf,190.1730486,65.02153585,189.8073771,65.07135811,FOVNotMatch,2001/2/20 11:58:20,SAT_22231,5.274108665,11.4749393,SAT_18946,5.480131702,17.74179117,SAT_24963,2.507262003,19.02240354
frame-u-002126-1-0124,1,Success,TRUE,SAT_20556,0.226897793,137.8663251,2.359853434,137.7658377,2.569649323,,2001/2/20 8:06:57,SAT_20556,0.136431117,0.226897793,SAT_21158,4.323705513,3.288576199,SAT_10485,2.190476734,12.70065319
frame-u-002126-5-0129,1,Success,TRUE,SAT_11669,0.493434728,138.494961,4.215106604,138.3622794,4.230817987,,2001/2/20 8:09:56,SAT_11669,5.047979821,0.493434728,SAT_10476,3.450851772,2.990091825,SAT_19931,5.111858171,6.060924387
frame-u-002131-2-0176,1,No match,FALSE,N/A,inf,130.6427491,44.29206297,130.6154797,44.37172501,FOVNotMatch,2001/2/21 4:04:43,SAT_20361,3.063851459,28.01010516,SAT_12086,4.911060322,44.98394076,SAT_08180,1.454127741,46.05524111
frame-u-002127-5-0084,1,Success,TRUE,SAT_13783,0.310664208,202.1756557,64.40630023,202.0493688,64.45572537,,2001/2/20 12:19:14,SAT_13783,5.735715361,0.310664208,SAT_13446,5.706144742,35.57707544,SAT_24963,2.900101355,37.10828067
frame-u-002127-5-0085,1,Success,TRUE,SAT_13783,0.596279249,202.7413258,64.36453017,202.4611236,64.4753417,,2001/2/20 12:19:50,SAT_13783,5.735715361,0.596279249,SAT_13446,5.706144742,35.86269048,SAT_24963,2.900101355,37.39389571
frame-u-002126-2-0297,1,No match,FALSE,N/A,inf,163.7763182,4.167317313,163.7165934,4.191842955,FOVNotMatch,2001/2/20 9:50:15,SAT_11684,0.478698487,8.927762945,SAT_11669,3.230144599,11.5715686,SAT_07815,3.429008993,12.48334166
frame-u-002127-5-0092,1,No match,FALSE,N/A,inf,204.8035155,64.06397695,204.7143782,64.1307632,FOVNotMatch,2001/2/20 12:24:01,SAT_26508,3.24715504,20.42482658,SAT_08395,3.992312631,30.20860388,SAT_13446,5.204317769,51.99246027
frame-u-002127-5-0093,1,No match,FALSE,N/A,inf,205.3797429,64.02596396,205.1413232,64.20189593,FOVNotMatch,2001/2/20 12:24:36,SAT_26508,3.24715504,20.05805475,SAT_08395,3.992312631,29.84183205,SAT_13446,5.204317769,51.62568844
frame-u-002131-2-0263,1,No match,FALSE,N/A,inf,146.1777065,52.52047412,146.059408,52.54080435,FOVNotMatch,2001/2/21 4:56:40,SAT_01335,2.673800588,43.31924429,SAT_20536,2.918538203,46.25943338,SAT_06850,2.377942621,69.87631436
frame-u-002134-1-0223,1,No match,FALSE,N/A,inf,243.795219,46.23303985,243.7615495,46.30861616,FOVNotMatch,2001/2/21 10:59:43,SAT_15808,4.228919863,44.35574454,SAT_23743,3.918101059,52.19955541,SAT_10893,5.045797565,62.907322
frame-u-002134-1-0328,1,No match,FALSE,N/A,inf,255.4602623,33.38210697,255.3485547,33.41434778,FOVNotMatch,2001/2/21 12:02:24,SAT_12866,4.332338866,63.33053123,SAT_06910,0.364887517,77.43255403,SAT_26574,2.2246456,78.55169497
frame-u-002134-1-0329,1,No match,FALSE,N/A,inf,255.553912,33.15288652,255.4865162,33.172426,FOVNotMatch,2001/2/21 12:03:00,SAT_12866,4.332338866,63.3625459,SAT_06910,0.364887517,77.4645687,SAT_26574,2.2246456,78.58370964
frame-u-002134-6-0314,1,No match,FALSE,N/A,inf,256.214717,36.2450124,256.1911581,36.28220142,FOVNotMatch,2001/2/21 11:54:03,SAT_12854,0.084337667,9.640606885,SAT_00337,1.91277158,12.95820229,SAT_14461,3.290947088,65.06138481
frame-u-002134-6-0092,1,Success,TRUE,SAT_08701,2.896592779,221.0001833,61.09679821,221.4222518,61.15014961,,2001/2/21 9:41:30,SAT_08701,5.23852674,2.896592779,SAT_08195,5.114417224,4.528049276,SAT_14319,3.981716279,5.391985552
frame-u-002134-3-0251,1,No match,FALSE,N/A,inf,248.0911458,43.40902015,248.1037037,43.45982295,FOVNotMatch,2001/2/21 11:16:26,SAT_21496,5.567571769,10.9476002,SAT_15808,1.220920558,18.42853024,SAT_23743,5.599243511,31.82903583
frame-u-002133-2-0108,1,No match,FALSE,N/A,inf,205.4063254,62.75210147,205.2573955,62.73742115,FOVNotMatch,2001/2/21 8:04:42,SAT_13016,2.285304219,9.236699241,SAT_22275,5.176658508,13.33778313,SAT_14319,5.185254539,27.58310806
frame-u-002133-5-0081,1,Success,TRUE,SAT_07276,0.347530476,197.4786029,64.96556027,197.1321313,65.06544524,,2001/2/21 7:48:35,SAT_07276,3.828019173,0.347530476,SAT_05337,1.153243721,2.25926991,SAT_23645,5.809910769,10.56323491
frame-u-002133-4-0072,1,No match,FALSE,N/A,inf,193.803367,64.79845404,193.9381969,64.94025692,FOVNotMatch,2001/2/21 7:43:13,SAT_13457,4.406548123,23.53456921,SAT_17184,2.82067332,26.61022104,SAT_26237,3.718849883,27.86523667
frame-u-002133-6-0027,1,Success,TRUE,SAT_16402,2.515288097,178.0581405,65.82749143,178.0139363,65.83003594,,2001/2/21 7:16:21,SAT_16402,2.701420757,2.515288097,SAT_07276,1.221710946,17.72680872,SAT_25379,0.649413775,25.77591459
frame-u-002137-6-0137,1,No match,FALSE,N/A,inf,119.916807,37.90262688,119.7087593,37.96137228,FOVNotMatch,2001/2/22 3:17:06,SAT_26607,4.18641891,14.1386363,SAT_25679,0.082466276,28.6782763,SAT_12150,3.268644131,56.38104672
frame-u-002140-2-0060,1,No match,FALSE,N/A,inf,128.2492226,42.534564,128.1819719,42.55648751,FOVNotMatch,2001/2/22 7:26:19,SAT_11141,2.310589141,30.29461025,SAT_20539,0.012060888,39.98075276,SAT_12032,5.698664,82.09446735
frame-u-002138-4-0024,1,No match,FALSE,N/A,inf,147.7893558,54.33661388,147.5678699,54.4801561,FOVNotMatch,2001/2/22 5:22:42,SAT_22321,4.961745007,13.52348024,SAT_20536,3.770111148,16.48508744,SAT_26106,0.027742507,20.56453422
frame-u-002138-5-0024,1,No match,FALSE,N/A,inf,147.3381124,54.62697021,147.2707736,54.67045336,FOVNotMatch,2001/2/22 5:22:42,SAT_22321,4.961745007,13.45933772,SAT_20536,3.770111148,16.42094491,SAT_26106,0.027742507,20.5003917
frame-u-002138-5-0025,1,No match,FALSE,N/A,inf,147.777966,54.78488933,147.5843105,54.90836934,FOVNotMatch,2001/2/22 5:23:18,SAT_22321,4.961745007,13.68011563,SAT_20536,3.770111148,16.64172282,SAT_26106,0.027742507,20.72116961
frame-u-002141-3-0224,1,No match,FALSE,N/A,inf,176.1713603,-0.415551049,176.2202314,-0.33989113,FOVNotMatch,2001/2/22 10:26:13,SAT_16186,5.014537336,16.40223711,SAT_24721,0.513450553,40.2027004,SAT_19178,5.537792506,51.69097895
frame-u-002167-5-0112,1,Success,TRUE,SAT_22321,3.572280134,152.5348684,56.08262236,152.3507611,56.28101829,,2001/3/12 4:06:33,SAT_22321,2.571891592,3.572280134,SAT_22324,5.722274005,6.133609514,SAT_26690,3.968265889,40.7404054
frame-u-002188-6-0011,1,No match,FALSE,N/A,inf,123.8705825,0.049001832,123.7171362,0.067478439,FOVNotMatch,2001/3/19 3:12:46,SAT_03029,5.705645471,5.097011175,SAT_21149,5.304120211,5.90277427,SAT_23716,4.584123998,6.584922037
frame-u-002187-6-0047,1,No match,FALSE,N/A,inf,122.9744866,-0.061660224,122.8704291,0.104020684,FOVNotMatch,2001/3/19 2:44:15,SAT_23296,5.754367993,54.67193188,SAT_21149,3.78992967,57.1146513,SAT_17528,0.834294863,57.43345866
frame-u-002188-4-0080,1,Success,TRUE,SAT_25822,3.045461687,134.1589867,-1.264238461,133.9961646,-1.284170228,,2001/3/19 3:53:58,SAT_25822,4.76307556,3.045461687,SAT_15677,3.494726324,4.329666453,SAT_23330,0.943758845,4.41615839
frame-u-002188-4-0081,1,Success,TRUE,SAT_25822,3.193882733,134.3075665,-1.293110384,134.2313153,-1.302645044,,2001/3/19 3:54:34,SAT_25822,4.76307556,3.193882733,SAT_15677,3.494726324,4.478087498,SAT_23330,0.943758845,4.564579435
frame-u-002190-1-0031,1,No match,FALSE,N/A,inf,186.5990094,4.101915209,186.5587817,4.172026341,FOVNotMatch,2001/3/19 7:40:36,SAT_24731,1.526417113,22.66725086,SAT_14194,4.616321218,44.322113,SAT_14821,5.257431329,46.30256857
frame-u-002188-5-0147,1,Success,TRUE,SAT_03029,4.916091838,144.1628558,-1.262310903,144.0348239,-1.2163941,,2001/3/19 4:33:58,SAT_03029,3.168229409,4.916091838,SAT_04250,3.787633935,5.5209936,SAT_25538,3.027313683,8.270778578
frame-u-002188-1-0148,1,No match,FALSE,N/A,inf,144.1666809,-2.941381905,144.1362477,-2.914830608,FOVNotMatch,2001/3/19 4:34:34,SAT_03029,3.168229409,26.32222941,SAT_04250,3.787633935,26.92713118,SAT_25538,3.027313683,29.67691615
frame-u-002188-1-0149,1,No match,FALSE,N/A,inf,144.4485954,-2.934908993,144.289134,-2.798607883,FOVNotMatch,2001/3/19 4:35:10,SAT_03029,3.168229409,25.74010761,SAT_04250,3.787633935,26.34500937,SAT_25538,3.027313683,29.09479435
frame-u-002188-1-0150,1,No match,FALSE,N/A,inf,144.6016068,-2.818557063,144.4926615,-2.726039327,FOVNotMatch,2001/3/19 4:35:46,SAT_03029,3.168229409,25.55364535,SAT_04250,3.787633935,26.15854712,SAT_25538,3.027313683,28.90833209
frame-u-002188-1-0104,1,No match,FALSE,N/A,inf,137.6351207,-2.743416624,137.5679003,-2.703221751,FOVNotMatch,2001/3/19 4:08:18,SAT_03029,5.234524179,16.80396888,SAT_25538,2.43466011,20.50024173,SAT_25541,4.714593556,28.19617995
frame-u-002190-6-0145,1,No match,FALSE,N/A,inf,203.822189,5.964588369,203.6663174,5.880093891,FOVNotMatch,2001/3/19 8:48:40,SAT_09816,4.808484929,28.58116046,SAT_21623,5.186053146,37.42891678,SAT_16293,0.023063677,60.32530078
frame-u-002190-5-0191,1,No match,FALSE,N/A,inf,210.6394287,5.137831667,210.7284737,5.168323459,FOVNotMatch,2001/3/19 9:16:07,SAT_01571,1.211748823,29.72718248,SAT_06267,4.800406681,52.00698435,SAT_16293,3.947335035,52.1147684
