fits_file,streak_id,status,matched,satellite_name,min_angle_error,start_ra,start_dec,end_ra,end_dec,error,obs_time,candidate_1_name,candidate_1_separation,candidate_1_angle_error,candidate_2_name,candidate_2_separation,candidate_2_angle_error,candidate_3_name,candidate_3_separation,candidate_3_angle_error
frame-i-007907-1-0022,1,No match,FALSE,,inf,352.5045206,-3.48984179,352.5166616,-3.467829499,FOVNotMatch,2009/1/16 1:29:34,SAT_21678,0.83651131,26.07472994,SAT_09009,5.88521315,45.55314554,SAT_00733,0.140299991,46.82955302
frame-i-007885-3-0166,1,Success,TRUE,SAT_26471,0.3747568,42.93961497,-6.12985746,42.85154925,-6.099211666,,2009/1/1 6:01:34,SAT_26471,4.335681937,0.3747568,SAT_23538,5.157188292,1.477896041,SAT_28473,0.090185722,7.550433896
frame-i-007885-3-0130,1,Success,TRUE,SAT_12089,2.491620422,37.46201602,-6.431882991,37.39887678,-6.45044863,,2009/1/1 5:40:05,SAT_12089,5.964736321,2.491620422,SAT_19215,2.964329842,2.826247071,SAT_19765,5.435183936,2.881249329
frame-i-007885-2-0132,1,Success,TRUE,SAT_05548,2.915845924,37.7611311,-6.94028078,37.73199964,-6.887479022,,2009/1/1 5:41:16,SAT_05548,4.604537188,2.915845924,SAT_10693,2.1709547,5.058599074,SAT_18551,5.45999626,10.99963997
frame-i-007907-2-0082,1,No match,FALSE,,inf,1.504016779,-3.107359172,1.667630758,-3.147580801,FOVNotMatch,2009/1/16 2:05:24,SAT_28138,3.135753291,6.665795054,SAT_11715,1.365781209,8.5974804,SAT_28394,0.110451366,13.67638689
frame-i-007907-5-0084,1,No match,FALSE,,inf,1.857631057,-2.069752544,1.970447088,-1.911333624,FOVNotMatch,2009/1/16 2:06:35,SAT_25175,4.590446226,22.88364296,SAT_14948,3.522617003,37.84154472,SAT_15141,3.572659889,38.29083193
frame-i-007907-6-0142,1,Success,TRUE,SAT_21804,2.981628915,10.55533072,-1.617415431,10.49366639,-1.585056333,,2009/1/16 2:41:13,SAT_21804,0.036130257,2.981628915,SAT_32501,5.548110072,5.794257581,SAT_11715,4.027631185,21.79065097
frame-i-007907-1-0173,1,Success,TRUE,SAT_20918,0.053006646,15.15192221,-3.602329981,15.31518609,-3.58648471,,2009/1/16 2:59:44,SAT_20918,5.817781731,0.053006646,SAT_21136,4.993997966,0.864002964,SAT_23413,5.858544751,2.764595775
frame-i-007907-1-0189,1,No match,FALSE,,inf,17.5519071,-3.632396546,17.71418785,-3.475606003,FOVNotMatch,2009/1/16 3:09:17,SAT_26813,1.436921457,25.64634426,SAT_14948,1.644088626,27.57099906,SAT_15141,1.473293067,27.95580865
frame-i-007912-5-0145,1,No match,FALSE,,inf,358.2310345,17.80589644,358.3109042,17.91986693,FOVNotMatch,2009/1/17 2:44:40,SAT_29747,3.404784015,33.9355784,SAT_06324,5.405723949,38.57308467,SAT_30645,4.317889416,39.90411052
frame-i-007912-5-0145,2,No match,FALSE,,inf,358.1357762,18.01729733,358.1394258,18.02645702,FOVNotMatch,2009/1/17 2:44:40,SAT_29747,3.404784015,20.98300834,SAT_06324,5.405723949,51.52565473,SAT_30645,4.317889416,52.85668058
frame-i-007912-6-0135,1,No match,FALSE,,inf,356.5467727,18.30198024,356.7214523,18.25030028,FOVNotMatch,2009/1/17 2:38:42,SAT_00227,1.715090128,5.709252149,SAT_01716,0.04867883,12.82318886,SAT_29285,2.43530269,24.18535718
frame-i-007912-2-0167,1,No match,FALSE,,inf,1.629847362,16.633832,1.662104504,16.85791692,FOVNotMatch,2009/1/17 2:57:48,SAT_19537,3.116421227,41.83474563,SAT_26121,2.659787621,66.42270944,SAT_21229,2.105250775,67.58915253
frame-i-007912-1-0168,1,No match,FALSE,,inf,1.881387992,16.21760743,1.913726204,16.44216122,FOVNotMatch,2009/1/17 2:58:24,SAT_19537,3.116421227,41.85473456,SAT_26121,2.659787621,66.40272051,SAT_21229,2.105250775,67.5691636
frame-i-007913-1-0028,1,No match,FALSE,,inf,11.08408185,18.84959048,11.12419318,18.89903591,FOVNotMatch,2009/1/17 4:00:05,SAT_27105,5.723271888,33.72146231,SAT_31001,5.400711692,36.4431936,SAT_13564,0.906066532,40.7595938
frame-i-007907-3-0203,1,No match,FALSE,,inf,19.67812114,-2.830841539,19.65625857,-2.736461059,FOVNotMatch,2009/1/16 3:17:39,SAT_11715,5.5694654,70.43042362,SAT_02207,2.902843367,76.45914056,SAT_02216,1.332743056,76.52172038
frame-i-007908-5-0026,1,Success,TRUE,SAT_11715,0.06870341,25.73693172,-6.471211392,25.57173868,-6.45163823,,2009/1/16 3:42:34,SAT_11715,5.970721907,0.06870341,SAT_27402,4.392329604,2.066912433,SAT_02207,5.6171905,5.901468833
frame-i-007913-6-0103,1,No match,FALSE,,inf,23.18653591,20.13342165,23.1299248,20.19835725,FOVNotMatch,2009/1/17 4:44:52,SAT_16446,5.52982886,16.11574284,SAT_15836,3.666551057,49.62944192,SAT_28254,13.94702208,
frame-i-007908-4-0110,1,Success,TRUE,SAT_18351,0.022243377,38.39008156,-6.091874563,38.22791787,-6.129224499,,2009/1/16 4:32:43,SAT_18351,3.621590916,0.022243377,SAT_20391,3.126878683,0.146182333,SAT_19686,4.209257062,0.288609246
frame-i-007908-3-0134,1,No match,FALSE,,inf,41.93150978,-6.401819565,41.87549562,-6.351711293,FOVNotMatch,2009/1/16 4:47:03,SAT_29056,4.71624156,20.95544762,SAT_27402,5.383953559,28.35821073,SAT_24954,1.70893202,30.84604354
frame-i-007917-5-0012,1,No match,FALSE,,inf,345.0855412,21.91246004,345.1207921,22.056992,FOVNotMatch,2009/1/18 2:06:38,SAT_14735,3.473156015,6.069898117,SAT_29260,3.394883349,31.53585131,SAT_31335,3.916077828,55.54990625
frame-i-007917-3-0021,1,No match,FALSE,,inf,346.4954116,21.40255169,346.6635853,21.4656858,FOVNotMatch,2009/1/18 2:12:00,SAT_29873,5.218779577,10.16194197,SAT_04945,2.733776314,10.60366618,SAT_11991,2.725798806,11.40977225
frame-i-007917-3-0145,1,No match,FALSE,,inf,6.524837017,22.28364106,6.565889654,22.50768006,FOVNotMatch,2009/1/18 3:26:02,SAT_16137,4.848277489,48.29292224,SAT_33484,1.760773085,61.23975795,SAT_15362,1.969326312,69.34343743
frame-i-007923-1-0143,1,No match,FALSE,,inf,353.9613308,18.40017055,354.0307191,18.55296324,FOVNotMatch,2009/1/21 2:46:52,SAT_32495,3.542907728,14.50167863,SAT_00879,5.43585633,27.17886008,SAT_16952,0.558134992,54.03558259
frame-i-007923-1-0234,1,No match,FALSE,,inf,8.34238758,18.71381702,8.447200808,18.93666308,FOVNotMatch,2009/1/21 3:41:12,SAT_13958,4.888403013,43.95163233,SAT_01508,0.074596973,55.62154341,SAT_10566,5.061130302,56.28638506
frame-i-007923-6-0114,1,No match,FALSE,,inf,349.1350823,20.23329661,349.1776765,20.37025261,FOVNotMatch,2009/1/21 2:29:33,SAT_00879,2.125296453,20.59251397,SAT_00622,0.528006408,37.10330755,SAT_08015,5.263601897,37.65944101
frame-i-008038-2-0109.fits.bz2,,Failed,FALSE,,,,,,,No valid TLE files in window,,,,,,,,,,
frame-i-007932-3-0113,1,Success,TRUE,SAT_28815,0.184593254,16.47855933,21.80167469,16.58607993,21.82285389,,2009/1/26 4:08:57,SAT_28815,5.584775397,0.184593254,SAT_19128,0.674694918,0.300978552,SAT_20046,2.347413251,1.521379771
frame-i-007932-5-0206,1,No match,FALSE,,inf,31.51282493,20.94688084,31.61763961,20.95203781,FOVNotMatch,2009/1/26 5:04:29,SAT_10828,0.192949856,47.81618716,SAT_11750,4.671418294,47.87354764,SAT_32037,4.715525028,49.18498912
frame-i-007937-4-0020,1,No match,FALSE,,inf,354.7900648,27.33801485,354.829801,27.56530434,FOVNotMatch,2009/1/29 2:45:47,SAT_08163,0.496417424,31.39212075,SAT_04070,0.149541721,64.22307887,SAT_12665,2.275529196,69.33933179
frame-i-007937-2-0189,1,No match,FALSE,,inf,23.15570936,25.81014425,23.22292246,25.85225079,FOVNotMatch,2009/1/29 4:26:41,SAT_12704,2.66962332,22.38487689,SAT_25569,0.921706698,22.94031809,SAT_19127,1.633521363,23.03810097
frame-i-008049-6-0073,1,No match,FALSE,,inf,10.98813371,8.467751479,11.03378002,8.528394534,FOVNotMatch,2009/9/23 11:12:26,SAT_32712,2.276053625,9.391522247,SAT_16183,4.791838502,25.13002862,SAT_17199,2.341863155,38.73983718
frame-i-008049-2-0108,1,Success,TRUE,SAT_33438,0.090812627,16.24004438,6.635394561,16.40441897,6.649878563,,2009/9/23 11:33:20,SAT_33438,2.021294532,0.090812627,SAT_25623,3.186422819,0.868094464,SAT_21052,4.25743132,2.640753216
frame-i-008049-2-0108,2,No match,FALSE,,inf,16.36257109,6.693637939,16.24196066,6.720565729,FOVNotMatch,2009/9/23 11:33:20,SAT_29005,3.735831855,6.084112063,SAT_33438,2.021294532,17.64823424,SAT_25623,3.186422819,18.60714134
frame-i-008049-2-0109,1,No match,FALSE,,inf,16.4390873,6.736109268,16.55705979,6.709825847,FOVNotMatch,2009/9/23 11:33:56,SAT_29005,3.735831855,6.109510992,SAT_33438,2.021294532,17.62283532,SAT_25623,3.186422819,18.58174241
frame-i-008049-2-0109,2,Success,TRUE,SAT_33438,0.400695586,16.53880988,6.627502643,16.5549248,6.628784368,,2009/9/23 11:33:56,SAT_33438,2.021294532,0.400695586,SAT_25623,3.186422819,1.359602676,SAT_21052,4.25743132,3.132261429
frame-i-008049-6-0097,1,No match,FALSE,,inf,14.63346401,8.240334086,14.74892193,8.461929908,FOVNotMatch,2009/9/23 11:26:46,SAT_19611,3.97859811,12.73775805,SAT_31570,0.123710594,30.57875524,SAT_18416,1.724348875,31.82083829
frame-i-008049-5-0098,1,No match,FALSE,,inf,14.76015628,7.893390301,14.83609525,8.040774161,FOVNotMatch,2009/9/23 11:27:22,SAT_19611,3.97859811,12.50043596,SAT_31570,0.123710594,30.34143316,SAT_18416,1.724348875,31.5835162
frame-i-008049-4-0099,1,No match,FALSE,,inf,14.90420879,7.578854475,14.9246829,7.619364581,FOVNotMatch,2009/9/23 11:27:58,SAT_19611,3.97859811,12.07588091,SAT_31570,0.123710594,29.9168781,SAT_18416,1.724348875,31.15896115
frame-i-008049-5-0099,1,No match,FALSE,,inf,15.02392224,7.812549388,15.0766682,7.914653884,FOVNotMatch,2009/9/23 11:27:58,SAT_19611,3.97859811,12.56664954,SAT_31570,0.123710594,30.40764674,SAT_18416,1.724348875,31.64972979
frame-i-008049-4-0102,1,Success,TRUE,SAT_19611,0.80208606,15.48954524,7.381615799,15.52009346,7.492071966,,2009/9/23 11:29:45,SAT_19611,3.97859811,0.80208606,SAT_31570,0.123710594,18.64308326,SAT_18416,1.724348875,19.8851663
frame-i-008054-1-0044,1,Success,TRUE,SAT_15199,1.079575614,327.2281815,-4.989145024,327.3912915,-5.00654413,,2009/9/26 6:47:03,SAT_15199,2.291569746,1.079575614,SAT_15166,5.521090403,3.703457346,SAT_28154,0.376256657,6.044872718
frame-i-008054-1-0051,1,Success,TRUE,SAT_15199,0.861164934,328.2812518,-4.988768389,328.4447064,-5.005769557,,2009/9/26 6:51:14,SAT_15199,1.519217804,0.861164934,SAT_15166,5.553319325,3.320331617,SAT_02934,0.766404937,4.928407911
frame-i-008056-2-0094,1,No match,FALSE,,inf,24.3557424,25.53327709,24.3746404,25.43381832,FOVNotMatch,2009/9/26 10:55:06,SAT_24764,1.84093978,9.917139525,SAT_21730,4.644459516,14.57963906,SAT_26115,2.83706244,19.45206419
frame-i-008054-6-0154,1,No match,FALSE,,inf,343.82156,-3.488558869,343.9834666,-3.544085821,FOVNotMatch,2009/9/26 7:52:43,SAT_23671,5.820552604,14.12047604,SAT_33537,5.671496845,14.51211741,SAT_26721,1.866467993,15.81099487
frame-i-008054-4-0125,1,Success,TRUE,SAT_22231,3.982049676,339.4577278,-4.29665447,339.5612696,-4.07601037,,2009/9/26 7:35:25,SAT_22231,5.702079044,3.982049676,SAT_12933,5.776911524,16.03074072,SAT_22132,5.395678036,18.21116952
frame-i-008056-5-0147,1,No match,FALSE,,inf,33.14902146,25.08347205,33.23873517,25.10720352,FOVNotMatch,2009/9/26 11:26:44,SAT_32496,3.200997052,57.15166956,SAT_32034,0.113762241,58.21978646,SAT_30473,2.750439046,80.34217383
frame-i-008066-1-0064,1,No match,FALSE,,inf,348.2409483,-6.037762892,348.1887708,-5.981971546,FOVNotMatch,2009/9/28 8:40:12,SAT_33525,3.833210331,11.36840037,SAT_20309,4.283894166,15.31410636,SAT_34658,4.380701154,16.57286538
frame-i-008066-3-0066,1,No match,FALSE,,inf,348.469673,-5.202998761,348.552613,-4.982415789,FOVNotMatch,2009/9/28 8:41:24,SAT_31629,4.137335086,21.91660658,SAT_06989,1.881952614,24.49255178,SAT_26020,2.046243235,27.45181995
frame-i-008062-2-0103,1,Success,TRUE,SAT_35257,1.073895287,31.04495698,1.618990599,31.03147548,1.708916485,,2009/9/27 10:07:23,SAT_35257,2.227339819,1.073895287,SAT_29336,5.458018904,8.970787762,SAT_29328,1.134383729,17.08831314
frame-i-008062-4-0105,1,Success,TRUE,SAT_13753,2.847417042,31.24704791,2.517713181,31.40992225,2.541623664,,2009/9/27 10:08:35,SAT_13753,4.771866882,2.847417042,SAT_35497,2.364904841,4.780914419,SAT_20040,5.549485068,6.187451316
frame-i-008067-1-0027,1,Success,TRUE,SAT_27866,2.949476428,8.802404997,-8.522447406,8.833599658,-8.501970837,,2009/9/28 9:54:13,SAT_27866,5.07094533,2.949476428,SAT_13983,3.1177668,17.85362895,SAT_14128,2.245141827,19.15498164
frame-i-008067-1-0027,2,Success,TRUE,SAT_27866,2.531208365,8.667956433,-8.415581978,8.819404585,-8.317700142,,2009/9/28 9:54:13,SAT_27866,5.07094533,2.531208365,SAT_13983,3.1177668,17.43536089,SAT_14128,2.245141827,18.73671358
frame-i-008083-2-0205,1,No match,FALSE,,inf,343.3326652,-5.482893424,343.4301108,-5.261445686,FOVNotMatch,2009/10/10 4:02:17,SAT_21602,3.233437063,37.6797835,SAT_18357,0.021793115,43.69143698,SAT_15032,1.078507882,43.95679676
frame-i-008083-6-0201,1,No match,FALSE,,inf,342.8616569,-3.789115706,342.8985355,-3.705616691,FOVNotMatch,2009/10/10 3:59:53,SAT_27056,5.137365018,28.50312887,SAT_18357,1.590405455,43.80325737,SAT_20799,3.943959987,50.37419029
frame-i-008096-4-0235,1,No match,FALSE,,inf,1.067260034,20.34408162,1.162161154,20.39238939,FOVNotMatch,2009/10/15 8:51:05,SAT_35029,0.573806463,9.659957851,SAT_26780,3.795805301,38.11191827,SAT_26389,5.538137032,52.12643877
frame-i-008095-6-0249,1,Success,TRUE,SAT_27625,0.656080566,352.2546083,-6.463666396,352.4201661,-6.427434385,,2009/10/15 4:09:24,SAT_27625,2.712525023,0.656080566,SAT_03431,5.110419064,1.745828182,SAT_12472,5.549529485,1.838612286
frame-i-008095-2-0222,1,No match,FALSE,,inf,348.1581205,-7.796344664,348.2957083,-7.884570241,FOVNotMatch,2009/10/15 3:53:16,SAT_25282,2.509085192,18.10323959,SAT_26039,2.647447919,22.28316832,SAT_17253,2.861522132,29.21738652
frame-i-008095-6-0224,1,Success,TRUE,SAT_25485,3.953254395,348.6374736,-6.130049735,348.6614311,-6.180232442,,2009/10/15 3:54:28,SAT_25485,1.63409814,3.953254395,SAT_25282,2.509085192,49.79740457,SAT_26039,2.647447919,53.9773333
frame-i-008095-5-0348,1,Success,TRUE,SAT_17253,0.613052816,7.172890244,-7.0606714,7.244878243,-7.069388056,,2009/10/15 5:08:30,SAT_17253,2.958111841,0.613052816,SAT_25503,5.865891239,3.010229918,SAT_25126,2.367346556,6.334713065
frame-i-008095-5-0349,1,Success,TRUE,SAT_17253,0.580501517,7.323520848,-7.040783852,7.488072874,-7.060803392,,2009/10/15 5:09:06,SAT_17253,2.958111841,0.580501517,SAT_25503,5.865891239,2.97767862,SAT_25126,2.367346556,6.367264363
frame-i-008095-5-0350,1,Success,TRUE,SAT_17253,0.795321313,7.474283002,-7.021072253,7.63876111,-7.040462705,,2009/10/15 5:09:42,SAT_17253,2.958111841,0.795321313,SAT_25503,5.865891239,3.192498415,SAT_25126,2.367346556,6.152444568
frame-i-008095-5-0351,1,Success,TRUE,SAT_17253,0.758405163,7.624964952,-7.001477424,7.789519994,-7.020984485,,2009/10/15 5:10:18,SAT_17253,2.958111841,0.758405163,SAT_25503,5.865891239,3.155582265,SAT_25126,2.367346556,6.189360718
frame-i-008095-5-0352,1,Success,TRUE,SAT_17253,0.836545921,7.776416967,-6.981958646,7.940272916,-7.001158717,,2009/10/15 5:10:54,SAT_17253,2.958111841,0.836545921,SAT_25503,5.865891239,3.233723023,SAT_25126,2.367346556,6.11121996
frame-i-008095-5-0353,1,Success,TRUE,SAT_17253,1.108688632,7.926288259,-6.962686515,8.090996858,-6.981200374,,2009/10/15 5:11:29,SAT_17253,2.958111841,1.108688632,SAT_25503,5.865891239,3.505865734,SAT_25126,2.367346556,5.839077249
frame-i-008095-5-0354,1,Success,TRUE,SAT_17253,1.095669411,8.077155001,-6.943297036,8.241648621,-6.961825074,,2009/10/15 5:12:05,SAT_17253,2.958111841,1.095669411,SAT_25503,5.865891239,3.492846514,SAT_25126,2.367346556,5.852096469
frame-i-008095-2-0429,1,No match,FALSE,,inf,19.42889641,-8.086896807,19.47026399,-7.988658796,FOVNotMatch,2009/10/15 5:56:52,SAT_18704,5.74343267,12.14358007,SAT_02372,4.873071015,18.63938941,SAT_16339,2.87325679,51.01462394
frame-i-008095-1-0430,1,No match,FALSE,,inf,19.59057451,-8.411587837,19.64258417,-8.28850915,FOVNotMatch,2009/10/15 5:57:28,SAT_18704,5.74343267,12.1989198,SAT_02372,4.873071015,18.69472914,SAT_16339,2.87325679,50.95928421
frame-i-008095-1-0431,1,No match,FALSE,,inf,19.86611225,-8.465627249,19.90547951,-8.37235372,FOVNotMatch,2009/10/15 5:58:04,SAT_18704,5.74343267,12.17069459,SAT_02372,4.873071015,18.66650393,SAT_16339,2.87325679,50.98750942
frame-i-008100-2-0207,1,No match,FALSE,,inf,342.8970965,-7.510300072,342.9970557,-7.469049439,FOVNotMatch,2009/10/16 3:23:20,SAT_14821,5.78456645,6.475017546,SAT_20799,0.875859992,6.665632973,SAT_12003,4.497295246,6.831285215
frame-i-008105-5-0103,1,Success,TRUE,SAT_12909,4.191105564,25.47430891,29.27659309,25.51979141,29.23565982,,2009/10/16 10:56:16,SAT_12909,1.426208003,4.191105564,SAT_04786,2.97878842,6.559074779,SAT_35541,5.198524126,8.325540203
frame-i-008108-5-0024,1,No match,FALSE,,inf,325.4103503,18.23745099,325.574919,18.28587023,FOVNotMatch,2009/10/17 1:52:00,SAT_24675,0.016603309,6.255829032,SAT_13971,1.652850961,31.07789027,SAT_23968,5.682216959,36.96047303
frame-i-008108-5-0040,1,No match,FALSE,,inf,327.8483207,18.87161177,328.0151816,18.77580652,FOVNotMatch,2009/10/17 2:01:33,SAT_23968,4.496416255,7.826163052,SAT_13971,3.293390783,15.11460963,SAT_21217,5.53594832,35.52931964
frame-i-008100-4-0316,1,Success,TRUE,SAT_27463,3.501357809,359.4974304,-7.067802099,359.3705044,-7.037643411,,2009/10/16 4:28:25,SAT_27463,1.199633508,3.501357809,SAT_18800,2.554574652,3.575049568,SAT_12652,4.088580348,3.651985757
frame-i-008111-3-0139,1,No match,FALSE,,inf,10.47057786,32.08847508,10.56639908,32.06735783,FOVNotMatch,2009/10/17 9:45:09,SAT_35329,5.441895118,27.7932782,SAT_35221,5.706180131,29.39072558,SAT_17616,3.205014766,29.43569543
frame-i-008111-3-0139,2,Success,TRUE,SAT_34881,1.516652433,10.48026437,31.99981773,10.56110116,32.0210749,,2009/10/17 9:45:09,SAT_34881,4.466929158,1.516652433,SAT_17616,3.205014766,2.372938402,SAT_35221,5.706180131,2.417908245
frame-i-008112-4-0043,1,No match,FALSE,,inf,18.11270648,32.22421422,18.18129342,32.24975289,FOVNotMatch,2009/10/17 10:52:48,SAT_27764,3.919166411,6.729076624,SAT_34862,1.446380358,8.355626368,SAT_24236,1.455631524,12.31942951
frame-i-008116-6-0354,1,Success,TRUE,SAT_05052,1.613613003,21.4597352,29.81412483,21.51547051,29.8712436,,2009/10/18 7:07:12,SAT_05052,5.263084848,1.613613003,SAT_18806,1.118186929,15.30418434,SAT_05104,3.787486975,46.89949585
frame-i-008149-2-0122,1,No match,FALSE,,inf,337.2381938,28.85051266,337.3952545,28.9678613,FOVNotMatch,2009/11/16 2:09:42,SAT_02017,0.075614839,37.49097652,SAT_25363,2.351435772,40.90314716,SAT_29332,7.327151798,
frame-i-008155-5-0168,1,No match,FALSE,,inf,344.1093429,33.84168988,344.1983163,33.77901756,FOVNotMatch,2009/11/17 2:30:47,SAT_12949,0.631396391,24.69185847,SAT_13539,1.701429868,24.80326959,SAT_33684,4.277382257,26.36344017
frame-i-008162-1-0222,1,No match,FALSE,,inf,355.8579725,28.84963069,355.9183829,28.77621446,FOVNotMatch,2009/11/18 3:44:24,SAT_08418,4.793873781,13.72001583,SAT_05698,3.095898368,37.71313431,SAT_22952,7.043894753,
frame-i-000094-5-0205,1,No match,FALSE,N/A,inf,5.4670817,0.694992938,5.515090013,0.699621489,FOVNotMatch,1998/9/19 7:32:19,SAT_23581,5.935254855,5.514030432,SAT_03029,1.701432183,10.71761935,SAT_04250,4.821756831,11.15168661
frame-i-000094-5-0080,1,No match,FALSE,N/A,inf,346.7599297,0.757830873,346.8216033,0.777255364,FOVNotMatch,1998/9/19 6:17:41,SAT_23581,5.946274069,17.40441107,SAT_15555,5.425903098,24.04505741,SAT_19348,5.284209703,33.92773314
frame-i-000094-3-0289,1,No match,FALSE,N/A,inf,18.06973534,-0.098882156,18.20033813,-0.133087428,FOVNotMatch,1998/9/19 8:22:28,SAT_23581,5.779258472,14.61316715,SAT_23846,5.698665725,14.63716165,SAT_20946,5.753683161,14.65826942
frame-i-000094-1-0313,1,No match,FALSE,N/A,inf,21.63066981,-0.888560991,21.7930204,-0.937563571,FOVNotMatch,1998/9/19 8:36:47,SAT_23581,5.196900089,16.72090056,SAT_23846,5.281846672,16.75967353,SAT_24315,5.923312751,16.77169801
frame-i-000094-1-0314,1,Success,TRUE,SAT_07298,0.841526815,21.78035835,-0.947102604,21.80270158,-0.939528323,,1998/9/19 8:37:23,SAT_07298,3.403663812,0.841526815,SAT_07324,2.839147393,1.72188352,SAT_04902,0.034847898,2.030338635
frame-i-000094-1-0314,2,No match,FALSE,N/A,inf,21.78020149,-0.843710675,21.94164266,-0.892368985,FOVNotMatch,1998/9/19 8:37:23,SAT_23581,4.310271729,16.69334876,SAT_23846,4.45829901,16.73727411,SAT_24315,5.043612634,16.74860068
frame-i-000094-2-0320,1,No match,FALSE,N/A,inf,22.67769017,-0.575057278,22.79618169,-0.610243143,FOVNotMatch,1998/9/19 8:40:58,SAT_23581,4.310271729,16.45828251,SAT_23846,4.45829901,16.50220785,SAT_24315,5.043612634,16.51353442
frame-i-000094-2-0321,1,No match,FALSE,N/A,inf,22.82756198,-0.530348679,22.99002787,-0.578718168,FOVNotMatch,1998/9/19 8:41:34,SAT_23581,4.717986108,16.49422022,SAT_23846,4.877221521,16.54327815,SAT_24315,5.414088751,16.55390363
frame-i-000094-2-0323,1,No match,FALSE,N/A,inf,23.12685124,-0.440849436,23.28872429,-0.489346291,FOVNotMatch,1998/9/19 8:42:46,SAT_23581,4.717986108,16.59275185,SAT_23846,4.877221521,16.64180977,SAT_24315,5.414088751,16.65243525
frame-i-000094-5-0243,1,Success,TRUE,SAT_21634,2.04759723,11.15433783,0.691637596,11.30959533,0.684822722,,1998/9/19 7:55:00,SAT_21634,5.126692346,2.04759723,SAT_23581,5.937081136,2.480453655,SAT_03029,0.137628927,18.25226822
frame-i-000094-2-0277,1,No match,FALSE,N/A,inf,16.24241866,-0.555860951,16.40457968,-0.597787499,FOVNotMatch,1998/9/19 8:15:18,SAT_21634,5.257272604,6.53582354,SAT_14564,0.506457782,13.56474323,SAT_23581,4.710827948,14.44063136
frame-i-000094-3-0330,1,No match,FALSE,N/A,inf,24.17391773,-0.129657088,24.33745991,-0.178134913,FOVNotMatch,1998/9/19 8:46:56,SAT_23581,5.128197755,16.41935673,SAT_23846,5.296472597,16.47498891,SAT_24315,5.79118016,16.48470769
frame-i-000094-1-0459,1,Success,TRUE,SAT_20230,4.800802913,43.55644521,-0.807574695,43.64379742,-0.8388594,,1998/9/19 10:03:57,SAT_20230,5.208343442,4.800802913,SAT_21588,5.173865878,5.619979787,SAT_08746,3.966014462,6.403249795
frame-i-000094-4-0499,1,Success,TRUE,SAT_08746,4.997460375,49.57022774,0.332730771,49.63108904,0.311714628,,1998/9/19 10:27:50,SAT_08746,1.526017677,4.997460375,SAT_08747,1.55393317,5.025718731,SAT_21588,5.27852513,7.34228747
frame-i-000109-5-0174,1,No match,FALSE,N/A,inf,60.6411392,0.555068865,60.74485059,0.661660545,FOVNotMatch,1998/9/22 11:00:43,SAT_13607,4.983866623,24.01864051,SAT_23401,2.563058768,24.72832029,SAT_18086,3.599183878,32.64577689
frame-i-000109-5-0175,1,No match,FALSE,N/A,inf,60.88178425,0.496309526,60.95278115,0.568855754,FOVNotMatch,1998/9/22 11:01:19,SAT_13607,4.983866623,24.18528801,SAT_23401,2.563058768,24.89496779,SAT_18086,3.599183878,32.81242439
frame-i-000109-5-0131,1,Success,TRUE,SAT_19777,0.70140494,54.20583518,0.497732462,54.34081102,0.517017227,,1998/9/22 10:35:03,SAT_19777,5.951205342,0.70140494,SAT_19483,5.664516536,1.828326386,SAT_10953,3.671404313,4.490453048
frame-i-000109-5-0131,2,No match,FALSE,N/A,inf,54.33003788,0.437377173,54.24199828,0.526189574,FOVNotMatch,1998/9/22 10:35:03,SAT_20399,4.380146275,5.712359223,SAT_07003,2.84848398,23.45630304,SAT_05220,1.194996064,26.54818086
frame-i-000109-4-0198,1,No match,FALSE,N/A,inf,64.23236725,0.05945074,64.30862597,0.016991954,FOVNotMatch,1998/9/22 11:15:02,SAT_08746,2.381838785,13.86321508,SAT_08747,2.47241826,13.88151053,SAT_23581,5.271843459,28.87816673
frame-i-000125-5-0084,1,No match,FALSE,N/A,inf,1.527601616,0.661488985,1.553434487,0.640886939,FOVNotMatch,1998/9/25 6:52:32,SAT_23829,1.67168641,54.43091622,SAT_03029,3.017241439,55.05211589,SAT_23168,7.176672502,N/A
frame-i-000125-1-0159,1,No match,FALSE,N/A,inf,12.74029031,-1.21007686,12.77296401,-1.226555771,FOVNotMatch,1998/9/25 7:37:17,SAT_15202,4.565980631,6.664402671,SAT_03428,3.403197487,41.4733285,SAT_03029,0.08778155,42.37734834
frame-i-000125-1-0159,2,Success,TRUE,SAT_15202,0.317661386,12.60991186,-1.213238134,12.67925057,-1.238178323,,1998/9/25 7:37:17,SAT_15202,4.565980631,0.317661386,SAT_03428,3.403197487,34.49126444,SAT_03029,0.08778155,35.39528428
frame-i-000125-1-0216,1,No match,FALSE,N/A,inf,21.14180486,-1.015847205,21.30022816,-1.063232007,FOVNotMatch,1998/9/25 8:11:18,SAT_23581,4.223324949,16.57813914,SAT_23846,4.248357347,16.61253954,SAT_20946,4.188976413,16.63186862
frame-i-000125-2-0221,1,No match,FALSE,N/A,inf,21.88524334,-0.789619656,21.9879471,-0.820199443,FOVNotMatch,1998/9/25 8:14:17,SAT_23581,4.223324949,16.50580999,SAT_23846,4.248357347,16.5402104,SAT_20946,4.188976413,16.55953948
frame-i-000125-4-0240,1,No match,FALSE,N/A,inf,24.72813673,0.055993767,24.85485692,0.018690902,FOVNotMatch,1998/9/25 8:25:37,SAT_23581,5.424929217,16.31107568,SAT_23846,5.506053712,16.36263162,SAT_20946,5.44839663,16.37914858
frame-i-000125-2-0223,1,No match,FALSE,N/A,inf,22.18454197,-0.699784251,22.34710329,-0.748785163,FOVNotMatch,1998/9/25 8:15:29,SAT_03492,4.769371121,13.31802923,SAT_23581,4.620415817,16.69463658,SAT_23846,4.667209784,16.73406427
frame-i-000125-2-0225,1,No match,FALSE,N/A,inf,22.48375896,-0.6108025,22.6453444,-0.658670265,FOVNotMatch,1998/9/25 8:16:40,SAT_03492,4.769371121,13.04461876,SAT_23581,4.620415817,16.42122611,SAT_23846,4.667209784,16.4606538
frame-i-000125-2-0226,1,No match,FALSE,N/A,inf,22.73378842,-0.596042363,22.79483946,-0.61425233,FOVNotMatch,1998/9/25 8:17:16,SAT_03492,4.769371121,13.15174193,SAT_23581,4.620415817,16.52834928,SAT_23846,4.667209784,16.56777697
frame-i-000125-3-0233,1,No match,FALSE,N/A,inf,23.6802006,-0.213704921,23.77480195,-0.40045517,FOVNotMatch,1998/9/25 8:21:26,SAT_21550,3.218200776,11.32791485,SAT_23581,5.349682332,63.04831571,SAT_23846,5.532626485,63.09417166
frame-i-000125-3-0233,2,No match,FALSE,N/A,inf,23.68007542,-0.254011563,23.84317555,-0.302494594,FOVNotMatch,1998/9/25 8:21:26,SAT_23581,5.349682332,16.46846726,SAT_23846,5.532626485,16.51432321,SAT_20946,5.447127324,16.53178536
frame-i-000125-3-0234,1,No match,FALSE,N/A,inf,23.82975388,-0.209670393,23.99219435,-0.257682299,FOVNotMatch,1998/9/25 8:22:02,SAT_23581,5.349682332,16.37923711,SAT_23846,5.532626485,16.42509306,SAT_20946,5.447127324,16.44255521
frame-i-000125-3-0234,2,No match,FALSE,N/A,inf,23.9928056,-0.240093741,23.96031934,-0.176455502,FOVNotMatch,1998/9/25 8:22:02,SAT_21550,3.218200776,11.50641723,SAT_23581,5.349682332,62.86981333,SAT_23846,5.532626485,62.91566927
frame-i-000125-3-0235,1,No match,FALSE,N/A,inf,24.01728034,-0.176567444,24.14217807,-0.213178931,FOVNotMatch,1998/9/25 8:22:38,SAT_23581,5.349682332,16.25083558,SAT_23846,5.532626485,16.29669153,SAT_20946,5.447127324,16.31415368
frame-i-000125-4-0325,1,No match,FALSE,N/A,inf,37.47308868,0.018226085,37.55697934,0.119338508,FOVNotMatch,1998/9/25 9:16:20,SAT_05435,2.507152133,15.14066366,SAT_22781,1.645141012,15.88584057,SAT_04902,3.353775551,35.39867803
frame-i-000125-5-0329,1,Success,TRUE,SAT_08746,0.12293187,38.04290972,0.510671417,38.19160993,0.477648381,,1998/9/25 9:18:44,SAT_08746,4.23687668,0.12293187,SAT_08747,4.264094397,0.136021645,SAT_21229,3.716452588,8.253475597
frame-i-000125-2-0365,1,No match,FALSE,N/A,inf,43.48060315,-0.820885853,43.50037805,-0.794871288,FOVNotMatch,1998/9/25 9:40:13,SAT_10516,5.163023012,38.02189467,SAT_04902,4.350481509,38.82187174,SAT_10953,4.996035483,39.2503992
frame-i-000125-1-0366,1,No match,FALSE,N/A,inf,43.577901,-1.09468302,43.63518348,-1.016938555,FOVNotMatch,1998/9/25 9:40:49,SAT_10516,5.163023012,38.8810139,SAT_04902,4.350481509,39.68099097,SAT_10953,4.996035483,40.10951843
frame-i-000125-1-0367,1,No match,FALSE,N/A,inf,43.83323916,-1.153229965,43.89049806,-1.076100167,FOVNotMatch,1998/9/25 9:41:24,SAT_10516,5.163023012,38.67540606,SAT_04902,4.350481509,39.47538313,SAT_10953,4.996035483,39.90391059
frame-i-000125-5-0440,1,No match,FALSE,N/A,inf,54.64894131,0.562323378,54.81109476,0.480565552,FOVNotMatch,1998/9/25 10:24:58,SAT_08746,0.867430458,12.17765848,SAT_08747,1.071198312,12.19130809,SAT_23581,5.898859865,26.55760505
frame-i-000125-6-0445,1,No match,FALSE,N/A,inf,55.39747391,0.935850557,55.55774828,0.855885905,FOVNotMatch,1998/9/25 10:27:57,SAT_08746,0.867430458,11.93793261,SAT_08747,1.071198312,11.95158222,SAT_23581,5.898859865,26.31787918
frame-i-000211-6-0210,1,No match,FALSE,N/A,inf,72.36394878,0.967290435,72.52681581,0.943818038,FOVNotMatch,1998/10/29 9:21:57,SAT_16250,4.391584956,16.77659525,SAT_19754,14.42691692,N/A,SAT_22248,15.8626136,N/A
frame-i-000125-1-0502,1,No match,FALSE,N/A,inf,63.92441199,-1.12857238,64.08728601,-1.157553179,FOVNotMatch,1998/9/25 11:01:58,SAT_08747,1.378179536,5.12094156,SAT_08746,1.23215756,5.137211457,SAT_13907,5.819887777,8.933191142
frame-i-000125-2-0514,1,No match,FALSE,N/A,inf,65.72004013,-0.810777917,65.78523889,-0.822379871,FOVNotMatch,1998/9/25 11:09:08,SAT_08747,2.154853462,5.196909699,SAT_08746,2.060172456,5.218400835,SAT_23581,4.726082937,9.862591227
frame-i-000125-2-0515,1,No match,FALSE,N/A,inf,65.8703969,-0.784409752,66.03152227,-0.812745327,FOVNotMatch,1998/9/25 11:09:44,SAT_08747,2.154853462,5.312913759,SAT_08746,2.060172456,5.334404895,SAT_23581,4.726082937,9.746587167
frame-i-000125-2-0516,1,No match,FALSE,N/A,inf,66.01951182,-0.758399323,66.18129219,-0.786420197,FOVNotMatch,1998/9/25 11:10:20,SAT_08747,2.154853462,5.460736116,SAT_08746,2.060172456,5.482227251,SAT_23581,4.726082937,9.598764811
frame-i-000125-2-0519,1,No match,FALSE,N/A,inf,66.46872381,-0.679918382,66.62990989,-0.708142623,FOVNotMatch,1998/9/25 11:12:07,SAT_08747,2.154853462,5.355224086,SAT_08746,2.060172456,5.376715222,SAT_23581,4.726082937,9.70427684
frame-i-000125-2-0520,1,No match,FALSE,N/A,inf,66.61761384,-0.65342591,66.78014838,-0.682031322,FOVNotMatch,1998/9/25 11:12:43,SAT_08747,2.154853462,5.305669351,SAT_08746,2.060172456,5.327160486,SAT_23581,4.726082937,9.753831576
frame-i-000125-2-0551,1,Success,TRUE,SAT_14565,2.509223551,71.25549465,-0.626502659,71.34450999,-0.659866959,,1998/9/25 11:31:13,SAT_14565,5.608915085,2.509223551,SAT_13907,1.510356594,3.402906061,SAT_09864,4.334115957,4.203469497
frame-i-000240-1-0043,1,No match,FALSE,N/A,inf,20.11922967,-1.028276543,20.13938866,-1.147530561,FOVNotMatch,1998/11/15 4:46:12,SAT_17037,0.061557177,19.19887765,SAT_25225,2.621697763,26.61223307,SAT_14528,4.054950472,76.9968635
frame-i-000240-4-0071,1,No match,FALSE,N/A,inf,24.16691756,0.058448795,24.32961933,0.010681348,FOVNotMatch,1998/11/15 5:02:55,SAT_24315,5.971203658,16.34598593,SAT_20946,5.38746442,16.35484888,SAT_23846,5.443080178,16.3605837
frame-i-000240-4-0074,1,No match,FALSE,N/A,inf,24.61651258,0.191084521,24.7768004,0.143765534,FOVNotMatch,1998/11/15 5:04:42,SAT_24315,5.971203658,16.4316568,SAT_20946,5.38746442,16.44051976,SAT_23846,5.443080178,16.44625457
frame-i-000240-4-0075,1,No match,FALSE,N/A,inf,24.78269441,0.230121983,24.92810668,0.187465982,FOVNotMatch,1998/11/15 5:05:18,SAT_24315,5.971203658,16.33322872,SAT_20946,5.38746442,16.34209168,SAT_23846,5.443080178,16.34782649
frame-i-000240-6-0091,1,No match,FALSE,N/A,inf,27.16049966,0.934589697,27.32301635,0.887646187,FOVNotMatch,1998/11/15 5:14:52,SAT_08747,5.226884901,5.445319227,SAT_08746,5.193939437,5.54374775,SAT_23230,5.583502399,23.5587282
frame-i-000240-6-0094,1,No match,FALSE,N/A,inf,27.60955753,1.064845558,27.77101503,1.018156157,FOVNotMatch,1998/11/15 5:16:39,SAT_08747,5.226884901,5.4628917,SAT_08746,5.193939437,5.561320222,SAT_23230,5.583502399,23.57630067
frame-i-000240-6-0078,1,Success,TRUE,SAT_12156,1.91023571,25.3718515,0.84480109,25.29302108,1.068839084,,1998/11/15 5:07:06,SAT_12156,3.023894841,1.91023571,SAT_02092,1.269504474,11.58513625,SAT_04823,1.25272514,13.32299213
frame-i-000240-5-0147,1,No match,FALSE,N/A,inf,35.69938972,0.457471928,35.62456197,0.53382484,FOVNotMatch,1998/11/15 5:48:17,SAT_05357,1.579559476,20.8713549,SAT_24934,5.479158819,33.0214675,SAT_08747,4.028029963,33.40449766
frame-i-000250-4-0076,1,Success,TRUE,SAT_23879,1.866635301,25.07993225,0.331343846,25.24099501,0.283441306,,1998/11/16 5:02:35,SAT_23879,3.173023976,1.866635301,SAT_20946,5.618581765,16.55641463,SAT_23846,5.669246854,16.56453574
frame-i-000250-4-0077,1,Success,TRUE,SAT_23879,2.254560941,25.22941573,0.374563735,25.39095977,0.327706367,,1998/11/16 5:03:11,SAT_23879,3.173023976,2.254560941,SAT_20946,5.618581765,16.16848899,SAT_23846,5.669246854,16.1766101
frame-i-000250-4-0078,1,Success,TRUE,SAT_23879,2.316383416,25.37914184,0.418571948,25.54128448,0.371730796,,1998/11/16 5:03:46,SAT_23879,3.173023976,2.316383416,SAT_20946,5.618581765,16.10666652,SAT_23846,5.669246854,16.11478762
frame-i-000250-6-0096,1,Success,TRUE,SAT_23879,3.419467226,28.07225527,1.200827453,28.23407365,1.154677304,,1998/11/16 5:14:31,SAT_23879,4.444279954,3.419467226,SAT_08747,4.834278732,5.075194504,SAT_08746,4.795259292,5.174349456
frame-i-000250-2-0173,1,Success,TRUE,SAT_08746,1.212658922,39.59099192,-0.395865376,39.75229063,-0.428756774,,1998/11/16 6:00:28,SAT_08746,4.092455278,1.212658922,SAT_08747,4.146566695,1.283903824,SAT_20874,3.577731458,6.935895096
frame-i-000250-2-0196,1,No match,FALSE,N/A,inf,43.09423255,-0.478973447,43.1895041,-0.59483944,FOVNotMatch,1998/11/16 6:14:12,SAT_08747,3.01247224,37.39821589,SAT_08746,2.589897323,37.46266567,SAT_20874,4.287090933,45.29676698
frame-i-000250-2-0232,1,No match,FALSE,N/A,inf,48.41602535,-0.392588579,48.46608708,-0.41226836,FOVNotMatch,1998/11/16 6:35:41,SAT_08747,2.241065593,7.585142199,SAT_08746,2.163925809,7.634047127,SAT_20874,1.61299612,14.76219718
frame-i-000250-2-0233,1,No match,FALSE,N/A,inf,48.65219935,-0.36932652,48.72814352,-0.398018762,FOVNotMatch,1998/11/16 6:36:16,SAT_08747,2.241065593,6.821704504,SAT_08746,2.163925809,6.870609431,SAT_20874,1.61299612,13.99875948
frame-i-000250-2-0405,1,No match,FALSE,N/A,inf,74.29674131,-0.383024175,74.32249967,-0.357742459,FOVNotMatch,1998/11/16 8:18:55,SAT_17267,3.867534776,28.30657395,SAT_13878,4.497408154,32.39913002,SAT_19483,1.451595117,35.14256768
frame-i-000250-5-0350,1,No match,FALSE,N/A,inf,66.17883972,0.715401351,66.14648528,0.887625953,FOVNotMatch,1998/11/16 7:46:05,SAT_14313,5.748679985,9.671916465,SAT_02361,0.872058423,9.897677662,SAT_00900,2.40433603,17.17043042
frame-i-000250-4-0271,1,No match,FALSE,N/A,inf,54.30331124,0.472293137,54.37306192,0.248298048,FOVNotMatch,1998/11/16 6:58:57,SAT_22221,3.060873526,5.554886908,SAT_25408,1.267701555,11.89606653,SAT_19946,5.44523361,18.70444312
frame-i-000256-2-0043,1,No match,FALSE,N/A,inf,356.6468421,-0.624553399,356.5054981,-0.483732101,FOVNotMatch,1998/11/17 3:04:39,SAT_11778,3.635979498,30.12308821,SAT_20229,4.007169914,32.36921895,SAT_11540,5.707582437,36.19222616
frame-i-000259-2-0107,1,No match,FALSE,N/A,inf,22.75569588,-0.575029274,22.61687332,-0.531094874,FOVNotMatch,1998/11/17 4:48:44,SAT_21588,5.286701311,6.925490001,SAT_24315,5.404040746,17.55172473,SAT_20946,4.768219032,17.55918189
frame-i-000259-2-0107,2,No match,FALSE,N/A,inf,22.75606228,-0.450330373,22.59402439,-0.401882354,FOVNotMatch,1998/11/17 4:48:44,SAT_21588,5.286701311,6.009919686,SAT_24315,5.404040746,16.63615441,SAT_20946,4.768219032,16.64361157
frame-i-000259-3-0115,1,No match,FALSE,N/A,inf,23.79104776,-0.15277339,23.90149797,-0.186981596,FOVNotMatch,1998/11/17 4:53:31,SAT_21588,5.911268693,6.082809035,SAT_24315,5.781331956,17.19774897,SAT_20946,5.187417765,17.20419733
frame-i-000259-3-0115,2,No match,FALSE,N/A,inf,23.79117345,-0.04580423,23.95342742,-0.09369679,FOVNotMatch,1998/11/17 4:53:31,SAT_21588,5.911268693,5.319193907,SAT_24315,5.781331956,16.43413384,SAT_20946,5.187417765,16.44058221
frame-i-000259-3-0116,1,No match,FALSE,N/A,inf,23.95161705,-0.110309213,24.10238405,-0.156331392,FOVNotMatch,1998/11/17 4:54:06,SAT_21588,5.911268693,5.849189458,SAT_24315,5.781331956,16.9641294,SAT_20946,5.187417765,16.97057776
frame-i-000259-3-0116,2,No match,FALSE,N/A,inf,23.94112176,-0.00137209,24.10325099,-0.049224741,FOVNotMatch,1998/11/17 4:54:06,SAT_21588,5.911268693,5.318179198,SAT_24315,5.781331956,16.43311914,SAT_20946,5.187417765,16.4395675
frame-i-000259-4-0122,1,No match,FALSE,N/A,inf,24.8385983,0.263446918,24.97239879,0.224649861,FOVNotMatch,1998/11/17 4:57:41,SAT_20946,5.606369834,16.16460166,SAT_23846,5.651887285,16.17552132,SAT_21222,5.856617831,16.21728243
frame-i-000259-4-0123,1,No match,FALSE,N/A,inf,24.98821196,0.3079539,25.15020229,0.259966999,FOVNotMatch,1998/11/17 4:58:16,SAT_20946,5.606369834,16.49553745,SAT_23846,5.651887285,16.50645711,SAT_21222,5.856617831,16.54821822
frame-i-000259-4-0127,1,No match,FALSE,N/A,inf,25.70463393,0.448690566,25.74958067,0.436105827,FOVNotMatch,1998/11/17 5:00:40,SAT_20946,5.606369834,15.63659107,SAT_23846,5.651887285,15.64751072,SAT_21222,5.856617831,15.68927184
frame-i-000259-5-0133,1,No match,FALSE,N/A,inf,26.48497233,0.745824333,26.64720215,0.698676433,FOVNotMatch,1998/11/17 5:04:15,SAT_08747,5.535568187,5.667199942,SAT_08746,5.50776214,5.77106732,SAT_02680,4.445315072,12.43122731
frame-i-000259-5-0134,1,No match,FALSE,N/A,inf,26.63442871,0.78906092,26.79728738,0.741789331,FOVNotMatch,1998/11/17 5:04:51,SAT_08747,5.535568187,5.648184411,SAT_08746,5.50776214,5.75205179,SAT_02680,4.445315072,12.45024284
frame-i-000259-6-0190,1,No match,FALSE,N/A,inf,35.01630584,1.079839207,35.05209523,1.06285046,FOVNotMatch,1998/11/17 5:38:16,SAT_08747,5.847190054,13.43162096,SAT_08746,5.772363625,13.51743432,SAT_20946,4.419118603,25.38037538
frame-i-000273-1-0054,1,No match,FALSE,N/A,inf,17.93897893,-1.205980878,18.07761274,-1.245605244,FOVNotMatch,1998/11/19 4:22:17,SAT_23581,5.9543956,15.9379677,SAT_24315,4.844990034,15.9473217,SAT_20946,4.140918963,15.95942904
frame-i-000273-2-0065,1,No match,FALSE,N/A,inf,19.58486251,-0.737653792,19.74754453,-0.783874219,FOVNotMatch,1998/11/19 4:28:51,SAT_21223,1.557628202,15.62660072,SAT_24315,5.210983741,15.85422893,SAT_20946,4.559729502,15.86508424
frame-i-000273-6-0070,1,No match,FALSE,N/A,inf,20.33257277,0.8970222,20.4946544,0.852907191,FOVNotMatch,1998/11/19 4:31:49,SAT_21223,1.557628202,14.99212134,SAT_24315,5.210983741,15.21974956,SAT_20946,4.559729502,15.23060487
frame-i-000273-6-0070,2,No match,FALSE,N/A,inf,20.33367098,0.907899646,20.4937993,0.855595963,FOVNotMatch,1998/11/19 4:31:49,SAT_11027,3.8597929,15.74155746,SAT_21223,1.557628202,17.85552768,SAT_24315,5.210983741,18.0831559
frame-i-000273-5-0070,1,Success,TRUE,SAT_11027,1.243675668,20.33513311,0.485616055,20.41183381,0.431759329,,1998/11/19 4:31:51,SAT_11027,3.8597929,1.243675668,SAT_21223,1.557628202,34.84076081,SAT_24315,5.210983741,35.06838903
frame-i-000273-3-0087,1,Success,TRUE,SAT_21778,2.49414175,22.87710259,-0.310302196,23.0394432,-0.358685896,,1998/11/19 4:42:00,SAT_21778,5.838724346,2.49414175,SAT_21223,2.404430304,15.65272733,SAT_24315,5.584993011,16.5874141
frame-i-000273-3-0090,1,Success,TRUE,SAT_21778,3.56056546,23.325999,-0.293945359,23.46514077,-0.338250848,,1998/11/19 4:43:48,SAT_21778,5.838724346,3.56056546,SAT_21223,2.404430304,16.71915104,SAT_11027,1.584088267,17.53685933
frame-i-000273-3-0090,2,Success,TRUE,SAT_21778,2.299606818,23.34565089,-0.18281009,23.48869997,-0.224916334,,1998/11/19 4:43:48,SAT_21778,5.838724346,2.299606818,SAT_21223,2.404430304,15.4581924,SAT_24315,5.584993011,16.39287917
frame-i-000273-5-0106,1,Success,TRUE,SAT_21778,1.217681523,25.7208474,0.529257619,25.88243794,0.482252414,,1998/11/19 4:53:20,SAT_21778,4.348100207,1.217681523,SAT_08747,5.870215213,5.830813157,SAT_08746,5.842886955,5.941593005
frame-i-000273-5-0109,1,Success,TRUE,SAT_21778,1.415402757,26.18485122,0.656305612,26.33157033,0.613077647,,1998/11/19 4:55:08,SAT_21778,4.348100207,1.415402757,SAT_08747,5.870215213,6.028534391,SAT_08746,5.842886955,6.139314239
frame-i-000273-5-0074,1,No match,FALSE,N/A,inf,21.05989288,0.432119714,21.08065345,0.65477386,FOVNotMatch,1998/11/19 4:34:14,SAT_02366,1.308910303,5.26220662,SAT_11136,5.136587094,20.12269234,SAT_02888,5.168869466,33.73839616
frame-i-000273-3-0074,1,Success,TRUE,SAT_21778,2.358358881,20.93177305,-0.35745116,21.09080664,-0.402480575,,1998/11/19 4:34:14,SAT_21778,5.485296996,2.358358881,SAT_10634,4.540954539,12.82832372,SAT_21223,2.867030066,15.28796947
frame-i-000273-3-0074,2,No match,FALSE,N/A,inf,20.98088109,-0.406658869,21.00185311,-0.1840088,FOVNotMatch,1998/11/19 4:34:14,SAT_02366,1.308910303,5.316409499,SAT_11136,5.136587094,20.17689522,SAT_02888,5.168869466,33.68419328
frame-i-000273-6-0115,1,Success,TRUE,SAT_21778,0.693727495,27.06767456,0.921751828,27.22980321,0.874954092,,1998/11/19 4:58:42,SAT_21778,3.665293337,0.693727495,SAT_08747,5.222606798,5.448727204,SAT_08746,5.187884422,5.55655559
frame-i-000273-6-0116,1,Success,TRUE,SAT_21778,0.734738556,27.21836129,0.964761481,27.37985588,0.918022092,,1998/11/19 4:59:17,SAT_21778,3.665293337,0.734738556,SAT_08747,5.222606798,5.489738265,SAT_08746,5.187884422,5.597566651
frame-i-000273-6-0118,1,Success,TRUE,SAT_21778,0.667001348,27.51658375,1.051476585,27.6786701,1.004774722,,1998/11/19 5:00:29,SAT_21778,3.665293337,0.667001348,SAT_08747,5.222606798,5.422001057,SAT_08746,5.187884422,5.529829443
frame-i-000273-6-0119,1,Success,TRUE,SAT_21778,0.664834947,27.73259337,1.075545721,27.82714613,1.048306447,,1998/11/19 5:01:05,SAT_21778,3.665293337,0.664834947,SAT_08747,5.222606798,5.419834656,SAT_08746,5.187884422,5.527663042
frame-i-000273-4-0120,1,No match,FALSE,N/A,inf,27.81668325,0.067758648,27.91234357,0.012790863,FOVNotMatch,1998/11/19 5:01:42,SAT_11027,3.398681481,6.834127382,SAT_21778,3.665293337,14.47359042,SAT_08747,5.222606798,19.22859013
frame-i-000273-6-0164,1,Success,TRUE,SAT_21778,4.689260277,34.40182675,1.043444021,34.56345813,0.977673032,,1998/11/19 5:27:57,SAT_21778,3.860341244,4.689260277,SAT_08747,3.835744123,10.15775677,SAT_08746,3.766981214,10.24811949
frame-i-000273-6-0165,1,Success,TRUE,SAT_21778,4.829042575,34.63995766,1.06820691,34.71361754,1.038024012,,1998/11/19 5:28:33,SAT_21778,3.860341244,4.829042575,SAT_08747,3.835744123,10.29753907,SAT_08746,3.766981214,10.38790179
frame-i-000273-1-0226,1,Success,TRUE,SAT_08746,1.172627484,43.68179375,-1.138519516,43.84376784,-1.17337131,,1998/11/19 6:04:59,SAT_08746,3.789834694,1.172627484,SAT_08747,3.852069749,1.237829024,SAT_23581,5.959424842,12.06419226
frame-i-000273-1-0227,1,Success,TRUE,SAT_08746,1.027020427,43.83181733,-1.106533328,43.99183904,-1.141391067,,1998/11/19 6:05:35,SAT_08746,3.789834694,1.027020427,SAT_08747,3.852069749,1.092221968,SAT_23581,5.959424842,12.20979931
frame-i-000273-1-0229,1,Success,TRUE,SAT_08746,1.159152179,44.13153094,-1.04311229,44.29351099,-1.078006345,,1998/11/19 6:06:47,SAT_08746,3.789834694,1.159152179,SAT_08747,3.852069749,1.224353719,SAT_23581,5.959424842,12.07766756
frame-i-000273-1-0230,1,Success,TRUE,SAT_08746,1.407057275,44.33261643,-1.022431336,44.44267647,-1.045643114,,1998/11/19 6:07:22,SAT_08746,3.789834694,1.407057275,SAT_08747,3.852069749,1.472258816,SAT_23581,5.959424842,11.82976247
frame-i-000287-6-0120,1,Success,TRUE,SAT_19475,3.887702293,52.80295845,1.152970675,52.91198659,0.955092029,,1998/11/21 6:33:27,SAT_19475,1.638761204,3.887702293,SAT_02431,2.368408485,28.7497837,SAT_20712,1.879933807,35.14170066
frame-i-000273-2-0237,1,Success,TRUE,SAT_08746,1.642744274,45.32835412,-0.789080713,45.49010033,-0.823137111,,1998/11/19 6:11:33,SAT_08746,3.000253954,1.642744274,SAT_08747,3.090392347,1.703155078,SAT_20946,4.563146112,11.86629485
frame-i-000297-5-0027,1,No match,FALSE,N/A,inf,63.54602303,0.647939659,63.5758194,0.611300604,FOVNotMatch,1998/11/22 7:12:26,SAT_21458,3.10521622,19.60897265,SAT_08747,2.566240702,35.77892157,SAT_08746,1.929322969,35.78473397
frame-i-000308-3-0172,1,No match,FALSE,N/A,inf,132.1055514,-0.038649737,132.0544286,0.185240819,FOVNotMatch,1998/11/23 11:41:31,SAT_22671,5.169991884,6.791582799,SAT_19128,2.025646667,48.86512283,SAT_03029,5.037165149,63.78626557
frame-i-000745-6-0022,1,No match,FALSE,N/A,inf,162.0711215,1.080276308,162.1618284,1.119235325,FOVNotMatch,1999/3/20 6:01:05,SAT_10479,3.617983515,12.34996422,SAT_15642,3.989318705,22.6273317,SAT_15677,3.209843976,22.77342535
frame-i-000745-6-0234,1,No match,FALSE,N/A,inf,193.719297,1.123556681,193.7609393,1.168902751,FOVNotMatch,1999/3/20 8:07:37,SAT_21890,5.89941778,9.88776644,SAT_15642,4.753706652,47.82632362,SAT_15677,4.17222854,48.3664603
frame-i-000745-3-0215,1,No match,FALSE,N/A,inf,190.8760839,-0.172977247,190.9161435,-0.210349508,FOVNotMatch,1999/3/20 7:56:16,SAT_06976,4.497491222,24.21139042,SAT_21373,1.911561671,25.05265471,SAT_10002,3.133458214,25.91121094
frame-i-000752-5-0089,1,No match,FALSE,N/A,inf,156.81742,0.57939698,156.9802067,0.617122759,FOVNotMatch,1999/3/21 5:36:29,SAT_23845,5.941796751,11.22944732,SAT_15642,4.234441143,12.30627142,SAT_15677,3.465886114,12.39474055
frame-i-000752-5-0094,1,No match,FALSE,N/A,inf,157.6243813,0.420761839,157.7286125,0.444714129,FOVNotMatch,1999/3/21 5:39:28,SAT_23845,5.941796751,11.12303347,SAT_15642,4.234441143,12.19985758,SAT_15677,3.465886114,12.28832671
frame-i-002190-4-0241,1,No match,FALSE,N/A,inf,218.0681569,4.518205307,218.2165716,4.494899711,FOVNotMatch,2001/3/19 9:44:47,SAT_25629,4.928960776,8.647267033,SAT_20299,4.649499958,39.06274298,SAT_16483,2.809942152,42.29146106
frame-i-002190-3-0270,1,No match,FALSE,N/A,inf,222.4941787,3.759819384,222.4427247,3.987355859,FOVNotMatch,2001/3/19 10:02:06,SAT_22561,1.847934319,7.302472043,SAT_23518,3.316853435,31.87288333,SAT_01805,5.45467321,62.70082363
frame-i-002194-3-0158,1,Success,TRUE,SAT_25461,2.056654295,133.7867663,-1.914078338,133.9489897,-1.883547292,,2001/3/20 3:22:33,SAT_25461,4.4926312,2.056654295,SAT_26728,4.488193903,5.175865482,SAT_21702,2.859320897,7.994646383
frame-i-002194-4-0142,1,Success,TRUE,SAT_25461,3.152849074,131.4099721,-1.308355457,131.5731096,-1.279629361,,2001/3/20 3:13:00,SAT_25461,4.384723978,3.152849074,SAT_26728,4.866017238,4.042951485,SAT_21702,3.774260724,7.162453546
frame-i-002194-6-0271,1,Success,TRUE,SAT_02868,0.67861565,150.7444798,-1.181252663,150.8992182,-1.218303915,,2001/3/20 4:30:01,SAT_02868,1.331348198,0.67861565,SAT_03431,2.288760938,0.743438879,SAT_05587,5.144950639,0.959421453
frame-i-002206-2-0070,1,No match,FALSE,N/A,inf,227.0519627,60.0403559,227.2045477,59.90579896,FOVNotMatch,2001/3/23 6:43:02,SAT_03743,1.430149346,20.31115928,SAT_22275,4.445365492,28.90998657,SAT_20282,0.96700739,52.7812779
frame-i-002243-5-0163,1,No match,FALSE,N/A,inf,139.9396248,51.53653325,140.2690876,51.41168256,FOVNotMatch,2001/4/15 3:54:12,SAT_22275,3.09798406,65.7160982,SAT_09494,0.816451772,67.45253412,SAT_10756,2.049367278,70.23110901
frame-i-002243-3-0175,1,No match,FALSE,N/A,inf,143.1508205,51.91246547,143.4636789,51.87575241,FOVNotMatch,2001/4/15 4:01:22,SAT_22275,5.453841624,40.37394233,SAT_05150,1.539015727,86.72557168,SAT_15752,7.550892485,N/A
frame-i-002194-1-0384,1,No match,FALSE,N/A,inf,167.7082937,-3.501684289,167.7908029,-3.48379242,FOVNotMatch,2001/3/20 5:37:29,SAT_26469,4.04352165,12.16907989,SAT_25086,1.786867528,12.21524773,SAT_23192,5.404379664,12.22360549
frame-i-002194-4-0384,1,No match,FALSE,N/A,inf,167.6429271,-2.303823777,167.7426588,-2.385864901,FOVNotMatch,2001/3/20 5:37:29,SAT_05587,3.655395661,23.07678379,SAT_08585,5.003589678,23.86568274,SAT_03431,1.724108,24.49007627
frame-i-002243-1-0407,1,No match,FALSE,N/A,inf,204.736523,57.34322083,204.7237574,57.14641248,FOVNotMatch,2001/4/15 6:19:54,SAT_26115,4.925104958,10.47346456,SAT_16103,0.043914499,29.87448753,SAT_26483,5.274662225,35.42376092
frame-i-002247-1-0093,1,No match,FALSE,N/A,inf,174.6853775,3.885652401,174.705255,3.66215828,FOVNotMatch,2001/4/16 3:30:57,SAT_22687,0.064266637,8.760121891,SAT_06797,3.465091572,52.82953547,SAT_10981,4.563540004,69.80514216
frame-i-002247-2-0178,1,No match,FALSE,N/A,inf,187.4799107,4.380884402,187.4318007,4.157559718,FOVNotMatch,2001/4/16 4:21:42,SAT_22543,2.834242643,27.98654762,SAT_20843,5.831588339,62.14375757,SAT_22624,4.999686464,79.80628451
frame-i-002267-4-0048,1,No match,FALSE,N/A,inf,141.7365323,-1.677011439,141.8488992,-1.714591739,FOVNotMatch,2001/4/24 3:01:55,SAT_24847,5.643213115,8.821016519,SAT_26724,4.567298572,18.40176726,SAT_21222,4.884553842,18.52815251
frame-i-002267-4-0048,2,No match,FALSE,N/A,inf,141.8479281,-1.747310903,141.6962694,-1.591733638,FOVNotMatch,2001/4/24 3:01:55,SAT_26106,4.618059956,26.86658712,SAT_24847,5.643213115,36.06419828,SAT_26724,4.567298572,45.64494902
frame-i-002267-5-0055,1,Success,TRUE,SAT_25629,4.585908367,142.747425,-1.294490437,142.8004112,-1.271970468,,2001/4/24 3:06:06,SAT_25629,4.715563825,4.585908367,SAT_23246,1.173836941,18.15610524,SAT_21222,5.368070068,23.00254518
frame-i-002259-1-0101,1,No match,FALSE,N/A,inf,135.9074039,-2.668413448,135.849978,-2.856036335,FOVNotMatch,2001/4/17 3:52:22,SAT_22691,0.095987467,31.48340562,SAT_23330,3.944814194,71.05327032,SAT_21762,4.362176652,71.19402335
frame-i-002259-1-0102,1,No match,FALSE,N/A,inf,136.1385231,-2.89962096,136.1650486,-2.815018445,FOVNotMatch,2001/4/17 3:52:58,SAT_22691,0.095987467,31.87170203,SAT_23330,3.944814194,70.66497391,SAT_21762,4.362176652,70.80572694
frame-i-002259-5-0067,1,No match,FALSE,N/A,inf,130.8574683,-1.041422837,130.8815168,-0.871410669,FOVNotMatch,2001/4/17 3:32:04,SAT_03212,0.88555108,5.894992121,SAT_10226,0.179709978,76.15453996,SAT_25821,4.538036543,76.9156285
frame-i-002259-5-0067,2,No match,FALSE,N/A,inf,130.8758154,-1.041217071,130.8810239,-0.885204111,FOVNotMatch,2001/4/17 3:32:04,SAT_03212,0.88555108,12.0332153,SAT_01883,0.845132067,80.06012239,SAT_02222,5.47442119,81.28817488
frame-i-002259-1-0155,1,No match,FALSE,N/A,inf,143.9404512,-3.068928511,144.0142945,-2.91749242,FOVNotMatch,2001/4/17 4:24:37,SAT_23625,2.882786269,5.963630134,SAT_21254,0.119897907,49.37172743,SAT_15166,2.943271111,57.84846935
frame-i-002259-6-0171,1,Success,TRUE,SAT_23330,3.972531837,146.5096141,-0.940777546,146.3971334,-0.951041745,,2001/4/17 4:34:10,SAT_23330,3.651301324,3.972531837,SAT_16274,5.117426229,4.218457639,SAT_21762,3.255317774,4.538818373
frame-i-002259-6-0172,1,Success,TRUE,SAT_23330,4.192187651,146.5708971,-0.971406066,146.7096403,-0.958208954,,2001/4/17 4:34:46,SAT_23330,3.651301324,4.192187651,SAT_16274,5.117426229,4.438113453,SAT_21762,3.255317774,4.758474188
frame-i-002298-4-0069,1,No match,FALSE,N/A,inf,166.1396088,61.62396012,166.2510002,61.55294589,FOVNotMatch,2001/5/17 4:09:40,SAT_17328,5.452539294,10.35538016,SAT_14501,2.285374422,13.68249745,SAT_14905,5.035419979,17.18420604
frame-i-002299-1-0281,1,No match,FALSE,N/A,inf,239.2307779,46.79158627,239.3816909,46.79931876,FOVNotMatch,2001/5/17 7:17:30,SAT_15808,5.282472307,52.82156607,SAT_11896,4.702656191,56.64333452,SAT_23793,2.224518806,85.03425931
frame-i-002299-2-0114,1,No match,FALSE,N/A,inf,203.0015043,60.83467471,203.0670031,60.86050632,FOVNotMatch,2001/5/17 5:37:47,SAT_21706,4.846665009,8.084274429,SAT_13012,3.621899426,15.4620084,SAT_02949,5.805442997,49.71977527
frame-i-002304-6-0021,1,No match,FALSE,N/A,inf,136.609407,53.58650424,136.7007526,53.5646546,FOVNotMatch,2001/5/18 2:52:16,SAT_21961,0.265696629,53.14525086,SAT_20742,5.695130891,72.71139282,SAT_8195U,17.44874575,N/A
frame-i-002299-2-0105,1,No match,FALSE,N/A,inf,200.4285781,61.12270952,200.5430091,60.95720492,FOVNotMatch,2001/5/17 5:32:25,SAT_20261,4.79677519,11.75699139,SAT_22312,3.996196854,25.41719162,SAT_15535,0.961176959,29.88776215
frame-i-002305-2-0110,1,No match,FALSE,N/A,inf,254.407499,32.93778441,254.5075711,32.79725429,FOVNotMatch,2001/5/18 7:17:14,SAT_22231,0.091678049,5.83170461,SAT_09822,5.398035998,7.046971136,SAT_9822U,5.398302391,7.071524266
frame-i-002304-1-0202,1,No match,FALSE,N/A,inf,186.5387783,61.42842501,186.6059778,61.53179873,FOVNotMatch,2001/5/18 4:40:20,SAT_21706,4.620500369,30.57049382,SAT_22438,5.034754821,33.05462851,SAT_07373,0.640574416,34.7548317
frame-i-002304-3-0308,1,No match,FALSE,N/A,inf,217.5546203,58.13781423,217.6623474,58.27225486,FOVNotMatch,2001/5/18 5:43:38,SAT_13070,5.987447435,16.02763484,SAT_25485,3.617865414,20.41504432,SAT_00801,1.830027455,22.81806571
frame-i-002322-1-0042,1,No match,FALSE,N/A,inf,180.9857595,61.31866569,181.3317255,61.22192915,FOVNotMatch,2001/5/22 6:21:06,SAT_15494,5.028340907,13.92659875,SAT_25112,2.101355495,53.77262834,SAT_22633,5.922495286,66.13883838
frame-i-002322-5-0110,1,No match,FALSE,N/A,inf,202.7307018,61.88687906,202.7980697,61.77260665,FOVNotMatch,2001/5/22 7:01:43,SAT_13205,3.884166593,42.79458193,SAT_20742,4.736165133,52.0789307,SAT_24876,5.807205422,53.40202984
frame-i-002322-4-0139,1,Success,TRUE,SAT_14909,2.222555496,210.9872488,60.00445072,211.1480579,59.93881072,,2001/5/22 7:19:01,SAT_14909,3.245046126,2.222555496,SAT_18911,0.105725441,32.89573356,SAT_20302,3.497584606,60.34183852
frame-i-002322-3-0147,1,Success,TRUE,SAT_20302,1.295356083,212.715971,59.17085896,212.9799694,59.20876071,,2001/5/22 7:23:48,SAT_20302,5.173933604,1.295356083,SAT_15182,2.03876927,19.76473889,SAT_22068,3.899120309,22.85617303
frame-i-002326-1-0143,1,No match,FALSE,N/A,inf,207.960581,59.18260091,208.2162084,59.35323197,FOVNotMatch,2001/5/23 5:14:03,SAT_19189,3.764546233,8.532397987,SAT_16220,3.70713483,14.38227937,SAT_26483,4.4282138,17.4187615
frame-i-002326-5-0155,1,No match,FALSE,N/A,inf,212.7692367,60.22132604,212.8050878,59.99871091,FOVNotMatch,2001/5/23 5:21:13,SAT_25448,0.367458948,11.67987848,SAT_23837,5.182793305,12.78363304,SAT_21234,2.504549178,15.92232889
frame-i-002328-3-0019,1,No match,FALSE,N/A,inf,244.234777,43.92255114,244.2397051,43.84157164,FOVNotMatch,2001/5/23 8:33:56,SAT_16925,5.312235773,31.65700481,SAT_07063,0.435162782,33.90007956,SAT_7063U,0.435688772,33.96342807
frame-i-002328-1-0020,1,No match,FALSE,N/A,inf,243.6571724,43.19440488,243.7308951,43.20070712,FOVNotMatch,2001/5/23 8:34:32,SAT_22196,2.186512686,16.59378561,SAT_16925,5.312235773,54.16634288,SAT_7063U,0.435688772,60.21322424
frame-i-002328-5-0025,1,No match,FALSE,N/A,inf,246.0599337,43.84974875,246.2137551,43.76925328,FOVNotMatch,2001/5/23 8:37:31,SAT_7063U,0.435688772,17.57705714,SAT_07063,0.435162782,17.64040565,SAT_22196,2.186512686,59.22995271
frame-i-002328-5-0060,1,No match,FALSE,N/A,inf,250.2959387,39.63186584,250.5262534,39.59987314,FOVNotMatch,2001/5/23 8:58:25,SAT_25867,3.630102609,10.24952078,SAT_01739,2.717151945,28.94854095,SAT_1739U,2.701801375,28.95476914
frame-i-002333-4-0035,1,No match,FALSE,N/A,inf,202.1901864,-2.31815442,202.1864427,-2.284492007,FOVNotMatch,2001/5/24 4:08:56,SAT_07036,3.652030629,10.91585296,SAT_7036U,3.652482611,10.9159687,SAT_15938,0.141097602,11.68503407
frame-i-002348-4-0014,1,Success,TRUE,SAT_19020,3.955849753,246.6624461,-2.985194778,246.7211717,-2.998650661,,2001/5/30 10:02:11,SAT_19020,5.157645743,3.955849753,SAT_21824,4.388236003,6.701656992,SAT_15561,2.930665178,7.427144828
frame-i-002348-2-0029,1,No match,FALSE,N/A,inf,248.7261976,-2.052686191,248.7186509,-2.013679533,FOVNotMatch,2001/5/30 10:11:08,SAT_12964,1.339321131,13.03194692,SAT_21824,5.785819093,72.89446778,SAT_15561,4.464803753,73.5872644
frame-i-002392-4-0071,1,No match,FALSE,N/A,inf,260.8135746,70.32207061,261.1930543,70.52069848,FOVNotMatch,2001/6/16 7:03:38,SAT_6192U,1.324404915,6.615243887,SAT_18881,5.947561264,9.351546631,SAT_9829U,5.439673765,30.92625039
frame-i-002392-3-0071,1,Success,TRUE,SAT_09823,3.526896659,259.5910817,70.23862332,259.7172185,70.21547353,,2001/6/16 7:03:38,SAT_09823,0.505937584,3.526896659,SAT_9823U,0.500779676,3.540340059,SAT_23622,0.033806353,3.896611418
frame-i-002392-5-0074,1,No match,FALSE,N/A,inf,262.5250982,70.00263881,262.7082448,70.0948741,FOVNotMatch,2001/6/16 7:05:25,SAT_6192U,1.026331422,8.358474945,SAT_18881,4.267120928,9.041908699,SAT_10720,1.671292972,9.168924923
frame-i-002392-5-0209,1,No match,FALSE,N/A,inf,269.8480134,50.0990931,269.8682498,50.1665959,FOVNotMatch,2001/6/16 8:26:02,SAT_18120,0.100938131,36.90872667,SAT_8701U,5.662970161,41.57246893,SAT_08701,5.689057024,41.58955579
frame-i-002507-3-0029,1,No match,FALSE,N/A,inf,321.144542,10.5583275,321.1471127,10.78648044,FOVNotMatch,2001/8/23 6:03:12,SAT_21903,4.89289294,10.20074113,SAT_18083,5.577368367,11.48205928,SAT_20710,3.974177665,20.01237582
frame-i-002566-1-0322,1,Success,TRUE,SAT_18806,1.93162916,2.192922482,13.74212927,2.132848777,13.75763174,,2001/9/18 6:58:39,SAT_18806,0.862139793,1.93162916,SAT_24937,4.461238102,2.674572142,SAT_1653U,1.708226671,11.97187898
frame-i-002566-5-0353,1,No match,FALSE,N/A,inf,6.985761804,15.51731698,6.817895861,15.59295796,FOVNotMatch,2001/9/18 7:17:10,SAT_10346,2.01584345,26.31658155,SAT_22671,2.311853451,42.4105737,SAT_11544,3.829920347,52.18785764
frame-i-002566-5-0351,1,Success,TRUE,SAT_01804,3.646671936,6.61264675,15.40976649,6.507186332,15.45787717,,2001/9/18 7:15:58,SAT_01804,1.527353542,3.646671936,SAT_1804U,1.323969414,4.385232395,SAT_10764,2.570213253,13.94647512
frame-i-002574-2-0036,1,No match,FALSE,N/A,inf,260.1795934,60.29293667,260.2687405,60.20475113,FOVNotMatch,2001/9/19 2:57:06,SAT_21706,5.904707213,13.71230509,SAT_08861,0.191810888,15.11522462,SAT_8861U,0.05016792,15.34581026
frame-i-002574-2-0037,1,No match,FALSE,N/A,inf,260.2335138,60.12426493,260.3628237,59.99438576,FOVNotMatch,2001/9/19 2:57:42,SAT_21706,5.904707213,13.92921795,SAT_08861,0.191810888,15.33213748,SAT_8861U,0.05016792,15.56272312
frame-i-002570-2-0248,1,No match,FALSE,N/A,inf,45.25783049,-0.628051681,45.2261199,-0.514598457,FOVNotMatch,2001/9/18 10:40:34,SAT_7823U,1.339774432,30.18914362,SAT_07823,1.340452269,30.18918739,SAT_21185,1.983705569,32.40764526
frame-i-002570-2-0248,2,Success,TRUE,SAT_19884,1.601303566,45.38774434,-0.421492366,45.35431582,-0.403696506,,2001/9/18 10:40:34,SAT_19884,2.826367225,1.601303566,SAT_7794U,0.978425953,2.462620254,SAT_07794,0.965499143,2.551972501
frame-i-002570-6-0298,1,No match,FALSE,N/A,inf,52.74139205,1.128699687,52.87394687,1.09484841,FOVNotMatch,2001/9/18 11:10:25,SAT_19884,2.916724022,17.7592145,SAT_12472,2.343906253,25.83417152,SAT_14943,1.435566871,26.54352021
frame-i-002570-6-0192,1,Success,TRUE,SAT_3428U,0.352398282,36.87231336,1.220389193,37.00488472,1.241412417,,2001/9/18 10:07:08,SAT_3428U,5.20309574,0.352398282,SAT_03428,5.203097725,0.352399003,SAT_12472,5.626061776,3.138660856
frame-i-002575-1-0048,1,Success,TRUE,SAT_16482,1.611577292,322.0141454,-8.473343457,322.1784663,-8.483355206,,2001/9/19 5:05:15,SAT_16482,3.16675447,1.611577292,SAT_23846,5.437842133,3.484755594,SAT_23313,1.305941937,3.494443311
frame-i-002578-1-0085,1,Success,TRUE,SAT_10143,2.686744611,41.1038588,-0.895946651,41.20430024,-0.864898261,,2001/9/19 8:53:35,SAT_10143,4.558128662,2.686744611,SAT_15626,3.607850003,3.23826989,SAT_2865U,5.946895989,7.388827716
frame-i-002579-5-0114,1,No match,FALSE,N/A,inf,52.85767083,0.494794464,52.93108709,0.47514621,FOVNotMatch,2001/9/19 11:26:01,SAT_26745,5.96179311,14.33690093,SAT_25558,5.907973603,14.96024481,SAT_26724,5.869214769,14.98723505
frame-i-002579-1-0144,1,Success,TRUE,SAT_26745,4.143674707,57.34972889,-1.113392822,57.51201925,-1.127087851,,2001/9/19 11:43:56,SAT_26745,4.630800175,4.143674707,SAT_21726,5.074063474,4.799727236,SAT_25558,4.250492772,4.802190539
frame-i-002589-6-0193,1,Success,TRUE,SAT_23645,3.71263605,44.12109927,1.053397485,44.18858839,1.241635217,,2001/9/21 8:31:04,SAT_23645,3.577337786,3.71263605,SAT_26678,3.229135642,5.18802754,SAT_23953,5.403896786,9.944195377
frame-i-002589-5-0290,1,No match,FALSE,N/A,inf,58.65728907,0.822525087,58.66426245,0.85819523,FOVNotMatch,2001/9/21 9:29:00,SAT_15219,4.437934332,65.48064036,SAT_19020,3.242394711,68.75813124,SAT_18387,2.409635962,69.27533017
frame-i-002591-6-0050,1,Success,TRUE,SAT_08860,3.822406704,48.05728067,0.842807082,48.08883127,0.943305663,,2001/9/21 10:29:47,SAT_08860,4.724296066,3.822406704,SAT_8860U,4.727952235,3.82402264,SAT_19445,5.881333425,5.297140771
frame-i-002591-2-0074,1,Success,TRUE,SAT_18946,4.335376941,51.64872769,-0.773323783,51.71979673,-0.612348188,,2001/9/21 10:44:07,SAT_18946,1.551298103,4.335376941,SAT_12981,3.968494888,7.378574304,SAT_25403,0.554126127,8.30698518
frame-i-002650-2-0033,1,No match,FALSE,N/A,inf,8.614759072,-0.404697543,8.583981035,-0.399196553,FOVNotMatch,2001/10/14 8:11:45,SAT_26696,4.818324976,9.291527745,SAT_22117,5.402903034,10.08524954,SAT_23016,4.757140106,10.09094667
frame-i-002650-3-0069,1,No match,FALSE,N/A,inf,13.88633653,-0.070740516,13.84294831,0.020498519,FOVNotMatch,2001/10/14 8:33:15,SAT_22691,2.209947544,11.15857435,SAT_12893,3.705975242,36.69280015,SAT_14259,3.727330758,44.45340511
frame-i-002662-2-0280,1,No match,FALSE,N/A,inf,359.5674482,-0.590934908,359.646989,-0.623883846,FOVNotMatch,2001/10/15 7:28:17,SAT_11298,2.714543835,15.33800893,SAT_20941,4.696170907,21.99587491,SAT_22117,4.506571636,22.45693579
frame-i-002662-2-0280,2,No match,FALSE,N/A,inf,359.5671967,-0.54146932,359.7302318,-0.449931678,FOVNotMatch,2001/10/15 7:28:17,SAT_24786,4.885547039,29.31938129,SAT_26745,3.788900761,29.32619726,SAT_25922,5.447232432,29.3274354
frame-i-002650-4-0071,1,Success,TRUE,SAT_10208,3.373850869,14.141902,0.353853603,14.18883781,0.348851336,,2001/10/14 8:34:27,SAT_10208,5.346932464,3.373850869,SAT_26696,5.202071909,4.173120043,SAT_24786,4.658823013,6.027073791
frame-i-002650-4-0071,2,No match,FALSE,N/A,inf,14.30422304,0.30697079,14.26094971,0.399789903,FOVNotMatch,2001/10/14 8:34:27,SAT_24841,0.691558862,8.667105928,SAT_20299,4.434208191,28.37767016,SAT_12893,2.010812617,36.29476577
frame-i-002662-1-0337,1,No match,FALSE,N/A,inf,8.101826199,-0.833237543,8.262844279,-0.867013315,FOVNotMatch,2001/10/15 8:02:19,SAT_26745,3.748717766,11.71476607,SAT_23016,4.325802982,11.80507848,SAT_22117,4.59219662,11.81125093
frame-i-002662-1-0328,1,No match,FALSE,N/A,inf,6.753753962,-0.967564851,6.840020534,-0.959386769,FOVNotMatch,2001/10/15 7:56:57,SAT_25922,5.629717836,5.424537459,SAT_26495,5.996239771,5.436696962,SAT_24786,4.737064307,5.447292986
frame-i-002677-4-0039,1,No match,FALSE,N/A,inf,9.42199604,0.423779329,9.582412941,0.384067341,FOVNotMatch,2001/10/25 7:27:48,SAT_7794U,2.123153659,10.70661846,SAT_07794,2.049271009,11.00488257,SAT_23016,5.565086833,13.86257786
frame-i-002677-4-0039,2,Success,TRUE,SAT_20906,2.638656032,9.502994373,0.421327895,9.505799622,0.439892122,,2001/10/25 7:27:48,SAT_20906,5.682940013,2.638656032,SAT_06289,1.309544336,6.268806949,SAT_6289U,1.317007666,6.2893328
frame-i-002662-5-0352,1,No match,FALSE,N/A,inf,10.34646252,0.66584245,10.4206138,0.634564819,FOVNotMatch,2001/10/15 8:11:17,SAT_25927,2.08990369,13.66137997,SAT_26745,5.428017403,22.70951042,SAT_22689,2.505393113,33.51155141
frame-i-002662-5-0353,1,No match,FALSE,N/A,inf,10.5316239,0.71471926,10.65881018,0.660015388,FOVNotMatch,2001/10/15 8:11:52,SAT_25927,2.08990369,14.06407407,SAT_26745,5.428017403,23.11220452,SAT_22689,2.505393113,33.9142455
frame-i-002662-3-0384,1,No match,FALSE,N/A,inf,15.19220248,-0.117739055,15.29972636,-0.130467623,FOVNotMatch,2001/10/15 8:30:23,SAT_26745,4.603590224,6.527969109,SAT_24786,5.490795315,6.69432152,SAT_23016,5.169715757,6.7107421
frame-i-002677-3-0124,1,No match,FALSE,N/A,inf,22.14714594,-0.041828823,22.30929662,-0.090091724,FOVNotMatch,2001/10/25 8:18:33,SAT_24786,5.45432498,16.51181252,SAT_23016,5.154900428,16.5338973,SAT_22096,5.592938874,16.54834843
frame-i-002677-3-0124,2,No match,FALSE,N/A,inf,22.30881692,-0.115374704,22.28987688,-0.109632125,FOVNotMatch,2001/10/25 8:18:33,SAT_24786,5.45432498,16.80378465,SAT_23016,5.154900428,16.82586943,SAT_22096,5.592938874,16.84032056
frame-i-002677-3-0125,1,No match,FALSE,N/A,inf,22.39986765,-0.028164389,22.45864281,-0.04539602,FOVNotMatch,2001/10/25 8:19:08,SAT_24786,5.45432498,16.276594,SAT_23016,5.154900428,16.29867878,SAT_22096,5.592938874,16.31312991
frame-i-002677-1-0219,1,Success,TRUE,SAT_4377U,2.65451785,36.44667796,-0.903951271,36.38728114,-0.852385105,,2001/10/25 9:15:16,SAT_4377U,1.36668366,2.65451785,SAT_24786,4.722700974,40.86922591,SAT_23016,4.325707661,40.92852954
frame-i-002677-6-0225,1,No match,FALSE,N/A,inf,37.37148579,1.197835362,37.43000619,1.180962909,FOVNotMatch,2001/10/25 9:18:51,SAT_24786,4.722700974,15.98904697,SAT_23016,4.325707661,16.0483506,SAT_22096,4.840984944,16.06677578
frame-i-002662-6-0453,1,Success,TRUE,SAT_26172,4.10174963,25.46786371,1.184524818,25.54728774,1.219237524,,2001/10/15 9:11:35,SAT_26172,3.455014712,4.10174963,SAT_20760,4.177224636,6.428674315,SAT_26745,5.913984686,23.96242472
frame-i-002662-6-0454,1,Success,TRUE,SAT_26172,4.069747604,25.62247334,1.120982865,25.77901036,1.189295276,,2001/10/15 9:12:11,SAT_26172,3.455014712,4.069747604,SAT_20760,4.177224636,6.396672289,SAT_26745,5.913984686,23.9304227
frame-i-002700-1-0099,1,No match,FALSE,N/A,inf,35.01313227,-1.043946189,34.95640178,-0.825061111,FOVNotMatch,2001/11/11 7:25:57,SAT_13298,4.418942909,26.20442695,SAT_09330,3.928777276,66.42541995,SAT_9330U,3.863447336,66.46330808
frame-i-002700-6-0146,1,Success,TRUE,SAT_18631,0.204270987,41.91673678,1.076902779,42.03025222,1.097924546,,2001/11/11 7:54:01,SAT_18631,5.159509459,0.204270987,SAT_12472,2.558045065,1.445958445,SAT_17875,2.040767636,1.993285648
frame-i-002700-6-0147,1,Success,TRUE,SAT_18631,0.382748987,42.08172667,1.051359564,42.2282172,1.078960308,,2001/11/11 7:54:36,SAT_18631,5.159509459,0.382748987,SAT_12472,2.558045065,1.267480444,SAT_17875,2.040767636,1.814807647
frame-i-002700-1-0211,1,Success,TRUE,SAT_9330U,1.428654587,51.64814088,-0.901193359,51.81031475,-0.933588836,,2001/11/11 8:32:49,SAT_9330U,4.464872131,1.428654587,SAT_09330,4.38972036,1.457678082,SAT_21766,1.419754031,5.050138999
frame-i-002700-1-0212,1,Success,TRUE,SAT_9330U,1.342460828,51.79799464,-0.870999562,51.96073952,-0.903764017,,2001/11/11 8:33:25,SAT_9330U,4.464872131,1.342460828,SAT_09330,4.38972036,1.371484323,SAT_21766,1.419754031,5.136332758
frame-i-002700-1-0213,1,Success,TRUE,SAT_9330U,1.311386502,51.94756658,-0.840932728,52.1098285,-0.873691785,,2001/11/11 8:34:01,SAT_9330U,4.464872131,1.311386502,SAT_09330,4.38972036,1.340409997,SAT_21766,1.419754031,5.167407084
frame-i-002700-2-0221,1,Success,TRUE,SAT_9330U,1.608551762,53.14479964,-0.601322012,53.26833464,-0.62624754,,2001/11/11 8:38:47,SAT_9330U,5.163814554,1.608551762,SAT_09330,5.090507643,1.637005857,SAT_21766,0.726099875,4.723588715
frame-i-002700-2-0222,1,Success,TRUE,SAT_9330U,1.647913398,53.29461398,-0.571519465,53.45794176,-0.604357347,,2001/11/11 8:39:23,SAT_9330U,5.163814554,1.647913398,SAT_09330,5.090507643,1.676367493,SAT_21766,0.726099875,4.684227079
frame-i-002700-2-0222,2,Success,TRUE,SAT_09330,2.569604894,53.29450022,-0.602056735,53.32248276,-0.609876852,,2001/11/11 8:39:23,SAT_09330,5.090507643,2.569604894,SAT_9330U,5.163814554,2.598058989,SAT_21766,0.726099875,8.930199465
frame-i-002700-2-0227,1,Success,TRUE,SAT_9330U,1.739014923,54.04316737,-0.423365897,54.20566162,-0.455768231,,2001/11/11 8:42:22,SAT_9330U,5.163814554,1.739014923,SAT_09330,5.090507643,1.767469018,SAT_21766,0.726099875,4.593125553
frame-i-002700-4-0251,1,Success,TRUE,SAT_21766,2.788328457,57.63642556,0.276120715,57.79930342,0.245063554,,2001/11/11 8:56:42,SAT_21766,0.724302721,2.788328457,SAT_26056,5.717831167,10.76760635,SAT_21906,5.629798655,10.77123325
frame-i-002700-4-0252,1,Success,TRUE,SAT_21766,2.849825986,57.78601698,0.30491968,57.94891453,0.273677606,,2001/11/11 8:57:18,SAT_21766,0.724302721,2.849825986,SAT_26056,5.717831167,10.82910387,SAT_21906,5.629798655,10.83273078
frame-i-002700-4-0253,1,Success,TRUE,SAT_21766,2.786279795,57.93563056,0.333658257,58.09716838,0.302862756,,2001/11/11 8:57:54,SAT_21766,0.724302721,2.786279795,SAT_26056,5.717831167,10.76555768,SAT_21906,5.629798655,10.76918459
frame-i-002700-3-0242,1,Success,TRUE,SAT_21766,3.339631258,56.28894089,0.016112725,56.45132784,-0.015166966,,2001/11/11 8:51:20,SAT_21766,0.059375243,3.339631258,SAT_26056,5.37448004,10.87519599,SAT_21906,5.209149675,10.87820155
frame-i-002700-5-0266,1,Success,TRUE,SAT_21766,1.932617483,59.88222388,0.702259091,60.04471118,0.671814696,,2001/11/11 9:05:40,SAT_21766,1.587900719,1.932617483,SAT_18387,5.882672731,20.2650016,SAT_18631,3.039763787,20.34938246
frame-i-002708-1-0255,1,No match,FALSE,N/A,inf,21.90983839,-0.987684025,22.0307843,-0.871463089,FOVNotMatch,2001/11/12 5:21:36,SAT_25525,3.926186529,18.98019416,SAT_10436,4.23625996,20.02606238,SAT_13907,5.240847228,26.18296346
frame-i-002735-2-0061,1,No match,FALSE,N/A,inf,153.2783312,52.32206375,153.539893,52.36097253,FOVNotMatch,2001/11/20 11:24:09,SAT_15714,4.40848048,7.936494066,SAT_21936,0.351342772,30.21308558,SAT_6829U,2.440979748,65.82719253
frame-i-002728-5-0627,1,No match,FALSE,N/A,inf,32.12800456,0.634277621,32.14530807,0.857703498,FOVNotMatch,2001/11/18 6:53:26,SAT_13456,3.991222617,23.11542803,SAT_20959,5.514998445,24.82247824,SAT_4744U,0.477995721,33.58716564
frame-i-002738-3-0020,1,No match,FALSE,N/A,inf,15.3398253,-0.176722854,15.26542283,-0.125422184,FOVNotMatch,2001/11/21 5:04:48,SAT_22779,2.871561346,22.4142965,SAT_25558,5.692737616,34.60007866,SAT_21726,5.275951851,34.60839244
frame-i-002738-3-0020,2,No match,FALSE,N/A,inf,15.33811447,-0.206153481,15.32626458,-0.144603457,FOVNotMatch,2001/11/21 5:04:48,SAT_22779,2.871561346,22.10179861,SAT_15789,3.103485725,27.63208311,SAT_16962,5.070715631,29.77185401
frame-i-002738-5-0049,1,No match,FALSE,N/A,inf,19.62850951,0.67867581,19.52405414,0.701270959,FOVNotMatch,2001/11/21 5:22:07,SAT_8808U,4.902118259,26.80875061,SAT_12447,5.324276612,28.10839964,SAT_04369,0.335163292,30.05701526
frame-i-002738-5-0051,1,No match,FALSE,N/A,inf,19.9848513,0.730441244,19.82238101,0.765404161,FOVNotMatch,2001/11/21 5:23:19,SAT_8808U,4.902118259,26.74768089,SAT_12447,5.324276612,28.04732992,SAT_04369,0.335163292,29.99594554
frame-i-002738-2-0055,1,No match,FALSE,N/A,inf,20.42161693,-0.588564428,20.43444864,-0.588198678,FOVNotMatch,2001/11/21 5:25:42,SAT_8808U,4.902118259,12.96929649,SAT_12447,5.324276612,14.26894552,SAT_04369,0.335163292,16.21756114
frame-i-002738-2-0055,2,No match,FALSE,N/A,inf,20.54283952,-0.419788141,20.51155467,-0.401101569,FOVNotMatch,2001/11/21 5:25:42,SAT_22779,4.182434363,27.08298571,SAT_8808U,4.902118259,45.45277281,SAT_12447,5.324276612,46.75242184
frame-i-002738-5-0173,1,No match,FALSE,N/A,inf,38.24428329,0.730920444,38.08616287,0.668260868,FOVNotMatch,2001/11/21 6:36:09,SAT_12447,2.303229907,6.742111293,SAT_15236,4.212482065,7.159193033,SAT_14117,3.901281156,7.218039195
frame-i-002740-2-0253,1,Success,TRUE,SAT_7169U,3.452975792,143.1864221,45.85020636,143.2121408,45.87572471,,2001/11/21 10:59:22,SAT_7169U,2.583272241,3.452975792,SAT_16326,2.637799975,5.633569413,SAT_23486,4.266333451,5.83681657
frame-i-002740-1-0297,1,No match,FALSE,N/A,inf,151.9205812,48.70324012,151.6419339,48.86132852,FOVNotMatch,2001/11/21 11:25:39,SAT_8425U,12.4952629,N/A,SAT_13012,11.83122758,N/A,SAT_21722,7.883593339,N/A
frame-i-002766-1-0052,1,No match,FALSE,N/A,inf,11.08149335,-1.09303484,11.00637787,-1.240779051,FOVNotMatch,2001/12/10 2:19:03,SAT_16393,0.669576961,9.295721726,SAT_00274,2.144613357,26.67372795,SAT_274U0,2.145950597,26.67870206
frame-i-002768-6-0072,1,No match,FALSE,N/A,inf,351.0512742,1.055827586,350.9272638,1.144820463,FOVNotMatch,2001/12/10 3:49:38,SAT_22351,5.654691131,23.87479784,SAT_25064,5.529793865,27.74850204,SAT_3494U,2.556965327,39.85098106
frame-i-002766-2-0079,1,No match,FALSE,N/A,inf,10.71438641,2.946866131,10.742484,2.862433331,FOVNotMatch,2001/12/10 2:35:10,SAT_23194,0.124602839,36.86166841,SAT_8746U,4.424506233,60.49812794,SAT_8747U,1.188572878,60.89606492
frame-i-002768-5-0135,1,No match,FALSE,N/A,inf,0.397907267,0.719283315,0.329055986,0.807540299,FOVNotMatch,2001/12/10 4:27:15,SAT_21292,5.603553044,34.66413247,SAT_18114,3.208455278,40.60311231,SAT_00503,0.097904754,50.9296249
frame-i-002777-2-0215,1,No match,FALSE,N/A,inf,139.0534204,44.13078014,139.2112054,44.2502859,FOVNotMatch,2001/12/15 9:10:15,SAT_17081,5.028411802,12.89526697,SAT_13169,5.043954202,13.49817805,SAT_22273,5.664178966,18.95447183
frame-i-002768-6-0261,1,No match,FALSE,N/A,inf,19.27817072,1.159718083,19.35623897,1.116808488,FOVNotMatch,2001/12/10 5:42:29,SAT_24720,5.771130004,7.522551975,SAT_25667,2.999214638,28.40854488,SAT_24770,1.755995723,35.41938807
frame-i-002768-6-0224,1,No match,FALSE,N/A,inf,13.65432483,1.231300517,13.81680867,1.188987464,FOVNotMatch,2001/12/10 5:20:23,SAT_23249,3.643470805,8.898728627,SAT_25667,4.57541667,15.32661029,SAT_24770,1.427300772,22.64423384
frame-i-002820-5-0049,1,No match,FALSE,N/A,inf,27.36303962,0.632093957,27.35157619,0.687065318,FOVNotMatch,2001/12/18 5:00:28,SAT_23286,3.494217939,8.973365477,SAT_13298,0.079916369,23.99147632,SAT_05094,4.639230357,40.78897588
frame-i-002821-2-0155,1,No match,FALSE,N/A,inf,172.9773048,53.76674904,172.8651922,53.86918795,FOVNotMatch,2001/12/18 8:49:37,SAT_17526,1.759439878,74.52153217,SAT_20816,4.686054592,80.74986661,SAT_23346,5.644539473,82.77895755
frame-i-002821-6-0214,1,No match,FALSE,N/A,inf,188.0363445,56.04276742,187.8670414,56.11257205,FOVNotMatch,2001/12/18 9:24:50,SAT_14904,0.973048462,66.13361172,SAT_26004,0.170355958,79.25179611,SAT_20710,1.946329771,88.79466319
frame-i-002822-3-0227,1,Success,TRUE,SAT_20646,4.684582713,139.7289869,47.56931787,139.6986323,47.5950392,,2001/12/18 11:53:15,SAT_20646,0.331825093,4.684582713,SAT_10462,0.154284851,27.95072609,SAT_22633,4.252223797,65.15724757
frame-i-002822-3-0227,2,No match,FALSE,N/A,inf,139.6157057,47.75912382,139.5732917,47.77189422,FOVNotMatch,2001/12/18 11:53:15,SAT_20646,0.331825093,32.03407808,SAT_10462,0.154284851,55.30022146,SAT_22633,4.252223797,87.49325707
frame-i-002825-1-0145,1,No match,FALSE,N/A,inf,128.3948581,39.05416537,128.3811216,39.24789146,FOVNotMatch,2001/12/19 7:17:56,SAT_11690,4.584500185,19.61247575,SAT_10450,1.028606778,45.4890415,SAT_9730U,11.32397326,N/A
frame-i-002825-6-0246,1,No match,FALSE,N/A,inf,142.6883863,50.52351789,142.833571,50.60869261,FOVNotMatch,2001/12/19 8:18:14,SAT_20536,4.047195816,72.46314986,SAT_24960,16.41136395,N/A,SAT_7162U,9.718329865,N/A
frame-i-002825-6-0222,1,Success,TRUE,SAT_15429,3.291392692,138.4179786,48.34890211,138.3142701,48.46336674,,2001/12/19 8:03:54,SAT_15429,4.840466105,3.291392692,SAT_20536,3.971370126,4.316542086,SAT_23460,5.251576385,16.18718278
frame-i-002826-5-0352,1,Success,TRUE,SAT_07736,4.511517112,200.9087656,57.25511568,200.9759311,57.33500329,,2001/12/19 12:12:02,SAT_07736,1.116198431,4.511517112,SAT_7736U,1.116554675,4.512549424,SAT_13585,4.699964109,16.56153165
frame-i-002826-6-0352,1,Success,TRUE,SAT_07736,4.858733916,201.1295295,57.51602315,201.3084446,57.72359566,,2001/12/19 12:12:02,SAT_07736,1.116198431,4.858733916,SAT_7736U,1.116554675,4.859766228,SAT_13585,4.699964109,16.21431484
frame-i-002826-6-0352,2,No match,FALSE,N/A,inf,201.1656058,57.51197428,201.0431519,57.62409341,FOVNotMatch,2001/12/19 12:12:02,SAT_13016,0.054399953,16.09378104,SAT_11879,0.142341564,38.14664096,SAT_7736U,1.116554675,50.27709453
frame-i-002826-4-0371,1,Success,TRUE,SAT_18784,1.147002515,205.6505725,55.96033755,205.8668147,56.15674902,,2001/12/19 12:23:23,SAT_18784,0.610598323,1.147002515,SAT_15620,1.511597999,8.617807004,SAT_8462U,5.090957961,9.978787205
frame-i-002830-2-0355,1,No match,FALSE,N/A,inf,169.494368,50.65475996,169.6211451,50.68213257,FOVNotMatch,2001/12/20 9:29:09,SAT_16860,3.930665445,19.25219799,SAT_09570,1.309666527,25.9249321,SAT_9570U,1.309136278,25.92621278
frame-i-002830-2-0458,1,No match,FALSE,N/A,inf,193.9668488,51.37620203,194.0910421,51.37200831,FOVNotMatch,2001/12/20 10:30:39,SAT_22363,5.078878014,31.59645829,SAT_19367,5.648850208,33.17559578,SAT_10563,7.420444802,N/A
frame-i-002831-6-0030,1,Success,TRUE,SAT_15811,4.467632232,140.5323894,49.31467122,140.5979937,49.37729717,,2001/12/20 11:53:25,SAT_15811,5.686915926,4.467632232,SAT_22633,4.214117111,7.246641429,SAT_24285,1.219899071,44.24200767
frame-i-002854-6-0094,1,Success,TRUE,SAT_23248,1.692290061,16.70394193,1.007848029,16.86663838,0.953462564,,2002/1/8 2:21:50,SAT_23248,3.241118106,1.692290061,SAT_24937,5.434443254,5.928937339,SAT_25640,5.914140441,16.22096158
frame-i-002854-6-0095,1,Success,TRUE,SAT_23248,1.788312207,17.01659535,1.003316577,16.8543415,1.057855699,,2002/1/8 2:22:26,SAT_23248,3.241118106,1.788312207,SAT_24937,5.434443254,5.832915193,SAT_25640,5.914140441,16.31698373
frame-i-002854-6-0097,1,Success,TRUE,SAT_23248,1.709747126,17.31605095,1.103451971,17.15316166,1.157954443,,2002/1/8 2:23:38,SAT_23248,3.241118106,1.709747126,SAT_24937,5.434443254,5.911480274,SAT_25640,5.914140441,16.23841865
frame-i-002854-6-0100,1,Success,TRUE,SAT_7298U,0.117780973,17.69561894,1.157063189,17.60225611,1.12601442,,2002/1/8 2:25:25,SAT_7298U,0.090148389,0.117780973,SAT_6976U,3.610681022,0.7474851,SAT_20801,5.436771666,1.504842344
frame-i-002854-6-0102,1,Success,TRUE,SAT_7298U,0.269998175,18.06453651,1.080947576,18.03778702,1.071907227,,2002/1/8 2:26:37,SAT_7298U,0.336346241,0.269998175,SAT_6976U,3.601437103,0.418825183,SAT_20801,4.982460125,1.820579749
frame-i-002856-2-0108,1,Success,TRUE,SAT_10478,2.056250358,44.0785821,-0.582319536,44.20462767,-0.594154701,,2002/1/8 4:33:36,SAT_10478,4.991767284,2.056250358,SAT_23877,5.027729722,5.376648553,SAT_25922,4.761117723,5.387790724
frame-i-002861-4-0094,1,Success,TRUE,SAT_7032U,1.287709044,46.28177423,0.245465985,46.29733848,0.212906749,,2002/1/9 3:05:07,SAT_7032U,5.442159555,1.287709044,SAT_23410,4.302828719,4.124032541,SAT_18517,0.390762741,11.23550967
frame-i-002861-2-0143,1,No match,FALSE,N/A,inf,53.61738742,-0.610634831,53.69301131,-0.625520295,FOVNotMatch,2002/1/9 3:34:22,SAT_23581,5.836627428,10.89364178,SAT_20946,5.699752902,11.12966128,SAT_26624,4.837537586,11.14284683
frame-i-002861-2-0146,1,No match,FALSE,N/A,inf,54.2289318,-0.551683127,54.06672571,-0.518255435,FOVNotMatch,2002/1/9 3:36:09,SAT_23581,5.836627428,11.40260323,SAT_20946,5.699752902,11.63862273,SAT_26624,4.837537586,11.65180828
frame-i-002861-2-0148,1,No match,FALSE,N/A,inf,54.36595694,-0.457259235,54.52747633,-0.490110289,FOVNotMatch,2002/1/9 3:37:21,SAT_23581,5.836627428,11.2543509,SAT_20946,5.699752902,11.4903704,SAT_26624,4.837537586,11.50355595
frame-i-002861-2-0149,1,No match,FALSE,N/A,inf,54.51563211,-0.426347894,54.67839995,-0.45944047,FOVNotMatch,2002/1/9 3:37:57,SAT_23581,5.836627428,11.25011209,SAT_20946,5.699752902,11.48613159,SAT_26624,4.837537586,11.49931714
frame-i-002861-1-0136,1,No match,FALSE,N/A,inf,52.56926268,-0.826606037,52.70720676,-0.854936884,FOVNotMatch,2002/1/9 3:30:11,SAT_23581,5.512170405,11.36959466,SAT_20946,5.348802411,11.60048651,SAT_26624,4.419310316,11.61382116
frame-i-002863-3-0199,1,No match,FALSE,N/A,inf,156.5019242,53.95165493,156.7704174,53.95114223,FOVNotMatch,2002/1/9 7:19:04,SAT_26690,3.678447412,25.22690111,SAT_11134,5.69807883,40.1769504,SAT_15811,1.976302837,45.26303194
frame-i-002863-3-0218,1,No match,FALSE,N/A,inf,161.2512768,54.93143844,161.3188473,55.05733706,FOVNotMatch,2002/1/9 7:30:25,SAT_21981,1.575874317,9.284143706,SAT_23492,2.796575822,19.1221376,SAT_6305U,5.90706276,22.08762999
frame-i-002861-2-0150,1,No match,FALSE,N/A,inf,54.69149912,-0.401174279,54.82773543,-0.428658703,FOVNotMatch,2002/1/9 3:38:33,SAT_23581,5.839925713,11.1588236,SAT_20946,5.699313291,11.39989162,SAT_26624,4.837440224,11.41292367
frame-i-002864-6-0193,1,No match,FALSE,N/A,inf,134.77158,41.36340053,134.6822517,41.3575735,FOVNotMatch,2002/1/9 9:42:52,SAT_20536,5.804832949,70.87699924,SAT_21013,13.4639219,N/A,SAT_15182,10.33252407,N/A
frame-i-002864-2-0238,1,No match,FALSE,N/A,inf,143.575511,43.76254725,143.836667,43.73836485,FOVNotMatch,2002/1/9 10:09:44,SAT_20646,1.810385009,52.30681536,SAT_15182,4.690343916,65.96599242,SAT_15350,3.619152609,79.34839819
frame-i-002864-2-0206,1,No match,FALSE,N/A,inf,138.3127988,41.04184227,138.3684616,41.15419348,FOVNotMatch,2002/1/9 9:50:38,SAT_4973U,1.493646975,7.407019453,SAT_04973,1.273913445,8.302068712,SAT_16449,1.426087841,42.35504193
frame-i-002861-4-0171,1,No match,FALSE,N/A,inf,57.80849818,0.237765946,57.93150781,0.213309207,FOVNotMatch,2002/1/9 3:51:05,SAT_26624,5.674081348,11.25208653,SAT_25913,5.828216331,11.29240407,SAT_22930,5.790802829,11.30337057
frame-i-002861-5-0187,1,No match,FALSE,N/A,inf,60.203887,0.7089384,60.36588985,0.677309656,FOVNotMatch,2002/1/9 4:00:38,SAT_13631,5.176409387,19.73977828,SAT_20800,4.957359783,19.79126435,SAT_18631,4.558432064,20.95200452
frame-i-002861-5-0189,1,No match,FALSE,N/A,inf,60.50283264,0.767218244,60.66566784,0.735690237,FOVNotMatch,2002/1/9 4:01:50,SAT_13631,5.176409387,19.65065729,SAT_20800,4.957359783,19.70214336,SAT_18631,4.558432064,20.86288353
frame-i-002861-5-0190,1,No match,FALSE,N/A,inf,60.65289347,0.796278912,60.81546235,0.764857545,FOVNotMatch,2002/1/9 4:02:26,SAT_13631,5.176409387,19.6320181,SAT_20800,4.957359783,19.68350417,SAT_18631,4.558432064,20.84424434
frame-i-002861-5-0191,1,No match,FALSE,N/A,inf,60.8024046,0.825088947,60.96502958,0.793939159,FOVNotMatch,2002/1/9 4:03:02,SAT_13631,5.176409387,19.53613353,SAT_20800,4.957359783,19.58761959,SAT_18631,4.558432064,20.74835977
frame-i-002861-6-0200,1,No match,FALSE,N/A,inf,62.14995155,1.083571815,62.31133806,1.052876617,FOVNotMatch,2002/1/9 4:08:24,SAT_13631,5.727855766,19.41894701,SAT_20800,4.797437894,19.46808432,SAT_18631,5.160595459,20.60054041
frame-i-002861-6-0201,1,No match,FALSE,N/A,inf,62.29926874,1.112293382,62.46258901,1.081123749,FOVNotMatch,2002/1/9 4:09:00,SAT_13631,5.727855766,19.45515315,SAT_20800,4.797437894,19.50429046,SAT_18631,5.160595459,20.63674655
frame-i-002861-3-0164,1,No match,FALSE,N/A,inf,56.81117889,0.018070698,56.92384864,-0.004149056,FOVNotMatch,2002/1/9 3:46:54,SAT_26624,5.255627752,11.16323467,SAT_25913,5.424289841,11.2039484,SAT_22930,5.382540471,11.21451802
frame-i-002882-4-0046,1,No match,FALSE,N/A,inf,146.9049411,46.20105808,147.0391839,46.15988227,FOVNotMatch,2002/1/13 8:17:39,SAT_03900,5.742808161,28.78237153,SAT_08425,5.925538615,78.36512193,SAT_8425U,5.957396685,78.41559645
frame-i-002882-2-0082,1,No match,FALSE,N/A,inf,154.5921811,47.76803375,154.7665655,47.7631244,FOVNotMatch,2002/1/13 8:39:08,SAT_03901,3.585281088,50.74009482,SAT_3901U,3.446312092,52.13820505,SAT_16220,5.466235903,63.17196455
frame-i-002873-2-0163,1,Success,TRUE,SAT_16402,0.420922649,38.01443212,-0.625943162,38.09782902,-0.422460277,,2002/1/13 2:50:42,SAT_16402,4.834313944,0.420922649,SAT_21226,3.321084217,5.016066102,SAT_20959,4.239337797,6.922226092
frame-i-002873-5-0079,1,No match,FALSE,N/A,inf,25.40468883,0.770195359,25.5224587,0.726940362,FOVNotMatch,2002/1/13 2:00:33,SAT_23299,3.279211294,11.88316897,SAT_26724,5.771344841,20.18653399,SAT_21726,5.962914873,20.20655068
frame-i-002873-2-0082,1,No match,FALSE,N/A,inf,25.88778786,-0.595433785,25.97245701,-0.554760534,FOVNotMatch,2002/1/13 2:02:20,SAT_16007,0.173931301,6.838837504,SAT_2866U,2.34141644,14.65939836,SAT_00082,0.28554471,21.34317062
frame-i-002873-4-0267,1,No match,FALSE,N/A,inf,53.50364714,0.327017382,53.62999874,0.30525376,FOVNotMatch,2002/1/13 3:52:48,SAT_26724,5.657622341,9.796176553,SAT_25558,5.657386165,9.811197814,SAT_13651,5.351765643,18.37671814
frame-i-002887-6-0108,1,No match,FALSE,N/A,inf,123.9616513,31.27380312,123.8247087,31.2473161,FOVNotMatch,2002/1/14 5:32:42,SAT_22597,4.99471581,57.17207566,SAT_19796,3.40230997,58.66546937,SAT_02532,1.898258966,66.32296909
frame-i-002886-1-0118,1,No match,FALSE,N/A,inf,31.20801669,-1.159997611,31.29765094,-1.031073744,FOVNotMatch,2002/1/14 2:23:02,SAT_26678,2.697425484,22.85097741,SAT_26524,2.792297858,25.82676291,SAT_21184,3.770271513,53.50890615
frame-i-002886-1-0119,1,No match,FALSE,N/A,inf,31.44119792,-1.255098694,31.52118973,-1.140341358,FOVNotMatch,2002/1/14 2:23:38,SAT_26678,2.697425484,22.91957336,SAT_26524,2.792297858,25.75816696,SAT_21184,3.770271513,53.5775021
frame-i-002886-6-0021,1,No match,FALSE,N/A,inf,16.7838877,0.841603962,16.70665022,1.066313853,FOVNotMatch,2002/1/14 1:25:07,SAT_22779,4.058148284,14.05724545,SAT_21753,0.992450716,16.55403367,SAT_5151U,4.033701345,34.66736454
frame-i-002963-3-0030,1,No match,FALSE,N/A,inf,126.3579427,31.60221124,126.3053592,31.78105999,FOVNotMatch,2002/2/8 4:43:34,SAT_16194,4.172541215,17.63769389,SAT_16106,1.924910596,32.25281959,SAT_13169,2.2204288,33.70454778
frame-i-002886-3-0150,1,No match,FALSE,N/A,inf,36.16090697,-0.35868245,36.09060681,-0.192954944,FOVNotMatch,2002/1/14 2:42:08,SAT_4853U,0.913542327,35.38200488,SAT_20196,0.04783171,37.74604059,SAT_20185,0.579805879,51.76024316
frame-i-002886-3-0248,1,No match,FALSE,N/A,inf,50.74156208,-0.2241014,50.68072053,-0.191390375,FOVNotMatch,2002/1/14 3:40:39,SAT_24748,5.473529284,28.28571532,SAT_26724,5.12336236,28.28701249,SAT_25331,5.440867273,28.30060891
frame-i-002886-6-0233,1,No match,FALSE,N/A,inf,48.5839687,1.023889773,48.42772341,1.046143531,FOVNotMatch,2002/1/14 3:31:42,SAT_12474,5.807117028,19.27035693,SAT_17065,4.070250365,19.47484786,SAT_26684,5.386095785,19.68232696
frame-i-002960-4-0083,1,No match,FALSE,N/A,inf,87.40585083,0.00422871,87.43941225,0.228251349,FOVNotMatch,2002/2/8 2:15:22,SAT_21983,0.020593281,17.81618786,SAT_18411,4.280269774,19.85380444,SAT_22406,1.339080338,28.8287844
frame-i-002964-3-0361,1,No match,FALSE,N/A,inf,194.1892139,49.55481061,193.9558889,49.5848135,FOVNotMatch,2002/2/8 9:16:24,SAT_26626,4.696278812,43.42050715,SAT_9941U,3.301186683,63.76291148,SAT_09941,3.300287362,63.76341759
frame-i-002964-3-0519,1,No match,FALSE,N/A,inf,226.2990796,41.67577869,226.1889048,41.63140511,FOVNotMatch,2002/2/8 10:50:44,SAT_18881,3.631880741,36.69219548,SAT_7827U,0.065439698,62.89486913,SAT_00480,1.412561807,76.16659008
frame-i-002964-1-0491,1,No match,FALSE,N/A,inf,220.8186052,42.83861667,220.6821168,43.00091159,FOVNotMatch,2002/2/8 10:34:01,SAT_4139U,2.704249921,22.15058307,SAT_1522U,1.698632008,64.01756495,SAT_01522,1.697991482,64.01982887
frame-i-002987-3-0068,1,No match,FALSE,N/A,inf,161.088019,57.48624551,160.8259786,57.56958528,FOVNotMatch,2002/2/13 9:20:58,SAT_26916,5.907619735,8.898710772,SAT_18946,3.360680055,18.53549679,SAT_14264,5.209543874,24.88483103
frame-i-002989-4-0072,1,No match,FALSE,N/A,inf,193.9664254,59.99577433,194.2675578,59.98765158,FOVNotMatch,2002/2/13 11:00:50,SAT_21470,0.638719002,39.59008751,SAT_17143,3.775667841,43.04346498,SAT_24293,2.923881572,45.24491932
frame-i-002986-1-0331,1,No match,FALSE,N/A,inf,168.3235945,6.101700665,168.2746058,6.151849454,FOVNotMatch,2002/2/13 8:30:04,SAT_21394,5.703009698,20.14003067,SAT_21285,0.464353037,22.58439437,SAT_10002,2.139531071,29.70861416
frame-i-002989-4-0089,1,No match,FALSE,N/A,inf,198.9708308,59.61432334,199.2389216,59.6295362,FOVNotMatch,2002/2/13 11:10:59,SAT_26483,5.733735653,33.81490268,SAT_24293,5.916149771,58.91627175,SAT_24960,16.86881218,N/A
frame-i-002989-4-0090,1,No match,FALSE,N/A,inf,199.3550543,59.53989236,199.5757314,59.55211909,FOVNotMatch,2002/2/13 11:11:34,SAT_26483,5.733735653,33.97882765,SAT_24293,5.916149771,58.75234678,SAT_24960,16.86881218,N/A
frame-i-003015-5-0391,1,No match,FALSE,N/A,inf,172.7093392,7.962042337,172.675102,7.985904646,FOVNotMatch,2002/3/5 5:56:26,SAT_23840,1.375270787,11.74483161,SAT_14394,5.58696876,23.55617923,SAT_14248,5.715106855,27.48114625
frame-i-003015-5-0391,2,No match,FALSE,N/A,inf,172.714005,7.962904469,172.6756469,7.988486232,FOVNotMatch,2002/3/5 5:56:26,SAT_23840,1.375270787,10.56555191,SAT_14394,5.58696876,22.37689954,SAT_14248,5.715106855,26.30186655
frame-i-003015-5-0391,3,No match,FALSE,N/A,inf,172.7198215,7.962331746,172.6748351,7.991030237,FOVNotMatch,2002/3/5 5:56:26,SAT_23840,1.375270787,9.396308258,SAT_14394,5.58696876,21.20765588,SAT_14248,5.715106855,25.1326229
frame-i-003015-5-0391,4,No match,FALSE,N/A,inf,172.7280806,7.962681804,172.6798608,7.992269361,FOVNotMatch,2002/3/5 5:56:26,SAT_23840,1.375270787,8.390014449,SAT_14394,5.58696876,20.20136207,SAT_14248,5.715106855,24.12632909
frame-i-003015-5-0391,5,No match,FALSE,N/A,inf,172.7332703,7.962458248,172.6747772,7.997505975,FOVNotMatch,2002/3/5 5:56:26,SAT_23840,1.375270787,7.783350676,SAT_14394,5.58696876,19.5946983,SAT_14248,5.715106855,23.51966532
frame-i-003015-5-0391,6,No match,FALSE,N/A,inf,172.7395529,7.962875805,172.6787306,7.99737105,FOVNotMatch,2002/3/5 5:56:26,SAT_23840,1.375270787,6.407426902,SAT_14394,5.58696876,18.21877453,SAT_14248,5.715106855,22.14374154
frame-i-003015-3-0306,1,No match,FALSE,N/A,inf,159.9128845,6.717763676,160.047583,6.75698236,FOVNotMatch,2002/3/5 5:05:41,SAT_16797,5.064777267,20.9912228,SAT_14248,3.768962326,22.01950679,SAT_14160,5.318909553,25.68750644
frame-i-003015-1-0312,1,No match,FALSE,N/A,inf,160.8330771,5.950394147,160.9930067,6.021148004,FOVNotMatch,2002/3/5 5:09:16,SAT_16797,5.064777267,28.63195427,SAT_14248,3.768962326,29.66023826,SAT_14160,5.318909553,33.32823791
frame-i-003015-1-0414,1,No match,FALSE,N/A,inf,176.1820624,6.543512724,176.2439314,6.550110689,FOVNotMatch,2002/3/5 6:10:10,SAT_14248,4.700660281,14.25676867,SAT_14394,4.695904221,18.1405179,SAT_10002,5.303380107,22.95748109
frame-i-003015-1-0430,1,No match,FALSE,N/A,inf,178.5929063,6.58643791,178.667165,6.622094982,FOVNotMatch,2002/3/5 6:19:43,SAT_10178,4.813080863,16.15695796,SAT_14248,4.978651451,34.24086474,SAT_14394,5.240486218,38.08719136
frame-i-003015-1-0433,1,No match,FALSE,N/A,inf,179.1076936,6.414725616,179.2104201,6.463160037,FOVNotMatch,2002/3/5 6:21:31,SAT_10178,4.813080863,15.74222355,SAT_14248,4.978651451,33.82613032,SAT_14394,5.240486218,37.67245695
frame-i-003015-1-0313,1,No match,FALSE,N/A,inf,160.986406,5.901678307,161.1465184,5.971828691,FOVNotMatch,2002/3/5 5:09:52,SAT_10314,2.225765188,18.52600329,SAT_16797,5.033326637,28.61736998,SAT_14248,3.382649917,29.62726077
frame-i-003031-6-0161,1,No match,FALSE,N/A,inf,143.9019355,8.605816883,144.0091372,8.652027665,FOVNotMatch,2002/3/12 4:29:06,SAT_27026,3.673016946,15.87401102,SAT_15144,1.433616773,27.62753584,SAT_11571,3.995209643,36.02174994
frame-i-003031-4-0345,1,No match,FALSE,N/A,inf,171.8210409,9.74147914,171.8036756,9.803028763,FOVNotMatch,2002/3/12 6:18:57,SAT_417U0,2.723356013,58.55707645,SAT_21778,1.943693601,68.75354423,SAT_13631,13.04220742,N/A
frame-i-003031-2-0162,1,No match,FALSE,N/A,inf,144.4009817,6.891969287,144.3511972,7.001038363,FOVNotMatch,2002/3/12 4:29:41,SAT_12933,0.050206014,35.76119576,SAT_22034,2.098594786,36.81053031,SAT_24807,4.48571443,38.90586227
frame-i-003031-6-0162,1,No match,FALSE,N/A,inf,144.0573466,8.577286016,144.2148127,8.645067654,FOVNotMatch,2002/3/12 4:29:41,SAT_27026,4.331317632,16.16172613,SAT_15144,2.155074969,27.81985645,SAT_11571,3.386174762,36.18823397
frame-i-003031-6-0163,1,No match,FALSE,N/A,inf,144.2144388,8.550446551,144.3712081,8.617578121,FOVNotMatch,2002/3/12 4:30:17,SAT_27026,4.331317632,16.05133069,SAT_15144,2.155074969,27.70946101,SAT_11571,3.386174762,36.07783853
frame-i-003031-2-0255,1,No match,FALSE,N/A,inf,158.2780916,8.108976023,158.2303075,8.238695829,FOVNotMatch,2002/3/12 5:25:13,SAT_15144,3.571259556,62.8854601,SAT_1646U,4.370467768,79.86726553,SAT_01646,4.36991644,79.86884209
frame-i-003031-2-0256,1,No match,FALSE,N/A,inf,158.5489246,8.215088466,158.4992836,8.351023429,FOVNotMatch,2002/3/12 5:25:49,SAT_15144,3.571259556,63.0499767,SAT_1646U,4.370467768,80.03178214,SAT_01646,4.36991644,80.03335869
frame-i-003059-5-0024,1,Success,TRUE,SAT_21709,2.195042556,156.0621868,46.75695124,156.2303621,46.90267594,,2002/3/21 8:41:07,SAT_21709,3.847392801,2.195042556,SAT_20262,2.628951646,64.54000467,SAT_2141U,0.973089863,74.81273145
frame-i-003058-2-0066,1,No match,FALSE,N/A,inf,186.7569131,64.98628627,186.6532456,65.03907012,FOVNotMatch,2002/3/21 8:03:18,SAT_3755U,2.572738659,6.856420229,SAT_13012,5.034329248,34.22831344,SAT_21706,5.197228871,72.23432836
frame-i-003058-1-0069,1,No match,FALSE,N/A,inf,187.5283677,65.52728956,187.4173336,65.58473918,FOVNotMatch,2002/3/21 8:05:05,SAT_3755U,2.572738659,7.884831798,SAT_13012,5.034329248,35.25672501,SAT_21706,5.197228871,73.26273993
frame-i-003059-6-0108,1,No match,FALSE,N/A,inf,174.4333233,50.42161369,174.5632233,50.45267094,FOVNotMatch,2002/3/21 9:31:16,SAT_15909,3.744817679,27.81147918,SAT_25488,3.071565853,29.01101504,SAT_15156,5.653183937,40.4005328
frame-i-003059-6-0108,2,No match,FALSE,N/A,inf,174.2858696,50.54055607,174.29941,50.57093797,FOVNotMatch,2002/3/21 9:31:16,SAT_16854,3.324498826,8.755123607,SAT_15156,5.653183937,13.21517963,SAT_25488,3.071565853,24.60469739
frame-i-003103-2-0055,1,No match,FALSE,N/A,inf,160.151288,51.44232299,160.0009464,51.54897765,FOVNotMatch,2002/4/1 2:50:15,SAT_26989,11.87526612,N/A,SAT_23642,15.31966647,N/A,SAT_21897,17.78759715,N/A
frame-i-003063-6-0070,1,No match,FALSE,N/A,inf,190.3869436,13.48282788,190.4879959,13.48567663,FOVNotMatch,2002/3/23 9:40:56,SAT_26124,5.816435323,45.21386626,SAT_7016U,3.727177809,78.78443526,SAT_23837,4.298376918,79.31446596
frame-i-003063-4-0086,1,No match,FALSE,N/A,inf,192.8768926,12.49086533,192.9179964,12.52474194,FOVNotMatch,2002/3/23 9:50:29,SAT_22788,5.697624715,64.10604291,SAT_2889U,0.953817942,71.73217856,SAT_2516U,5.321813318,76.67158544
frame-i-003064-6-0069,1,No match,FALSE,N/A,inf,192.0634379,13.40039377,192.1261548,13.24779006,FOVNotMatch,2002/3/23 10:38:34,SAT_21199,0.316902101,46.88878266,SAT_23641,4.937831994,64.42152478,SAT_13875,12.27093638,N/A
frame-i-003103-2-0090,1,No match,FALSE,N/A,inf,168.5096119,52.98929185,168.1975685,53.08700947,FOVNotMatch,2002/4/1 3:11:09,SAT_20724,3.022618418,11.93329269,SAT_15702,5.152995369,31.25489068,SAT_23397,2.668130735,34.67706297
frame-i-003103-2-0091,1,No match,FALSE,N/A,inf,168.7085262,53.14850932,168.4877928,53.21700451,FOVNotMatch,2002/4/1 3:11:45,SAT_20724,3.022618418,12.06848828,SAT_15702,5.152995369,31.39008627,SAT_23397,2.668130735,34.81225856
frame-i-003103-1-0120,1,Success,TRUE,SAT_04651,2.813550346,175.710513,53.526089,175.8364726,53.58261809,,2002/4/1 3:29:04,SAT_04651,4.892740229,2.813550346,SAT_4651U,4.86895048,2.983531069,SAT_13910,3.323631996,8.172136923
frame-i-003103-1-0121,1,Success,TRUE,SAT_04651,2.982361789,175.986692,53.46558213,176.2284156,53.57349024,,2002/4/1 3:29:40,SAT_04651,4.892740229,2.982361789,SAT_4651U,4.86895048,3.152342512,SAT_13910,3.323631996,8.340948366
frame-i-003103-6-0128,1,No match,FALSE,N/A,inf,177.5948776,55.60749827,177.4851562,55.82686653,FOVNotMatch,2002/4/1 3:33:50,SAT_22071,5.836893179,51.15397371,SAT_16728,1.805154293,64.15737156,SAT_13910,1.719671797,66.03874072
frame-i-003130-6-0049,1,No match,FALSE,N/A,inf,193.2193978,55.76366587,193.3556639,55.86029068,FOVNotMatch,2002/4/15 4:42:56,SAT_25379,5.004692413,74.1499173,SAT_17078,5.025359184,79.5027004,SAT_9829U,17.09697669,N/A
frame-i-003177-1-0113,1,No match,FALSE,N/A,inf,223.447318,46.86784059,223.3069221,46.95188024,FOVNotMatch,2002/5/8 4:08:43,SAT_3848U,1.818352437,14.83297509,SAT_23298,3.048324566,78.84657271,SAT_14910,6.901834351,N/A
frame-i-003177-5-0285,1,No match,FALSE,N/A,inf,250.3297547,31.40504696,250.3284433,31.50356507,FOVNotMatch,2002/5/8 5:51:24,SAT_1576U,0.983276891,64.81640694,SAT_01576,0.9828796,64.82091788,SAT_22732,8.101317154,N/A
frame-i-003177-6-0047,1,No match,FALSE,N/A,inf,211.0951229,53.09123507,210.8818899,53.21055549,FOVNotMatch,2002/5/8 3:29:18,SAT_00446,0.10364777,57.82817204,SAT_446U0,0.103193324,57.8287014,SAT_7023U,1.786259179,66.60210878
frame-i-003180-2-0013,1,Success,TRUE,SAT_22108,3.878693612,200.782801,53.3044331,200.9577869,53.34570392,,2002/5/8 8:08:54,SAT_22108,1.649517163,3.878693612,SAT_7800U,5.649893875,25.59395408,SAT_13572,0.594018323,64.65671049
frame-i-003180-1-0017,1,Success,TRUE,SAT_22108,1.120306084,201.5768211,52.76172526,201.7688157,52.80594261,,2002/5/8 8:11:17,SAT_22108,3.817397835,1.120306084,SAT_26857,5.66313422,4.828497219,SAT_737U0,4.771737675,16.96923305
frame-i-003180-6-0028,1,Success,TRUE,SAT_14569,3.061965169,205.1688318,54.50295339,205.3432955,54.56765695,,2002/5/8 8:17:52,SAT_14569,3.480073689,3.061965169,SAT_737U0,3.244610203,3.849767489,SAT_22108,3.221941224,15.78259239
frame-i-003180-4-0101,1,No match,FALSE,N/A,inf,221.1071067,49.31945957,221.1801438,49.34425788,FOVNotMatch,2002/5/8 9:01:27,SAT_10893,4.007621958,27.65888996,SAT_16533,1.756915919,39.36510277,SAT_579U0,1.452393286,74.10119378
frame-i-003183-5-0100,1,Success,TRUE,SAT_23347,4.194831513,210.6130529,57.80256187,210.879101,57.95146969,,2002/5/9 3:44:33,SAT_23347,3.225369754,4.194831513,SAT_7036U,5.623057413,10.21603125,SAT_2657U,0.087781726,18.34378279
frame-i-003183-6-0102,1,No match,FALSE,N/A,inf,211.5508166,58.05173635,211.6937145,58.26296094,FOVNotMatch,2002/5/9 3:45:44,SAT_2657U,0.087781726,5.545801047,SAT_7036U,5.623057413,13.67355258,SAT_23347,3.225369754,28.08441535
frame-i-003183-5-0145,1,No match,FALSE,N/A,inf,221.4630575,54.79432168,221.5113704,54.79796555,FOVNotMatch,2002/5/9 4:11:25,SAT_21890,4.590645506,7.054872737,SAT_20441,1.707349902,39.54347445,SAT_26236,0.625201577,40.79318674
frame-i-003183-5-0145,2,Success,TRUE,SAT_20452,1.35491927,221.460162,54.81313447,221.4864005,54.80034663,,2002/5/9 4:11:25,SAT_20452,3.357906971,1.35491927,SAT_26236,0.625201577,6.879562148,SAT_20441,1.707349902,8.129274432
frame-i-003183-1-0146,1,No match,FALSE,N/A,inf,220.3891405,53.21874242,220.5422302,53.28903915,FOVNotMatch,2002/5/9 4:12:00,SAT_22744,3.104422798,20.71101345,SAT_21890,4.590645506,37.10825417,SAT_20441,1.707349902,69.59685589
frame-i-003183-1-0146,2,No match,FALSE,N/A,inf,220.5737996,53.32260001,220.542737,53.34049032,FOVNotMatch,2002/5/9 4:12:00,SAT_20452,3.357906971,5.098675567,SAT_1572U,0.133559323,9.040698698,SAT_26236,0.625201577,10.62331844
frame-i-003225-4-0035,1,No match,FALSE,N/A,inf,209.2836354,58.06987863,209.3534957,58.08842577,FOVNotMatch,2002/6/9 4:36:29,SAT_22671,3.352283896,26.55677999,SAT_22568,4.573421009,72.34714884,SAT_13012,5.99043989,74.23269748
frame-i-003225-2-0070,1,No match,FALSE,N/A,inf,217.2511095,55.04753493,217.6003977,55.09093395,FOVNotMatch,2002/6/9 4:57:23,SAT_10563,4.270223989,52.14949372,SAT_20865,0.319072323,52.54039907,SAT_13012,3.185711477,63.83026739
frame-i-003225-2-0071,1,No match,FALSE,N/A,inf,217.5537122,54.88967696,217.7419355,54.91220703,FOVNotMatch,2002/6/9 4:57:59,SAT_10563,4.270223989,51.66582232,SAT_20865,0.319072323,52.05672768,SAT_13012,3.185711477,63.346596
frame-i-003230-2-0097,1,No match,FALSE,N/A,inf,212.0192257,6.083206111,212.0923258,6.206474872,FOVNotMatch,2002/6/10 5:37:49,SAT_8609U,0.067725112,56.9362496,SAT_20764,4.715108162,65.9669611,SAT_9962U,2.107654613,67.35655563
frame-i-003325-5-0070,1,No match,FALSE,N/A,inf,354.26343,0.607501995,354.2684541,0.642684424,FOVNotMatch,2002/9/5 7:10:45,SAT_19791,4.497703262,9.069608178,SAT_26795,0.213577253,36.88946073,SAT_23538,4.469163074,74.01951647
frame-i-003325-5-0071,1,No match,FALSE,N/A,inf,354.5383263,0.434149202,354.5678551,0.642315776,FOVNotMatch,2002/9/5 7:11:21,SAT_19791,4.497703262,9.016429538,SAT_26795,0.213577253,36.94263937,SAT_23538,4.469163074,74.07269511
frame-i-003325-6-0154,1,Success,TRUE,SAT_16483,3.937567466,6.855750631,0.838879517,7.001281032,0.93874523,,2002/9/5 8:00:54,SAT_16483,3.012792606,3.937567466,SAT_23538,0.314862283,29.83858067,SAT_23230,1.046293106,47.98986311
frame-i-003325-6-0124,1,Success,TRUE,SAT_23538,0.181146829,2.389269721,0.838355557,2.463426206,0.846055487,,2002/9/5 7:42:59,SAT_23538,2.091760305,0.181146829,SAT_02206,0.629672304,7.564032162,SAT_2206U,0.627216186,7.565515224
frame-i-003325-3-0271,1,No match,FALSE,N/A,inf,24.38663455,-0.420427306,24.35614526,-0.364810258,FOVNotMatch,2002/9/5 9:10:45,SAT_12666,4.287311982,28.39362805,SAT_15245,4.270637776,34.73212556,SAT_23230,2.32228885,44.75444858
frame-i-003325-1-0379,1,Success,TRUE,SAT_12112,3.018926072,40.6892034,-1.126211024,40.67161773,-1.037000417,,2002/9/5 10:15:15,SAT_12112,0.032604286,3.018926072,SAT_04688,0.251659982,10.40413477,SAT_4688U,0.263767214,10.41405486
frame-i-003325-5-0457,1,No match,FALSE,N/A,inf,52.20478305,0.495936801,52.36665882,0.45686458,FOVNotMatch,2002/9/5 11:01:49,SAT_26298,5.875407763,13.55152978,SAT_24812,5.981138637,13.57475671,SAT_21149,4.979136993,15.10694892
frame-i-003325-5-0458,1,No match,FALSE,N/A,inf,52.44934195,0.509500661,52.5163099,0.492999162,FOVNotMatch,2002/9/5 11:02:25,SAT_26298,5.875407763,13.82399873,SAT_24812,5.981138637,13.84722565,SAT_21149,4.979136993,15.37941787
frame-i-003355-2-0011,1,No match,FALSE,N/A,inf,20.39393785,-0.704461027,20.51881107,-0.746990967,FOVNotMatch,2002/10/4 8:13:18,SAT_26738,4.361976592,17.67067176,SAT_27501,5.657965606,18.7754796,SAT_25558,5.007473472,18.77764157
frame-i-003355-3-0074,1,Success,TRUE,SAT_2121U,0.095279923,29.78791985,-0.334709987,29.95068333,-0.318454464,,2002/10/4 8:50:55,SAT_2121U,2.421289478,0.095279923,SAT_2221U,5.115514709,4.406499321,SAT_26724,5.030953968,5.696535142
frame-i-003355-3-0075,1,Success,TRUE,SAT_2121U,0.075389516,29.93811397,-0.349472997,30.1002709,-0.333221221,,2002/10/4 8:51:31,SAT_2121U,2.421289478,0.075389516,SAT_2221U,5.115514709,4.426389729,SAT_26724,5.030953968,5.71642555
frame-i-003356-1-0020,1,No match,FALSE,N/A,inf,4.509281043,33.20019491,4.456664443,33.16252739,FOVNotMatch,2002/10/4 11:19:05,SAT_2201U,5.385269331,11.79257877,SAT_02201,5.373669769,11.81646365,SAT_13797,5.451655457,26.65639807
frame-i-003355-2-0170,1,No match,FALSE,N/A,inf,44.16256378,-0.802479583,44.20691094,-0.614945498,FOVNotMatch,2002/10/4 9:48:14,SAT_19554,3.61336278,28.8990433,SAT_00050,5.027711213,36.71376296,SAT_15219,0.508670573,62.52235074
frame-i-003360-2-0102,1,Success,TRUE,SAT_2207U,1.32639176,321.1421992,-0.618911519,321.2079319,-0.610593351,,2002/10/5 4:52:19,SAT_2207U,3.932604373,1.32639176,SAT_23637,3.057369585,4.975033821,SAT_25822,3.153812191,6.279182516
frame-i-003360-2-0105,1,Success,TRUE,SAT_2207U,1.169184227,321.5913069,-0.67520174,321.753792,-0.654187103,,2002/10/5 4:54:06,SAT_2207U,3.932604373,1.169184227,SAT_23637,3.057369585,5.132241354,SAT_25822,3.153812191,6.436390049
frame-i-003362-2-0016,1,No match,FALSE,N/A,inf,22.25488884,-0.625073018,22.19502219,-0.594790279,FOVNotMatch,2002/10/5 9:26:50,SAT_18571,2.973074517,22.90391371,SAT_23877,5.53427819,26.78182648,SAT_23016,5.480908019,26.78518122
frame-i-003362-3-0016,1,No match,FALSE,N/A,inf,22.35797,-0.110832712,22.23164183,-0.043543036,FOVNotMatch,2002/10/5 9:26:50,SAT_18571,2.973074517,24.11301356,SAT_23877,5.53427819,27.99092633,SAT_23016,5.480908019,27.99428107
frame-i-003360-4-0445,1,No match,FALSE,N/A,inf,12.56697847,0.003868005,12.49194303,0.047001709,FOVNotMatch,2002/10/5 8:17:06,SAT_26807,4.130319744,17.37447026,SAT_26738,5.015669082,28.79082642,SAT_26056,5.433068332,29.83205368
frame-i-003362-3-0056,1,No match,FALSE,N/A,inf,28.2144545,-0.206016554,28.18334433,-0.164192007,FOVNotMatch,2002/10/5 9:50:43,SAT_6682U,0.395628819,9.575369763,SAT_06682,0.39690601,9.576142186,SAT_16455,4.091313473,12.89307867
frame-i-003362-6-0175,1,No match,FALSE,N/A,inf,46.16329849,1.056025257,46.08914323,1.086354115,FOVNotMatch,2002/10/5 11:01:46,SAT_04251,5.806139138,8.605758765,SAT_4251U,5.806171181,8.615196129,SAT_4354U,5.334083585,14.41102026
frame-i-003362-4-0210,1,No match,FALSE,N/A,inf,51.24061699,0.304501407,51.30082682,0.437756313,FOVNotMatch,2002/10/5 11:22:40,SAT_09468,1.118632342,29.28269749,SAT_9468U,1.07055413,29.29565393,SAT_933U0,4.945925906,30.00645433
frame-i-003362-4-0153,1,Success,TRUE,SAT_04354,1.709296207,42.82280129,0.214274098,42.70705189,0.28706485,,2002/10/5 10:48:38,SAT_04354,5.251909638,1.709296207,SAT_06987,3.678026062,30.20806986,SAT_6987U,3.680062721,30.20926056
frame-i-003362-4-0154,1,Success,TRUE,SAT_04354,1.798694645,43.01923089,0.27833381,42.9015561,0.352591423,,2002/10/5 10:49:14,SAT_04354,5.251909638,1.798694645,SAT_06987,3.678026062,30.11867143,SAT_6987U,3.680062721,30.11986212
frame-i-003362-4-0230,1,Success,TRUE,SAT_16204,2.821820173,54.36008873,0.213910228,54.39820447,0.294645128,,2002/10/5 11:34:37,SAT_16204,1.852344062,2.821820173,SAT_11028,5.627309119,37.23411798,SAT_10856,5.112935355,44.22932619
frame-i-003362-4-0230,2,Success,TRUE,SAT_2218U,2.812329541,54.39821016,0.238577646,54.38281394,0.23845838,,2002/10/5 11:34:37,SAT_2218U,2.969513419,2.812329541,SAT_25151,2.139311857,2.856668136,SAT_13595,3.587723265,9.558786793
frame-i-003384-1-0074,1,Success,TRUE,SAT_23877,1.914750171,315.7598274,-0.929086841,315.9221899,-0.934624304,,2002/10/10 4:24:57,SAT_23877,4.317434411,1.914750171,SAT_25922,5.007961312,1.920305388,SAT_26056,5.297497226,1.928052508
frame-i-003384-4-0246,1,Success,TRUE,SAT_25767,0.986829443,341.5089526,0.431584859,341.5421823,0.437327014,,2002/10/10 6:07:39,SAT_25767,3.95635194,0.986829443,SAT_25074,2.772671539,3.799605947,SAT_3431U,5.428182617,4.54113847
frame-i-003384-4-0247,1,Success,TRUE,SAT_25767,1.426821843,341.7273949,0.418895188,341.8205942,0.434264087,,2002/10/10 6:08:15,SAT_25767,3.95635194,1.426821843,SAT_25074,2.772671539,4.239598347,SAT_3431U,5.428182617,4.98113087
frame-i-003384-4-0386,1,Success,TRUE,SAT_26727,3.85445181,2.483984001,0.222663502,2.515505002,0.213256718,,2002/10/10 7:31:14,SAT_26727,5.49986934,3.85445181,SAT_23877,5.612944654,16.56428623,SAT_21906,5.655085627,16.57479899
frame-i-003384-4-0386,2,Success,TRUE,SAT_26727,0.799872771,2.468230947,0.27335537,2.630847927,0.238901861,,2002/10/10 7:31:14,SAT_26727,5.49986934,0.799872771,SAT_23877,5.612944654,11.90996165,SAT_21906,5.655085627,11.92047441
frame-i-003384-4-0421,1,No match,FALSE,N/A,inf,7.870120146,0.37274153,7.772147176,0.42161304,FOVNotMatch,2002/10/10 7:52:08,SAT_23877,5.617834669,26.45990905,SAT_21906,5.65858616,26.47041312,SAT_4952U,2.673431822,29.41621343
frame-i-003384-5-0534,1,No match,FALSE,N/A,inf,24.62566452,0.703322566,24.78723255,0.789959802,FOVNotMatch,2002/10/10 8:59:37,SAT_26350,5.179612882,9.948190281,SAT_00813,1.653236139,10.3435543,SAT_813U0,1.65265284,10.3444002
frame-i-003384-5-0535,1,No match,FALSE,N/A,inf,24.91233285,0.696649087,24.93749865,0.709840744,FOVNotMatch,2002/10/10 9:00:12,SAT_26350,5.179612882,9.409569042,SAT_00813,1.653236139,9.804933061,SAT_813U0,1.65265284,9.805778962
frame-i-003384-1-0512,1,No match,FALSE,N/A,inf,21.49075493,-1.045226648,21.33764609,-0.938599229,FOVNotMatch,2002/10/10 8:46:28,SAT_21182,0.113967289,28.87985168,SAT_23877,4.373967438,34.80964067,SAT_21906,4.420164631,34.81971268
frame-i-003384-3-0469,1,No match,FALSE,N/A,inf,15.0164754,-0.205798603,15.05667983,-0.129221712,FOVNotMatch,2002/10/10 8:20:48,SAT_20577,4.061299648,45.84734367,SAT_08366,4.487882807,46.15561342,SAT_8366U,4.4863657,46.15574351
frame-i-003384-2-0627,1,No match,FALSE,N/A,inf,38.71156971,-0.573464995,38.54931909,-0.533867905,FOVNotMatch,2002/10/10 9:55:08,SAT_23538,1.169146723,5.746032144,SAT_23877,4.805917559,13.6754343,SAT_21906,4.845013408,13.68415512
frame-i-003384-2-0628,1,No match,FALSE,N/A,inf,38.86140181,-0.537203475,38.69902199,-0.4973484,FOVNotMatch,2002/10/10 9:55:44,SAT_23538,1.169146723,5.821345018,SAT_23877,4.805917559,13.75074717,SAT_21906,4.845013408,13.75946799
frame-i-003384-2-0629,1,No match,FALSE,N/A,inf,39.01099925,-0.50042982,38.84861454,-0.460969173,FOVNotMatch,2002/10/10 9:56:20,SAT_23538,1.169146723,5.689531749,SAT_23877,4.805917559,13.6189339,SAT_21906,4.845013408,13.62765472
frame-i-003384-1-0615,1,No match,FALSE,N/A,inf,36.91530125,-1.013854506,36.75256354,-0.973650742,FOVNotMatch,2002/10/10 9:47:58,SAT_23538,1.363588425,6.395143871,SAT_23877,4.386250145,13.83775463,SAT_21906,4.428985455,13.84665567
frame-i-003384-1-0619,1,No match,FALSE,N/A,inf,37.51413698,-0.866823071,37.35151678,-0.82657876,FOVNotMatch,2002/10/10 9:50:22,SAT_23538,1.363588425,6.417697968,SAT_23877,4.386250145,13.86030872,SAT_21906,4.428985455,13.86920977
frame-i-003384-3-0641,1,Success,TRUE,SAT_23538,4.915867608,40.64519685,-0.026728313,40.80747192,-0.06558312,,2002/10/10 10:03:30,SAT_23538,1.664669575,4.915867608,SAT_23877,5.225903118,13.42648916,SAT_21906,5.261806682,13.43498891
frame-i-003384-3-0642,1,Success,TRUE,SAT_23538,4.931222023,40.79505756,0.009313424,40.95752586,-0.029633699,,2002/10/10 10:04:06,SAT_23538,1.664669575,4.931222023,SAT_23877,5.225903118,13.44184358,SAT_21906,5.261806682,13.45034333
frame-i-003384-4-0652,1,Success,TRUE,SAT_23538,4.341503858,42.45473927,0.328258034,42.29177127,0.36695608,,2002/10/10 10:10:04,SAT_23538,2.284092762,4.341503858,SAT_23877,5.645712186,13.32041403,SAT_21906,5.678958186,13.32873209
frame-i-003388-4-0123,1,Success,TRUE,SAT_20127,1.98957236,330.5222702,0.131877263,330.6820637,0.082899249,,2002/10/11 5:41:52,SAT_20127,4.537046152,1.98957236,SAT_25844,5.404349697,3.098057184,SAT_03045,3.899342387,8.120188204
frame-i-003388-4-0300,1,Success,TRUE,SAT_4991U,3.455880366,357.0224004,0.10365694,357.129671,0.073246898,,2002/10/11 7:27:33,SAT_4991U,4.963068238,3.455880366,SAT_04991,4.963580152,3.456844769,SAT_23637,4.37224665,4.41362739
frame-i-003388-1-0529,1,No match,FALSE,N/A,inf,31.3451993,-1.092137754,31.30659207,-1.087119625,FOVNotMatch,2002/10/11 9:44:17,SAT_24786,5.673433321,7.292998747,SAT_23877,5.947212834,7.367347284,SAT_23016,4.317596456,7.383096818
frame-i-003388-1-0530,1,No match,FALSE,N/A,inf,31.45533715,-1.06684131,31.61869089,-1.088494041,FOVNotMatch,2002/10/11 9:44:53,SAT_24786,5.673433321,7.437872483,SAT_23877,5.947212834,7.512221019,SAT_23016,4.317596456,7.527970553
frame-i-003434-5-0168,1,Success,TRUE,SAT_26039,0.69861674,332.2632634,0.49112299,332.3456262,0.485376803,,2002/10/30 3:06:50,SAT_26039,1.836127957,0.69861674,SAT_27042,2.449067852,2.141681462,SAT_23313,5.892938041,3.956503594
frame-i-003434-5-0169,1,Success,TRUE,SAT_26039,0.689010069,332.4447579,0.499677356,332.5757202,0.490562618,,2002/10/30 3:07:26,SAT_26039,1.836127957,0.689010069,SAT_27042,2.449067852,2.132074791,SAT_23313,5.892938041,3.946896923
frame-i-003434-6-0444,1,No match,FALSE,N/A,inf,13.74311935,0.866076863,13.58076004,0.899822136,FOVNotMatch,2002/10/30 5:51:38,SAT_12546,4.982197638,7.418153172,SAT_25837,3.028817058,10.06141539,SAT_2865U,0.078175248,23.45667303
frame-i-003434-6-0446,1,No match,FALSE,N/A,inf,14.04240806,0.928189509,13.87980559,0.961683902,FOVNotMatch,2002/10/30 5:52:49,SAT_12546,4.982197638,7.316488108,SAT_25837,3.028817058,9.959750328,SAT_2865U,0.078175248,23.35500797
frame-i-003434-6-0447,1,No match,FALSE,N/A,inf,14.19208042,0.959063629,14.02950034,0.992838626,FOVNotMatch,2002/10/30 5:53:25,SAT_12546,4.982197638,7.412993254,SAT_25837,3.028817058,10.05625547,SAT_2865U,0.078175248,23.45151311
frame-i-003434-6-0448,1,No match,FALSE,N/A,inf,14.34131473,0.990133168,14.18017244,1.023360755,FOVNotMatch,2002/10/30 5:54:01,SAT_12546,4.982197638,7.328286333,SAT_25837,3.028817058,9.971548553,SAT_2865U,0.078175248,23.36680619
frame-i-003434-6-0450,1,No match,FALSE,N/A,inf,14.64101671,1.051644273,14.57393716,1.065697808,FOVNotMatch,2002/10/30 5:55:12,SAT_12546,4.982197638,7.510033188,SAT_25837,3.028817058,10.15329541,SAT_2865U,0.078175248,23.54855305
frame-i-003434-4-0545,1,No match,FALSE,N/A,inf,28.70051234,0.195740612,28.86287542,0.144432972,FOVNotMatch,2002/10/30 6:51:56,SAT_5987U,4.218763225,7.162763721,SAT_12546,3.49842634,7.792316251,SAT_21393,5.366067048,16.78394513
frame-i-003434-3-0547,1,No match,FALSE,N/A,inf,29.0000238,-0.239950439,29.16324084,-0.285029408,FOVNotMatch,2002/10/30 6:53:08,SAT_12546,3.49842634,5.695208922,SAT_5987U,4.218763225,9.25987105,SAT_21393,5.366067048,14.6868378
frame-i-003434-4-0557,1,No match,FALSE,N/A,inf,30.49697385,0.176244601,30.65884131,0.131514464,FOVNotMatch,2002/10/30 6:59:06,SAT_12546,3.197886354,5.119421645,SAT_5987U,4.429025329,9.897163018,SAT_23313,5.512416732,15.42401304
frame-i-003434-5-0564,1,Success,TRUE,SAT_12546,4.649580316,31.5449358,0.464809483,31.70163134,0.421900833,,2002/10/30 7:03:17,SAT_12546,3.129090723,4.649580316,SAT_5987U,4.757453096,10.38719122,SAT_23313,5.92894117,15.29153103
frame-i-003434-5-0565,1,Success,TRUE,SAT_12546,4.651543457,31.69447681,0.505586116,31.85683576,0.461120899,,2002/10/30 7:03:52,SAT_12546,3.129090723,4.651543457,SAT_5987U,4.757453096,10.38522807,SAT_23313,5.92894117,15.29349417
frame-i-003434-5-0568,1,Success,TRUE,SAT_12546,4.627373366,32.1441628,0.62856562,32.30628955,0.584238416,,2002/10/30 7:05:40,SAT_12546,3.129090723,4.627373366,SAT_5987U,4.757453096,10.40939817,SAT_23313,5.92894117,15.26932408
frame-i-003437-5-0367,1,No match,FALSE,N/A,inf,3.501812302,0.704568518,3.644078552,0.82351343,FOVNotMatch,2002/10/31 5:05:40,SAT_05587,3.733532302,23.53245659,SAT_5587U,3.733888228,23.53249598,SAT_4902U,5.980080054,23.97215634
frame-i-003437-3-0441,1,No match,FALSE,N/A,inf,14.68744039,-0.026023534,14.58996808,0.01757228,FOVNotMatch,2002/10/31 5:49:51,SAT_8747U,5.472815042,11.96553419,SAT_08747,5.445241299,11.96762278,SAT_26352,5.644430938,24.04840098
frame-i-003462-1-0177,1,No match,FALSE,N/A,inf,136.2544556,34.24518371,136.1703371,34.29197677,FOVNotMatch,2002/11/7 10:50:14,SAT_23197,5.616320536,33.84496251,SAT_9965U,0.165452089,33.86922298,SAT_09965,0.195732205,33.91881943
frame-i-003438-1-0018,1,Success,TRUE,SAT_17083,2.551919916,32.80997587,-1.097331211,32.70121787,-1.115176525,,2002/10/31 6:44:47,SAT_17083,5.461818875,2.551919916,SAT_11964,3.374566092,5.36110463,SAT_14195,2.068891819,5.484496472
frame-i-003462-6-0288,1,No match,FALSE,N/A,inf,153.9876803,44.16069173,153.8455311,44.18918793,FOVNotMatch,2002/11/7 11:56:30,SAT_8418U,3.155230997,71.48736209,SAT_16103,3.944858661,82.3116727,SAT_26988,12.06613479,N/A
frame-i-003461-2-0065,1,No match,FALSE,N/A,inf,51.89618066,-0.626516989,51.83435578,-0.554191935,FOVNotMatch,2002/11/7 8:26:03,SAT_21302,1.466331649,40.9174557,SAT_25558,5.209096852,49.45974871,SAT_26402,4.773269337,49.48046861
frame-i-003478-2-0093,1,No match,FALSE,N/A,inf,130.310469,5.357290226,130.3718749,5.278538864,FOVNotMatch,2002/11/13 11:14:00,SAT_1726U,5.952985337,7.415768854,SAT_14394,3.67326587,47.86501885,SAT_15626,3.991527899,51.01221069
frame-i-003465-3-0333,1,No match,FALSE,N/A,inf,15.17082992,-0.383521646,15.00944188,-0.335755473,FOVNotMatch,2002/11/8 6:02:19,SAT_27378,5.54598728,16.48810541,SAT_26056,5.887935654,16.48926343,SAT_21726,5.60181599,16.49088977
frame-i-003465-5-0352,1,No match,FALSE,N/A,inf,18.01614994,0.44219413,17.85286855,0.489122008,FOVNotMatch,2002/11/8 6:13:40,SAT_6155U,2.949922436,8.846376842,SAT_27426,5.955066301,16.04113092,SAT_26402,5.968721228,16.05142869
frame-i-003465-6-0366,1,No match,FALSE,N/A,inf,20.11142341,0.861970426,19.94906138,0.908907602,FOVNotMatch,2002/11/8 6:22:01,SAT_02655,2.677321379,19.62595969,SAT_2655U,2.677508039,19.62600873,SAT_26796,5.962049152,24.87300427
frame-i-003465-6-0366,2,No match,FALSE,N/A,inf,20.11145876,0.966605626,20.03877592,1.016356401,FOVNotMatch,2002/11/8 6:22:01,SAT_26796,5.962049152,6.603563753,SAT_02655,2.677321379,37.8954002,SAT_2655U,2.677508039,37.89544925
frame-i-003478-6-0106,1,No match,FALSE,N/A,inf,132.0304043,7.164721074,132.1841629,7.243545467,FOVNotMatch,2002/11/13 11:21:45,SAT_27462,5.321838626,26.87686632,SAT_15626,2.736105344,29.03919282,SAT_23479,0.084911496,30.86679305
frame-i-003478-3-0118,1,No match,FALSE,N/A,inf,134.1339375,6.222417131,134.0373149,6.353947789,FOVNotMatch,2002/11/13 11:28:55,SAT_5446U,1.766438577,24.48487277,SAT_19047,0.570114107,38.95066652,SAT_14394,2.301272512,48.45816411
frame-i-003478-2-0135,1,No match,FALSE,N/A,inf,136.5721145,6.213578171,136.7111854,6.285112462,FOVNotMatch,2002/11/13 11:39:04,SAT_26897,5.486846544,16.6371608,SAT_27462,5.30648166,27.92891362,SAT_15626,3.081491197,30.27140027
frame-i-003478-2-0136,1,No match,FALSE,N/A,inf,136.7282414,6.179257956,136.8834131,6.259096056,FOVNotMatch,2002/11/13 11:39:40,SAT_26897,5.486846544,16.63207377,SAT_27462,5.30648166,27.93400065,SAT_15626,3.081491197,30.27648731
frame-i-003478-2-0136,2,No match,FALSE,N/A,inf,136.73252,6.28712817,136.7509101,6.25945485,FOVNotMatch,2002/11/13 11:39:40,SAT_22324,2.035024097,16.52780806,SAT_14394,2.185587996,50.56221794,SAT_15626,3.081491197,53.6405389
frame-i-003478-2-0161,1,Success,TRUE,SAT_27500,0.61029354,140.4659719,6.641286479,140.6245097,6.691494102,,2002/11/13 11:54:36,SAT_27500,4.960352779,0.61029354,SAT_15626,2.418432186,21.52789268,SAT_14394,1.763766572,24.54446551
frame-i-003478-2-0163,1,Success,TRUE,SAT_27500,0.406046747,140.7718509,6.622379777,140.9309628,6.672151232,,2002/11/13 11:55:47,SAT_27500,4.960352779,0.406046747,SAT_15626,2.418432186,21.32364589,SAT_14394,1.763766572,24.34021872
frame-i-003478-2-0165,1,Success,TRUE,SAT_27500,0.498279289,141.09334,6.6075672,141.2366451,6.65264772,,2002/11/13 11:56:59,SAT_27500,4.960352779,0.498279289,SAT_15626,2.418432186,21.41587843,SAT_14394,1.763766572,24.43245126
frame-i-003478-1-0175,1,Success,TRUE,SAT_27500,0.818201073,142.6089424,6.500178496,142.7659384,6.549203469,,2002/11/13 12:02:57,SAT_27500,4.665990282,0.818201073,SAT_15626,2.477458861,21.78575128,SAT_14394,1.724683418,24.76199711
frame-i-003478-1-0180,1,Success,TRUE,SAT_27500,0.884219342,143.4175388,6.459112368,143.5318154,6.49494458,,2002/11/13 12:05:56,SAT_27500,4.665990282,0.884219342,SAT_15626,2.477458861,21.85176955,SAT_14394,1.724683418,24.82801538
frame-i-003518-6-0117,1,Success,TRUE,SAT_25136,3.365375329,158.035926,10.12969235,157.9894059,10.11050354,,2002/12/7 12:07:50,SAT_25136,2.058788578,3.365375329,SAT_19483,5.399146572,27.71755799,SAT_12544,4.810324422,29.6900034
frame-i-003518-1-0124,1,Success,TRUE,SAT_24283,4.588910076,159.2895867,8.098367067,159.3733991,8.138706727,,2002/12/7 12:12:01,SAT_24283,4.73954346,4.588910076,SAT_25136,3.813873138,6.914499969,SAT_20040,4.644517136,28.93212719
frame-i-003525-2-0071,1,Success,TRUE,SAT_15219,3.399849686,165.379898,8.976362315,165.5456949,8.956906936,,2002/12/11 10:36:12,SAT_15219,4.184787998,3.399849686,SAT_20083,5.4213111,3.764635192,SAT_13624,4.997991023,4.660620481
frame-i-003525-2-0144,1,No match,FALSE,N/A,inf,176.5648741,9.488795965,176.6073312,9.442564023,FOVNotMatch,2002/12/11 11:19:47,SAT_26530,2.652717975,24.81491206,SAT_10440,3.049608099,27.30051404,SAT_22291,2.101142234,33.6628222
frame-i-003525-2-0189,1,No match,FALSE,N/A,inf,183.3170579,9.4648107,183.2726023,9.560237624,FOVNotMatch,2002/12/11 11:46:39,SAT_26530,5.284599477,39.14894116,SAT_15516,5.998834095,41.01068654,SAT_15952,1.576323379,47.33422586
frame-i-003525-2-0189,2,No match,FALSE,N/A,inf,183.4379441,9.566822514,183.4259207,9.591564602,FOVNotMatch,2002/12/11 11:46:39,SAT_26530,5.284599477,38.22301764,SAT_15516,5.998834095,41.93661005,SAT_15952,1.576323379,48.26014937
frame-i-003525-3-0189,1,No match,FALSE,N/A,inf,183.327621,9.786498424,183.2713304,9.899701197,FOVNotMatch,2002/12/11 11:46:39,SAT_26530,5.284599477,37.72373005,SAT_15516,5.998834095,42.43589764,SAT_15952,1.576323379,48.75943696
frame-i-003530-5-0183,1,No match,FALSE,N/A,inf,143.3822203,39.95744083,143.3994919,40.08509215,FOVNotMatch,2002/12/13 10:29:55,SAT_23621,5.216932656,24.29954212,SAT_25485,2.554292979,24.84038133,SAT_21467,1.525132724,39.40618823
frame-i-003525-1-0220,1,No match,FALSE,N/A,inf,188.0177584,9.080367467,188.1307595,9.160401643,FOVNotMatch,2002/12/11 12:05:10,SAT_15952,2.369680894,30.31073276,SAT_21199,5.345345695,37.19421152,SAT_13875,1.69235448,37.47141244
frame-i-003530-6-0287,1,No match,FALSE,N/A,inf,162.8856562,46.44895643,163.1008901,46.51434398,FOVNotMatch,2002/12/13 11:32:01,SAT_22192,3.465332009,45.95587377,SAT_11896,2.553986521,80.64842154,SAT_25379,4.632831404,85.7255335
frame-i-003530-1-0249,1,No match,FALSE,N/A,inf,156.2763922,42.69542249,156.2084152,42.71962174,FOVNotMatch,2002/12/13 11:09:20,SAT_25379,3.939362113,33.40137772,SAT_22192,5.782915059,83.20204966,SAT_19903,0.089307256,84.58486714
frame-i-003530-4-0324,1,No match,FALSE,N/A,inf,171.2687863,46.89481056,171.0441222,46.95605263,FOVNotMatch,2002/12/13 11:54:07,SAT_12159,5.698496526,33.36885524,SAT_24963,4.656212991,35.0363592,SAT_11896,4.924021233,37.66722511
frame-i-003530-4-0332,1,No match,FALSE,N/A,inf,172.9645379,47.25012891,172.9094228,47.28976476,FOVNotMatch,2002/12/13 11:58:53,SAT_24963,5.23687742,10.70289728,SAT_11896,4.582178376,13.3094544,SAT_19168,5.948190939,14.853732
frame-i-003530-4-0401,1,No match,FALSE,N/A,inf,188.1445268,47.65904168,188.2251192,47.87286012,FOVNotMatch,2002/12/13 12:40:05,SAT_18883,2.73722661,11.88914074,SAT_03690,1.973230541,34.81989347,SAT_3690U,1.991709758,34.83467701
frame-i-003530-1-0339,1,Success,TRUE,SAT_12159,4.06892725,174.6777536,46.02705566,174.5099211,46.17656927,,2002/12/13 12:03:04,SAT_12159,4.500788719,4.06892725,SAT_24963,3.375702752,5.824687712,SAT_22192,5.262390814,60.13380637
frame-i-003530-2-0392,1,No match,FALSE,N/A,inf,186.0636313,46.85583533,186.102914,47.07919692,FOVNotMatch,2002/12/13 12:34:43,SAT_19640,4.163255516,11.82127931,SAT_18883,4.577240137,18.52132844,SAT_24963,5.108267431,35.62524304
frame-i-003530-4-0358,1,Success,TRUE,SAT_24963,2.009864927,178.6455442,47.56117304,178.4980922,47.74219144,,2002/12/13 12:14:25,SAT_24963,1.683847527,2.009864927,SAT_12159,4.14689613,3.86290704,SAT_00082,0.354500585,54.07788033
frame-i-003538-6-0262,1,Success,TRUE,SAT_25743,4.984987443,156.9589185,11.96258194,157.1258431,11.96204664,,2002/12/14 11:46:14,SAT_25743,3.088433564,4.984987443,SAT_25334,5.899443079,5.118099246,SAT_04486,3.044888413,25.78229022
frame-i-003538-6-0231,1,No match,FALSE,N/A,inf,152.2456214,11.47396218,152.3868439,11.64445049,FOVNotMatch,2002/12/14 11:27:44,SAT_27518,4.258365011,20.12934122,SAT_22315,3.310929517,33.57224379,SAT_25743,5.2326534,44.63284216
frame-i-003538-1-0310,1,No match,FALSE,N/A,inf,164.4482137,10.51963401,164.6101055,10.55010608,FOVNotMatch,2002/12/14 12:14:54,SAT_25743,1.980772653,8.205074786,SAT_04486,5.370532108,8.587249979,SAT_4486U,5.371728699,8.589258061
frame-i-003538-1-0313,1,No match,FALSE,N/A,inf,164.9070232,10.50290624,165.0696912,10.53328056,FOVNotMatch,2002/12/14 12:16:41,SAT_25743,1.980772653,8.120200537,SAT_25334,5.423939356,8.524580798,SAT_04486,5.370532108,8.672124228
frame-i-003538-3-0287,1,No match,FALSE,N/A,inf,160.982532,11.02357375,161.0318918,11.25239891,FOVNotMatch,2002/12/14 12:01:10,SAT_12680,0.097946476,34.81121634,SAT_01574,3.621186425,51.13470153,SAT_1574U,3.618724316,51.13732197
frame-i-003538-4-0292,1,Success,TRUE,SAT_12680,0.858990327,161.7749596,11.53014856,161.68559,11.72936875,,2002/12/14 12:04:09,SAT_12680,0.097946476,0.858990327,SAT_01574,3.621186425,15.46449487,SAT_1574U,3.618724316,15.4671153
frame-i-003562-2-0132,1,No match,FALSE,N/A,inf,170.9910192,43.39604529,171.0839283,43.38506281,FOVNotMatch,2002/12/31 11:51:50,SAT_15260,5.729080568,54.19567843,SAT_22671,7.254703502,N/A,SAT_8018U,12.79807189,N/A
frame-i-003562-1-0070,1,No match,FALSE,N/A,inf,158.8453905,40.75053455,158.8944573,40.77403438,FOVNotMatch,2002/12/31 11:14:49,SAT_18117,2.760729205,29.46832668,SAT_20724,1.996191439,78.06284946,SAT_25382,1.019764328,84.22603893
frame-i-003606-2-0090,1,No match,FALSE,N/A,inf,137.294295,33.36493969,137.5411559,33.32978239,FOVNotMatch,2003/1/25 6:39:41,SAT_1435U,4.073874137,72.23626439,SAT_01435,4.077105534,72.29831699,SAT_5975U,17.69048693,N/A
frame-i-003605-3-0129,1,No match,FALSE,N/A,inf,127.8396076,28.20829456,127.6645722,28.3718871,FOVNotMatch,2003/1/25 5:10:17,SAT_20536,0.682703147,23.21373931,SAT_12666,3.215206441,71.03959962,SAT_4784U,0.475991413,79.08995129
frame-i-003606-5-0129,1,No match,FALSE,N/A,inf,142.9726898,37.34070184,142.7339347,37.35974217,FOVNotMatch,2003/1/25 7:02:58,SAT_18589,4.075792896,50.18396062,SAT_23194,1.722163685,64.56536499,SAT_23416,17.0430949,N/A
frame-i-003565-3-0099,1,No match,FALSE,N/A,inf,25.47951911,-0.279368641,25.5049138,-0.195095624,FOVNotMatch,2003/1/1 1:46:08,SAT_25802,5.618333405,14.33490601,SAT_06192,0.015082259,33.81934342,SAT_6192U,0.018356959,33.8208519
frame-i-003615-5-0051,1,No match,FALSE,N/A,inf,149.500162,40.02178005,149.4127887,40.04154874,FOVNotMatch,2003/1/27 6:29:06,SAT_8546U,2.524258358,16.69586775,SAT_08546,2.453381638,16.74410538,SAT_15266,1.95091588,24.59717695
frame-i-003624-3-0014,1,No match,FALSE,N/A,inf,162.0247211,-0.316084807,161.9237751,-0.416009888,FOVNotMatch,2003/1/27 10:52:16,SAT_12860,2.890172245,25.62796004,SAT_14182,0.99015297,32.42607487,SAT_27511,3.953382704,39.5118606
frame-i-003630-5-0164,1,No match,FALSE,N/A,inf,140.8283778,9.704640874,140.7899518,9.752861266,FOVNotMatch,2003/1/28 6:12:29,SAT_11050,0.265458886,30.9829672,SAT_4881U,5.913440327,41.03341755,SAT_14333,2.907331151,46.23720013
frame-i-003631-1-0263,1,No match,FALSE,N/A,inf,156.1490445,12.08731479,155.9820029,12.0906204,FOVNotMatch,2003/1/28 9:58:43,SAT_1002U,3.481266603,18.36150218,SAT_9648U,5.124474215,58.21275821,SAT_22189,9.713297881,N/A
frame-i-003631-1-0264,1,No match,FALSE,N/A,inf,156.2984691,12.12792972,156.2596327,12.12834837,FOVNotMatch,2003/1/28 9:59:19,SAT_1002U,3.481266603,17.83382095,SAT_9648U,5.124474215,58.74043945,SAT_22189,9.713297881,N/A
frame-i-003624-6-0055,1,No match,FALSE,N/A,inf,168.1231852,0.917951125,168.0542796,1.066729286,FOVNotMatch,2003/1/27 11:16:45,SAT_23614,5.268555968,24.63074807,SAT_14182,5.388488158,37.64137483,SAT_8366U,3.713659546,49.45922289
frame-i-003631-5-0379,1,No match,FALSE,N/A,inf,173.6413646,15.2188529,173.7040808,15.36428414,FOVNotMatch,2003/1/28 11:07:59,SAT_14192,5.073286739,5.183099816,SAT_25989,1.271153395,30.14219148,SAT_16020,4.140021944,35.39262423
frame-i-003631-5-0380,1,No match,FALSE,N/A,inf,173.9150626,15.14960491,173.9636456,15.2625128,FOVNotMatch,2003/1/28 11:08:35,SAT_14192,5.073286739,5.146392274,SAT_25989,1.271153395,30.17889902,SAT_16020,4.140021944,35.35591669
frame-i-000752-2-0364,1,No match,FALSE,N/A,inf,197.9782635,-0.789941013,198.1407184,-0.766761226,FOVNotMatch,1999/3/21 8:20:40,SAT_07545,0.623415828,5.693207066,SAT_24315,5.365646888,8.090339878,SAT_23846,4.551365814,8.090555992
frame-i-000752-2-0598,1,Success,TRUE,SAT_19483,2.088991371,233.0050694,-0.615584663,233.1514367,-0.647699841,,1999/3/21 10:40:23,SAT_19483,4.913045864,2.088991371,SAT_19765,4.443648333,5.037366058,SAT_13631,4.196422627,5.437609062
frame-i-000756-2-0371,1,No match,FALSE,N/A,inf,171.2920499,-0.509732174,171.3482495,-0.487497519,FOVNotMatch,1999/3/22 6:30:21,SAT_23125,3.837433956,9.483944716,SAT_23538,5.540641083,10.77178422,SAT_15642,3.0794639,21.26158582
frame-i-000756-5-0617,1,No match,FALSE,N/A,inf,208.1165701,0.757620875,208.2739293,0.805150842,FOVNotMatch,1999/3/22 8:57:15,SAT_23126,1.079284451,17.16360604,SAT_15642,4.494893368,17.61749084,SAT_15677,4.055188121,18.28531222
frame-i-000756-1-0762,1,No match,FALSE,N/A,inf,229.823909,-0.871763474,229.9837376,-0.842946486,FOVNotMatch,1999/3/22 10:23:50,SAT_24315,5.028020094,10.18503839,SAT_22911,5.603791711,10.18793413,SAT_21222,4.58143044,10.19526968
frame-i-001009-6-0161,1,No match,FALSE,N/A,inf,331.8801499,1.06591189,331.9277908,1.056994615,FOVNotMatch,1999/10/8 5:53:16,SAT_19773,1.544302639,5.334257359,SAT_23232,4.579972453,14.21170649,SAT_16657,5.110041994,20.23942492
frame-i-001011-1-0117,1,No match,FALSE,N/A,inf,13.20750905,13.91481853,13.24902722,13.80667026,FOVNotMatch,1999/10/8 9:43:25,SAT_05024,3.089648543,14.70837816,SAT_04630,5.633667588,73.86064389,SAT_10616,1.803677484,75.85150077
frame-i-001011-6-0141,1,No match,FALSE,N/A,inf,17.01660981,15.77405832,17.12097377,15.77852606,FOVNotMatch,1999/10/8 9:57:45,SAT_15245,4.018649694,8.362612804,SAT_23494,2.391055647,58.57234975,SAT_14756,12.90450677,N/A
frame-i-001010-6-0076,1,No match,FALSE,N/A,inf,23.76876158,-1.087940856,23.81217839,-1.099432392,FOVNotMatch,1999/10/8 7:31:40,SAT_25913,5.689289814,14.77035848,SAT_21222,4.277787623,14.78225829,SAT_23846,4.125419635,14.78392217
frame-i-001024-3-0011,1,No match,FALSE,N/A,inf,37.72745748,-8.453146725,37.82206084,-8.408144828,FOVNotMatch,1999/10/12 9:33:33,SAT_07815,5.147808189,12.27242752,SAT_11115,4.575509239,13.45336959,SAT_13636,3.194997526,14.29035386
frame-i-001024-6-0076,1,Success,TRUE,SAT_16274,0.324004599,47.44093769,-6.276518171,47.52738154,-6.274860119,,1999/10/12 10:12:22,SAT_16274,4.48921815,0.324004599,SAT_24313,5.901434332,1.099782711,SAT_23754,5.770071225,1.101348464
frame-i-001035-5-0017,1,Success,TRUE,SAT_17178,3.05317471,8.057209608,15.49047802,8.073178962,15.4025509,,1999/10/13 7:29:33,SAT_17178,1.881367982,3.05317471,SAT_07629,0.028751718,21.29588691,SAT_21552,7.134714034,N/A
frame-i-001033-6-0143,1,No match,FALSE,N/A,inf,338.5100611,1.282545058,338.549533,1.268616223,FOVNotMatch,1999/10/13 5:26:47,SAT_23620,5.208952259,48.7611512,SAT_25368,1.265225427,68.06547677,SAT_01317,15.28728709,N/A
frame-i-001024-3-0135,1,Success,TRUE,SAT_16293,3.390836978,56.33186102,-6.339091518,56.36443276,-6.353881631,,1999/10/12 10:47:36,SAT_16293,2.893122432,3.390836978,SAT_01588,5.200397539,24.38275935,SAT_25922,5.76936931,24.47982022
frame-i-001024-6-0113,1,Success,TRUE,SAT_07815,3.260186367,52.88447243,-5.547876788,52.99642986,-5.516386968,,1999/10/12 10:34:28,SAT_07815,5.671601281,3.260186367,SAT_11115,4.86722431,4.202770409,SAT_13636,3.449641825,4.647020926
frame-i-001035-5-0118,1,No match,FALSE,N/A,inf,23.58926756,14.7918996,23.728264,14.71761546,FOVNotMatch,1999/10/13 8:29:52,SAT_15390,1.445707598,48.56198662,SAT_12323,2.507638669,70.9506019,SAT_13080,4.129891354,72.20140052
frame-i-001035-5-0119,1,No match,FALSE,N/A,inf,23.74945694,14.84670921,23.91082897,14.75981147,FOVNotMatch,1999/10/13 8:30:28,SAT_15390,1.445707598,48.75142418,SAT_12323,2.507638669,70.76116434,SAT_13080,4.129891354,72.01196295
frame-i-001035-5-0119,2,No match,FALSE,N/A,inf,23.73525176,14.67771953,23.76715399,14.66999009,FOVNotMatch,1999/10/13 8:30:28,SAT_15390,1.445707598,33.6952327,SAT_12323,2.507638669,85.81735582,SAT_19535,5.964868227,86.18681196
frame-i-001035-5-0120,1,No match,FALSE,N/A,inf,23.97263911,14.86755665,24.07106897,14.81435494,FOVNotMatch,1999/10/13 8:31:03,SAT_15390,1.445707598,48.84653468,SAT_12323,2.507638669,70.66605384,SAT_13080,4.129891354,71.91685246
frame-i-001035-3-0084,1,No match,FALSE,N/A,inf,18.28207725,14.29800602,18.28857753,14.26606255,FOVNotMatch,1999/10/13 8:09:34,SAT_11880,5.1195386,18.06058324,SAT_13080,1.016317873,21.96181527,SAT_15390,5.129579053,76.2944552
frame-i-001035-3-0085,1,No match,FALSE,N/A,inf,18.56420401,14.40727971,18.59705579,14.24589346,FOVNotMatch,1999/10/13 8:10:09,SAT_11880,5.1195386,18.06199175,SAT_13080,1.016317873,21.96322378,SAT_15390,5.129579053,76.29586371
frame-i-001035-3-0140,1,No match,FALSE,N/A,inf,26.92731324,13.7645359,27.06563304,13.71117587,FOVNotMatch,1999/10/13 8:43:00,SAT_12284,3.429910657,36.60383042,SAT_19535,3.994849324,86.43511467,SAT_11015,15.97777983,N/A
frame-i-001035-3-0140,2,No match,FALSE,N/A,inf,26.89044634,13.60739619,26.9833189,13.5346786,FOVNotMatch,1999/10/13 8:43:00,SAT_12284,3.429910657,53.7945778,SAT_19535,3.994849324,69.24436728,SAT_11015,15.97777983,N/A
frame-i-001035-5-0155,1,No match,FALSE,N/A,inf,29.27692824,14.1940648,29.43018785,14.13362941,FOVNotMatch,1999/10/13 8:51:57,SAT_11015,15.16890009,N/A,SAT_17267,15.86313215,N/A,SAT_25240,16.88137731,N/A
frame-i-001035-5-0156,1,No match,FALSE,N/A,inf,29.43533849,14.22069994,29.59615162,14.15704904,FOVNotMatch,1999/10/13 8:52:33,SAT_11015,15.16890009,N/A,SAT_17267,15.86313215,N/A,SAT_25240,16.88137731,N/A
frame-i-001035-5-0157,1,No match,FALSE,N/A,inf,29.59373795,14.24750871,29.7544395,14.18385718,FOVNotMatch,1999/10/13 8:53:09,SAT_11015,15.16890009,N/A,SAT_17267,15.86313215,N/A,SAT_25240,16.88137731,N/A
frame-i-001035-5-0157,2,No match,FALSE,N/A,inf,29.65558749,14.2993592,29.6673626,14.33424208,FOVNotMatch,1999/10/13 8:53:09,SAT_11015,15.16890009,N/A,SAT_17267,15.86313215,N/A,SAT_25240,16.88137731,N/A
frame-i-001035-5-0157,3,No match,FALSE,N/A,inf,29.58250116,14.15150207,29.58787664,14.14970792,FOVNotMatch,1999/10/13 8:53:09,SAT_11015,15.16890009,N/A,SAT_17267,15.86313215,N/A,SAT_25240,16.88137731,N/A
frame-i-001035-5-0158,1,No match,FALSE,N/A,inf,29.75212871,14.27456537,29.91298905,14.2102889,FOVNotMatch,1999/10/13 8:53:45,SAT_11015,15.16890009,N/A,SAT_17267,15.86313215,N/A,SAT_25240,16.88137731,N/A
frame-i-001035-5-0159,1,No match,FALSE,N/A,inf,29.91048247,14.30100413,30.07099323,14.23704349,FOVNotMatch,1999/10/13 8:54:20,SAT_11015,15.16890009,N/A,SAT_17267,15.86313215,N/A,SAT_25240,16.88137731,N/A
frame-i-001035-5-0160,1,No match,FALSE,N/A,inf,30.18778718,14.27909428,30.22973468,14.26327138,FOVNotMatch,1999/10/13 8:54:56,SAT_11015,15.16890009,N/A,SAT_17267,15.86313215,N/A,SAT_25240,16.88137731,N/A
frame-i-001037-1-0048,1,Success,TRUE,SAT_22117,1.067375121,46.89611879,-8.705669664,46.99361644,-8.703905501,,1999/10/13 10:24:18,SAT_22117,3.718964998,1.067375121,SAT_23016,5.401468997,1.088494608,SAT_25922,3.260958413,1.088858843
frame-i-001037-3-0081,1,No match,FALSE,N/A,inf,51.76790225,-7.295763471,51.80763607,-7.182887694,FOVNotMatch,1999/10/13 10:44:00,SAT_10866,0.385867788,5.390268255,SAT_17198,4.45351981,55.40541955,SAT_19094,3.391327304,61.67738001
frame-i-001037-4-0128,1,Success,TRUE,SAT_23599,2.304828552,58.7040987,-5.86308089,58.86066893,-5.814986089,,1999/10/13 11:12:04,SAT_23599,3.400583988,2.304828552,SAT_19094,3.127891678,8.313544561,SAT_20086,5.651875695,9.72749366
frame-i-001037-5-0181,1,No match,FALSE,N/A,inf,66.60654654,-4.355726814,66.54371102,-4.221534566,FOVNotMatch,1999/10/13 11:43:42,SAT_21829,5.642962658,17.60752259,SAT_17423,2.939888574,27.00424343,SAT_12445,3.118872223,41.09956314
frame-i-001037-4-0181,1,No match,FALSE,N/A,inf,66.74629627,-4.65157901,66.69338462,-4.540216418,FOVNotMatch,1999/10/13 11:43:42,SAT_21829,5.642962658,17.29490872,SAT_17423,2.939888574,27.31685729,SAT_12445,3.118872223,40.78694927
frame-i-001043-5-0222,1,No match,FALSE,N/A,inf,34.0508011,13.98925725,34.13011307,14.03566167,FOVNotMatch,1999/10/14 9:09:00,SAT_22468,0.610900648,24.73505684,SAT_22779,4.517705139,85.71083135,SAT_10925,14.28404053,N/A
frame-i-001043-3-0187,1,No match,FALSE,N/A,inf,28.57637707,13.6290576,28.66739029,13.57994573,FOVNotMatch,1999/10/14 8:48:06,SAT_09864,1.188501654,11.92460822,SAT_23483,0.116721063,25.75514454,SAT_07659,1.932115962,39.7415607
frame-i-001045-1-0058,1,Success,TRUE,SAT_25629,1.615009898,42.80213778,-8.83613827,42.97309204,-8.883131033,,1999/10/14 10:14:08,SAT_25629,4.051185103,1.615009898,SAT_17254,5.721023117,3.578903733,SAT_25586,4.093910286,13.54088545
frame-i-001045-1-0059,1,Success,TRUE,SAT_25629,1.802631455,42.94611887,-8.760245729,43.11756839,-8.807982611,,1999/10/14 10:14:44,SAT_25629,4.051185103,1.802631455,SAT_17254,5.721023117,3.76652529,SAT_25586,4.093910286,13.72850701
frame-i-001045-6-0120,1,Success,TRUE,SAT_04588,3.687002863,51.99764807,-5.790605952,52.01544317,-5.669805651,,1999/10/14 10:51:10,SAT_04588,1.104010671,3.687002863,SAT_02403,5.301286367,8.535241841,SAT_22362,4.063191015,8.748023127
frame-i-001055-1-0023,1,Success,TRUE,SAT_04882,3.942146324,327.8895072,-1.047491124,327.9757502,-1.113628278,,1999/10/16 6:00:04,SAT_04882,4.632006569,3.942146324,SAT_18747,0.306753794,25.84756149,SAT_23739,4.275484963,30.1820058
frame-i-001056-2-0099,1,No match,FALSE,N/A,inf,338.9724868,-0.630565737,339.0080261,-0.651580085,FOVNotMatch,1999/10/16 7:40:02,SAT_15244,4.045295773,5.748092794,SAT_24715,5.221177997,19.75036776,SAT_00134,3.035551477,20.60431325
frame-i-001056-4-0186,1,No match,FALSE,N/A,inf,352.0024271,0.203207048,352.1637354,0.044086353,FOVNotMatch,1999/10/16 8:31:59,SAT_19422,0.41746109,41.25927121,SAT_24829,1.63855984,48.10053511,SAT_12803,5.27649237,54.13188144
frame-i-001056-4-0215,1,Success,TRUE,SAT_08331,3.937302959,356.3882589,0.061581204,356.5070513,0.131382899,,1999/10/16 8:49:18,SAT_08331,5.698215161,3.937302959,SAT_21052,5.551628499,13.85894063,SAT_23671,2.589538625,21.1605673
frame-i-001120-5-0039,1,No match,FALSE,N/A,inf,198.0091678,64.87897275,198.2420938,64.8174391,FOVNotMatch,2000/2/8 6:43:12,SAT_19713,3.861876757,35.53289757,SAT_20583,2.896877888,35.7016398,SAT_12892,1.337109579,60.15900355
frame-i-001120-5-0040,1,No match,FALSE,N/A,inf,198.6324864,64.83360343,198.7260329,64.80873736,FOVNotMatch,2000/2/8 6:43:48,SAT_19713,3.861876757,35.66606078,SAT_20583,2.896877888,35.83480301,SAT_12892,1.337109579,60.29216676
frame-i-001057-2-0078,1,No match,FALSE,N/A,inf,66.71637036,-0.571899998,66.77537932,-0.507656013,FOVNotMatch,1999/10/16 9:59:07,SAT_13552,5.79474281,7.005177938,SAT_22494,3.55893737,8.661939554,SAT_05088,1.026759492,11.151182
frame-i-001057-2-0078,2,No match,FALSE,N/A,inf,66.63328474,-0.636752487,66.61738874,-0.601329902,FOVNotMatch,1999/10/16 9:59:07,SAT_21446,2.144232383,8.374035565,SAT_20503,4.512250318,13.2605702,SAT_02411,2.358578725,27.84477781
frame-i-001140-2-0067,1,Success,TRUE,SAT_23734,4.971208005,162.9552055,-2.940295322,162.9922162,-2.803467804,,2000/2/12 9:05:23,SAT_23734,4.109675203,4.971208005,SAT_14189,0.062809203,35.35156156,SAT_13967,1.413436403,38.01214747
frame-i-001142-6-0046,1,No match,FALSE,N/A,inf,232.9390819,1.277467776,233.049496,1.203035279,FOVNotMatch,2000/2/12 12:39:57,SAT_21135,5.486764915,28.03616723,SAT_23847,0.615177141,28.1400722,SAT_22044,5.110686238,29.21512693
frame-i-001142-6-0049,1,No match,FALSE,N/A,inf,233.3768611,1.176494316,233.5394707,1.062815879,FOVNotMatch,2000/2/12 12:41:45,SAT_21135,5.486764915,29.00726515,SAT_23847,0.615177141,29.11117012,SAT_22044,5.110686238,30.18622485
frame-i-001142-6-0050,1,No match,FALSE,N/A,inf,233.5356441,1.275248893,233.6894837,1.16753232,FOVNotMatch,2000/2/12 12:42:21,SAT_21135,5.486764915,29.05054062,SAT_23847,0.615177141,29.15444559,SAT_22044,5.110686238,30.22950032
frame-i-001231-1-0012,1,No match,FALSE,N/A,inf,170.9601743,-3.589907923,171.0682186,-3.489853962,FOVNotMatch,2000/3/3 9:40:30,SAT_21942,5.339325448,34.10220495,SAT_21223,2.971778966,35.83582298,SAT_00059,3.407185618,37.02427912
frame-i-001142-6-0021,1,No match,FALSE,N/A,inf,229.2308779,1.052752294,229.2408353,1.276946585,FOVNotMatch,2000/2/12 12:25:02,SAT_14409,0.120318566,5.432864094,SAT_12834,4.442010311,22.9909099,SAT_08301,5.072261057,24.40648188
frame-i-001142-4-0021,1,No match,FALSE,N/A,inf,229.1842933,0.345520317,229.32598,0.390814597,FOVNotMatch,2000/2/12 12:25:02,SAT_22796,5.519026284,18.75285846,SAT_19621,4.772050359,20.49198018,SAT_22044,4.83965268,22.41192613
frame-i-001142-4-0021,2,No match,FALSE,N/A,inf,229.1950168,0.216884988,229.2049752,0.435669909,FOVNotMatch,2000/2/12 12:25:02,SAT_14409,0.120318566,5.496410585,SAT_12834,4.442010311,23.05445639,SAT_08301,5.072261057,24.34293539
frame-i-001142-5-0021,1,No match,FALSE,N/A,inf,229.2130454,0.633836847,229.2231337,0.85725825,FOVNotMatch,2000/2/12 12:25:02,SAT_14409,0.120318566,5.475468391,SAT_12834,4.442010311,23.03351419,SAT_08301,5.072261057,24.36387758
frame-i-001142-4-0022,1,No match,FALSE,N/A,inf,229.4009389,0.319598253,229.4965278,0.349548675,FOVNotMatch,2000/2/12 12:25:38,SAT_22796,5.519026284,18.42188073,SAT_19621,4.772050359,20.16100245,SAT_22044,4.83965268,22.0809484
frame-i-001231-1-0058,1,No match,FALSE,N/A,inf,177.8605449,-3.56335308,177.894523,-3.505601196,FOVNotMatch,2000/3/3 10:07:58,SAT_16761,0.129011371,22.9055172,SAT_18742,1.400488426,23.11340263,SAT_09468,4.09339364,35.26621263
frame-i-001231-1-0059,1,No match,FALSE,N/A,inf,178.1116742,-3.645381669,178.1727766,-3.54303296,FOVNotMatch,2000/3/3 10:08:34,SAT_16761,0.129011371,23.27053466,SAT_18742,1.400488426,23.4784201,SAT_09468,4.09339364,35.6312301
frame-i-001231-1-0153,1,Success,TRUE,SAT_14133,0.570119802,192.1087198,-3.541709657,192.2248019,-3.55162708,,2000/3/3 11:04:41,SAT_14133,3.73835678,0.570119802,SAT_20317,3.262910293,0.893186405,SAT_25525,4.178652443,2.206624529
frame-i-001231-1-0154,1,Success,TRUE,SAT_14133,0.457091678,192.3001197,-3.530791607,192.4212348,-3.541379394,,2000/3/3 11:05:17,SAT_14133,3.73835678,0.457091678,SAT_20317,3.262910293,0.780158281,SAT_25525,4.178652443,2.093596405
frame-i-001231-1-0187,1,No match,FALSE,N/A,inf,197.2432404,-3.69264109,197.2202587,-3.46916216,FOVNotMatch,2000/3/3 11:24:59,SAT_06680,1.775428555,11.48266025,SAT_10744,1.846306391,12.6130892,SAT_07049,4.555494525,27.0474618
frame-i-001231-3-0188,1,No match,FALSE,N/A,inf,197.4551313,-2.851965612,197.4317529,-2.627419875,FOVNotMatch,2000/3/3 11:25:35,SAT_11129,4.688454633,20.90926678,SAT_01000,2.033952579,57.50112671,SAT_14194,5.551427014,68.04909723
frame-i-001231-6-0190,1,Success,TRUE,SAT_23127,3.237465843,197.6375673,-1.391034487,197.7964316,-1.365293063,,2000/3/3 11:26:47,SAT_23127,3.519637403,3.237465843,SAT_21942,2.877433686,5.81604255,SAT_22117,2.552902011,9.172613403
frame-i-001231-6-0191,1,Success,TRUE,SAT_23127,3.098689215,197.787636,-1.411810463,197.9499255,-1.385917392,,2000/3/3 11:27:23,SAT_23127,3.519637403,3.098689215,SAT_21942,2.877433686,5.677265921,SAT_22117,2.552902011,9.033836774
frame-i-001231-6-0192,1,Success,TRUE,SAT_23127,3.240883851,197.9375778,-1.432940557,198.0987566,-1.406814712,,2000/3/3 11:27:59,SAT_23127,3.519637403,3.240883851,SAT_21942,2.877433686,5.819460557,SAT_22117,2.552902011,9.17603141
frame-i-001231-6-0198,1,Success,TRUE,SAT_23127,3.586357563,198.8380848,-1.558986277,198.9995103,-1.533211825,,2000/3/3 11:31:33,SAT_23127,2.396888358,3.586357563,SAT_21942,3.879278352,6.000915012,SAT_22117,3.80786217,9.041505108
frame-i-001239-1-0065,1,Success,TRUE,SAT_15267,0.298663572,130.1091649,-1.253015223,130.1643178,-1.031234489,,2000/3/4 5:14:59,SAT_15267,4.719744236,0.298663572,SAT_18946,2.530501122,6.047441718,SAT_20330,0.031829897,27.65969583
frame-i-003635-6-0206,1,No match,FALSE,N/A,inf,140.4371076,34.12890127,140.3501885,34.30680735,FOVNotMatch,2003/1/29 5:12:01,SAT_16103,5.852221496,43.99836699,SAT_6252U,7.45552419,N/A,SAT_27540,9.505904333,N/A
frame-i-003635-6-0206,2,No match,FALSE,N/A,inf,140.4098481,34.17645735,140.3483567,34.30626845,FOVNotMatch,2003/1/29 5:12:01,SAT_16103,5.852221496,43.38478179,SAT_6252U,7.45552419,N/A,SAT_27540,9.505904333,N/A
frame-i-003631-2-0404,1,No match,FALSE,N/A,inf,177.7034552,14.09509674,177.5650526,14.05948212,FOVNotMatch,2003/1/28 11:22:55,SAT_25989,2.084311877,20.62584289,SAT_26377,5.591979926,65.67459831,SAT_23443,3.654558279,84.70511926
frame-i-003644-4-0180,1,No match,FALSE,N/A,inf,135.9883524,31.43730421,135.9850257,31.50463427,FOVNotMatch,2003/2/1 5:33:05,SAT_10706,4.378425113,37.21166444,SAT_13070,11.18540877,N/A,SAT_23622,12.40468448,N/A
frame-i-003647-1-0140,1,No match,FALSE,N/A,inf,160.3721714,38.82721557,160.3602807,38.92245771,FOVNotMatch,2003/2/1 9:30:28,SAT_15261,3.513838736,19.73246969,SAT_23396,2.348229895,19.82187809,SAT_22512,0.363852588,22.14812904
frame-i-003650-2-0064,1,Success,TRUE,SAT_11844,0.194429996,197.458009,48.46663419,197.6108952,48.67667223,,2003/2/1 12:00:29,SAT_11844,5.86464901,0.194429996,SAT_21121,3.097336459,3.31629725,SAT_16996,2.064546915,3.709595552
frame-i-003650-4-0065,1,No match,FALSE,N/A,inf,197.8251072,49.29147391,197.9977555,49.41972684,FOVNotMatch,2003/2/1 12:01:05,SAT_22178,5.029147318,11.66604944,SAT_16996,2.064546915,11.81860925,SAT_21121,3.097336459,12.21190755
frame-i-003664-3-0030,1,No match,FALSE,N/A,inf,212.7626343,46.05998436,212.9925466,46.23910453,FOVNotMatch,2003/2/11 10:58:19,SAT_26015,0.114572373,40.84840915,SAT_18530,2.883046324,84.88395795,SAT_25989,12.22652483,N/A
frame-i-003664-2-0031,1,No match,FALSE,N/A,inf,212.8410535,45.70010571,212.9643104,45.79662237,FOVNotMatch,2003/2/11 10:58:55,SAT_26015,0.114572373,40.90964548,SAT_18530,2.883046324,84.82272161,SAT_25989,12.22652483,N/A
frame-i-003664-4-0094,1,No match,FALSE,N/A,inf,225.1233704,42.32977158,225.3979332,42.42513343,FOVNotMatch,2003/2/11 11:36:32,SAT_17213,5.226363378,41.18300753,SAT_22231,3.528800503,72.9344153,SAT_20949,16.45048956,N/A
frame-i-003664-6-0051,1,No match,FALSE,N/A,inf,217.6490647,46.07644699,217.8894191,46.17874444,FOVNotMatch,2003/2/11 11:10:52,SAT_03745,3.692106603,77.78180854,SAT_3745U,3.67531736,77.78458612,SAT_25989,10.3119468,N/A
frame-i-003664-1-0085,1,No match,FALSE,N/A,inf,222.7744611,42.02844623,222.8787341,42.06394704,FOVNotMatch,2003/2/11 11:31:10,SAT_22231,3.386542734,70.56653291,SAT_11692,0.078046252,77.20855899,SAT_18509,13.1842351,N/A
frame-i-003664-1-0086,1,No match,FALSE,N/A,inf,223.0973294,41.87658067,223.1570891,41.89695317,FOVNotMatch,2003/2/11 11:31:45,SAT_22231,3.386542734,70.54066499,SAT_11692,0.078046252,77.23442691,SAT_18509,13.1842351,N/A
frame-i-003698-3-0040,1,No match,FALSE,N/A,inf,157.8050447,43.69269498,157.5614035,43.70778205,FOVNotMatch,2003/3/6 7:43:22,SAT_17147,1.091643797,44.13609647,SAT_7094U,2.140886,53.86250097,SAT_22671,4.916743252,65.63120434
frame-i-003698-3-0041,1,No match,FALSE,N/A,inf,157.9712749,43.80687841,157.9183425,43.81039587,FOVNotMatch,2003/3/6 7:43:58,SAT_17147,1.091643797,43.7705464,SAT_7094U,2.140886,53.4969509,SAT_22671,4.916743252,65.9967544
frame-i-003698-1-0135,1,No match,FALSE,N/A,inf,177.6718083,45.9892527,177.5987141,46.07516078,FOVNotMatch,2003/3/6 8:40:05,SAT_21331,0.835545153,11.94061523,SAT_26857,5.932292318,40.70942437,SAT_18883,0.914038059,51.52993921
frame-i-003698-1-0135,2,No match,FALSE,N/A,inf,177.6700922,46.12505004,177.5893859,46.2082553,FOVNotMatch,2003/3/6 8:40:05,SAT_21331,0.835545153,8.619222264,SAT_26857,5.932292318,37.3880314,SAT_18883,0.914038059,54.85133218
frame-i-003697-5-0042,1,No match,FALSE,N/A,inf,171.8163314,57.24004313,171.719901,57.26602985,FOVNotMatch,2003/3/6 6:37:44,SAT_26626,1.838738612,21.76246368,SAT_25652,1.77916295,40.23420212,SAT_8613U,1.033118308,53.57214596
frame-i-003698-3-0152,1,Success,TRUE,SAT_18883,2.104008499,181.0705501,47.20190762,181.040221,47.15499573,,2003/3/6 8:50:14,SAT_18883,0.040017116,2.104008499,SAT_21545,4.812272664,4.145763424,SAT_10832,8.639860741,N/A
frame-i-003698-3-0153,1,Success,TRUE,SAT_18883,2.718720854,181.4980797,47.19791455,181.373618,47.01061489,,2003/3/6 8:50:50,SAT_18883,0.040017116,2.718720854,SAT_21545,4.812272664,3.531051069,SAT_10832,8.639860741,N/A
frame-i-003699-3-0136,1,No match,FALSE,N/A,inf,209.361813,44.42476224,209.2814038,44.41656316,FOVNotMatch,2003/3/6 11:02:31,SAT_02161,4.493150154,17.0753315,SAT_2161U,4.488251149,17.12954201,SAT_24876,0.016704354,50.652798
frame-i-003699-4-0162,1,No match,FALSE,N/A,inf,214.8178543,43.66655855,214.6782102,43.68751717,FOVNotMatch,2003/3/6 11:18:02,SAT_24876,5.181483791,37.53348957,SAT_13166,5.8840581,65.85552805,SAT_15738,5.026531787,69.0345931
frame-i-003704-6-0066,1,No match,FALSE,N/A,inf,140.5672634,34.37690105,140.6052457,34.17844421,FOVNotMatch,2003/3/7 6:28:58,SAT_27436,3.752222218,5.135636072,SAT_631U0,3.741329779,5.719087042,SAT_00631,3.741205888,5.719151308
frame-i-003704-3-0158,1,Success,TRUE,SAT_22192,0.227077425,156.8252078,38.71451193,156.7754807,38.59444912,,2003/3/7 7:23:54,SAT_22192,5.734926356,0.227077425,SAT_22189,4.024676596,1.481997816,SAT_16925,4.007167683,3.105465051
frame-i-003704-6-0102,1,No match,FALSE,N/A,inf,146.5948402,36.59635604,146.4473968,36.57086574,FOVNotMatch,2003/3/7 6:50:27,SAT_20707,5.475483429,59.72860785,SAT_22192,2.817206193,61.26875697,SAT_22671,7.624671727,N/A
frame-i-003705-1-0254,1,No match,FALSE,N/A,inf,240.4620131,40.50140023,240.3091826,40.44964863,FOVNotMatch,2003/3/7 10:25:03,SAT_22241,3.229661333,45.011164,SAT_23293,4.759116376,82.05091588,SAT_24643,6.704001776,N/A
frame-i-003705-2-0383,1,No match,FALSE,N/A,inf,256.1489307,26.20230987,256.0068675,26.18797223,FOVNotMatch,2003/3/7 11:42:04,SAT_22061,1.583977325,56.30764269,SAT_8539U,0.366512319,57.08445014,SAT_26569,4.376791951,58.13815714
frame-i-003716-2-0020,1,No match,FALSE,N/A,inf,181.0554215,46.7932174,180.8141503,46.98816523,FOVNotMatch,2003/3/11 9:34:50,SAT_16375,0.735089502,10.37732482,SAT_10566,4.304241318,10.85294009,SAT_22744,4.2829886,64.78023963
frame-i-003716-2-0021,1,No match,FALSE,N/A,inf,181.2733033,46.98625795,181.2275985,47.02352398,FOVNotMatch,2003/3/11 9:35:26,SAT_16375,0.735089502,10.69347171,SAT_10566,4.304241318,11.16908698,SAT_22744,4.2829886,64.46409274
frame-i-003712-3-0111,1,No match,FALSE,N/A,inf,191.0652488,56.96740114,191.0365756,56.93654591,FOVNotMatch,2003/3/10 9:38:17,SAT_22189,5.594234921,6.418052341,SAT_11844,0.630981128,8.22841392,SAT_16925,3.74629911,10.94090608
frame-i-003716-2-0039,1,No match,FALSE,N/A,inf,184.985793,47.00313851,185.0176301,47.08677945,FOVNotMatch,2003/3/11 9:46:11,SAT_22178,5.504386545,18.37565954,SAT_02801,5.363330656,35.48219851,SAT_2801U,5.346773652,35.48287276
frame-i-003716-1-0040,1,No match,FALSE,N/A,inf,185.2089797,46.44209121,185.2941988,46.6654482,FOVNotMatch,2003/3/11 9:46:47,SAT_22178,5.504386545,18.21490489,SAT_02801,5.363330656,35.32144386,SAT_2801U,5.346773652,35.32211811
frame-i-003716-1-0041,1,No match,FALSE,N/A,inf,185.6437338,46.44094447,185.657777,46.47809548,FOVNotMatch,2003/3/11 9:47:23,SAT_22178,5.504386545,18.32103919,SAT_02801,5.363330656,35.42757816,SAT_2801U,5.346773652,35.42825242
frame-i-003716-4-0048,1,Success,TRUE,SAT_22178,3.494744542,187.0049852,47.6835707,187.0862743,47.77794347,,2003/3/11 9:51:34,SAT_22178,4.839730947,3.494744542,SAT_22392,1.15706544,21.13801382,SAT_23294,5.476188704,64.97188774
frame-i-003716-4-0177,1,No match,FALSE,N/A,inf,214.33913,43.78886792,214.5686585,43.96279211,FOVNotMatch,2003/3/11 11:08:35,SAT_21426,5.192251302,16.4559171,SAT_26045,13.88093804,N/A,SAT_14607,13.32858961,N/A
frame-i-003723-5-0168,1,No match,FALSE,N/A,inf,248.4264216,26.9141198,248.6020965,27.00823939,FOVNotMatch,2003/3/12 11:14:44,SAT_16007,3.579817343,21.09673091,SAT_9931U,4.0845607,24.38538457,SAT_15214,0.017995886,35.20974828
frame-i-003813-5-0186,1,No match,FALSE,N/A,inf,176.1052518,45.27845314,176.195087,45.51106662,FOVNotMatch,2003/3/24 4:09:38,SAT_21106,0.981468637,7.656808311,SAT_20262,2.73677373,18.72383284,SAT_15699,5.812899187,38.67394959
frame-i-003805-6-0044,1,No match,FALSE,N/A,inf,193.9065897,13.26299319,193.7530978,13.40004501,FOVNotMatch,2003/3/23 5:50:13,SAT_19802,3.324411718,17.5685985,SAT_23018,2.352772576,20.55789766,SAT_11636,4.634555796,31.94305427
frame-i-003813-5-0154,1,No match,FALSE,N/A,inf,169.4718625,44.60007237,169.3614815,44.78183266,FOVNotMatch,2003/3/24 3:50:31,SAT_133U0,1.766645221,12.04358514,SAT_00133,1.749759991,12.08423908,SAT_18806,3.514870753,25.99688771
frame-i-003813-6-0155,1,No match,FALSE,N/A,inf,169.6647057,45.02126898,169.535842,45.23235653,FOVNotMatch,2003/3/24 3:51:07,SAT_133U0,1.766645221,11.99463457,SAT_00133,1.749759991,12.03528851,SAT_18806,3.514870753,25.94793714
frame-i-003818-6-0108,1,No match,FALSE,N/A,inf,172.0751968,45.10552628,171.869858,45.22205835,FOVNotMatch,2003/3/26 6:26:50,SAT_16761,4.554422774,67.87273401,SAT_22189,5.411380239,74.86866892,SAT_9927U,0.099518431,83.26458667
frame-i-003818-1-0088,1,Success,TRUE,SAT_22189,1.373109122,168.4958103,42.50138913,168.5450011,42.59318567,,2003/3/26 6:14:53,SAT_22189,3.568728558,1.373109122,SAT_9927U,4.527323451,7.452166401,SAT_22671,4.833434929,7.628493144
frame-i-003829-4-0013,1,Success,TRUE,SAT_04612,1.771669956,149.0097136,10.38357431,148.9660097,10.60418451,,2003/3/30 2:55:26,SAT_04612,0.020030502,1.771669956,SAT_4612U,0.022508143,1.775600504,SAT_23292,4.888099719,6.133170912
frame-i-003829-2-0013,1,Success,TRUE,SAT_04612,1.700836564,149.1730926,9.558465482,149.1296388,9.77983345,,2003/3/30 2:55:26,SAT_04612,0.020030502,1.700836564,SAT_4612U,0.022508143,1.704767112,SAT_23292,4.888099719,6.204004305
frame-i-003829-3-0013,1,Success,TRUE,SAT_04612,1.700658846,149.0914682,9.971442548,149.0481122,10.19203917,,2003/3/30 2:55:26,SAT_04612,0.020030502,1.700658846,SAT_4612U,0.022508143,1.704589394,SAT_23292,4.888099719,6.204182023
frame-i-003830-6-0320,1,Success,TRUE,SAT_18883,0.567209759,165.1127004,15.24317536,165.1660709,15.42541487,,2003/3/30 6:26:03,SAT_18883,4.395785097,0.567209759,SAT_22178,3.742475692,5.297517008,SAT_21006,4.94732752,36.82012507
frame-i-003836-2-0050,1,No match,FALSE,N/A,inf,155.9897729,10.3756764,155.8955636,10.32865461,FOVNotMatch,2003/3/31 3:38:39,SAT_16294,0.866913264,5.698347757,SAT_21128,3.160800417,22.38455192,SAT_4069U,5.824777549,31.92028183
frame-i-003836-1-0451,1,Success,TRUE,SAT_25652,0.481474388,217.0337587,9.604183726,216.8871732,9.771958137,,2003/3/31 7:38:04,SAT_25652,0.775831062,0.481474388,SAT_09965,5.39973379,16.02483258,SAT_9965U,5.399719328,16.03333415
frame-i-003836-1-0054,1,Success,TRUE,SAT_16294,4.829752079,156.6084677,10.20551251,156.4786568,10.14041955,,2003/3/31 3:41:02,SAT_16294,0.026441553,4.829752079,SAT_18328,4.028150593,32.52473746,SAT_11256,4.213252354,39.02208066
frame-i-003838-1-0109,1,No match,FALSE,N/A,inf,215.3928045,47.20869488,215.3270971,47.20235952,FOVNotMatch,2003/3/31 11:13:31,SAT_00463,1.319427695,42.32042606,SAT_463U0,1.326761676,42.33265805,SAT_23423,1.569028432,49.37428617
frame-i-003838-1-0110,1,No match,FALSE,N/A,inf,215.5202714,47.06194299,215.7503052,47.08342551,FOVNotMatch,2003/3/31 11:14:07,SAT_00463,1.319427695,42.05054968,SAT_463U0,1.326761676,42.06278168,SAT_23423,1.569028432,49.64416254
frame-i-003838-6-0049,1,No match,FALSE,N/A,inf,203.5012807,52.11349426,203.4151675,52.09161012,FOVNotMatch,2003/3/31 10:37:42,SAT_738U0,1.950509962,7.167770492,SAT_21121,4.994597319,27.99680999,SAT_10707,0.059110726,61.25504303
frame-i-003840-1-0165,1,No match,FALSE,N/A,inf,182.9314727,41.21479706,182.8986301,41.43757349,FOVNotMatch,2003/4/1 3:48:56,SAT_7147U,0.070824454,15.04715143,SAT_07147,0.06993339,15.05025328,SAT_26795,4.553607929,34.05962923
frame-i-003840-4-0166,1,No match,FALSE,N/A,inf,183.1476107,42.4770136,183.113855,42.70090602,FOVNotMatch,2003/4/1 3:49:32,SAT_7147U,0.070824454,15.06353097,SAT_07147,0.06993339,15.06663282,SAT_26795,4.553607929,34.04324969
frame-i-003840-5-0166,1,No match,FALSE,N/A,inf,183.0845836,42.8954316,183.0502769,43.11907852,FOVNotMatch,2003/4/1 3:49:32,SAT_7147U,0.070824454,15.13001305,SAT_07147,0.06993339,15.1331149,SAT_26795,4.553607929,33.97676761
frame-i-003840-4-0240,1,No match,FALSE,N/A,inf,198.1626242,41.90683752,198.1626613,41.95862968,FOVNotMatch,2003/4/1 4:33:43,SAT_19109,0.107024491,18.58512293,SAT_11007,5.190659821,32.06145377,SAT_05745,6.463502214,N/A
frame-i-003840-4-0266,1,No match,FALSE,N/A,inf,203.3324852,41.16797302,203.2297783,41.25369748,FOVNotMatch,2003/4/1 4:49:15,SAT_11007,5.314093846,11.53473505,SAT_26351,1.631009324,79.93221858,SAT_3522U,0.143659211,84.674637
frame-i-003841-3-0148,1,No match,FALSE,N/A,inf,187.011757,7.075077155,186.9975997,7.131330841,FOVNotMatch,2003/4/1 6:29:28,SAT_02610,5.813751823,28.20368128,SAT_4069U,5.926085464,56.48253457,SAT_04069,5.919042724,56.48285596
frame-i-003841-5-0038,1,No match,FALSE,N/A,inf,170.518434,7.722670434,170.4432693,7.680184726,FOVNotMatch,2003/4/1 5:23:48,SAT_14133,5.190024197,34.47266847,SAT_17705,5.359518309,36.94581511,SAT_19483,4.981865841,37.21105327
frame-i-003841-1-0132,1,No match,FALSE,N/A,inf,184.621357,6.41564308,184.5597856,6.404955867,FOVNotMatch,2003/4/1 6:19:55,SAT_15237,5.301215312,13.19980923,SAT_14133,5.00537307,16.49671807,SAT_17705,5.939038269,19.36042046
frame-i-003842-4-0032,1,No match,FALSE,N/A,inf,185.9193299,7.861410896,185.7690706,7.768238426,FOVNotMatch,2003/4/1 8:43:02,SAT_10491,5.812910256,66.53697278,SAT_23332,17.09765315,N/A,SAT_26299,16.80952354,N/A
frame-i-003842-6-0228,1,No match,FALSE,N/A,inf,215.4332552,7.754785747,215.4028797,7.72187126,FOVNotMatch,2003/4/1 10:40:04,SAT_25259,4.195079963,20.08356629,SAT_22241,3.469552438,23.51848847,SAT_20232,4.148837376,48.5130028
frame-i-003842-6-0228,2,No match,FALSE,N/A,inf,215.5535017,7.531255782,215.4578163,7.579465181,FOVNotMatch,2003/4/1 10:40:04,SAT_25259,4.195079963,54.4165834,SAT_20232,4.148837376,56.98684751,SAT_22241,3.469552438,81.98136184
frame-i-003842-2-0238,1,No match,FALSE,N/A,inf,216.8501441,5.753373915,216.805805,5.980629719,FOVNotMatch,2003/4/1 10:46:02,SAT_10395,4.125132441,16.08026155,SAT_10844,0.426980674,18.00111218,SAT_22241,0.915617304,29.86550337
frame-i-003893-3-0128,1,No match,FALSE,N/A,inf,175.5213555,42.00821944,175.4441504,42.10577061,FOVNotMatch,2003/4/25 3:50:06,SAT_27766,0.080639381,42.76243399,SAT_26483,4.829624459,58.70708418,SAT_11133,1.528019671,65.27012452
frame-i-003893-6-0420,1,No match,FALSE,N/A,inf,230.8380215,33.83230712,230.9812688,33.93252068,FOVNotMatch,2003/4/25 6:44:27,SAT_20533,2.021485982,7.267451031,SAT_6993U,5.69950286,13.56980805,SAT_14884,4.84247577,21.67278372
frame-i-003894-6-0138,1,No match,FALSE,N/A,inf,224.6085837,10.76718444,224.5725976,10.75779757,FOVNotMatch,2003/4/25 8:46:00,SAT_14497,3.617455781,8.97780938,SAT_27533,4.766095199,79.25245902,SAT_26056,16.66517503,N/A
frame-i-003894-1-0012,1,No match,FALSE,N/A,inf,205.4119432,10.58778892,205.2485067,10.61609503,FOVNotMatch,2003/4/25 7:30:46,SAT_26858,3.985051282,32.25297973,SAT_26626,0.629681778,60.19459279,SAT_18589,4.858207603,72.89125709
frame-i-003900-3-0161,1,No match,FALSE,N/A,inf,145.968241,32.70000328,145.8412898,32.77467649,FOVNotMatch,2003/4/26 4:08:38,SAT_26283,2.878695008,13.27760664,SAT_10715,0.054517396,64.47586607,SAT_13205,5.885881643,70.48419415
frame-i-003900-5-0414,1,No match,FALSE,N/A,inf,192.6124184,40.25925601,192.761197,40.37975247,FOVNotMatch,2003/4/26 6:39:41,SAT_26789,3.888400347,64.52148505,SAT_21352,1.916718222,80.53720653,SAT_25847,9.952111078,N/A
frame-i-003900-4-0689,1,No match,FALSE,N/A,inf,239.5695589,26.00606473,239.5080589,26.12978282,FOVNotMatch,2003/4/26 9:23:53,SAT_25101,3.230193013,15.19062245,SAT_10485,5.480253559,51.11470869,SAT_2971U,0.034507768,68.47055359
frame-i-003900-3-0680,1,Success,TRUE,SAT_2971U,4.164300927,238.0730401,26.29191742,238.0121922,26.29142279,,2003/4/26 9:18:31,SAT_2971U,0.580078506,4.164300927,SAT_02971,0.658107597,4.22829752,SAT_12909,0.102488893,63.35567492
frame-i-003903-3-0324,1,Success,TRUE,SAT_128U0,1.618414121,229.9408376,6.902819869,229.9235265,6.972015386,,2003/4/27 5:51:39,SAT_128U0,4.086606028,1.618414121,SAT_00128,4.089332726,1.620168365,SAT_21590,5.999426696,78.18152872
frame-i-003903-3-0057,1,No match,FALSE,N/A,inf,189.6983699,9.757467042,189.5992,9.975807468,FOVNotMatch,2003/4/27 3:12:14,SAT_10845,3.968674467,17.7293932,SAT_8609U,4.953209518,18.62001414,SAT_4069U,5.610882179,46.63061843
frame-i-003903-3-0080,1,No match,FALSE,N/A,inf,193.125434,9.790602491,193.0928011,9.847814536,FOVNotMatch,2003/4/27 3:25:58,SAT_7041U,0.374192757,25.62956428,SAT_07041,0.393462587,25.63392833,SAT_27500,5.960131516,43.00453533
frame-i-003903-3-0081,1,No match,FALSE,N/A,inf,193.4099116,9.816655774,193.356746,9.910699809,FOVNotMatch,2003/4/27 3:26:34,SAT_7041U,0.374192757,25.40879584,SAT_07041,0.393462587,25.41315989,SAT_27500,5.960131516,43.22530376
frame-i-003903-4-0082,1,No match,FALSE,N/A,inf,193.5476977,10.10052416,193.5099775,10.16769917,FOVNotMatch,2003/4/27 3:27:10,SAT_7041U,0.374192757,25.22442166,SAT_07041,0.393462587,25.22878571,SAT_27500,5.960131516,43.40967794
frame-i-003911-3-0016,1,No match,FALSE,N/A,inf,237.3704437,31.19643855,237.5210489,31.24377205,FOVNotMatch,2003/4/28 10:21:55,SAT_25935,1.729567462,8.53235682,SAT_26385,0.037158422,69.24678876,SAT_09980,3.867965506,86.1491074
frame-i-003911-3-0017,1,No match,FALSE,N/A,inf,237.6102125,31.01282501,237.6852256,31.03633179,FOVNotMatch,2003/4/28 10:22:31,SAT_25935,1.729567462,8.624770581,SAT_26385,0.037158422,69.154375,SAT_09980,3.867965506,86.05669364
frame-i-003911-3-0058,1,No match,FALSE,N/A,inf,243.2540692,27.48896319,243.3639259,27.47273348,FOVNotMatch,2003/4/28 10:47:00,SAT_09980,1.967089561,59.16755269,SAT_9980U,1.986013654,59.20694887,SAT_21633,7.671400409,N/A
frame-i-003905-2-0022,1,No match,FALSE,N/A,inf,203.008181,6.508218695,203.043688,6.534170004,FOVNotMatch,2003/4/27 7:18:08,SAT_22198,3.734166847,42.15356524,SAT_26626,5.89354215,73.58294111,SAT_2514U,16.3052823,N/A
frame-i-003918-1-0060,1,No match,FALSE,N/A,inf,197.9978987,50.89516193,197.9980149,50.92707181,FOVNotMatch,2003/4/29 3:17:58,SAT_16183,4.423232345,37.51980964,SAT_4326U,0.757171783,53.68561554,SAT_04326,0.784415193,53.69600237
frame-i-003918-6-0199,1,No match,FALSE,N/A,inf,227.992895,44.9288448,227.9513225,45.00953417,FOVNotMatch,2003/4/29 4:40:57,SAT_17267,2.422700969,49.7660742,SAT_01316,5.67841717,50.38756746,SAT_27141,4.015089604,64.98063591
frame-i-003918-6-0200,1,No match,FALSE,N/A,inf,228.3138661,44.83198531,228.2163598,45.02293067,FOVNotMatch,2003/4/29 4:41:33,SAT_17267,2.422700969,49.61579479,SAT_01316,5.67841717,50.23728805,SAT_27141,4.015089604,64.8303565
frame-i-003926-2-0029,1,No match,FALSE,N/A,inf,229.7628462,37.04090102,229.6699891,37.044742,FOVNotMatch,2003/5/1 6:41:12,SAT_22231,5.002162476,51.53690488,SAT_26970,5.125229843,59.39422353,SAT_14884,1.011487091,63.49566702
frame-i-003927-5-0102,1,No match,FALSE,N/A,inf,242.901515,26.80161061,242.8336735,26.7696844,FOVNotMatch,2003/5/1 9:56:40,SAT_11028,1.327881794,16.0309258,SAT_22058,4.240775973,38.3492823,SAT_12114,0.164588386,48.48702977
frame-i-003927-6-0170,1,No match,FALSE,N/A,inf,252.2000506,21.15876058,252.0561438,21.18276964,FOVNotMatch,2003/5/1 10:37:16,SAT_14999,0.047478356,55.42418722,SAT_3255U,2.350608016,69.61599017,SAT_03255,2.351390033,69.61764003
frame-i-003958-6-0109,1,No match,FALSE,N/A,inf,245.9870058,31.14863259,246.159613,31.23622174,FOVNotMatch,2003/5/28 6:24:53,SAT_02529,5.763891453,12.84065548,SAT_10925,0.058069027,34.31654721,SAT_15214,7.380152264,N/A
frame-i-003964-1-0042,1,Success,TRUE,SAT_21032,2.034421233,215.6963937,46.86667964,215.8412744,47.0331205,,2003/5/29 3:31:10,SAT_21032,0.037005921,2.034421233,SAT_17134,0.856586577,57.00912304,SAT_08195,4.836900951,59.37017238
frame-i-003964-1-0028,1,Success,TRUE,SAT_7056U,3.62890355,212.99302,47.68312546,212.8796347,47.90928628,,2003/5/29 3:22:48,SAT_7056U,2.336434764,3.62890355,SAT_07056,2.348970785,3.655920746,SAT_08195,3.274853984,11.05319489
frame-i-003964-1-0092,1,No match,FALSE,N/A,inf,225.3226928,43.47637041,225.1376769,43.56814635,FOVNotMatch,2003/5/29 4:01:01,SAT_879U0,5.020613316,15.32895888,SAT_26970,3.093037878,25.25987444,SAT_7267U,3.592235696,53.97227991
frame-i-003964-1-0093,1,No match,FALSE,N/A,inf,225.5063732,43.40732947,225.3260765,43.49684052,FOVNotMatch,2003/5/29 4:01:37,SAT_879U0,5.020613316,15.32063313,SAT_26970,3.093037878,25.26820019,SAT_7267U,3.592235696,53.98060565
frame-i-003964-1-0096,1,No match,FALSE,N/A,inf,226.0532902,43.19775886,225.8691263,43.29078175,FOVNotMatch,2003/5/29 4:03:25,SAT_879U0,5.020613316,15.69097164,SAT_26970,3.093037878,24.89786168,SAT_7267U,3.592235696,53.61026714
frame-i-003967-1-0047,1,No match,FALSE,N/A,inf,241.3687675,27.76116733,241.5106509,27.79481036,FOVNotMatch,2003/5/29 9:29:33,SAT_22277,2.26585463,10.71442972,SAT_9931U,3.642923732,15.86564258,SAT_22849,3.986822317,17.6559104
frame-i-003967-1-0048,1,No match,FALSE,N/A,inf,241.5573201,27.56471798,241.6656855,27.59028455,FOVNotMatch,2003/5/29 9:30:09,SAT_22277,2.26585463,10.81239677,SAT_9931U,3.642923732,15.76767553,SAT_22849,3.986822317,17.55794336
frame-i-003967-4-0050,1,No match,FALSE,N/A,inf,242.7972406,28.45336801,242.8318842,28.47870479,FOVNotMatch,2003/5/29 9:31:21,SAT_22277,2.26585463,14.04104373,SAT_23043,0.655427883,27.41887831,SAT_20619,3.906618391,28.81773031
frame-i-003970-6-0033,1,No match,FALSE,N/A,inf,186.5814222,15.83022245,186.6691628,16.0542655,FOVNotMatch,2003/5/30 3:30:24,SAT_14408,3.47962511,20.65565569,SAT_3615U,0.104997213,48.61605615,SAT_03615,0.101886035,48.61700694
frame-i-003970-3-0045,1,No match,FALSE,N/A,inf,188.501965,14.6530926,188.552186,14.77398732,FOVNotMatch,2003/5/30 3:37:34,SAT_03812,5.548317487,46.19967214,SAT_3812U,5.546987344,46.20088873,SAT_6236U,4.316684794,54.94486073
frame-i-003970-6-0106,1,No match,FALSE,N/A,inf,197.9420788,15.57855715,197.9941816,15.69483544,FOVNotMatch,2003/5/30 4:14:00,SAT_8593U,0.62594116,5.735310209,SAT_26113,3.118931004,40.861544,SAT_404U0,2.509560949,55.6374543
frame-i-003971-1-0054,1,No match,FALSE,N/A,inf,206.5057187,12.7456263,206.4077446,12.74466016,FOVNotMatch,2003/5/30 5:33:51,SAT_9931U,5.989896434,22.309445,SAT_1359U,0.034197003,23.14954403,SAT_17213,0.955222619,72.13622596
frame-i-003971-1-0055,1,No match,FALSE,N/A,inf,206.7269366,12.71632623,206.6905262,12.71582001,FOVNotMatch,2003/5/30 5:34:26,SAT_9931U,5.989896434,22.07213036,SAT_1359U,0.034197003,22.9122294,SAT_17213,0.955222619,71.89891133
frame-i-003983-1-0064,1,No match,FALSE,N/A,inf,229.7877311,33.91204212,229.9033144,33.90069305,FOVNotMatch,2003/6/7 8:07:45,SAT_14473,3.22252159,78.81861938,SAT_27620,16.54904777,N/A,SAT_20026,15.57437494,N/A
frame-i-003983-3-0094,1,No match,FALSE,N/A,inf,234.862389,32.39594431,235.0737508,32.3713136,FOVNotMatch,2003/6/7 8:25:40,SAT_24949,1.567168894,41.48750917,SAT_11133,0.05157821,48.61931858,SAT_22971,1.645552662,51.20967881
frame-i-003996-6-0066,1,No match,FALSE,N/A,inf,214.1365323,14.22829216,214.1245972,14.31268653,FOVNotMatch,2003/6/22 4:08:06,SAT_3842U,5.73819177,28.46392241,SAT_16809,0.166892261,46.00036488,SAT_13090,9.37087771,N/A
frame-i-003996-6-0067,1,No match,FALSE,N/A,inf,214.4380062,14.22440027,214.4102213,14.42057065,FOVNotMatch,2003/6/22 4:08:42,SAT_3842U,5.73819177,28.45394752,SAT_16809,0.166892261,46.01033977,SAT_13090,9.37087771,N/A
frame-i-003996-6-0109,1,No match,FALSE,N/A,inf,220.6993419,13.43906885,220.7004774,13.49157545,FOVNotMatch,2003/6/22 4:33:47,SAT_13090,0.05382765,15.14555063,SAT_8764U,3.320755586,26.11260781,SAT_18549,0.807544775,33.73306369
frame-i-003996-6-0110,1,No match,FALSE,N/A,inf,221.0035426,13.39421056,221.0065587,13.51681066,FOVNotMatch,2003/6/22 4:34:22,SAT_13090,0.05382765,14.97976562,SAT_8764U,3.320755586,26.27839282,SAT_18549,0.807544775,33.56727868
frame-i-003996-1-0098,1,No match,FALSE,N/A,inf,218.8600419,11.6204159,218.845844,11.71161239,FOVNotMatch,2003/6/22 4:27:13,SAT_21847,1.320379092,9.320374923,SAT_13090,1.407030723,24.86881328,SAT_24501,1.355542433,44.6428624
frame-i-003996-2-0099,1,No match,FALSE,N/A,inf,219.0925693,12.02107754,219.0799411,12.10321492,FOVNotMatch,2003/6/22 4:27:48,SAT_21847,1.320379092,9.439029171,SAT_13090,1.407030723,24.75015903,SAT_24501,1.355542433,44.76151665
frame-i-004002-1-0027,1,No match,FALSE,N/A,inf,210.3646071,36.07484836,210.5095809,36.1545657,FOVNotMatch,2003/6/23 3:58:37,SAT_21426,4.735957899,27.00758435,SAT_24640,3.435640038,30.58471652,SAT_14884,5.146163609,34.36602597
frame-i-004002-4-0054,1,No match,FALSE,N/A,inf,215.7087353,36.13731051,215.5702251,36.20528074,FOVNotMatch,2003/6/23 4:14:44,SAT_8144U,1.941334344,15.67528449,SAT_08144,1.941366678,15.67585801,SAT_1616U,0.398668318,23.87841962
frame-i-004002-4-0055,1,No match,FALSE,N/A,inf,215.9331339,36.10020931,215.8165923,36.15783529,FOVNotMatch,2003/6/23 4:15:20,SAT_8144U,1.941334344,15.4954229,SAT_08144,1.941366678,15.49599642,SAT_1616U,0.398668318,24.05828122
frame-i-004002-3-0150,1,No match,FALSE,N/A,inf,231.2624103,29.94695061,231.1067396,30.03507952,FOVNotMatch,2003/6/23 5:12:04,SAT_22594,2.582097338,35.27366307,SAT_17623,5.89182271,45.42457159,SAT_25485,16.94237191,N/A
frame-i-004011-2-0160,1,No match,FALSE,N/A,inf,253.6840924,43.43398618,253.5103943,43.55118047,FOVNotMatch,2003/6/25 8:04:54,SAT_22058,2.396236542,73.21885188,SAT_16404,4.481713184,73.70611013,SAT_20646,16.33651176,N/A
frame-i-004011-4-0029,1,No match,FALSE,N/A,inf,236.3268745,60.01398936,236.1287272,60.14389962,FOVNotMatch,2003/6/25 6:46:41,SAT_22366,4.194412371,6.315054319,SAT_10155,2.313068484,11.43650208,SAT_12827,4.115095779,26.78565253
frame-i-004014-2-0230,1,No match,FALSE,N/A,inf,240.1262684,23.10212914,240.0815999,23.08267622,FOVNotMatch,2003/6/26 5:47:48,SAT_7400U,3.651792684,22.64865288,SAT_19051,0.037647928,69.78246533,SAT_26393,15.84057786,N/A
frame-i-004015-3-0054,1,No match,FALSE,N/A,inf,256.2923555,73.98370305,256.0757643,74.04998033,FOVNotMatch,2003/6/26 7:32:46,SAT_15623,0.085646958,12.06776615,SAT_12176,4.301283802,20.78727594,SAT_16070,2.631421872,53.15143267
frame-i-004031-5-0033,1,No match,FALSE,N/A,inf,308.6975708,39.53669057,308.6699993,39.4026342,FOVNotMatch,2003/7/1 9:38:38,SAT_20941,4.178073291,12.95660484,SAT_18428,4.564036841,18.68742854,SAT_24955,0.256757515,27.52305303
frame-i-004073-6-0053,1,No match,FALSE,N/A,inf,27.99993956,1.133234591,28.05738555,1.275412778,FOVNotMatch,2003/8/21 9:43:30,SAT_8286U,4.758318645,31.73872208,SAT_27812,3.155435599,35.29001063,SAT_23089,3.538169856,35.73926166
frame-i-004073-6-0054,1,No match,FALSE,N/A,inf,28.26633757,1.052115132,28.31278421,1.167268488,FOVNotMatch,2003/8/21 9:44:06,SAT_8286U,4.758318645,31.7050855,SAT_27812,3.155435599,35.32364721,SAT_23089,3.538169856,35.70562508
frame-i-004073-1-0056,1,Success,TRUE,SAT_23089,0.470799441,28.61207823,-1.044520309,28.55526609,-0.820255705,,2003/8/21 9:45:17,SAT_23089,3.538169856,0.470799441,SAT_8286U,4.758318645,4.47133902,SAT_27812,3.155435599,71.50007173
frame-i-004073-2-0056,1,Success,TRUE,SAT_23089,0.482812849,28.5052138,-0.625390773,28.44934234,-0.405013318,,2003/8/21 9:45:17,SAT_23089,3.538169856,0.482812849,SAT_8286U,4.758318645,4.483352427,SAT_27812,3.155435599,71.51208514
frame-i-004073-5-0092,1,No match,FALSE,N/A,inf,33.85928419,0.632473992,33.94959844,0.857226638,FOVNotMatch,2003/8/21 10:06:47,SAT_402U0,2.13153372,19.98961575,SAT_15581,5.359398331,54.92241254,SAT_7229U,4.557657575,56.19131049
frame-i-004128-2-0068,1,Success,TRUE,SAT_25843,1.005011869,351.8484615,-0.582866468,351.6868089,-0.543581541,,2003/9/26 6:11:39,SAT_25843,5.750470883,1.005011869,SAT_8747U,4.239266523,3.457877379,SAT_08747,4.237194467,3.458000518
frame-i-004128-2-0071,1,Success,TRUE,SAT_25843,1.061160214,352.2977387,-0.473914008,352.1351318,-0.434565205,,2003/9/26 6:13:26,SAT_25843,5.750470883,1.061160214,SAT_8747U,4.239266523,3.401729035,SAT_08747,4.237194467,3.401852173
frame-i-004128-2-0072,1,Success,TRUE,SAT_25843,0.977289021,352.4477048,-0.437784559,352.2956835,-0.400761517,,2003/9/26 6:14:02,SAT_25843,5.750470883,0.977289021,SAT_8747U,4.239266523,3.485600228,SAT_08747,4.237194467,3.485723366
frame-i-004128-5-0197,1,Success,TRUE,SAT_08747,3.288591944,11.16111752,0.748026827,10.99765079,0.792620522,,2003/9/26 7:28:40,SAT_08747,4.079528513,3.288591944,SAT_8747U,4.08234771,3.288606948,SAT_21594,5.028968161,5.031193008
frame-i-004128-5-0199,1,Success,TRUE,SAT_08747,3.383784695,11.4599576,0.829363577,11.35803521,0.85734949,,2003/9/26 7:29:52,SAT_08747,4.079528513,3.383784695,SAT_8747U,4.08234771,3.383799699,SAT_21594,5.028968161,4.936000257
frame-i-004128-1-0061,1,Success,TRUE,SAT_25843,0.354450249,350.8010334,-0.838358332,350.7272358,-0.820398315,,2003/9/26 6:07:28,SAT_25843,5.013867403,0.354450249,SAT_8747U,4.623473351,3.608688326,SAT_08747,4.621635318,3.608817637
frame-i-004128-2-0066,1,Success,TRUE,SAT_25843,0.621362849,351.3864932,-0.616187924,351.425283,-0.625437384,,2003/9/26 6:10:27,SAT_25843,5.013867403,0.621362849,SAT_8747U,4.623473351,3.341775726,SAT_08747,4.621635318,3.341905037
frame-i-004128-2-0067,1,Success,TRUE,SAT_25843,0.318071925,351.6987576,-0.619295809,351.5360398,-0.579584015,,2003/9/26 6:11:03,SAT_25843,5.013867403,0.318071925,SAT_8747U,4.623473351,3.64506665,SAT_08747,4.621635318,3.645195961
frame-i-004128-6-0207,1,Success,TRUE,SAT_08747,2.957564127,12.65802583,1.153213127,12.49478745,1.196981151,,2003/9/26 7:34:38,SAT_08747,4.553051797,2.957564127,SAT_8747U,4.555664208,2.957591614,SAT_21594,2.840181122,6.315492183
frame-i-004128-6-0208,1,Success,TRUE,SAT_08747,3.00778233,12.80712052,1.193637522,12.64425353,1.237458342,,2003/9/26 7:35:14,SAT_08747,4.553051797,3.00778233,SAT_8747U,4.555664208,3.007809818,SAT_21594,2.840181122,6.265273979
frame-i-004128-3-0083,1,Success,TRUE,SAT_8747U,3.034139572,354.0945227,-0.04123384,353.9311499,-0.00199398,,2003/9/26 6:20:36,SAT_8747U,3.801206043,3.034139572,SAT_08747,3.79878591,3.034249005,SAT_26353,5.232278985,3.254026283
frame-i-004134-1-0032,1,No match,FALSE,N/A,inf,252.58875,76.25688155,252.5093634,76.33969563,FOVNotMatch,2003/9/27 2:15:43,SAT_27239,0.641060567,36.7227145,SAT_21209,3.507787758,39.43878385,SAT_00893,0.154370379,49.48076264
frame-i-004134-4-0023,1,No match,FALSE,N/A,inf,243.997097,76.83356351,244.0063539,76.88029992,FOVNotMatch,2003/9/27 2:10:20,SAT_13080,4.575085633,34.0880392,SAT_23409,0.189227388,56.71968249,SAT_05922,0.320490597,65.21109227
frame-i-004128-4-0492,1,Success,TRUE,SAT_13260,2.403491933,55.1636521,0.301417925,55.24820409,0.437005446,,2003/9/26 10:24:48,SAT_13260,3.444887734,2.403491933,SAT_20404,3.306930276,28.00963574,SAT_20127,5.160506099,42.05391172
frame-i-004128-1-0497,1,Success,TRUE,SAT_13260,2.625701979,55.91250681,-0.899990936,55.9610164,-0.821532061,,2003/9/26 10:27:47,SAT_13260,3.444887734,2.625701979,SAT_20404,3.306930276,28.23184578,SAT_20127,5.160506099,42.27612176
frame-i-004128-1-0506,1,No match,FALSE,N/A,inf,57.42359627,-0.977869275,57.25999035,-0.942340762,FOVNotMatch,2003/9/26 10:33:10,SAT_23237,4.492058178,8.394926441,SAT_26352,5.530130546,12.04125764,SAT_24713,4.441313077,12.24155133
frame-i-004128-1-0509,1,No match,FALSE,N/A,inf,57.87276148,-0.880453904,57.70962299,-0.844759096,FOVNotMatch,2003/9/26 10:34:57,SAT_23237,4.492058178,8.48440251,SAT_26352,5.530130546,12.13073371,SAT_24713,4.441313077,12.3310274
frame-i-004128-1-0510,1,No match,FALSE,N/A,inf,58.02210354,-0.847691225,57.90063744,-0.821540631,FOVNotMatch,2003/9/26 10:35:33,SAT_23237,4.492058178,8.292271788,SAT_26352,5.530130546,11.93860299,SAT_24713,4.441313077,12.13889668
frame-i-004128-2-0517,1,No match,FALSE,N/A,inf,59.06976031,-0.621575704,58.9072237,-0.586544275,FOVNotMatch,2003/9/26 10:39:44,SAT_23237,5.192974785,7.936000716,SAT_26352,5.862905203,11.94751292,SAT_24713,4.859861123,12.1521121
frame-i-004128-2-0519,1,No match,FALSE,N/A,inf,59.3692782,-0.557352221,59.20615768,-0.522283142,FOVNotMatch,2003/9/26 10:40:55,SAT_23237,5.192974785,7.90626012,SAT_26352,5.862905203,11.91777232,SAT_24713,4.859861123,12.1223715
frame-i-004136-6-0092,1,No match,FALSE,N/A,inf,41.12354626,0.99171329,41.13300479,1.073614619,FOVNotMatch,2003/9/27 10:24:40,SAT_19450,3.235975272,5.192240893,SAT_26011,0.206685312,17.24335189,SAT_16766,3.053704387,28.016664
frame-i-004136-4-0103,1,No match,FALSE,N/A,inf,42.71030888,0.123209159,42.63530029,0.178175987,FOVNotMatch,2003/9/27 10:31:14,SAT_25842,3.681996843,29.57004146,SAT_6680U,2.47227566,32.33211368,SAT_06680,2.467516327,32.33633361
frame-i-004136-1-0140,1,No match,FALSE,N/A,inf,48.33676927,-1.090564565,48.17537736,-1.056680678,FOVNotMatch,2003/9/27 10:53:20,SAT_26056,5.734934229,11.83854529,SAT_27378,4.233255913,11.84367769,SAT_27854,4.482244796,11.84544295
frame-i-004136-6-0210,1,No match,FALSE,N/A,inf,58.65577561,1.055594118,58.81863572,1.02416601,FOVNotMatch,2003/9/27 11:35:08,SAT_26810,5.554488703,14.14034399,SAT_26808,4.512332433,19.1118741,SAT_14133,4.466782045,20.56969364
frame-i-004136-4-0175,1,No match,FALSE,N/A,inf,53.47721905,0.010048318,53.41466832,0.022513341,FOVNotMatch,2003/9/27 11:14:14,SAT_27854,5.673947909,11.25757916,SAT_25558,5.771858306,11.25994485,SAT_27378,5.492729653,11.26037141
frame-i-004136-4-0175,2,No match,FALSE,N/A,inf,53.57769827,0.134879764,53.41460684,0.181922873,FOVNotMatch,2003/9/27 11:14:14,SAT_27854,5.673947909,16.07746132,SAT_25558,5.771858306,16.079827,SAT_27378,5.492729653,16.08025357
frame-i-004136-5-0194,1,No match,FALSE,N/A,inf,56.42253561,0.557685046,56.259788,0.589717703,FOVNotMatch,2003/9/27 11:25:34,SAT_27378,5.91229453,11.12858842,SAT_27426,5.871286444,11.14052253,SAT_25913,5.864103394,11.14885486
frame-i-004136-5-0195,1,No match,FALSE,N/A,inf,56.57239993,0.587013268,56.40917212,0.619246048,FOVNotMatch,2003/9/27 11:26:10,SAT_27378,5.91229453,11.16433055,SAT_27426,5.871286444,11.17626466,SAT_25913,5.864103394,11.18459699
frame-i-004143-1-0114,1,No match,FALSE,N/A,inf,314.765578,73.95894085,314.7450548,74.07471246,FOVNotMatch,2003/9/28 3:27:25,SAT_03121,0.675245286,6.130172901,SAT_3121U,0.675565482,6.132185434,SAT_20596,5.160538128,54.57246976
frame-i-004143-1-0126,1,Success,TRUE,SAT_02998,0.1320667,319.9150436,72.78133163,319.8526981,73.00368137,,2003/9/28 3:34:35,SAT_02998,5.673962366,0.1320667,SAT_2998U,5.670774362,0.198078491,SAT_22241,4.959603906,51.92663063
frame-i-004145-5-0186,1,No match,FALSE,N/A,inf,11.30186955,0.422876992,11.37397091,0.524007042,FOVNotMatch,2003/9/28 7:43:25,SAT_14502,4.990718165,8.843339646,SAT_8396U,2.976716331,17.27221663,SAT_8366U,4.212121317,38.05188219
frame-i-004145-1-0320,1,No match,FALSE,N/A,inf,31.43042453,-1.255284197,31.3583159,-1.235735432,FOVNotMatch,2003/9/28 9:03:26,SAT_3462U,2.448984238,10.6825045,SAT_03462,2.464296479,10.69263388,SAT_26352,5.89491076,15.01905827
frame-i-004145-1-0321,1,No match,FALSE,N/A,inf,31.67079582,-1.239566531,31.50925971,-1.196133377,FOVNotMatch,2003/9/28 9:04:02,SAT_3462U,2.448984238,10.56346769,SAT_03462,2.464296479,10.57359707,SAT_26352,5.89491076,14.90002146
frame-i-004145-1-0322,1,No match,FALSE,N/A,inf,31.82049719,-1.199395059,31.65774343,-1.155747345,FOVNotMatch,2003/9/28 9:04:37,SAT_3462U,2.448984238,10.52619817,SAT_03462,2.464296479,10.53632755,SAT_26352,5.89491076,14.86275194
frame-i-004145-1-0323,1,No match,FALSE,N/A,inf,31.97043958,-1.159300529,31.80782369,-1.115677437,FOVNotMatch,2003/9/28 9:05:13,SAT_3462U,2.448984238,10.53005689,SAT_03462,2.464296479,10.54018626,SAT_26352,5.89491076,14.86661066
frame-i-004145-1-0325,1,No match,FALSE,N/A,inf,32.2698451,-1.079298921,32.10686277,-1.035561112,FOVNotMatch,2003/9/28 9:06:25,SAT_3462U,2.448984238,10.53505609,SAT_03462,2.464296479,10.54518546,SAT_26352,5.89491076,14.87160986
frame-i-004153-1-0028,1,Success,TRUE,SAT_20721,0.779130046,347.4473892,-1.003897153,347.2847788,-0.973086758,,2003/9/29 6:13:56,SAT_20721,4.673078176,0.779130046,SAT_21726,5.834804621,10.62217374,SAT_23313,4.415027363,10.66417631
frame-i-004157-1-0030,1,No match,FALSE,N/A,inf,23.11852594,-1.041856785,23.04655746,-1.033545922,FOVNotMatch,2003/9/30 7:47:07,SAT_8747U,2.720012602,5.744453088,SAT_08747,2.719982867,5.744613796,SAT_8746U,3.891330978,5.820131966
frame-i-004157-1-0037,1,No match,FALSE,N/A,inf,24.25694779,-0.9356292,24.09468544,-0.918270304,FOVNotMatch,2003/9/30 7:51:17,SAT_25954,4.65728481,6.065887832,SAT_22930,4.603842603,6.071693472,SAT_23846,5.723424419,6.071844945
frame-i-004153-3-0079,1,No match,FALSE,N/A,inf,355.08194,-0.073813511,355.0278209,0.018904352,FOVNotMatch,2003/9/29 6:44:23,SAT_18784,0.045439682,31.15882234,SAT_18427,2.414456868,31.8782004,SAT_27902,3.253611108,40.9329319
frame-i-004157-1-0089,1,Success,TRUE,SAT_08747,2.453478293,32.0396434,-1.041793216,31.88050327,-0.999520236,,2003/9/30 8:22:20,SAT_08747,4.623045776,2.453478293,SAT_8747U,4.623153484,2.453714255,SAT_08746,5.499565629,2.457711981
frame-i-004157-1-0090,1,Success,TRUE,SAT_08747,2.301302912,32.19210704,-1.002892004,32.0290345,-0.960037218,,2003/9/30 8:22:56,SAT_08747,4.623045776,2.301302912,SAT_8747U,4.623153484,2.301538873,SAT_08746,5.499565629,2.305536599
frame-i-004157-1-0094,1,Success,TRUE,SAT_08747,2.400382506,32.79054763,-0.845229815,32.68766467,-0.818001213,,2003/9/30 8:25:19,SAT_08747,4.623045776,2.400382506,SAT_8747U,4.623153484,2.400618467,SAT_08746,5.499565629,2.404616193
frame-i-004157-5-0095,1,Success,TRUE,SAT_8746U,1.35237093,32.94069751,0.665288019,32.77720212,0.697265449,,2003/9/30 8:25:55,SAT_8746U,5.496594429,1.35237093,SAT_08746,5.499565629,1.353369641,SAT_8747U,4.623153484,1.357367368
frame-i-004157-5-0097,1,No match,FALSE,N/A,inf,33.23938729,0.723686369,33.07738433,0.755211086,FOVNotMatch,2003/9/30 8:27:07,SAT_23237,3.96293757,13.27905346,SAT_22850,4.328278144,14.07980511,SAT_4902U,5.602890404,23.51223764
frame-i-004157-2-0100,1,No match,FALSE,N/A,inf,33.68932266,-0.609639255,33.52632797,-0.56700203,FOVNotMatch,2003/9/30 8:28:54,SAT_23237,3.96293757,16.92646367,SAT_22850,4.328278144,17.72721532,SAT_4902U,5.602890404,27.15964785
frame-i-004157-2-0101,1,No match,FALSE,N/A,inf,33.83734944,-0.570431572,33.67565124,-0.52806818,FOVNotMatch,2003/9/30 8:29:30,SAT_23237,3.96293757,16.94802677,SAT_22850,4.328278144,17.74877842,SAT_4902U,5.602890404,27.18121095
frame-i-004157-2-0103,1,No match,FALSE,N/A,inf,34.1385346,-0.492395889,33.97519494,-0.449744802,FOVNotMatch,2003/9/30 8:30:42,SAT_23237,3.96293757,16.90111862,SAT_22850,4.328278144,17.70187027,SAT_4902U,5.602890404,27.1343028
frame-i-004157-2-0105,1,Success,TRUE,SAT_08747,2.202411652,34.43757266,-0.41429621,34.37623009,-0.398315259,,2003/9/30 8:31:54,SAT_08747,5.556158703,2.202411652,SAT_8747U,5.556304668,2.202669044,SAT_26782,2.977476426,13.81920738
frame-i-004157-3-0110,1,Success,TRUE,SAT_08747,2.118475612,35.12068987,-0.202980105,35.02295222,-0.177669858,,2003/9/30 8:34:53,SAT_08747,5.556158703,2.118475612,SAT_8747U,5.556304668,2.118733003,SAT_26782,2.977476426,13.73527134
frame-i-004157-6-0112,1,No match,FALSE,N/A,inf,35.48303554,1.154361009,35.32232692,1.184879545,FOVNotMatch,2003/9/30 8:36:04,SAT_23237,3.259771666,12.59785888,SAT_22850,5.526455686,13.40074105,SAT_4902U,5.657246905,22.83149136
frame-i-004157-3-0113,1,No match,FALSE,N/A,inf,35.63490492,-0.103558504,35.47287509,-0.061540875,FOVNotMatch,2003/9/30 8:36:40,SAT_23237,3.259771666,16.38099209,SAT_22850,5.526455686,17.18387426,SAT_4902U,5.657246905,26.61462457
frame-i-004157-6-0114,1,No match,FALSE,N/A,inf,35.78414928,1.210689092,35.62294865,1.241374296,FOVNotMatch,2003/9/30 8:37:16,SAT_23237,3.259771666,12.62320237,SAT_22850,5.526455686,13.42608454,SAT_4902U,5.657246905,22.85683485
frame-i-004157-3-0115,1,No match,FALSE,N/A,inf,35.93496539,-0.026343057,35.77193913,0.015645826,FOVNotMatch,2003/9/30 8:37:52,SAT_23237,3.259771666,16.28638032,SAT_22850,5.526455686,17.08926249,SAT_4902U,5.657246905,26.5200128
frame-i-004157-6-0116,1,No match,FALSE,N/A,inf,36.08370273,1.267155948,36.01894757,1.27925881,FOVNotMatch,2003/9/30 8:38:28,SAT_23237,3.259771666,12.43234589,SAT_22850,5.526455686,13.23522806,SAT_4902U,5.657246905,22.66597836
frame-i-004157-4-0121,1,Success,TRUE,SAT_10722,4.990206867,36.78513041,0.216904451,36.66991114,0.246575316,,2003/9/30 8:41:27,SAT_10722,3.413459688,4.990206867,SAT_25954,5.875496671,14.40826939,SAT_22930,5.829297576,14.41251608
frame-i-004157-4-0123,1,Success,TRUE,SAT_10722,4.833553987,37.13232849,0.281622397,36.9696627,0.323037384,,2003/9/30 8:42:38,SAT_10722,3.413459688,4.833553987,SAT_25954,5.875496671,14.25161651,SAT_22930,5.829297576,14.2558632
frame-i-004157-4-0123,2,Success,TRUE,SAT_11144,1.39626454,36.98420471,0.345880609,37.13073553,0.392174904,,2003/9/30 8:42:38,SAT_11144,3.698322088,1.39626454,SAT_8366U,5.144310211,2.690716833,SAT_10953,0.107630121,3.168034518
frame-i-004157-4-0126,1,Success,TRUE,SAT_10722,4.892461387,37.58158671,0.396213984,37.41820666,0.437989207,,2003/9/30 8:44:26,SAT_10722,3.413459688,4.892461387,SAT_25954,5.875496671,14.31052391,SAT_22930,5.829297576,14.3147706
frame-i-004157-5-0132,1,No match,FALSE,N/A,inf,38.43410035,0.636207291,38.31655401,0.665897323,FOVNotMatch,2003/9/30 8:48:01,SAT_23237,3.00333178,15.56793884,SAT_22850,5.814327297,16.37330345,SAT_25151,5.793063842,18.9863988
frame-i-004157-2-0164,1,Success,TRUE,SAT_25151,2.857030512,43.22012929,-0.456377606,43.10822516,-0.463601071,,2003/9/30 9:07:07,SAT_25151,4.551748297,2.857030512,SAT_23237,1.23355754,3.323041175,SAT_24713,5.194713534,3.68426832
frame-i-004157-2-0165,1,Success,TRUE,SAT_25151,2.86450645,43.42019725,-0.462969596,43.295558,-0.471031441,,2003/9/30 9:07:43,SAT_25151,4.551748297,2.86450645,SAT_23237,1.23355754,3.330517113,SAT_24713,5.194713534,3.691744258
frame-i-004157-6-0145,1,No match,FALSE,N/A,inf,40.42603952,1.113887815,40.26291101,1.154858093,FOVNotMatch,2003/9/30 8:55:47,SAT_23237,2.238690235,15.01181801,SAT_25151,5.311222024,17.0144322,SAT_15139,2.002393143,27.29753182
frame-i-004157-3-0150,1,No match,FALSE,N/A,inf,41.05179544,-0.119907347,41.01146508,-0.107439315,FOVNotMatch,2003/9/30 8:58:46,SAT_23237,2.238690235,18.0896353,SAT_25151,5.311222024,20.09224948,SAT_15139,2.002393143,30.37534911
frame-i-004157-6-0151,1,No match,FALSE,N/A,inf,41.19098385,1.073929007,41.26924039,1.28037309,FOVNotMatch,2003/9/30 8:59:21,SAT_17134,5.476936609,8.926408759,SAT_27905,5.687339401,10.8367536,SAT_24296,2.317913317,40.52348118
frame-i-004157-6-0197,1,Success,TRUE,SAT_19483,0.078480129,48.13116003,1.128217793,48.21145271,1.146758814,,2003/9/30 9:26:49,SAT_19483,4.746006624,0.078480129,SAT_10953,1.983608292,0.09498087,SAT_15139,2.906885674,0.628159925
frame-i-004191-3-0014,1,Success,TRUE,SAT_17273,1.712775033,317.3197755,-0.406829069,317.3643637,-0.191549551,,2003/10/19 1:32:34,SAT_17273,5.714293165,1.712775033,SAT_11141,0.330291021,9.430095132,SAT_13765,0.067769491,24.36756446
frame-i-004192-1-0089,1,Success,TRUE,SAT_08181,3.193927643,320.1449938,-1.107565731,320.1189529,-1.032658983,,2003/10/19 2:38:15,SAT_08181,2.790752735,3.193927643,SAT_8181U,2.789512344,3.195680873,SAT_12561,5.529083388,3.549128049
frame-i-004198-3-0078,1,No match,FALSE,N/A,inf,317.4515749,-0.206929592,317.4353144,-0.139509562,FOVNotMatch,2003/10/22 2:16:58,SAT_27898,5.060174166,26.98930128,SAT_4954U,0.088039934,39.02019645,SAT_04954,0.088852776,39.02041383
frame-i-004198-1-0554,1,No match,FALSE,N/A,inf,28.72196017,-1.046076603,28.7054603,-1.009168244,FOVNotMatch,2003/10/22 7:01:11,SAT_03841,5.38960307,15.1658793,SAT_3841U,5.389579619,15.16593041,SAT_17134,5.763953607,35.82863927
frame-i-004198-4-0598,1,No match,FALSE,N/A,inf,35.37946486,0.212389355,35.29743133,0.436909722,FOVNotMatch,2003/10/22 7:27:27,SAT_17134,2.438238369,31.97879325,SAT_12265,0.409339559,40.20500868,SAT_26737,4.112917903,50.24413754
frame-i-004203-2-0280,1,No match,FALSE,N/A,inf,341.3970658,-0.621164862,341.3187507,-0.612129926,FOVNotMatch,2003/10/23 3:58:38,SAT_21726,4.987752652,6.393317544,SAT_23846,5.238417474,6.526271372,SAT_26402,4.691525135,6.545070865
frame-i-004203-6-0465,1,No match,FALSE,N/A,inf,9.091134429,0.996933781,8.989818859,1.065929276,FOVNotMatch,2003/10/23 5:49:06,SAT_15266,5.066920272,15.23595129,SAT_2215U,1.636082704,37.59833557,SAT_03029,4.256368576,45.26314549
frame-i-004204-6-0178,1,No match,FALSE,N/A,inf,128.0648602,57.86004784,128.2075345,57.9852575,FOVNotMatch,2003/10/23 11:08:30,SAT_19030,0.614802687,9.712260246,SAT_7727U,0.926504796,26.83617483,SAT_21861,2.682820091,36.62212841
frame-i-004204-6-0256,1,Success,TRUE,SAT_07382,0.871482642,146.1436023,66.21453677,146.0304723,66.22539652,,2003/10/23 11:55:05,SAT_07382,4.640549742,0.871482642,SAT_7382U,4.639364191,0.87320844,SAT_21847,4.069770085,6.365130863
frame-i-004207-2-0315,1,No match,FALSE,N/A,inf,351.5079916,-0.506751447,351.4881835,-0.402079111,FOVNotMatch,2003/10/24 4:26:52,SAT_12372,1.73933,5.055161529,SAT_17264,4.592777658,10.5964755,SAT_10893,2.000271244,11.61440331
frame-i-004207-6-0392,1,Success,TRUE,SAT_25624,1.836029654,3.165295492,1.19498996,3.00672371,1.215408244,,2003/10/24 5:12:51,SAT_25624,5.810614588,1.836029654,SAT_8747U,5.313195889,4.179688306,SAT_22098,0.031762298,7.209284011
frame-i-004207-5-0438,1,Success,TRUE,SAT_8747U,2.069841013,10.05129519,0.648729398,9.889431684,0.689298658,,2003/10/24 5:40:19,SAT_8747U,5.378428809,2.069841013,SAT_26352,5.891144666,14.02848763,SAT_03029,3.098696573,25.26679814
frame-i-004207-5-0439,1,Success,TRUE,SAT_8747U,2.074754532,10.20149963,0.686231159,10.03876577,0.727033072,,2003/10/24 5:40:55,SAT_8747U,5.378428809,2.074754532,SAT_26352,5.891144666,14.03340115,SAT_03029,3.098696573,25.27171165
frame-i-004207-6-0449,1,Success,TRUE,SAT_8747U,1.900334779,11.6984883,1.059497373,11.53522985,1.100155348,,2003/10/24 5:46:53,SAT_8747U,5.784166341,1.900334779,SAT_10025,1.589927836,18.70056224,SAT_03029,3.004605293,24.91683865
frame-i-004207-6-0450,1,Success,TRUE,SAT_8747U,1.78116073,11.84832115,1.09666129,11.6854388,1.136865543,,2003/10/24 5:47:29,SAT_8747U,5.784166341,1.78116073,SAT_10025,1.589927836,18.58138819,SAT_03029,3.004605293,24.7976646
frame-i-004207-6-0451,1,Success,TRUE,SAT_8747U,1.83874339,11.99756738,1.133801592,11.83480918,1.174148235,,2003/10/24 5:48:05,SAT_8747U,5.784166341,1.83874339,SAT_10025,1.589927836,18.63897085,SAT_03029,3.004605293,24.85524726
frame-i-004207-6-0452,1,Success,TRUE,SAT_8747U,1.794906787,12.14763109,1.170841362,11.98489756,1.21104925,,2003/10/24 5:48:40,SAT_8747U,5.784166341,1.794906787,SAT_10025,1.589927836,18.59513425,SAT_03029,3.004605293,24.81141065
frame-i-004207-6-0453,1,Success,TRUE,SAT_8747U,1.745633033,12.29747148,1.207616953,12.13507647,1.247592535,,2003/10/24 5:49:16,SAT_8747U,5.784166341,1.745633033,SAT_10025,1.589927836,18.54586049,SAT_03029,3.004605293,24.7621369
frame-i-004207-6-0454,1,Success,TRUE,SAT_8747U,1.758579373,12.44706287,1.244673861,12.31831452,1.276397345,,2003/10/24 5:49:52,SAT_8747U,5.784166341,1.758579373,SAT_10025,1.589927836,18.55880683,SAT_03029,3.004605293,24.77508324
frame-i-004207-3-0496,1,No match,FALSE,N/A,inf,18.64158674,-0.206682327,18.5718018,-0.171858023,FOVNotMatch,2003/10/24 6:14:57,SAT_8747U,5.83177189,14.18269616,SAT_9330U,4.898153864,21.94279685,SAT_26352,5.062103358,26.44904032
frame-i-004252-3-0045,1,Success,TRUE,SAT_18881,1.774822499,347.554229,-0.205013661,347.5005831,-0.063460598,,2003/11/19 1:28:39,SAT_18881,4.512478913,1.774822499,SAT_10763,1.087406953,4.034309442,SAT_4786U,5.291474423,11.51158876
frame-i-004252-3-0046,1,Success,TRUE,SAT_18881,1.936816233,347.8124982,-0.096915599,347.7881746,-0.033277411,,2003/11/19 1:29:15,SAT_18881,4.512478913,1.936816233,SAT_10763,1.087406953,4.196303176,SAT_4786U,5.291474423,11.34959503
frame-i-004252-3-0097,1,No match,FALSE,N/A,inf,355.2996279,-0.205528488,355.3890334,0.018633602,FOVNotMatch,2003/11/19 1:59:42,SAT_27368,1.989812136,32.9366641,SAT_27369,3.222428974,33.60174808,SAT_23420,1.24969419,43.67813136
frame-i-004247-6-0168,1,Success,TRUE,SAT_17563,4.383373427,8.980418896,1.007230595,8.820744835,1.042555172,,2003/11/16 4:27:03,SAT_17563,5.645564163,4.383373427,SAT_28041,2.615172559,21.48432288,SAT_8144U,0.577419603,23.88367947
frame-i-004247-1-0204,1,Success,TRUE,SAT_10526,2.527724456,14.29151984,-1.031861631,14.20649797,-1.160476227,,2003/11/16 4:48:32,SAT_10526,1.339460985,2.527724456,SAT_14005,5.824211824,39.23073162,SAT_10143,2.959823941,40.2032256
frame-i-004247-1-0205,1,Success,TRUE,SAT_10526,2.534875783,14.44446525,-1.253783566,14.51982454,-1.139758854,,2003/11/16 4:49:08,SAT_10526,1.339460985,2.534875783,SAT_14005,5.824211824,39.23788295,SAT_10143,2.959823941,40.21037692
frame-i-004247-4-0273,1,Success,TRUE,SAT_10478,4.152284803,24.67776465,0.151296586,24.5361484,0.167421789,,2003/11/16 5:29:44,SAT_10478,1.778120013,4.152284803,SAT_23741,5.477807309,6.479421718,SAT_23313,5.568936416,6.481635743
frame-i-004247-4-0274,1,Success,TRUE,SAT_10478,3.846988766,24.84846897,0.165837358,24.75719471,0.175737983,,2003/11/16 5:30:20,SAT_10478,1.778120013,3.846988766,SAT_23741,5.477807309,6.174125681,SAT_23313,5.568936416,6.176339706
frame-i-004247-3-0244,1,No match,FALSE,N/A,inf,20.27539608,-0.417232915,20.19424878,-0.30681936,FOVNotMatch,2003/11/16 5:12:25,SAT_17563,4.962660325,33.82047598,SAT_23741,5.927034669,53.66754855,SAT_23313,5.917628854,53.66852122
frame-i-004253-1-0132,1,Success,TRUE,SAT_8746U,3.118651556,3.66431861,-0.977365481,3.504099774,-0.935461035,,2003/11/19 3:27:36,SAT_8746U,3.678138942,3.118651556,SAT_8747U,3.29907742,3.184644199,SAT_25503,5.066679903,7.47049628
frame-i-004253-3-0156,1,Success,TRUE,SAT_8746U,2.511987564,7.257768787,-0.047865928,7.094769315,-0.006287781,,2003/11/19 3:41:56,SAT_8746U,3.830070332,2.511987564,SAT_8747U,3.439051498,2.572596049,SAT_25503,4.091305387,6.502623767
frame-i-004253-3-0157,1,Success,TRUE,SAT_8746U,2.269781282,7.407971777,-0.009476102,7.297051064,0.018318852,,2003/11/19 3:42:31,SAT_8746U,3.830070332,2.269781282,SAT_8747U,3.439051498,2.330389768,SAT_25503,4.091305387,6.260417486
frame-i-004253-5-0159,1,No match,FALSE,N/A,inf,7.613760899,0.632708933,7.633810482,0.856366262,FOVNotMatch,2003/11/19 3:43:43,SAT_22999,2.412034323,10.97915328,SAT_26191,2.610520345,67.34705572,SAT_11676,5.531483878,68.36022517
frame-i-004253-1-0171,1,No match,FALSE,N/A,inf,9.387781625,-0.891197746,9.404866643,-0.821055423,FOVNotMatch,2003/11/19 3:50:53,SAT_19195,0.431668427,9.905070409,SAT_27971,0.574896232,45.55083378,SAT_11676,5.293466421,59.85415742
frame-i-004253-2-0146,1,Success,TRUE,SAT_8746U,2.690518782,5.761375093,-0.432741901,5.638114257,-0.401125317,,2003/11/19 3:35:57,SAT_8746U,3.676465642,2.690518782,SAT_8747U,3.281750763,2.753396744,SAT_12U00,2.577631802,5.924249992
frame-i-004263-2-0174,1,Success,TRUE,SAT_10693,0.955366122,8.761432384,-0.835821514,8.734753749,-0.612422602,,2003/11/20 3:57:19,SAT_10693,1.557531187,0.955366122,SAT_23837,1.286138604,9.781200104,SAT_7038U,1.12901922,13.09663581
frame-i-004263-2-0251,1,Success,TRUE,SAT_16528,2.525843173,20.36685434,-0.779918188,20.20374349,-0.734374688,,2003/11/20 4:43:18,SAT_16528,2.858082809,2.525843173,SAT_26352,5.197668446,15.55860237,SAT_23846,5.160345118,15.60929457
frame-i-004263-1-0244,1,Success,TRUE,SAT_16528,4.64638923,19.29906233,-1.06631269,19.17544449,-1.031720709,,2003/11/20 4:39:07,SAT_16528,2.227036594,4.64638923,SAT_26352,4.838350469,15.59428712,SAT_23313,5.791959292,15.60685516
frame-i-004263-5-0334,1,Success,TRUE,SAT_10567,0.06546467,32.74443855,0.64599401,32.68247662,0.546676253,,2003/11/20 5:32:51,SAT_10567,3.010499143,0.06546467,SAT_16910,4.268663566,19.24601294,SAT_17134,3.691632426,19.67748934
frame-i-004263-2-0288,1,No match,FALSE,N/A,inf,25.90558131,-0.777827405,25.74284085,-0.750832903,FOVNotMatch,2003/11/20 5:05:23,SAT_26352,5.19969342,9.365451195,SAT_23741,4.960461383,9.429071089,SAT_23846,5.156980517,9.43126745
frame-i-004264-5-0225,1,No match,FALSE,N/A,inf,138.0160733,66.07324333,137.592218,66.21984337,FOVNotMatch,2003/11/20 9:14:03,SAT_23401,1.971879811,8.14890237,SAT_15699,2.281304901,12.34069324,SAT_21847,5.376901227,39.33847738
frame-i-004288-5-0038,1,Success,TRUE,SAT_26696,2.23199639,24.44539846,0.571655646,24.28224514,0.615484988,,2003/11/28 4:46:29,SAT_26696,5.566725475,2.23199639,SAT_3284U,3.059950663,18.44441509,SAT_15830,3.483634981,84.32531785
frame-i-004263-6-0396,1,No match,FALSE,N/A,inf,42.07323168,1.023093818,41.90997514,1.064122514,FOVNotMatch,2003/11/20 6:09:52,SAT_2222U,5.470057285,12.50022769,SAT_23241,4.398596093,16.00416852,SAT_19913,2.971785957,25.6584452
frame-i-004335-4-0184,1,Success,TRUE,SAT_08601,4.146658539,137.610814,29.63657234,137.5789756,29.58125793,,2003/12/21 7:55:10,SAT_08601,0.095209699,4.146658539,SAT_8601U,0.095386535,4.147491469,SAT_17633,4.267015519,11.86716554
frame-i-004335-5-0222,1,No match,FALSE,N/A,inf,143.4135319,32.61616019,143.3805351,32.55810105,FOVNotMatch,2003/12/21 8:17:52,SAT_18986,0.452318678,16.8837257,SAT_23832,0.344116173,18.23069773,SAT_11538,0.454403107,27.13550522
frame-i-004344-3-0025,1,Success,TRUE,SAT_12206,1.753821757,142.3927251,11.07438259,142.4513485,11.18135131,,2003/12/25 9:46:27,SAT_12206,2.34746534,1.753821757,SAT_5012U,1.253804276,10.84743064,SAT_05012,1.253804276,10.84743064
frame-i-004344-6-0035,1,No match,FALSE,N/A,inf,143.8433586,12.58593007,143.7563974,12.68313205,FOVNotMatch,2003/12/25 9:52:25,SAT_18806,3.88136493,24.37544459,SAT_15245,3.077108114,36.86648953,SAT_2253U,3.397846582,39.7000149
frame-i-004344-3-0253,1,Success,TRUE,SAT_21706,1.215455553,177.3692468,14.66123675,177.2845988,14.82794511,,2003/12/25 12:02:35,SAT_21706,3.444300584,1.215455553,SAT_4789U,1.687438433,13.93663401,SAT_8621U,4.921083268,41.69176265
frame-i-004344-6-0219,1,No match,FALSE,N/A,inf,171.9343669,15.67678926,171.9772639,15.73431471,FOVNotMatch,2003/12/25 11:42:17,SAT_08084,4.921332792,10.84205476,SAT_8084U,4.922095296,10.850043,SAT_08292,2.614381571,13.0438944
frame-i-004381-4-0179,1,No match,FALSE,N/A,inf,198.0577451,14.8393493,198.132944,14.96198486,FOVNotMatch,2004/1/28 10:24:47,SAT_14278,13.9231653,N/A,SAT_26113,12.78559295,N/A,SAT_20061,8.090376019,N/A
frame-i-004381-4-0179,2,No match,FALSE,N/A,inf,197.9757273,14.84386399,198.067542,14.97598435,FOVNotMatch,2004/1/28 10:24:47,SAT_14278,13.9231653,N/A,SAT_26113,12.78559295,N/A,SAT_20061,8.090376019,N/A
frame-i-004382-2-0023,1,No match,FALSE,N/A,inf,191.2228283,39.35907954,191.1029496,39.42476017,FOVNotMatch,2004/1/28 11:35:33,SAT_21734,3.260739003,59.04022119,SAT_25989,0.389429658,63.7477009,SAT_23420,4.194713079,79.53407622
frame-i-004388-2-0161,1,No match,FALSE,N/A,inf,132.8281661,26.48667277,132.7254844,26.69369036,FOVNotMatch,2004/1/30 10:33:05,SAT_22006,2.487716691,8.120001478,SAT_23820,14.91488097,N/A,SAT_21288,16.07199372,N/A
frame-i-004392-1-0150,1,No match,FALSE,N/A,inf,169.6038745,35.38580697,169.628186,35.44156429,FOVNotMatch,2004/1/31 10:57:27,SAT_24764,5.69573562,40.38098034,SAT_19128,3.763611625,53.08333252,SAT_23420,14.14685633,N/A
frame-i-004392-2-0200,1,Success,TRUE,SAT_21426,1.105138733,178.7765829,36.65497414,178.8141073,36.71679485,,2004/1/31 11:27:18,SAT_21426,4.786812927,1.105138733,SAT_13897,4.652041499,2.368125219,SAT_18881,2.080733765,7.919695484
frame-i-004392-6-0223,1,No match,FALSE,N/A,inf,183.0814344,38.46957448,183.1866565,38.4872309,FOVNotMatch,2004/1/31 11:41:02,SAT_13897,2.650958831,47.74243888,SAT_20952,5.974071274,49.28520063,SAT_21426,3.897909542,49.84612135
frame-i-004392-6-0239,1,No match,FALSE,N/A,inf,186.1036113,38.32789979,186.0380229,38.48770344,FOVNotMatch,2004/1/31 11:50:36,SAT_25808,5.396855694,12.14007823,SAT_18881,3.103746616,37.17777346,SAT_24640,3.621290521,41.78603026
frame-i-004392-1-0284,1,No match,FALSE,N/A,inf,194.3424502,35.96730913,194.4727699,36.07419199,FOVNotMatch,2004/1/31 12:17:28,SAT_24640,3.121722258,18.52431917,SAT_22849,1.511847487,31.39451143,SAT_18764,1.463512658,87.25890466
frame-i-004392-1-0285,1,No match,FALSE,N/A,inf,194.6154708,35.85915267,194.7291232,35.95226017,FOVNotMatch,2004/1/31 12:18:03,SAT_24640,3.121722258,18.59848589,SAT_22849,1.511847487,31.32034471,SAT_18764,1.463512658,87.33307139
frame-i-004470-6-0058,1,No match,FALSE,N/A,inf,192.9384695,38.06962397,193.0314648,38.13593438,FOVNotMatch,2004/2/17 11:28:42,SAT_11750,5.596705994,86.01420459,SAT_27921,0.11586855,86.35051398,SAT_14278,7.01769343,N/A
frame-i-004504-6-0127,1,Success,TRUE,SAT_22277,1.986260192,176.6071543,38.29700341,176.4591136,38.29653544,,2004/3/16 9:45:11,SAT_22277,5.687762449,1.986260192,SAT_1952U,5.721269891,56.45574639,SAT_13908,4.561321505,66.27188613
frame-i-004504-6-0129,1,No match,FALSE,N/A,inf,176.7690056,38.41219552,176.845532,38.49335549,FOVNotMatch,2004/3/16 9:46:23,SAT_13908,4.561321505,12.94520966,SAT_22277,5.687762449,51.34041628,SAT_1952U,5.721269891,70.21757714
frame-i-004504-4-0103,1,No match,FALSE,N/A,inf,172.0170348,37.0141615,172.2160546,37.05364742,FOVNotMatch,2004/3/16 9:30:51,SAT_16204,2.094794917,26.26876731,SAT_05220,3.977444585,78.64056828,SAT_5220U,3.969137534,78.65073325
frame-i-004504-1-0214,1,No match,FALSE,N/A,inf,192.8150851,36.24376948,192.9877809,36.39936174,FOVNotMatch,2004/3/16 10:37:08,SAT_00115,4.608374211,21.00536856,SAT_115U0,4.602488933,21.00962494,SAT_3257U,4.371559102,57.36065017
frame-i-004504-4-0245,1,No match,FALSE,N/A,inf,198.7602034,36.9062492,198.7095156,36.91995229,FOVNotMatch,2004/3/16 10:55:38,SAT_25873,4.546769224,65.00443789,SAT_00737,17.22254223,N/A,SAT_27765,9.435677718,N/A
frame-i-004516-1-0168,1,No match,FALSE,N/A,inf,151.6181606,30.22839004,151.744699,30.42960208,FOVNotMatch,2004/3/18 4:13:21,SAT_12648,5.033933699,10.71855264,SAT_16183,3.677803321,11.21219828,SAT_14796,5.724788477,13.47154004
frame-i-004550-4-0020,1,No match,FALSE,N/A,inf,157.9696895,32.35736476,158.009859,32.40447896,FOVNotMatch,2004/4/13 4:37:04,SAT_8546U,0.078893015,13.45577473,SAT_08546,0.083034177,13.46147467,SAT_6824U,1.036514759,28.92057566
frame-i-004552-2-0059,1,Success,TRUE,SAT_06118,1.185598936,177.547457,34.13360077,177.5170057,34.1718353,,2004/4/13 6:12:24,SAT_06118,2.037298788,1.185598936,SAT_6118U,2.037931542,1.185611387,SAT_8195U,4.97309001,11.89850208
frame-i-004549-3-0066,1,No match,FALSE,N/A,inf,123.1476406,18.03074995,123.1814427,18.07762412,FOVNotMatch,2004/4/13 4:02:41,SAT_3341U,4.193048103,38.70751367,SAT_24676,5.48840135,46.4359224,SAT_25968,0.034991511,49.9484287
frame-i-004552-3-0135,1,No match,FALSE,N/A,inf,191.2107193,34.6244874,191.3997884,34.8016205,FOVNotMatch,2004/4/13 6:57:47,SAT_11054,12.90053662,N/A,SAT_16527,16.97181147,N/A,SAT_25485,16.23006447,N/A
frame-i-004552-1-0141,1,No match,FALSE,N/A,inf,192.3795011,33.79570996,192.2182386,33.91104748,FOVNotMatch,2004/4/13 7:01:22,SAT_12284,5.673419149,6.589774269,SAT_14608,6.343681532,N/A,SAT_19557,16.56431112,N/A
frame-i-004552-1-0142,1,No match,FALSE,N/A,inf,192.5934309,33.8776927,192.5156769,33.93343428,FOVNotMatch,2004/4/13 7:01:58,SAT_12284,5.673419149,6.505971905,SAT_14608,6.343681532,N/A,SAT_19557,16.56431112,N/A
frame-i-004552-6-0199,1,Success,TRUE,SAT_24876,3.213548316,203.1669918,34.83135272,203.0596492,34.93868299,,2004/4/13 7:36:00,SAT_24876,5.430328198,3.213548316,SAT_26791,5.923460154,50.80378542,SAT_16527,4.394412041,56.15051439
frame-i-004552-4-0261,1,Success,TRUE,SAT_4256U,3.991886247,213.5988484,31.88212541,213.5714276,31.92109712,,2004/4/13 8:13:01,SAT_4256U,2.865679673,3.991886247,SAT_04256,2.864667202,3.99596006,SAT_1982U,1.660449683,14.00872642
frame-i-004552-4-0262,1,Success,TRUE,SAT_4256U,3.214132491,213.9215048,31.82266137,213.8111758,31.97474337,,2004/4/13 8:13:37,SAT_4256U,2.865679673,3.214132491,SAT_04256,2.864667202,3.218206304,SAT_1982U,1.660449683,13.23097267
frame-i-004555-6-0094,1,Success,TRUE,SAT_26270,2.461739212,125.190799,20.65996307,125.0709944,20.78618877,,2004/4/14 4:06:37,SAT_26270,2.853895465,2.461739212,SAT_13012,0.021527584,23.80690923,SAT_27814,5.828114993,48.56605022
frame-i-004569-6-0256,1,No match,FALSE,N/A,inf,149.6660821,30.84028329,149.4233726,31.00537273,FOVNotMatch,2004/4/15 5:39:56,SAT_14264,1.810322119,23.15452847,SAT_21006,3.4374013,24.04157569,SAT_23484,0.11467616,66.57342706
frame-i-004570-2-0038,1,No match,FALSE,N/A,inf,212.5353256,31.21797368,212.6246018,31.23002852,FOVNotMatch,2004/4/15 6:46:12,SAT_22807,4.938300249,39.46403345,SAT_22231,3.975633876,65.40210687,SAT_10485,6.327716393,N/A
frame-i-004570-2-0162,1,No match,FALSE,N/A,inf,232.3176163,24.82746817,232.4647749,24.87663926,FOVNotMatch,2004/4/15 8:00:14,SAT_25187,3.042747239,32.44423922,SAT_06828,5.932622765,73.37630725,SAT_6828U,5.95710611,73.41558709
frame-i-004571-3-0104,1,No match,FALSE,N/A,inf,255.3553952,13.20443182,255.4351784,13.20827575,FOVNotMatch,2004/4/15 10:43:13,SAT_3713U,4.462391853,46.95007351,SAT_22340,0.129014963,60.45830527,SAT_20739,3.413640949,86.02191518
frame-i-004576-3-0357,1,Success,TRUE,SAT_13897,2.274250194,168.628057,33.46187115,168.6823164,33.53239182,,2004/4/16 6:26:53,SAT_13897,3.677190658,2.274250194,SAT_23830,4.275700252,44.63247834,SAT_1000U,5.464283715,57.12530122
frame-i-004576-1-0234,1,No match,FALSE,N/A,inf,148.1886699,27.92732405,147.9962356,28.10289098,FOVNotMatch,2004/4/16 5:13:27,SAT_13165,4.427338085,12.75073858,SAT_26826,2.938998219,15.53425649,SAT_19195,0.137299405,48.28031461
frame-i-004576-5-0535,1,Success,TRUE,SAT_11015,1.436583662,200.7726502,34.39171965,200.8493393,34.60746623,,2004/4/16 8:13:10,SAT_11015,5.786137267,1.436583662,SAT_18942,1.737861815,1.638077474,SAT_21429,3.448490023,10.82640968
frame-i-004576-3-0728,1,No match,FALSE,N/A,inf,232.3522971,24.9095441,232.5275347,25.01659307,FOVNotMatch,2004/4/16 10:08:24,SAT_20621,3.101926357,33.56051746,SAT_602U0,0.025695876,62.68885752,SAT_13484,3.937735725,73.66572
frame-i-004576-3-0770,1,No match,FALSE,N/A,inf,238.5775604,22.09572743,238.6898097,22.13741557,FOVNotMatch,2004/4/16 10:33:29,SAT_19502,2.395093023,46.55400391,SAT_16398,1.84642647,46.98257531,SAT_649U0,5.730494139,50.41018217
frame-i-004576-3-0770,2,No match,FALSE,N/A,inf,238.5836738,22.09966622,238.7539615,22.26289,FOVNotMatch,2004/4/16 10:33:29,SAT_19502,2.395093023,22.41043364,SAT_16398,1.84642647,22.83900505,SAT_649U0,5.730494139,26.26661191
frame-i-004576-5-0815,1,No match,FALSE,N/A,inf,245.2539638,19.64156779,245.4930099,19.71126054,FOVNotMatch,2004/4/16 11:00:21,SAT_8404U,3.387047544,63.1917545,SAT_08404,3.399914269,63.19812323,SAT_17018,2.133851905,74.12621816
frame-i-004599-1-0053,1,No match,FALSE,N/A,inf,176.5109565,31.15793336,176.5553518,31.38544776,FOVNotMatch,2004/4/25 7:29:24,SAT_00188,0.054746503,29.15541031,SAT_188U0,0.041693664,29.16293318,SAT_00196,5.313532259,32.07552172
frame-i-004599-1-0054,1,No match,FALSE,N/A,inf,176.8598641,31.18118137,176.8689948,31.22885627,FOVNotMatch,2004/4/25 7:30:00,SAT_00188,0.054746503,28.98967808,SAT_188U0,0.041693664,28.99720095,SAT_00196,5.313532259,31.90978948
frame-i-004599-3-0211,1,No match,FALSE,N/A,inf,204.3879173,30.87001818,204.3602256,30.96339478,FOVNotMatch,2004/4/25 9:03:44,SAT_18941,3.718758768,5.738719995,SAT_16996,5.242330995,14.81029911,SAT_21283,4.296117711,21.07348103
frame-i-004600-5-0096,1,No match,FALSE,N/A,inf,253.0893855,15.13626403,253.2897476,15.27949422,FOVNotMatch,2004/4/25 10:31:44,SAT_3764U,4.489378487,37.6374708,SAT_03764,4.487106584,37.64092794,SAT_07272,0.110565306,38.77550928
frame-i-004599-5-0221,1,No match,FALSE,N/A,inf,206.1015421,31.44463687,206.2920321,31.55758076,FOVNotMatch,2004/4/25 9:09:42,SAT_27467,0.948123449,59.32540729,SAT_17429,3.187271136,73.67751663,SAT_04158,3.81255927,78.56387752
frame-i-004623-6-0094,1,No match,FALSE,N/A,inf,171.3973272,32.67394287,171.424122,32.75428579,FOVNotMatch,2004/5/12 5:30:14,SAT_21169,5.454877388,12.08300159,SAT_27635,5.276285377,43.67768329,SAT_15617,0.146011,50.12820202
frame-i-004623-1-0212,1,No match,FALSE,N/A,inf,192.2768936,31.02447738,192.3391543,31.19218534,FOVNotMatch,2004/5/12 6:40:42,SAT_02511,0.086179206,28.49562212,SAT_2511U,0.087249682,28.49604782,SAT_18374,12.11544605,N/A
frame-i-004628-6-0108,1,No match,FALSE,N/A,inf,231.0740039,24.89097672,231.2288976,24.93287296,FOVNotMatch,2004/5/13 7:22:33,SAT_15223,4.204539802,47.05188732,SAT_21217,5.509044651,48.99882427,SAT_24273,2.681459792,50.06592099
frame-i-004629-1-0174,1,Success,TRUE,SAT_26233,1.009157608,246.5389597,40.75233658,246.458522,40.80984642,,2004/5/13 9:33:51,SAT_26233,5.41250414,1.009157608,SAT_10650,2.211003349,10.31198281,SAT_13911,4.179740528,14.7679888
frame-i-004632-4-0047,1,Success,TRUE,SAT_23838,2.753377864,147.139592,26.91709689,147.0929514,27.11998702,,2004/5/14 3:40:11,SAT_23838,0.241405483,2.753377864,SAT_13603,2.303858605,14.92499738,SAT_19165,0.221718039,15.05985067
frame-i-004629-4-0248,1,No match,FALSE,N/A,inf,244.8470288,51.78988847,244.7605463,51.72993071,FOVNotMatch,2004/5/13 10:18:02,SAT_20025,1.864626136,13.59687106,SAT_21218,5.771591695,14.88818577,SAT_21102,5.604503055,30.98643187
frame-i-004632-1-0201,1,Success,TRUE,SAT_19611,2.939463397,173.3092863,30.90110838,173.3467179,31.01572723,,2004/5/14 5:12:08,SAT_19611,4.973817198,2.939463397,SAT_21110,0.241764576,51.51634868,SAT_25601,5.384496793,51.66074701
frame-i-004629-5-0256,1,No match,FALSE,N/A,inf,243.9364214,53.05221567,243.7844797,52.92567812,FOVNotMatch,2004/5/13 10:22:49,SAT_20025,3.134091253,6.191606949,SAT_21218,4.1010556,7.784278129,SAT_27620,5.958989941,9.95010967
frame-i-004632-5-0118,1,No match,FALSE,N/A,inf,158.7358177,30.38075545,158.6069503,30.58448233,FOVNotMatch,2004/5/14 4:22:35,SAT_21107,0.13790145,27.8167887,SAT_19611,5.899139384,45.39139775,SAT_24293,3.170168137,54.96845631
frame-i-004632-2-0209,1,No match,FALSE,N/A,inf,174.5734073,31.43160778,174.5130461,31.65147515,FOVNotMatch,2004/5/14 5:16:55,SAT_7823U,0.095642108,14.24707089,SAT_07823,0.099444374,14.24800796,SAT_21361,1.302030556,27.06816185
frame-i-004649-6-0085,1,Success,TRUE,SAT_6117U,3.047057195,195.4117594,30.61272278,195.3993902,30.6541944,,2004/5/23 6:25:30,SAT_6117U,5.634303122,3.047057195,SAT_06117,5.634144587,3.049163059,SAT_25621,3.865871364,40.83198661
frame-i-004649-3-0042,1,No match,FALSE,N/A,inf,187.717024,29.54929909,187.7686519,29.62504019,FOVNotMatch,2004/5/23 5:59:49,SAT_23584,4.096088649,8.303038091,SAT_11015,2.587851972,12.53976239,SAT_9594U,1.703085168,37.07396527
frame-i-004646-3-0276,1,No match,FALSE,N/A,inf,236.1660432,19.67629476,236.0848737,19.7359523,FOVNotMatch,2004/5/22 9:11:28,SAT_23793,3.126057639,35.27060393,SAT_16267,4.304026712,41.64413842,SAT_19478,5.074310868,55.6152321
frame-i-004646-1-0354,1,Success,TRUE,SAT_19030,2.262398876,246.9958223,14.11628451,246.9736628,14.26358311,,2004/5/22 9:58:02,SAT_19030,2.049110096,2.262398876,SAT_26816,3.056740628,5.020480796,SAT_09595,2.114620484,8.235546844
frame-i-004663-1-0052,1,No match,FALSE,N/A,inf,211.8185311,24.02320915,211.8742425,24.06124175,FOVNotMatch,2004/6/10 5:36:02,SAT_19420,4.396998982,60.16111041,SAT_20533,14.57210234,N/A,SAT_24675,16.68921492,N/A
frame-i-004663-5-0087,1,No match,FALSE,N/A,inf,217.868462,24.33245729,217.8094818,24.37201397,FOVNotMatch,2004/6/10 5:56:56,SAT_10949,3.975477098,80.44289629,SAT_22781,6.67049233,N/A,SAT_24675,15.47078105,N/A
frame-i-004649-4-0347,1,No match,FALSE,N/A,inf,237.0946083,19.61776559,237.206851,19.72674348,FOVNotMatch,2004/5/23 9:01:56,SAT_20649,5.172880375,17.66509502,SAT_16397,5.334105167,23.2029713,SAT_18355,4.948235445,23.42958185
frame-i-004663-4-0097,1,No match,FALSE,N/A,inf,219.2858948,23.48797444,219.3547994,23.49528405,FOVNotMatch,2004/6/10 6:02:55,SAT_20620,13.6463992,N/A,SAT_10949,8.972230029,N/A,SAT_20628,11.65527055,N/A
frame-i-004663-5-0101,1,No match,FALSE,N/A,inf,220.1836204,23.73519523,220.1291136,23.94413593,FOVNotMatch,2004/6/10 6:05:18,SAT_20620,13.6463992,N/A,SAT_10949,8.972230029,N/A,SAT_20628,11.65527055,N/A
frame-i-004663-6-0102,1,No match,FALSE,N/A,inf,220.3885785,24.08173847,220.3362349,24.28302783,FOVNotMatch,2004/6/10 6:05:54,SAT_20620,13.6463992,N/A,SAT_10949,8.972230029,N/A,SAT_20628,11.65527055,N/A
frame-i-004663-6-0103,1,No match,FALSE,N/A,inf,220.6585107,24.17892864,220.6401485,24.25055669,FOVNotMatch,2004/6/10 6:06:30,SAT_20620,13.6463992,N/A,SAT_10949,8.972230029,N/A,SAT_20628,11.65527055,N/A
frame-i-004670-2-0075,1,No match,FALSE,N/A,inf,208.2407307,25.10409234,208.126018,25.16488473,FOVNotMatch,2004/6/12 3:56:35,SAT_13575,1.292693959,17.77756071,SAT_24876,2.557594181,24.60643141,SAT_5498U,0.090925851,35.26415893
frame-i-004670-5-0093,1,No match,FALSE,N/A,inf,211.3872324,25.78516074,211.4269692,25.8603463,FOVNotMatch,2004/6/12 4:07:20,SAT_02377,0.038004644,27.94149421,SAT_08896,1.495771613,52.36844957,SAT_8896U,1.495724528,52.36895088
frame-i-004670-2-0098,1,No match,FALSE,N/A,inf,211.8625771,24.2614639,211.7596703,24.36120203,FOVNotMatch,2004/6/12 4:10:19,SAT_24876,2.154685766,10.1762666,SAT_8896U,1.495724528,16.31028134,SAT_08896,1.495771613,16.31078264
frame-i-004674-5-0168,1,No match,FALSE,N/A,inf,228.9127568,20.99891644,228.9765354,21.21495025,FOVNotMatch,2004/6/13 6:35:40,SAT_20026,1.78666415,5.898205161,SAT_21217,0.011791646,6.553654636,SAT_25327,2.704757339,31.80913894
frame-i-004678-4-0077,1,No match,FALSE,N/A,inf,212.842579,22.6170282,212.8681959,22.84104828,FOVNotMatch,2004/6/14 4:20:07,SAT_21234,4.268256684,24.12238758,SAT_24675,5.824617839,71.93684999,SAT_27888,16.63612084,N/A
frame-i-004678-6-0118,1,No match,FALSE,N/A,inf,219.4045676,22.12614818,219.595846,22.16922456,FOVNotMatch,2004/6/14 4:44:36,SAT_17090,4.400837304,33.85190981,SAT_27888,5.993878822,57.26235258,SAT_02371,3.965307477,66.34160852
frame-i-004678-6-0118,2,No match,FALSE,N/A,inf,219.482021,22.2238361,219.5559152,22.31540014,FOVNotMatch,2004/6/14 4:44:36,SAT_17090,4.400837304,5.728850755,SAT_27888,5.993878822,17.68159202,SAT_02371,3.965307477,26.76084795
frame-i-004679-5-0216,1,No match,FALSE,N/A,inf,259.8434754,37.36506512,259.927484,37.31423445,FOVNotMatch,2004/6/14 9:09:58,SAT_28152,4.96726415,12.42326541,SAT_7825U,1.763224385,36.65380512,SAT_07825,1.763364767,36.6551851
frame-i-004800-2-0068,1,No match,FALSE,N/A,inf,19.16345282,22.00371905,19.12710969,22.05980127,FOVNotMatch,2004/8/26 9:38:10,SAT_22597,3.570108439,47.4340916,SAT_04651,1.649448714,83.43496256,SAT_26970,16.0222862,N/A
frame-i-004822-3-0438,1,No match,FALSE,N/A,inf,348.4144831,25.79045744,348.4025508,25.89284198,FOVNotMatch,2004/9/12 8:47:23,SAT_28115,5.972798073,26.36556941,SAT_25290,0.404944217,36.4675015,SAT_21011,11.90440884,N/A
frame-i-004829-2-0033,1,No match,FALSE,N/A,inf,18.36743477,13.8947313,18.33093597,13.9615608,FOVNotMatch,2004/9/15 8:26:49,SAT_27368,1.00311729,41.84012092,SAT_25869,5.038661538,66.63535781,SAT_25649,2.447237751,71.50897463
frame-i-004829-6-0020,1,No match,FALSE,N/A,inf,16.58501347,12.04917248,16.36514214,12.15111417,FOVNotMatch,2004/9/15 8:19:04,SAT_27368,3.577301413,6.688825649,SAT_22098,5.549738534,7.187320033,SAT_26823,4.867874926,40.80063106
frame-i-004829-6-0021,1,No match,FALSE,N/A,inf,16.61830032,12.34715351,16.58618815,12.36192676,FOVNotMatch,2004/9/15 8:19:39,SAT_27368,3.577301413,6.538011045,SAT_22098,5.549738534,7.03650543,SAT_26823,4.867874926,40.64981645
frame-i-004836-3-0373,1,No match,FALSE,N/A,inf,1.306395663,24.5310132,1.178766263,24.75189032,FOVNotMatch,2004/9/17 5:55:13,SAT_00192,2.346384864,25.09044057,SAT_12892,1.901730718,49.16459366,SAT_19751,1.758641334,51.08905866
frame-i-004836-4-0375,1,No match,FALSE,N/A,inf,1.636390412,25.11801291,1.600194004,25.18119371,FOVNotMatch,2004/9/17 5:56:25,SAT_00192,2.346384864,24.79242758,SAT_12892,1.901730718,48.86658067,SAT_19751,1.758641334,50.79104567
frame-i-004843-1-0218,1,No match,FALSE,N/A,inf,43.98063866,18.74470319,43.90896984,18.8659555,FOVNotMatch,2004/9/21 7:32:46,SAT_26851,1.431068617,28.00159801,SAT_25829,5.852376745,37.55425494,SAT_26626,5.085236882,49.93001338
frame-i-004849-5-0227,1,Success,TRUE,SAT_26352,4.146576674,325.863811,0.78772994,326.0008299,0.797935675,,2004/9/22 4:16:56,SAT_26352,5.865584877,4.146576674,SAT_02934,0.114052885,13.58622336,SAT_14190,2.315444513,72.9120377
frame-i-004849-1-0401,1,No match,FALSE,N/A,inf,352.0754546,-0.964421896,352.0053473,-0.92272642,FOVNotMatch,2004/9/22 6:00:50,SAT_16657,4.929144555,29.52196445,SAT_23553,4.491663311,30.67197434,SAT_26985,4.449145084,30.6853839
frame-i-004849-5-0441,1,No match,FALSE,N/A,inf,357.9134949,0.632877628,357.9451124,0.857059685,FOVNotMatch,2004/9/22 6:24:43,SAT_02009,2.527121173,16.92746081,SAT_28268,4.197822673,24.02810598,SAT_25869,5.522520069,25.84067216
frame-i-004858-2-0501,1,Success,TRUE,SAT_27894,2.34209356,22.0336935,-0.625571117,22.05579852,-0.558939156,,2004/9/24 9:12:20,SAT_27894,3.931337108,2.34209356,SAT_27742,2.118617355,4.486174809,SAT_11735,0.056072518,21.14071467
frame-i-004858-2-0480,1,No match,FALSE,N/A,inf,18.8613415,-0.451738773,18.74893989,-0.431589039,FOVNotMatch,2004/9/24 8:59:48,SAT_25558,4.941733774,10.14636786,SAT_28378,4.815827622,10.14976511,SAT_25913,4.836919312,10.15865542
frame-i-004858-2-0482,1,No match,FALSE,N/A,inf,19.2108621,-0.407102194,19.17741298,-0.40099546,FOVNotMatch,2004/9/24 9:00:59,SAT_25558,4.941733774,10.32953475,SAT_28378,4.815827622,10.332932,SAT_25913,4.836919312,10.34182231
frame-i-004858-3-0513,1,No match,FALSE,N/A,inf,23.79386115,-0.206267846,23.68854941,-0.1175838,FOVNotMatch,2004/9/24 9:19:30,SAT_21273,2.154625487,25.45018312,SAT_25558,5.306453247,40.08734312,SAT_28378,5.239577762,40.08930981
frame-i-004858-3-0514,1,No match,FALSE,N/A,inf,24.0016036,-0.129278665,23.90003363,-0.042854453,FOVNotMatch,2004/9/24 9:20:06,SAT_21273,2.154625487,25.15741078,SAT_25558,5.306453247,40.38011547,SAT_28378,5.239577762,40.38208215
frame-i-004858-5-0532,1,No match,FALSE,N/A,inf,26.62204227,0.633012037,26.5845788,0.856188976,FOVNotMatch,2004/9/24 9:30:51,SAT_22061,4.590171926,12.23619822,SAT_19143,4.040242474,12.73102777,SAT_25485,4.994049874,30.83337796
frame-i-004858-1-0620,1,Success,TRUE,SAT_22176,0.284201327,39.80926959,-1.000579437,39.87248318,-0.983470174,,2004/9/24 10:23:23,SAT_22176,1.302289122,0.284201327,SAT_06437,4.026708095,0.777249154,SAT_13624,3.22093798,1.203825696
frame-i-004858-6-0677,1,No match,FALSE,N/A,inf,48.29108844,1.052864194,48.33034123,1.276693949,FOVNotMatch,2004/9/24 10:57:25,SAT_00628,2.974714865,13.47476939,SAT_18615,3.625482661,13.49382783,SAT_23293,3.481118219,25.64242105
frame-i-004858-6-0677,2,No match,FALSE,N/A,inf,48.36589208,1.247605829,48.37884863,1.277312175,FOVNotMatch,2004/9/24 10:57:25,SAT_00628,2.974714865,27.08956289,SAT_18615,3.625482661,27.10862133,SAT_23293,3.481118219,39.25721456
frame-i-004858-6-0678,1,No match,FALSE,N/A,inf,48.43687959,1.052274313,48.52158498,1.276685961,FOVNotMatch,2004/9/24 10:58:01,SAT_00628,2.974714865,24.20540546,SAT_18615,3.625482661,24.2244639,SAT_23293,3.481118219,36.37305712
frame-i-004868-1-0353,1,Success,TRUE,SAT_06976,0.449743651,21.64101106,-1.000612489,21.78115434,-0.957587811,,2004/10/8 8:26:17,SAT_06976,3.354268342,0.449743651,SAT_10000,2.586281377,0.785365774,SAT_07466,3.471246259,1.7618148
frame-i-004868-1-0354,1,Success,TRUE,SAT_06976,0.306186613,21.85669453,-1.026408221,21.95333286,-0.996474947,,2004/10/8 8:26:53,SAT_06976,3.354268342,0.306186613,SAT_10000,2.586281377,0.641808736,SAT_07466,3.471246259,1.905371838
frame-i-004868-5-0544,1,Success,TRUE,SAT_06073,3.580403427,50.30389948,0.631345378,50.23951091,0.713805577,,2004/10/8 10:20:20,SAT_06073,0.406491082,3.580403427,SAT_07185,1.420051274,15.54716682,SAT_19549,5.82375159,16.89535536
frame-i-004868-3-0540,1,No match,FALSE,N/A,inf,49.79982159,0.008093447,49.75937509,0.01689139,FOVNotMatch,2004/10/8 10:17:56,SAT_22176,0.050953712,5.133103092,SAT_03292,2.643045168,10.22900626,SAT_02863,5.579692707,16.5069516
frame-i-004868-4-0551,1,Success,TRUE,SAT_10184,4.174600831,51.44703896,0.366526376,51.28512227,0.40186643,,2004/10/8 10:24:30,SAT_10184,2.837178269,4.174600831,SAT_03292,3.240966376,9.888306592,SAT_28238,5.70603978,12.35691399
frame-i-004868-1-0576,1,No match,FALSE,N/A,inf,55.15710956,-0.953367295,55.03943847,-0.823399288,FOVNotMatch,2004/10/8 10:39:26,SAT_22591,0.151066431,26.24989557,SAT_03292,2.534058996,44.85897182,SAT_02863,5.71091812,50.71292503
frame-i-004874-2-0139,1,No match,FALSE,N/A,inf,317.801152,-0.558304132,317.8456582,-0.625734847,FOVNotMatch,2004/10/10 3:11:37,SAT_12183,3.905309599,6.4747316,SAT_07028,5.976033879,14.96663996,SAT_25543,5.03122067,43.63134928
frame-i-004874-4-0446,1,Success,TRUE,SAT_08747,0.063619541,3.687986273,0.25326462,3.850480044,0.219562205,,2004/10/10 6:14:56,SAT_08747,2.878422627,0.063619541,SAT_08746,3.859130757,0.159569153,SAT_27661,2.272156157,4.836160329
frame-i-004874-4-0449,1,Success,TRUE,SAT_08747,0.218867811,4.136838945,0.346569919,4.299230724,0.313347609,,2004/10/10 6:16:43,SAT_08747,2.878422627,0.218867811,SAT_08746,3.859130757,0.314817423,SAT_27661,2.272156157,4.680912059
frame-i-004874-2-0461,1,No match,FALSE,N/A,inf,5.951734947,-0.553670916,6.006755506,-0.625485968,FOVNotMatch,2004/10/10 6:23:53,SAT_03840,1.96818184,27.07537935,SAT_08746,4.829360859,40.59408655,SAT_08747,3.827337277,40.68132666
frame-i-004874-5-0462,1,Success,TRUE,SAT_08747,0.376288807,6.083269974,0.746733374,6.245048329,0.713861291,,2004/10/10 6:24:29,SAT_08747,3.827337277,0.376288807,SAT_08746,4.829360859,0.463528917,SAT_27661,2.615535771,3.961273275
frame-i-004874-3-0432,1,Success,TRUE,SAT_08746,0.052418177,1.591952963,-0.186958653,1.682502422,-0.205751726,,2004/10/10 6:06:34,SAT_08746,3.283541533,0.052418177,SAT_08747,2.134516868,0.053578184,SAT_01942,3.653953113,0.60073021
frame-i-004874-3-0433,1,Success,TRUE,SAT_08746,0.112956867,1.741995656,-0.155045818,1.903328498,-0.189015672,,2004/10/10 6:07:10,SAT_08746,3.283541533,0.112956867,SAT_08747,2.134516868,0.218953228,SAT_01942,3.653953113,0.435355166
frame-i-004874-4-0521,1,No match,FALSE,N/A,inf,14.92077496,0.357057159,15.00416305,0.214035884,FOVNotMatch,2004/10/10 6:59:42,SAT_09495,5.935793157,5.946905969,SAT_00402,3.825714277,41.7975851,SAT_08746,5.763885767,47.6125134
frame-i-004874-1-0608,1,Success,TRUE,SAT_28145,3.438310101,28.10408105,-0.914720616,27.94169662,-0.892347662,,2004/10/10 7:51:39,SAT_28145,3.044726927,3.438310101,SAT_24713,5.739166591,7.835246158,SAT_28378,4.876715122,7.838570377
frame-i-004874-1-0609,1,Success,TRUE,SAT_28145,3.460975163,28.2535805,-0.894457373,28.09150652,-0.872192389,,2004/10/10 7:52:15,SAT_28145,3.044726927,3.460975163,SAT_24713,5.739166591,7.812581096,SAT_28378,4.876715122,7.815905315
frame-i-004874-1-0610,1,Success,TRUE,SAT_28145,3.506220474,28.4033116,-0.873766446,28.24053331,-0.851535522,,2004/10/10 7:52:51,SAT_28145,3.044726927,3.506220474,SAT_24713,5.739166591,7.767335785,SAT_28378,4.876715122,7.770660004
frame-i-004874-1-0612,1,Success,TRUE,SAT_28145,3.66720904,28.70283083,-0.833409388,28.61239287,-0.821316727,,2004/10/10 7:54:02,SAT_28145,3.044726927,3.66720904,SAT_24713,5.739166591,7.606347219,SAT_28378,4.876715122,7.609671438
frame-i-004874-2-0737,1,No match,FALSE,N/A,inf,47.2537509,-0.545980949,47.41677763,-0.602174868,FOVNotMatch,2004/10/10 9:08:41,SAT_25074,5.730539341,7.67338266,SAT_21942,5.581416639,17.08797716,SAT_28378,5.262484418,19.02310273
frame-i-004874-3-0746,1,No match,FALSE,N/A,inf,48.60102131,-0.085545404,48.76450203,-0.140740432,FOVNotMatch,2004/10/10 9:14:03,SAT_25074,5.298234513,7.133457018,SAT_21942,5.983298317,16.31372021,SAT_28378,5.65130194,18.66027513
frame-i-004874-3-0747,1,No match,FALSE,N/A,inf,48.75072136,-0.035208501,48.91385854,-0.089808347,FOVNotMatch,2004/10/10 9:14:39,SAT_25074,5.298234513,6.982221584,SAT_21942,5.983298317,16.16248478,SAT_28378,5.65130194,18.5090397
frame-i-004874-2-0681,1,No match,FALSE,N/A,inf,38.88351754,-0.462475179,39.03285758,-0.509012909,FOVNotMatch,2004/10/10 8:35:15,SAT_27368,5.064625344,9.606206747,SAT_26534,5.975351043,10.15095775,SAT_28243,1.982385241,11.31972277
frame-i-004874-2-0681,2,Success,TRUE,SAT_19776,2.329162557,38.88230635,-0.482386609,39.03221828,-0.45844039,,2004/10/10 8:35:15,SAT_19776,5.727326799,2.329162557,SAT_19483,4.555625501,4.416162511,SAT_10953,2.55724145,4.685597609
frame-i-004874-3-0757,1,No match,FALSE,N/A,inf,50.24787096,-0.091032284,50.38464731,-0.206416505,FOVNotMatch,2004/10/10 9:20:37,SAT_25074,4.826006994,28.41850182,SAT_04756,0.802971216,28.87833052,SAT_28378,5.651321518,40.15621818
frame-i-004874-4-0757,1,No match,FALSE,N/A,inf,50.32365014,0.437798163,50.41066352,0.409703217,FOVNotMatch,2004/10/10 9:20:37,SAT_25074,4.826006994,6.162229462,SAT_28378,5.651321518,17.89994582,SAT_26624,5.375132947,17.91058236
frame-i-004874-4-0757,2,Success,TRUE,SAT_25074,3.478779766,50.31363966,0.414221929,50.39270771,0.392723438,,2004/10/10 9:20:37,SAT_25074,4.826006994,3.478779766,SAT_28378,5.651321518,15.21649612,SAT_26624,5.375132947,15.22713267
frame-i-004874-2-0762,1,Success,TRUE,SAT_25074,4.899431058,50.9965919,-0.491238716,51.07799957,-0.500993282,,2004/10/10 9:23:36,SAT_25074,4.826006994,4.899431058,SAT_28378,5.651321518,6.838285298,SAT_26624,5.375132947,6.848921841
frame-i-004874-2-0763,1,Success,TRUE,SAT_25074,4.984207964,51.14683755,-0.473352846,51.30923669,-0.492568453,,2004/10/10 9:24:12,SAT_25074,4.826006994,4.984207964,SAT_28378,5.651321518,6.753508391,SAT_26624,5.375132947,6.764144935
frame-i-004874-2-0764,1,No match,FALSE,N/A,inf,51.29640978,-0.455308104,51.4590002,-0.474812342,FOVNotMatch,2004/10/10 9:24:48,SAT_25074,4.529636547,5.022262746,SAT_28378,5.262648667,6.846487338,SAT_26624,4.964884565,6.856916105
frame-i-004874-5-0764,1,No match,FALSE,N/A,inf,51.29547503,0.803134971,51.45748888,0.751345907,FOVNotMatch,2004/10/10 9:24:48,SAT_25074,4.529636547,5.865474973,SAT_28378,5.262648667,17.73422506,SAT_26624,4.964884565,17.74465382
frame-i-004874-2-0765,1,No match,FALSE,N/A,inf,51.46096976,-0.439385991,51.60862312,-0.456795342,FOVNotMatch,2004/10/10 9:25:24,SAT_25074,4.529636547,5.138237508,SAT_28378,5.262648667,6.730512575,SAT_26624,4.964884565,6.740941343
frame-i-004874-5-0765,1,No match,FALSE,N/A,inf,51.44502837,0.851632458,51.60793304,0.799492727,FOVNotMatch,2004/10/10 9:25:24,SAT_25074,4.529636547,5.886702789,SAT_28378,5.262648667,17.75545287,SAT_26624,4.964884565,17.76588164
frame-i-004874-5-0775,1,No match,FALSE,N/A,inf,52.94227877,0.795248296,52.99455796,0.857179454,FOVNotMatch,2004/10/10 9:31:22,SAT_21229,1.516756476,28.24160322,SAT_15643,4.610965948,35.16210867,SAT_13878,3.986706457,35.28813953
frame-i-004887-1-0257,1,Success,TRUE,SAT_16962,3.896050741,118.5037635,65.03175866,118.7216721,64.89346464,,2004/10/15 11:23:59,SAT_16962,4.469258963,3.896050741,SAT_25593,1.552610922,10.50279927,SAT_26973,4.177207915,17.62956018
frame-i-004887-5-0258,1,No match,FALSE,N/A,inf,118.8633753,66.50150646,119.0251313,66.47716463,FOVNotMatch,2004/10/15 11:24:35,SAT_08195,1.762123233,7.849851156,SAT_13070,5.968692092,10.8352649,SAT_26970,0.163373403,15.06700663
frame-i-004894-1-0051,1,No match,FALSE,N/A,inf,333.5478321,-1.044813279,333.6682669,-0.855748843,FOVNotMatch,2004/10/16 4:53:50,SAT_19799,5.767930368,20.96592132,SAT_08305,3.367582597,22.37999715,SAT_16007,2.110701567,23.53259979
frame-i-004895-4-0067,1,Success,TRUE,SAT_26490,1.028738667,4.603569186,0.212802608,4.681011815,0.216932817,,2004/10/16 7:27:03,SAT_26490,3.436590751,1.028738667,SAT_25922,4.389455703,3.033637797,SAT_27715,5.955942624,3.045589191
frame-i-004895-3-0120,1,No match,FALSE,N/A,inf,12.50047714,-0.054423272,12.64355501,-0.117414328,FOVNotMatch,2004/10/16 7:58:42,SAT_08832,2.609348402,12.27731717,SAT_26476,4.142191255,12.3354663,SAT_27954,5.497794871,23.73982658
frame-i-004895-3-0156,1,No match,FALSE,N/A,inf,18.03006016,-0.206623775,17.9557746,-0.13015509,FOVNotMatch,2004/10/16 8:20:11,SAT_12787,4.386312459,8.650470801,SAT_08832,3.688252353,34.16908329,SAT_09786,3.552298842,43.8973028
frame-i-004895-4-0399,1,No match,FALSE,N/A,inf,54.27132274,0.28426985,54.38459384,0.343275766,FOVNotMatch,2004/10/16 10:45:17,SAT_14821,4.242943607,14.77676847,SAT_15386,4.506827258,15.55832832,SAT_18631,3.392471363,15.98901153
frame-i-004895-6-0434,1,No match,FALSE,N/A,inf,59.51235053,1.051807942,59.65508996,1.237328329,FOVNotMatch,2004/10/16 11:06:11,SAT_20411,1.081147309,22.27559754,SAT_27489,1.346623623,24.25470867,SAT_14821,4.4521296,40.58807227
frame-i-004899-6-0206,1,No match,FALSE,N/A,inf,38.43170675,1.279127846,38.53068729,1.250399789,FOVNotMatch,2004/10/18 8:25:32,SAT_02868,4.402004794,22.38308279,SAT_25868,3.760866176,27.05470463,SAT_13624,1.421631979,29.76723146
frame-i-004899-1-0265,1,No match,FALSE,N/A,inf,47.20287059,-0.840540516,47.31814683,-0.949668821,FOVNotMatch,2004/10/18 9:00:46,SAT_26724,4.399751293,43.40598636,SAT_25558,5.15225445,43.4125521,SAT_23313,4.457777779,43.42811697
frame-i-004899-1-0266,1,No match,FALSE,N/A,inf,47.47903645,-0.818614455,47.51510179,-0.852354405,FOVNotMatch,2004/10/18 9:01:22,SAT_26724,4.399751293,43.06689926,SAT_25558,5.15225445,43.073465,SAT_23313,4.457777779,43.08902987
frame-i-004899-1-0348,1,Success,TRUE,SAT_02971,3.788971595,59.65359339,-0.834181341,59.79159902,-0.905808569,,2004/10/18 9:50:20,SAT_02971,2.455040612,3.788971595,SAT_27402,5.31369781,26.04738256,SAT_26724,4.406633523,27.39994486
frame-i-004905-4-0143,1,No match,FALSE,N/A,inf,21.19248047,0.438733504,21.28358999,0.386577232,FOVNotMatch,2004/10/20 8:28:26,SAT_25136,5.274292128,10.65396244,SAT_00750,5.823054396,21.51311522,SAT_22197,3.110307534,21.89379796
frame-i-004905-6-0149,1,No match,FALSE,N/A,inf,22.16774769,1.053283834,22.13990723,1.275533705,FOVNotMatch,2004/10/20 8:32:01,SAT_14175,4.058266115,15.24409526,SAT_22197,3.110307534,31.17769528,SAT_00750,5.823054396,31.55837802
frame-i-004905-3-0122,1,Success,TRUE,SAT_21766,1.376513015,17.97636874,-0.137959867,18.10745405,-0.130325713,,2004/10/20 8:15:53,SAT_21766,4.520083586,1.376513015,SAT_27855,5.154794897,2.427385289,SAT_27667,0.292493964,2.873358711
frame-i-004905-2-0402,1,No match,FALSE,N/A,inf,59.8982297,-0.534815673,59.96051845,-0.399821088,FOVNotMatch,2004/10/20 11:03:04,SAT_09011,2.181544192,8.020474821,SAT_21948,4.457084358,48.12081495,SAT_11044,0.21634918,50.55527815
frame-i-004905-2-0403,1,No match,FALSE,N/A,inf,60.15647657,-0.624142259,60.21081814,-0.506997352,FOVNotMatch,2004/10/20 11:03:40,SAT_09011,2.181544192,8.136552316,SAT_21948,4.457084358,48.00473745,SAT_11044,0.21634918,50.67135564
frame-i-004927-1-0401,1,No match,FALSE,N/A,inf,7.274597619,-0.890018681,7.437695197,-0.940137838,FOVNotMatch,2004/11/3 5:18:55,SAT_23313,4.409696177,17.05464395,SAT_26724,4.36479217,17.07359294,SAT_25558,5.197377466,17.07957291
frame-i-004927-1-0402,1,No match,FALSE,N/A,inf,7.53633434,-0.878424573,7.587733598,-0.894183908,FOVNotMatch,2004/11/3 5:19:31,SAT_23313,4.409696177,17.01842218,SAT_26724,4.36479217,17.03737117,SAT_25558,5.197377466,17.04335115
frame-i-004927-5-0675,1,No match,FALSE,N/A,inf,48.44285624,0.632287434,48.43276189,0.721057539,FOVNotMatch,2004/11/3 8:02:31,SAT_27489,5.986493249,67.09205751,SAT_21942,3.587772436,81.72774335,SAT_12850,4.084024702,82.98765567
frame-i-004927-1-0539,1,No match,FALSE,N/A,inf,28.00097304,-0.828524015,28.09738711,-0.936498309,FOVNotMatch,2004/11/3 6:41:19,SAT_23244,3.003144024,45.28421034,SAT_26724,4.333309317,48.19821109,SAT_23313,4.449919105,48.21564826
frame-i-004930-1-0203,1,Success,TRUE,SAT_26557,4.134621775,331.7124595,-1.165625759,331.8703278,-1.196660905,,2004/11/4 3:10:50,SAT_26557,5.291025146,4.134621775,SAT_01359,2.625725868,8.866441694,SAT_21222,5.493049919,10.38516418
frame-i-004933-1-0280,1,No match,FALSE,N/A,inf,347.6149002,-0.822280164,347.7024608,-0.860598333,FOVNotMatch,2004/11/5 4:01:57,SAT_14136,5.191867936,9.866517167,SAT_22096,5.629411306,23.45866152,SAT_23313,5.514241227,23.60708483
frame-i-004933-5-0405,1,No match,FALSE,N/A,inf,6.322654277,0.772909662,6.351615521,0.855611768,FOVNotMatch,2004/11/5 5:16:36,SAT_02511,4.524614481,19.89443666,SAT_05587,3.848648544,55.92555093,SAT_04478,2.682906296,62.82585682
frame-i-004933-3-0486,1,No match,FALSE,N/A,inf,18.47431733,-0.07204169,18.52881792,-0.098777432,FOVNotMatch,2004/11/5 6:04:57,SAT_26476,4.806254516,10.24180255,SAT_26724,5.196729232,26.09834157,SAT_25558,5.233306182,26.12192481
frame-i-004933-3-0717,1,No match,FALSE,N/A,inf,52.992624,0.014428469,53.09675906,-0.206396584,FOVNotMatch,2004/11/5 8:22:53,SAT_20596,2.672769725,9.996914859,SAT_15350,4.314347651,35.32276465,SAT_15156,2.664434354,39.38097492
frame-i-004933-1-0731,1,No match,FALSE,N/A,inf,55.05660111,-0.899384744,55.12479409,-0.944014939,FOVNotMatch,2004/11/5 8:31:14,SAT_23126,5.876981192,30.0927679,SAT_26724,4.399508243,33.13254286,SAT_23313,5.340451197,33.19351897
frame-i-004948-2-0089,1,No match,FALSE,N/A,inf,21.82486199,-0.594870559,21.9548792,-0.624654186,FOVNotMatch,2004/11/10 6:01:03,SAT_26724,4.856046426,12.84245454,SAT_25558,4.836862478,12.91407193,SAT_25913,5.265688667,12.92578841
frame-i-004948-4-0151,1,No match,FALSE,N/A,inf,31.08517063,0.280961335,31.24850432,0.227561079,FOVNotMatch,2004/11/10 6:38:04,SAT_25136,4.285770896,5.414170233,SAT_02529,4.729264171,13.92800999,SAT_20947,5.349277428,16.65996117
frame-i-004948-4-0154,1,No match,FALSE,N/A,inf,31.53407645,0.427908722,31.69722237,0.374780289,FOVNotMatch,2004/11/10 6:39:51,SAT_25136,4.285770896,5.480715055,SAT_02529,4.729264171,13.99455481,SAT_20947,5.349277428,16.59341635
frame-i-004948-5-0229,1,No match,FALSE,N/A,inf,42.77327159,0.857671778,42.92528347,0.775807082,FOVNotMatch,2004/11/10 7:24:38,SAT_02222,2.129149989,26.94543406,SAT_02868,5.644643802,34.22968926,SAT_05709,4.495771068,41.26777083
frame-i-005038-3-0188,1,No match,FALSE,N/A,inf,154.7326695,28.612057,154.9377793,28.45388691,FOVNotMatch,2004/12/11 12:32:34,SAT_13070,3.174127093,26.35374143,SAT_12889,5.582447063,33.10053513,SAT_12675,2.679472798,37.10188342
frame-i-005036-2-0026,1,No match,FALSE,N/A,inf,347.5677421,-0.719032668,347.4824417,-0.673827788,FOVNotMatch,2004/12/11 1:34:41,SAT_27038,1.246539441,12.23908506,SAT_20674,3.301061785,18.35969342,SAT_26897,0.611540049,19.93039658
frame-i-005036-2-0027,1,No match,FALSE,N/A,inf,347.6632902,-0.611667297,347.7953753,-0.680924755,FOVNotMatch,2004/12/11 1:35:17,SAT_27038,1.246539441,11.98730961,SAT_20674,3.301061785,18.10791797,SAT_26897,0.611540049,19.67862113
frame-i-005042-5-0039,1,Success,TRUE,SAT_07281,4.791277917,23.65464368,0.420837495,23.63619684,0.496818,,2004/12/12 3:04:53,SAT_07281,2.766744068,4.791277917,SAT_14509,3.863590011,7.144809145,SAT_17328,1.319072826,8.277261865
frame-i-005042-4-0121,1,No match,FALSE,N/A,inf,36.01712656,0.007338744,35.95979108,0.224253164,FOVNotMatch,2004/12/12 3:53:50,SAT_18357,4.53556425,5.781246601,SAT_20025,3.210800825,5.785519365,SAT_26565,3.956282946,6.149329816
frame-i-005042-3-0168,1,Success,TRUE,SAT_18946,1.128038734,42.96429655,-0.206913114,43.03863712,-0.417728375,,2004/12/12 4:21:54,SAT_18946,5.515188255,1.128038734,SAT_04650,3.359841396,7.110396013,SAT_23027,5.671972496,12.38689627
frame-i-005042-1-0129,1,No match,FALSE,N/A,inf,37.05248932,-1.198916443,37.11604741,-1.256117089,FOVNotMatch,2004/12/12 3:58:37,SAT_22098,5.178712169,14.39633118,SAT_23027,5.881278848,15.30060397,SAT_21218,4.108069534,26.88502952
frame-i-005042-1-0130,1,No match,FALSE,N/A,inf,37.23135159,-1.090882424,37.3649505,-1.210797203,FOVNotMatch,2004/12/12 3:59:13,SAT_22098,5.178712169,14.31943246,SAT_23027,5.881278848,15.3775027,SAT_21218,4.108069534,26.96192825
frame-i-005042-2-0167,1,Success,TRUE,SAT_18946,1.220656974,42.80803519,-0.613556354,42.88679518,-0.837057006,,2004/12/12 4:21:18,SAT_18946,2.673372349,1.220656974,SAT_23027,3.208157834,12.44028165,SAT_03158,2.568212162,13.21855873
frame-i-005042-3-0255,1,No match,FALSE,N/A,inf,56.00746358,-0.337151518,55.91434604,-0.262866916,FOVNotMatch,2004/12/12 5:13:51,SAT_13912,4.336056498,5.833926857,SAT_24720,2.674188937,7.684071823,SAT_19990,2.093680954,20.2824909
frame-i-005045-3-0088,1,Success,TRUE,SAT_18767,1.271585082,124.5905704,17.22127103,124.4603933,17.40815127,,2004/12/12 9:11:54,SAT_18767,0.501223601,1.271585082,SAT_07382,0.009945486,11.62344189,SAT_21890,15.54812095,N/A
frame-i-005043-3-0076,1,Success,TRUE,SAT_14839,0.299515535,32.83179669,4.422588171,32.78880343,4.433956888,,2004/12/12 6:21:33,SAT_14839,2.966575484,0.299515535,SAT_22563,4.183080551,6.195863721,SAT_19549,4.322400508,13.98288128
frame-i-005061-5-0268,1,No match,FALSE,N/A,inf,154.1413936,26.88877371,154.2527946,27.00188938,FOVNotMatch,2004/12/13 10:38:08,SAT_16922,3.026726486,23.93344636,SAT_21011,3.293082465,62.61335082,SAT_26970,15.45225117,N/A
frame-i-005061-1-0157,1,Success,TRUE,SAT_14804,0.480661782,137.5035802,20.1083447,137.6266004,20.20814251,,2004/12/13 9:31:52,SAT_14804,1.320528207,0.480661782,SAT_10437,1.015621924,7.913292124,SAT_15402,5.435609366,38.90949937
frame-i-005061-5-0291,1,No match,FALSE,N/A,inf,157.9424595,27.74273963,158.0336515,27.88740915,FOVNotMatch,2004/12/13 10:51:52,SAT_16922,4.159320243,11.245261,SAT_26970,13.62212167,N/A,SAT_17264,17.33976588,N/A
frame-i-005061-2-0390,1,No match,FALSE,N/A,inf,174.8350944,28.76245882,174.7601304,28.84246808,FOVNotMatch,2004/12/13 11:50:59,SAT_23590,4.787911105,48.46216932,SAT_06779,17.68019945,N/A,SAT_26483,8.096646535,N/A
frame-i-005061-4-0446,1,No match,FALSE,N/A,inf,184.4337258,30.15986411,184.5232409,30.01421189,FOVNotMatch,2004/12/13 12:24:25,SAT_20583,4.091960145,48.97605087,SAT_26792,4.630637104,62.35449437,SAT_17728,9.362873876,N/A
frame-i-005061-6-0343,1,No match,FALSE,N/A,inf,166.4979445,29.73616663,166.5580694,29.77401046,FOVNotMatch,2004/12/13 11:22:55,SAT_26483,5.438702883,28.89807194,SAT_24959,5.707201653,44.22661604,SAT_18962,3.238062427,50.42974738
frame-i-005061-6-0344,1,No match,FALSE,N/A,inf,166.6821173,29.68557332,166.8519914,29.79188786,FOVNotMatch,2004/12/13 11:23:31,SAT_26483,5.438702883,29.05753182,SAT_24959,5.707201653,44.38607593,SAT_18962,3.238062427,50.58920726
frame-i-005061-1-0344,1,No match,FALSE,N/A,inf,167.1493791,27.53644773,167.0776478,27.57790689,FOVNotMatch,2004/12/13 11:23:31,SAT_01244,2.486904941,25.60375691,SAT_18962,3.238062427,60.52578548,SAT_24959,5.707201653,66.72891681
frame-i-005064-1-0028,1,No match,FALSE,N/A,inf,340.4603328,-19.57457251,340.5934245,-19.36663532,FOVNotMatch,2004/12/14 1:22:10,SAT_17018,1.009514252,6.563498863,SAT_15952,5.135097781,15.44637031,SAT_03235,5.407552467,29.90231864
frame-i-005064-6-0030,1,Success,TRUE,SAT_17018,4.526808,341.0489239,-17.45123757,341.125495,-17.31980219,,2004/12/14 1:23:22,SAT_17018,1.009514252,4.526808,SAT_15952,5.135097781,13.40967945,SAT_03235,5.407552467,27.86562778
frame-i-005064-5-0031,1,Success,TRUE,SAT_17018,4.508658915,341.1481707,-17.85607648,341.2072009,-17.75491011,,2004/12/14 1:23:58,SAT_17018,1.009514252,4.508658915,SAT_15952,5.135097781,13.39153036,SAT_03235,5.407552467,27.84747869
frame-i-005064-5-0032,1,Success,TRUE,SAT_17018,4.340274647,341.4323979,-17.9443427,341.4789006,-17.86413607,,2004/12/14 1:24:34,SAT_17018,1.009514252,4.340274647,SAT_15952,5.135097781,13.2231461,SAT_03235,5.407552467,27.67909442
frame-i-005064-6-0033,1,No match,FALSE,N/A,inf,341.5361941,-17.41383858,341.5756407,-17.37953366,FOVNotMatch,2004/12/14 1:25:09,SAT_17018,1.009514252,23.11023567,SAT_25026,0.905584081,29.8998885,SAT_15952,5.135097781,31.99310712
frame-i-005064-6-0033,2,Success,TRUE,SAT_10485,3.86577797,341.698986,-17.42947727,341.6917788,-17.39390619,,2004/12/14 1:25:09,SAT_10485,0.049302396,3.86577797,SAT_03235,5.407552467,12.1487013,SAT_15271,5.109406306,12.54953812
frame-i-005065-1-0024,1,Success,TRUE,SAT_22097,0.872128982,22.44252784,5.916513956,22.60560518,5.916717452,,2004/12/14 3:36:24,SAT_22097,1.653207936,0.872128982,SAT_27389,4.339689695,2.241300134,SAT_04250,5.332408668,9.821410781
frame-i-005064-2-0191,1,No match,FALSE,N/A,inf,6.484856488,-20.80452426,6.407817788,-20.76774481,FOVNotMatch,2004/12/14 2:59:30,SAT_25541,4.114196021,9.097059173,SAT_10722,0.005926072,14.69876002,SAT_19423,2.863828671,19.21593284
frame-i-005064-2-0191,2,No match,FALSE,N/A,inf,6.408296876,-20.76297794,6.485204963,-20.80000248,FOVNotMatch,2004/12/14 2:59:30,SAT_25541,4.114196021,9.290320497,SAT_10722,0.005926072,14.89202134,SAT_19423,2.863828671,19.40919417
frame-i-005064-2-0192,1,No match,FALSE,N/A,inf,6.566977367,-20.68879888,6.742333216,-20.77180898,FOVNotMatch,2004/12/14 3:00:05,SAT_25541,4.114196021,8.892076913,SAT_10722,0.005926072,14.49377776,SAT_19423,2.863828671,19.01095058
frame-i-005064-2-0192,2,No match,FALSE,N/A,inf,6.567452496,-20.68415299,6.742152947,-20.76741292,FOVNotMatch,2004/12/14 3:00:05,SAT_25541,4.114196021,9.04751878,SAT_10722,0.005926072,14.64921962,SAT_19423,2.863828671,19.16639245
frame-i-005064-5-0145,1,No match,FALSE,N/A,inf,359.1678663,-19.46922612,359.1831215,-19.43537906,FOVNotMatch,2004/12/14 2:32:02,SAT_04843,0.452062049,23.76618701,SAT_22655,5.938601152,51.09965929,SAT_25026,5.735281471,56.44992146
frame-i-005064-1-0041,1,Success,TRUE,SAT_25026,1.170747016,342.4877239,-19.64356551,342.5778384,-19.62310005,,2004/12/14 1:29:56,SAT_25026,0.246859904,1.170747016,SAT_08134,3.046364043,7.49889378,SAT_14786,4.109775282,7.979374169
frame-i-005066-4-0105,1,No match,FALSE,N/A,inf,56.48785003,9.869652062,56.51827494,10.0059567,FOVNotMatch,2004/12/14 7:03:19,SAT_02518,2.402134479,40.26695063,SAT_26898,1.687921488,49.6383189,SAT_14948,5.865918371,64.97292397
frame-i-005066-6-0093,1,Success,TRUE,SAT_05066,0.655599148,54.74515125,9.242453848,54.74643502,9.320741786,,2004/12/14 6:56:10,SAT_05066,5.086091463,0.655599148,SAT_19351,5.769730435,30.66019732,SAT_26898,1.737734292,60.5213472
frame-i-005066-1-0086,1,No match,FALSE,N/A,inf,55.23185263,7.012814743,55.32210243,7.127532577,FOVNotMatch,2004/12/14 6:51:59,SAT_26898,0.747350987,23.1416111,SAT_14813,0.518124532,26.54342489,SAT_18476,4.255273686,27.57508228
frame-i-005066-1-0087,1,No match,FALSE,N/A,inf,55.40335005,7.150199799,55.46257031,7.225123282,FOVNotMatch,2004/12/14 6:52:35,SAT_26898,0.747350987,23.01831509,SAT_14813,0.518124532,26.66672089,SAT_18476,4.255273686,27.69837829
frame-i-005066-1-0070,1,Success,TRUE,SAT_26898,4.478604558,53.64365524,5.43170385,53.50840644,5.340376876,,2004/12/14 6:42:26,SAT_26898,1.059706105,4.478604558,SAT_14948,3.390034225,20.71378533,SAT_12850,5.44544111,21.00786748
frame-i-005065-2-0235,1,No match,FALSE,N/A,inf,54.10259687,4.135767543,54.26038072,4.069441031,FOVNotMatch,2004/12/14 5:42:23,SAT_27389,4.705180927,17.33078554,SAT_04068,5.86788991,27.69871152,SAT_05587,5.621275762,28.71311079
frame-i-005065-2-0237,1,No match,FALSE,N/A,inf,54.41041058,4.197303084,54.5675224,4.131867905,FOVNotMatch,2004/12/14 5:43:35,SAT_27389,4.705180927,17.14308753,SAT_04068,5.86788991,27.51101351,SAT_05587,5.621275762,28.52541278
frame-i-005065-2-0238,1,No match,FALSE,N/A,inf,54.5642195,4.228213731,54.72198924,4.16227547,FOVNotMatch,2004/12/14 5:44:11,SAT_27389,4.705180927,17.21487165,SAT_04068,5.86788991,27.58279763,SAT_05587,5.621275762,28.5971969
frame-i-005065-2-0239,1,No match,FALSE,N/A,inf,54.7474289,4.246432784,54.87541568,4.193257408,FOVNotMatch,2004/12/14 5:44:46,SAT_27389,4.705180927,17.09498375,SAT_04068,5.86788991,27.46290972,SAT_05587,5.621275762,28.477309
frame-i-005069-2-0073,1,No match,FALSE,N/A,inf,31.32975501,-18.80336338,31.36627265,-18.6702879,FOVNotMatch,2004/12/15 4:20:46,SAT_19515,3.940121854,22.64238301,SAT_27757,4.67214572,34.83489295,SAT_10646,0.605205586,38.13923575
frame-i-005069-3-0073,1,No match,FALSE,N/A,inf,31.42275846,-18.46424596,31.43909109,-18.40427997,FOVNotMatch,2004/12/15 4:20:46,SAT_19515,3.940121854,22.56285329,SAT_27757,4.67214572,34.75536323,SAT_10646,0.605205586,38.05970603
frame-i-005069-4-0086,1,No match,FALSE,N/A,inf,33.33464685,-17.52403741,33.3714333,-17.56895989,FOVNotMatch,2004/12/15 4:28:32,SAT_27000,2.128257814,6.047595421,SAT_07030,0.79950346,13.60994567,SAT_23511,2.953119893,16.55496772
frame-i-005069-6-0136,1,Success,TRUE,SAT_26613,1.030885983,40.71505861,-15.37832283,40.86609263,-15.39927384,,2004/12/15 4:58:23,SAT_26613,4.453349338,1.030885983,SAT_23232,5.540085872,13.1696287,SAT_27132,4.238155283,28.73193584
frame-i-005071-1-0306,1,No match,FALSE,N/A,inf,161.2681063,26.78177176,161.2303439,26.82427312,FOVNotMatch,2004/12/15 10:01:01,SAT_22788,14.75828117,N/A,SAT_25259,11.99929194,N/A,SAT_26792,10.23616011,N/A
frame-i-005071-1-0279,1,No match,FALSE,N/A,inf,156.6866825,25.99068397,156.854189,26.05953738,FOVNotMatch,2004/12/15 9:44:54,SAT_26792,1.72656095,7.360807287,SAT_10723,2.853118673,25.40775051,SAT_16922,3.797956466,49.51870325
frame-i-005071-6-0459,1,No match,FALSE,N/A,inf,187.0305911,31.02586242,187.0788272,31.24889482,FOVNotMatch,2004/12/15 11:32:23,SAT_10091,4.082248132,20.95098274,SAT_10882,0.081896105,23.99689356,SAT_22537,3.459045481,38.21276395
frame-i-005080-6-0255,1,No match,FALSE,N/A,inf,151.4763655,24.32404951,151.422032,24.36956969,FOVNotMatch,2004/12/20 12:16:36,SAT_27976,4.766383209,16.60310677,SAT_19181,2.127854997,38.22337923,SAT_26525,3.678424552,47.81302547
frame-i-005087-2-0103,1,No match,FALSE,N/A,inf,166.2702652,25.42094035,166.1552597,25.46313336,FOVNotMatch,2004/12/21 10:12:33,SAT_26483,1.334483392,88.89043191,SAT_23590,8.10681074,N/A,SAT_23587,17.29710283,N/A
frame-i-005087-2-0104,1,No match,FALSE,N/A,inf,166.4984304,25.50166335,166.3309827,25.56379157,FOVNotMatch,2004/12/21 10:13:08,SAT_26483,1.334483392,89.13139718,SAT_23590,8.10681074,N/A,SAT_23587,17.29710283,N/A
frame-i-005080-6-0143,1,No match,FALSE,N/A,inf,134.3528163,19.16282276,134.3540281,19.20121824,FOVNotMatch,2004/12/20 11:09:44,SAT_13897,0.030857929,23.89083639,SAT_08546,1.834531806,45.32147636,SAT_26525,5.094497719,74.23770955
frame-i-005080-6-0143,2,No match,FALSE,N/A,inf,134.2692825,19.13380188,134.3645476,19.2173201,FOVNotMatch,2004/12/20 11:09:44,SAT_13897,0.030857929,21.53447037,SAT_26525,5.094497719,28.81240279,SAT_08546,1.834531806,89.25321689
frame-i-005087-2-0113,1,No match,FALSE,N/A,inf,167.9125446,25.60292563,167.8597485,25.66200413,FOVNotMatch,2004/12/21 10:18:31,SAT_09980,5.562107688,14.47355779,SAT_00202,1.913713195,33.43846648,SAT_23590,5.294875068,54.19206195
frame-i-005087-2-0314,1,No match,FALSE,N/A,inf,201.4649623,25.71327457,201.4080876,25.90979194,FOVNotMatch,2004/12/21 12:18:31,SAT_01477,1.088567893,14.93693493,SAT_17800,4.812321839,58.5562819,SAT_16528,5.907700767,71.11293639
frame-i-005087-1-0335,1,No match,FALSE,N/A,inf,204.7581812,24.97350735,204.8665734,25.00421925,FOVNotMatch,2004/12/21 12:31:04,SAT_25908,3.213469119,13.61799317,SAT_12295,4.603336659,21.397472,SAT_22258,15.90845164,N/A
frame-i-005069-2-0172,1,Success,TRUE,SAT_27695,0.311896436,46.57703026,-15.88403343,46.73935601,-15.91674624,,2004/12/15 5:19:53,SAT_27695,3.314211216,0.311896436,SAT_26613,3.298592129,1.323598463,SAT_25493,4.08450579,3.870493608
frame-i-005112-4-0374,1,No match,FALSE,N/A,inf,166.8629758,26.71189287,166.9599013,26.76887401,FOVNotMatch,2005/1/17 11:40:03,SAT_16206,3.108560895,78.84496172,SAT_06019,5.469363059,87.83828209,SAT_17792,11.84923614,N/A
frame-i-005115-3-0074,1,No match,FALSE,N/A,inf,181.9467299,27.4207214,181.9791611,27.4780077,FOVNotMatch,2005/1/18 8:55:03,SAT_20583,2.554856461,5.812110562,SAT_19716,10.20195917,N/A,SAT_11054,15.99694658,N/A
frame-i-005115-3-0075,1,No match,FALSE,N/A,inf,182.1877613,27.26052571,182.298828,27.45358705,FOVNotMatch,2005/1/18 8:55:39,SAT_20583,2.554856461,6.202501522,SAT_19716,10.20195917,N/A,SAT_11054,15.99694658,N/A
frame-i-005112-1-0450,1,Success,TRUE,SAT_16140,2.110089797,179.7010521,26.34559403,179.6883607,26.56949834,,2005/1/17 12:25:25,SAT_16140,0.092433086,2.110089797,SAT_10925,6.219087445,N/A,SAT_15936,13.02274374,N/A
frame-i-005112-1-0450,2,No match,FALSE,N/A,inf,179.8041052,26.57374909,179.8553192,26.49509829,FOVNotMatch,2005/1/17 12:25:25,SAT_16140,0.092433086,25.20860981,SAT_10925,6.219087445,N/A,SAT_15936,13.02274374,N/A
frame-i-005112-4-0450,1,Success,TRUE,SAT_16140,2.146599349,179.6282972,27.60255825,179.6156102,27.82671145,,2005/1/17 12:25:25,SAT_16140,0.092433086,2.146599349,SAT_10925,6.219087445,N/A,SAT_15936,13.02274374,N/A
frame-i-005115-6-0122,1,No match,FALSE,N/A,inf,190.2778066,28.47787391,190.1046733,28.57033259,FOVNotMatch,2005/1/18 9:23:43,SAT_19716,5.659224763,82.30519103,SAT_10091,5.624206587,86.80924017,SAT_11054,3.657529,88.91740156
frame-i-005115-5-0184,1,No match,FALSE,N/A,inf,200.5704271,27.35235184,200.5634085,27.38724059,FOVNotMatch,2005/1/18 10:00:44,SAT_25828,5.149534027,16.59672674,SAT_27636,3.905750775,19.17507158,SAT_24903,3.193704734,30.85275384
frame-i-005115-5-0184,2,No match,FALSE,N/A,inf,200.5556507,27.42381134,200.5472713,27.46586775,FOVNotMatch,2005/1/18 10:00:44,SAT_25828,5.149534027,16.49479247,SAT_27636,3.905750775,19.07313731,SAT_24903,3.193704734,30.75081956
frame-i-005116-5-0111,1,No match,FALSE,N/A,inf,186.4598339,25.61666586,186.4132295,25.64118104,FOVNotMatch,2005/1/18 11:29:03,SAT_23482,0.297506212,30.59721543,SAT_17213,3.690635533,75.41693572,SAT_20061,3.913882323,82.64921511
frame-i-005116-5-0112,1,No match,FALSE,N/A,inf,186.5808022,25.77746637,186.6165004,25.83952904,FOVNotMatch,2005/1/18 11:29:39,SAT_20061,3.913882323,10.2351288,SAT_17213,3.690635533,11.69872037,SAT_23482,0.297506212,56.51844066
frame-i-005116-5-0112,2,No match,FALSE,N/A,inf,186.7599549,25.62983601,186.7008903,25.66081635,FOVNotMatch,2005/1/18 11:29:39,SAT_23482,0.297506212,30.66547423,SAT_17213,3.690635533,75.48519452,SAT_20061,3.913882323,82.58095631
frame-i-005116-5-0113,1,No match,FALSE,N/A,inf,186.8201959,25.61323919,186.9285896,25.80004913,FOVNotMatch,2005/1/18 11:30:15,SAT_20061,3.913882323,10.01035081,SAT_17213,3.690635533,11.92349836,SAT_23482,0.297506212,56.74321865
frame-i-005125-3-0216,1,No match,FALSE,N/A,inf,161.2325482,22.89462117,161.1312701,23.10622242,FOVNotMatch,2005/1/19 11:40:36,SAT_20048,1.626039354,6.091974959,SAT_11692,0.829591357,28.80739065,SAT_18881,5.945623253,40.60406225
frame-i-005125-4-0216,1,No match,FALSE,N/A,inf,161.0424991,23.28981211,161.0158677,23.34470561,FOVNotMatch,2005/1/19 11:40:36,SAT_20048,1.626039354,6.32890492,SAT_11692,0.829591357,29.04432061,SAT_18881,5.945623253,40.84099221
frame-i-005125-4-0217,1,No match,FALSE,N/A,inf,161.3616205,23.34425272,161.2616605,23.55291881,FOVNotMatch,2005/1/19 11:41:12,SAT_20048,1.626039354,6.039436401,SAT_11692,0.829591357,28.75485209,SAT_18881,5.945623253,40.55152369
frame-i-005125-3-0249,1,No match,FALSE,N/A,inf,166.435952,23.63274758,166.4313257,23.85790233,FOVNotMatch,2005/1/19 12:00:18,SAT_07177,3.959090789,10.61452514,SAT_13917,0.187417417,19.67741519,SAT_28164,2.198828878,29.23225478
frame-i-005137-6-0219,1,No match,FALSE,N/A,inf,145.6114909,20.73011394,145.5087576,20.71857125,FOVNotMatch,2005/2/4 5:48:58,SAT_04964,5.449173906,34.84465134,SAT_25884,2.825117981,61.67361666,SAT_13897,1.984274993,62.53431973
frame-i-005137-3-0318,1,Success,TRUE,SAT_14260,2.802201574,161.5385667,22.73289103,161.4439221,22.94540669,,2005/2/4 6:48:04,SAT_14260,5.783277538,2.802201574,SAT_08894,3.611529818,20.03509819,SAT_26483,4.342128812,44.62570348
frame-i-005140-6-0041,1,No match,FALSE,N/A,inf,156.729528,23.60395754,156.902591,23.64387161,FOVNotMatch,2005/2/4 8:55:13,SAT_23468,3.883072834,6.07008957,SAT_13957,2.313756306,9.269884456,SAT_16760,5.893115032,52.7099827
frame-i-005140-6-0042,1,No match,FALSE,N/A,inf,156.9894552,23.64977171,157.0638965,23.66693017,FOVNotMatch,2005/2/4 8:55:49,SAT_23468,3.883072834,6.065620565,SAT_13957,2.313756306,9.265415452,SAT_16760,5.893115032,52.7144517
frame-i-005140-6-0057,1,No match,FALSE,N/A,inf,159.3156504,23.98354568,159.3769341,24.09481543,FOVNotMatch,2005/2/4 9:04:46,SAT_13957,2.056536898,59.99143501,SAT_28114,17.36067366,N/A,SAT_28163,11.24704478,N/A
frame-i-005140-6-0158,1,No match,FALSE,N/A,inf,175.947562,25.77160611,175.9128526,25.79586572,FOVNotMatch,2005/2/4 10:05:04,SAT_13957,4.018878734,27.83527923,SAT_09722,5.707754877,80.79566404,SAT_20061,3.877372271,89.51652884
frame-i-005183-5-0272,1,Success,TRUE,SAT_15272,4.233574893,172.5832307,22.650909,172.4626992,22.86540203,,2005/3/10 7:59:40,SAT_15272,5.876317884,4.233574893,SAT_00005,3.086044203,72.69851299,SAT_20646,15.60558655,N/A
frame-i-005183-6-0278,1,No match,FALSE,N/A,inf,173.3340879,23.2888106,173.4013372,23.35662146,FOVNotMatch,2005/3/10 8:03:15,SAT_05361,3.902495862,32.34907829,SAT_19807,4.89404043,67.53270324,SAT_20646,16.44406078,N/A
frame-i-005183-6-0415,1,No match,FALSE,N/A,inf,195.6863013,23.35723636,195.7287092,23.41573862,FOVNotMatch,2005/3/10 9:25:03,SAT_10768,1.752062732,15.32687564,SAT_21338,1.284411195,17.6134926,SAT_04377,5.945051553,36.42615916
frame-i-005183-1-0389,1,No match,FALSE,N/A,inf,191.4663809,21.38188476,191.3517458,21.39918927,FOVNotMatch,2005/3/10 9:09:31,SAT_15206,5.456924559,6.552092411,SAT_15832,0.055143118,13.20977008,SAT_04377,5.854165213,31.33039188
frame-i-005183-2-0532,1,No match,FALSE,N/A,inf,214.2427298,19.22581451,214.1060104,19.34421914,FOVNotMatch,2005/3/10 10:34:54,SAT_00732,0.963239873,33.02278783,SAT_04377,3.945890886,50.22282472,SAT_23092,1.428956474,53.73612457
frame-i-005183-2-0532,2,No match,FALSE,N/A,inf,214.2371367,19.22681979,214.104864,19.33783368,FOVNotMatch,2005/3/10 10:34:54,SAT_00732,0.963239873,33.91776056,SAT_04377,3.945890886,49.32785199,SAT_23092,1.428956474,54.63109731
frame-i-005183-2-0532,3,No match,FALSE,N/A,inf,214.2374501,19.22838022,214.1054648,19.34083495,FOVNotMatch,2005/3/10 10:34:54,SAT_00732,0.963239873,33.48824448,SAT_04377,3.945890886,49.75736807,SAT_23092,1.428956474,54.20158122
frame-i-005194-3-0794,1,No match,FALSE,N/A,inf,236.5880862,13.9882962,236.6712252,14.06409615,FOVNotMatch,2005/3/12 10:49:15,SAT_10590,0.053859113,60.47276399,SAT_27834,4.923098704,67.30060559,SAT_24292,5.389695044,68.42941324
frame-i-005224-1-0077,1,No match,FALSE,N/A,inf,163.8971632,22.26890528,163.7632142,22.44319649,FOVNotMatch,2005/4/2 3:00:47,SAT_20308,3.09606516,42.94516283,SAT_17585,2.644987124,55.99037485,SAT_20805,1.015562708,64.79793617
frame-i-005224-6-0090,1,No match,FALSE,N/A,inf,165.4803254,24.72631804,165.4984397,24.80187121,FOVNotMatch,2005/4/2 3:08:32,SAT_26483,4.343316995,9.650877219,SAT_20721,4.889235295,16.94956775,SAT_18693,2.510678534,19.18343662
frame-i-005224-6-0091,1,Success,TRUE,SAT_20023,0.70680376,165.7680689,24.60934658,165.8160157,24.80736177,,2005/4/2 3:09:08,SAT_20023,4.830063101,0.70680376,SAT_26017,5.751266308,5.255590591,SAT_26483,5.511425833,9.679956614
frame-i-005224-4-0093,1,Success,TRUE,SAT_20023,0.950260584,166.2086043,23.8268067,166.2633364,24.04970332,,2005/4/2 3:10:20,SAT_20023,4.830063101,0.950260584,SAT_26017,5.751266308,5.499047415,SAT_26483,5.511425833,9.43649979
frame-i-005224-2-0208,1,No match,FALSE,N/A,inf,185.1711094,24.22608493,185.093413,24.26401452,FOVNotMatch,2005/4/2 4:18:59,SAT_19608,2.35997302,78.35742363,SAT_10150,1.195141936,87.54598959,SAT_27663,13.80839281,N/A
frame-i-005224-4-0398,1,Success,TRUE,SAT_04941,3.128005489,216.0006858,21.78394126,216.0420523,21.81529805,,2005/4/2 6:12:26,SAT_04941,1.897287231,3.128005489,SAT_27892,5.642259269,16.7141078,SAT_15429,2.946649776,30.7644166
frame-i-005224-3-0399,1,Success,TRUE,SAT_04941,2.953471155,215.9342898,21.42802812,216.1096614,21.56207491,,2005/4/2 6:13:02,SAT_04941,1.897287231,2.953471155,SAT_27892,5.642259269,16.53957346,SAT_15429,2.946649776,30.58988226
frame-i-005237-5-0037,1,No match,FALSE,N/A,inf,213.5992302,22.87961767,213.6392158,22.90918667,FOVNotMatch,2005/4/9 7:41:31,SAT_17798,0.198800206,8.625108579,SAT_15387,4.231296361,39.66252376,SAT_19638,0.568572186,43.10593903
frame-i-005225-1-0107,1,No match,FALSE,N/A,inf,180.5591948,18.89175169,180.6286663,18.92085309,FOVNotMatch,2005/4/2 7:52:31,SAT_13007,4.131560756,20.08643179,SAT_20764,0.776179872,26.15012709,SAT_13909,5.846664985,42.97214146
frame-i-005308-5-0044,1,No match,FALSE,N/A,inf,198.0673731,20.27267113,198.1951135,20.34127999,FOVNotMatch,2005/5/9 7:14:51,SAT_20411,4.277647232,8.399606404,SAT_00205,2.920876605,11.72940864,SAT_01001,4.240002977,26.34692319
frame-i-005237-1-0167,1,No match,FALSE,N/A,inf,233.0591934,16.11711254,233.0845841,16.20818864,FOVNotMatch,2005/4/9 8:59:08,SAT_14590,0.673749873,6.175281734,SAT_14591,0.035839414,6.694744998,SAT_27540,3.43980663,15.65788388
frame-i-005308-6-0113,1,No match,FALSE,N/A,inf,209.0588584,19.48799926,209.2065595,19.55818427,FOVNotMatch,2005/5/9 7:56:03,SAT_16295,5.914110256,37.46365075,SAT_09590,1.524518691,59.29916772,SAT_18413,3.827268402,73.5014213
frame-i-005308-6-0229,1,No match,FALSE,N/A,inf,227.0872154,16.34980521,227.1072491,16.35042599,FOVNotMatch,2005/5/9 9:05:19,SAT_19884,5.214936794,12.28680851,SAT_16295,2.533926075,20.72565899,SAT_25649,3.82149581,51.05252607
frame-i-005312-1-0128,1,No match,FALSE,N/A,inf,151.6301647,15.89517659,151.5182039,15.84252977,FOVNotMatch,2005/5/10 4:14:34,SAT_15832,3.96659684,12.91531748,SAT_00202,2.008913109,33.52152405,SAT_09984,1.645232325,81.99887665
frame-i-005313-4-0057,1,No match,FALSE,N/A,inf,167.5281861,19.14407561,167.5097358,19.18131751,FOVNotMatch,2005/5/10 5:57:34,SAT_13243,5.677129252,22.76679951,SAT_19557,2.397853155,43.08509631,SAT_18704,3.235108199,44.03462074
frame-i-005313-3-0057,1,No match,FALSE,N/A,inf,167.6992901,18.79876601,167.6214713,18.9562631,FOVNotMatch,2005/5/10 5:57:34,SAT_13243,5.677129252,22.74587246,SAT_19557,2.397853155,43.06416927,SAT_18704,3.235108199,44.0136937
frame-i-005314-5-0029,1,Success,TRUE,SAT_26383,2.598836475,180.819558,20.37034133,180.7355824,20.39147335,,2005/5/10 7:08:30,SAT_26383,4.319982329,2.598836475,SAT_15832,1.982396565,8.897732448,SAT_01361,4.291241038,22.19689995
frame-i-005314-2-0035,1,No match,FALSE,N/A,inf,181.7312628,19.27393352,181.6544973,19.20752546,FOVNotMatch,2005/5/10 7:12:05,SAT_02529,3.492840512,22.35120425,SAT_18103,1.095101099,29.11094487,SAT_01361,4.291241038,35.32756425
frame-i-005314-5-0164,1,Success,TRUE,SAT_01668,2.170356133,202.3489713,19.60921477,202.1920365,19.59633273,,2005/5/10 8:29:07,SAT_01668,0.215565826,2.170356133,SAT_04298,1.702805286,15.90288741,SAT_26383,2.756870021,26.65644577
frame-i-005314-2-0153,1,No match,FALSE,N/A,inf,200.4532916,18.71533776,200.3611857,18.60996601,FOVNotMatch,2005/5/10 8:22:33,SAT_04298,1.356788984,28.77302108,SAT_26383,1.103752573,71.36850485,SAT_27624,5.560605704,78.32224799
frame-i-005314-3-0238,1,No match,FALSE,N/A,inf,213.7915789,17.49563759,213.643754,17.34108269,FOVNotMatch,2005/5/10 9:13:18,SAT_23511,1.404451518,20.56533341,SAT_20024,3.152228601,21.20943749,SAT_04298,3.947308218,31.7074653
frame-i-005314-3-0239,1,No match,FALSE,N/A,inf,213.9704253,17.31025302,213.9144993,17.25110133,FOVNotMatch,2005/5/10 9:13:53,SAT_23511,1.404451518,20.2572673,SAT_20024,3.152228601,20.90137138,SAT_04298,3.947308218,32.01553142
frame-i-005314-2-0349,1,No match,FALSE,N/A,inf,230.5647535,13.4966852,230.4338567,13.50051671,FOVNotMatch,2005/5/10 10:19:34,SAT_03827,2.126900519,61.42535384,SAT_12693,0.071945828,62.21738933,SAT_10831,5.399470642,86.50382331
frame-i-005317-2-0026,1,Success,TRUE,SAT_00589,0.433728225,227.2537246,14.35659612,227.2683555,14.44111994,,2005/5/11 4:53:54,SAT_00589,1.657051422,0.433728225,SAT_07276,1.905033546,7.162754223,SAT_19826,3.848953602,22.33943702
frame-i-005326-4-0115,1,Success,TRUE,SAT_26855,0.801950323,217.425596,15.12991643,217.3422771,15.11877553,,2005/5/13 7:29:39,SAT_26855,5.35086846,0.801950323,SAT_01359,3.902019794,19.63011084,SAT_20539,2.87332741,62.87440912
frame-i-005360-4-0256,1,No match,FALSE,N/A,inf,185.187661,17.62291358,185.1588113,17.72452417,FOVNotMatch,2005/6/1 5:38:36,SAT_12311,5.393831096,26.74757792,SAT_26048,4.597108778,55.62885265,SAT_20764,3.343878281,61.64310431
frame-i-005360-2-0121,1,No match,FALSE,N/A,inf,164.1601836,15.70109839,164.054677,15.68043296,FOVNotMatch,2005/6/1 4:17:59,SAT_18106,5.708290114,60.17641102,SAT_08154,0.785033468,61.61899229,SAT_20578,0.280279539,76.88696401
frame-i-005360-1-0193,1,No match,FALSE,N/A,inf,175.314222,16.00518657,175.2633467,16.06255985,FOVNotMatch,2005/6/1 5:00:59,SAT_07933,4.640396075,7.769621562,SAT_20411,0.368566624,62.92708447,SAT_05042,10.95799094,N/A
frame-i-005360-1-0194,1,No match,FALSE,N/A,inf,175.5887012,16.06062025,175.5356936,16.1212616,FOVNotMatch,2005/6/1 5:01:35,SAT_07933,4.640396075,7.356354323,SAT_20411,0.368566624,63.34035171,SAT_05042,10.95799094,N/A
frame-i-005362-2-0136,1,Success,TRUE,SAT_22741,4.987439426,249.7895122,52.34399075,249.7279056,52.4188116,,2005/6/1 8:25:58,SAT_22741,2.901047145,4.987439426,SAT_25850,1.035356117,9.331473039,SAT_03827,0.046601124,13.07961656
frame-i-005362-2-0136,2,No match,FALSE,N/A,inf,249.9310307,52.39465814,249.9604286,52.50127554,FOVNotMatch,2005/6/1 8:25:58,SAT_23642,5.866482991,33.47841981,SAT_22741,2.901047145,41.21108555,SAT_25850,1.035356117,45.55511916
frame-i-005362-3-0100,1,Success,TRUE,SAT_25850,0.973677721,245.3997021,57.11736133,245.2119386,57.24485785,,2005/6/1 8:04:28,SAT_25850,2.186951509,0.973677721,SAT_22741,3.485051335,2.507020737,SAT_23420,2.637596475,3.180874463
frame-i-005376-6-0016,1,No match,FALSE,N/A,inf,184.3727659,18.72250174,184.3256452,18.77224908,FOVNotMatch,2005/6/4 5:34:08,SAT_21388,4.330511952,7.56857993,SAT_10933,2.565479645,36.83950119,SAT_05215,2.190694939,37.47671423
frame-i-005374-2-0063,1,Success,TRUE,SAT_15427,4.635072199,161.9549955,15.55651303,161.7802552,15.75122685,,2005/6/4 4:01:06,SAT_15427,0.068730028,4.635072199,SAT_16144,5.840897747,19.29163289,SAT_23229,3.008825488,62.13547254
frame-i-005374-1-0065,1,No match,FALSE,N/A,inf,162.1802498,15.37355023,162.1371213,15.23388708,FOVNotMatch,2005/6/4 4:02:18,SAT_15271,3.730494809,7.112813631,SAT_16144,5.840897747,38.12616771,SAT_15427,0.068730028,52.7827284
frame-i-005381-3-0083,1,Success,TRUE,SAT_23830,0.202355489,166.5002141,16.58621237,166.4818692,16.65946101,,2005/6/5 4:07:33,SAT_23830,1.700787154,0.202355489,SAT_07210,3.878231247,19.54690339,SAT_16528,2.497511257,60.60371752
frame-i-005381-4-0155,1,No match,FALSE,N/A,inf,177.6512064,17.57436943,177.6986505,17.67058285,FOVNotMatch,2005/6/5 4:50:33,SAT_26916,4.99925969,59.95182624,SAT_08184,5.002227023,64.73326299,SAT_10623,5.674010825,67.84876134
frame-i-005381-5-0089,1,No match,FALSE,N/A,inf,167.3009728,17.34986795,167.3385859,17.44563931,FOVNotMatch,2005/6/5 4:11:08,SAT_23830,0.85176973,39.4753044,SAT_24720,1.993839803,41.94384145,SAT_08154,4.561306006,51.60813964
frame-i-005381-4-0090,1,No match,FALSE,N/A,inf,167.4616997,16.98969863,167.5337037,17.1734025,FOVNotMatch,2005/6/5 4:11:44,SAT_23830,0.85176973,39.4700563,SAT_24720,1.993839803,41.94908954,SAT_08154,4.561306006,51.60289155
frame-i-005381-1-0165,1,No match,FALSE,N/A,inf,179.3308883,16.37330775,179.1811225,16.55772745,FOVNotMatch,2005/6/5 4:56:31,SAT_25454,4.643343925,11.9276003,SAT_10178,5.274846669,50.19307134,SAT_26082,1.28566207,66.7243905
frame-i-005382-6-0030,1,No match,FALSE,N/A,inf,185.5740055,18.38329724,185.6342761,18.56329017,FOVNotMatch,2005/6/5 5:44:13,SAT_26786,0.821366339,6.42382493,SAT_11300,4.824559219,21.29311848,SAT_26783,2.751285342,49.81455176
frame-i-005382-1-0066,1,No match,FALSE,N/A,inf,191.2258631,16.36939474,191.1835179,16.31105427,FOVNotMatch,2005/6/5 6:05:42,SAT_26783,3.335081246,34.48656863,SAT_00195,1.614043673,38.77144287,SAT_02971,3.384099821,40.54066225
frame-i-005385-1-0029,1,Success,TRUE,SAT_21290,2.430683508,231.115232,54.50306855,230.9655785,54.63184173,,2005/6/5 9:48:46,SAT_21290,3.661017465,2.430683508,SAT_25850,5.940401163,6.557112405,SAT_21722,3.504276734,9.985243242
frame-i-005390-1-0165,1,No match,FALSE,N/A,inf,198.55676,15.98809377,198.4918695,16.0711503,FOVNotMatch,2005/6/6 4:55:11,SAT_00628,1.779880546,31.47971675,SAT_19595,3.499389259,36.2031277,SAT_23229,5.03462084,45.4386661
frame-i-005392-3-0074,1,Success,TRUE,SAT_20411,2.950784138,261.122732,0.854890893,261.0044688,0.893189243,,2005/6/6 9:05:08,SAT_20411,5.470730534,2.950784138,SAT_17254,5.141235495,31.17658912,SAT_23485,5.976669934,41.32479847
frame-i-005402-1-0026,1,No match,FALSE,N/A,inf,185.5343904,4.179233671,185.4628599,4.080011767,FOVNotMatch,2005/6/8 4:38:13,SAT_27489,0.114554292,25.88185144,SAT_19122,5.628451094,43.43342999,SAT_20762,5.469278152,55.2751767
frame-i-005656-3-0114,1,No match,FALSE,N/A,inf,14.93416471,6.991810526,14.78334728,7.04133363,FOVNotMatch,2005/9/28 6:59:25,SAT_21229,2.67656534,32.90334173,SAT_12242,3.157466572,38.52619581,SAT_11027,1.612008068,53.65677113
frame-i-005711-5-0021,1,No match,FALSE,N/A,inf,21.51711755,7.845217323,21.39939035,7.858567677,FOVNotMatch,2005/10/11 9:05:56,SAT_03432,4.129604833,14.27175629,SAT_03431,5.133555859,15.75904079,SAT_08366,5.497872096,20.98727295
frame-i-005711-1-0043,1,Success,TRUE,SAT_00051,3.657518889,24.6455327,6.187341028,24.71959722,6.240846098,,2005/10/11 9:19:04,SAT_00051,2.113500871,3.657518889,SAT_08366,3.918358019,21.88458019,SAT_03431,4.383555111,27.15593671
frame-i-005711-1-0072,1,No match,FALSE,N/A,inf,29.03954693,5.823430375,29.13271566,5.990350643,FOVNotMatch,2005/10/11 9:36:23,SAT_14179,0.042461556,24.59297706,SAT_08366,1.819972783,47.66120696,SAT_08286,1.822795031,52.61837489
frame-i-005657-5-0071,1,No match,FALSE,N/A,inf,31.85344291,3.279251548,31.75539632,3.302766403,FOVNotMatch,2005/9/28 8:18:48,SAT_03029,5.763269385,20.20684836,SAT_04250,5.385017871,23.23153778,SAT_05587,3.655780814,25.16295098
frame-i-005657-5-0072,1,No match,FALSE,N/A,inf,31.86480253,3.575769883,31.79636301,3.592092753,FOVNotMatch,2005/9/28 8:19:24,SAT_03029,5.763269385,20.13848644,SAT_04250,5.385017871,23.16317586,SAT_05587,3.655780814,25.09458906
frame-i-005711-4-0176,1,No match,FALSE,N/A,inf,44.83217126,6.077731562,44.67543948,6.13677798,FOVNotMatch,2005/10/11 10:38:29,SAT_02215,5.681125652,18.32769091,SAT_03432,2.055026173,24.05265025,SAT_03431,3.173157777,25.7115761
frame-i-005714-1-0090,1,No match,FALSE,N/A,inf,32.5561771,5.608490719,32.47383577,5.623746917,FOVNotMatch,2005/10/12 9:40:04,SAT_03432,5.458488991,15.74848007,SAT_02863,1.334692078,15.94076853,SAT_25334,1.075464806,17.81381633
frame-i-005714-4-0094,1,No match,FALSE,N/A,inf,33.18694218,7.014823844,33.1313047,6.986906717,FOVNotMatch,2005/10/12 9:42:28,SAT_27429,3.710056437,8.429885391,SAT_08620,5.227647702,12.76468502,SAT_08366,0.710233797,13.84952876
frame-i-005714-4-0094,2,No match,FALSE,N/A,inf,33.18148668,7.026296551,33.13485534,7.038215256,FOVNotMatch,2005/10/12 9:42:28,SAT_14135,4.480610622,14.76618203,SAT_03432,5.458488991,19.64392269,SAT_02863,1.334692078,19.83621115
frame-i-005714-4-0095,1,No match,FALSE,N/A,inf,33.27575534,6.891265818,33.44488887,6.97457382,FOVNotMatch,2005/10/12 9:43:03,SAT_27429,3.710056437,8.00152511,SAT_08620,5.227647702,12.33632474,SAT_08366,0.710233797,13.42116848
frame-i-005714-4-0095,2,No match,FALSE,N/A,inf,33.44570463,7.017114699,33.32197425,7.046909589,FOVNotMatch,2005/10/12 9:43:03,SAT_14135,4.480610622,15.56971457,SAT_03432,5.458488991,18.84039014,SAT_02863,1.334692078,19.03267861
frame-i-005714-2-0164,1,Success,TRUE,SAT_13954,0.68524104,43.74585398,5.359908967,43.60479171,5.322885187,,2005/10/12 10:24:15,SAT_13954,5.997097531,0.68524104,SAT_14951,4.353394881,1.636506216,SAT_08620,2.505619946,2.140635614
frame-i-005714-4-0236,1,Success,TRUE,SAT_19857,0.206683416,54.59627036,5.143074254,54.43323264,5.11657313,,2005/10/12 11:07:15,SAT_19857,4.815688473,0.206683416,SAT_08366,3.883267967,1.016727767,SAT_08620,1.501522641,1.516992489
frame-i-005815-5-0120,1,Success,TRUE,SAT_26988,3.949137063,140.1340147,17.01486015,140.0340917,17.22178019,,2005/11/3 12:01:41,SAT_26988,2.338036858,3.949137063,SAT_20959,5.854725988,6.538571691,SAT_02337,5.346902717,48.53503642
frame-i-005815-6-0121,1,Success,TRUE,SAT_26988,3.917959687,140.2486668,17.4818849,140.1488564,17.68834156,,2005/11/3 12:02:17,SAT_26988,2.338036858,3.917959687,SAT_20959,5.854725988,6.569749067,SAT_02337,5.346902717,48.56621379
frame-i-005824-6-0097,1,No match,FALSE,N/A,inf,130.6296114,11.27780609,130.5927815,11.49994086,FOVNotMatch,2005/11/6 10:30:24,SAT_23488,3.669094839,5.600919898,SAT_27390,0.085773361,53.77829167,SAT_11926,5.167277472,60.92726158
frame-i-005849-2-0149,1,No match,FALSE,N/A,inf,138.7649691,13.48203473,138.6596322,13.55651089,FOVNotMatch,2005/11/10 11:37:55,SAT_24282,5.557632907,9.585093495,SAT_20837,5.85790377,26.36234184,SAT_08330,5.72493198,28.52476035
frame-i-005934-4-0152,1,No match,FALSE,N/A,inf,41.78417086,31.9960491,41.57663546,32.14063105,FOVNotMatch,2005/12/6 7:51:38,SAT_20736,4.077163296,22.13067124,SAT_15625,5.854858707,43.72321884,SAT_17804,5.868932444,82.48196514
frame-i-005867-6-0239,1,No match,FALSE,N/A,inf,152.7394193,15.99429411,152.6689671,16.06832916,FOVNotMatch,2005/11/12 12:14:16,SAT_05977,4.284806069,19.69394647,SAT_17026,5.785787383,45.70860747,SAT_25360,1.604660298,48.280487
frame-i-005867-2-0184,1,No match,FALSE,N/A,inf,144.5919251,13.02792494,144.6001737,13.091425,FOVNotMatch,2005/11/12 11:41:26,SAT_26992,2.587278731,28.12770234,SAT_07780,5.260459911,30.11425351,SAT_20959,3.491974473,37.0908869
frame-i-005921-3-0011,1,No match,FALSE,N/A,inf,122.1140715,7.765892959,122.2516386,7.885342714,FOVNotMatch,2005/11/30 9:50:15,SAT_20926,2.875223894,38.32001791,SAT_27048,5.572958002,39.53165858,SAT_19400,1.336271754,39.62323231
frame-i-005935-4-0218,1,No match,FALSE,N/A,inf,149.0611756,16.41776344,148.9772145,16.50155751,FOVNotMatch,2005/12/6 11:24:53,SAT_26205,3.309703422,9.78834982,SAT_15053,1.649263143,10.74934994,SAT_08563,2.378069312,64.7974355
frame-i-005960-1-0215,1,No match,FALSE,N/A,inf,144.8102702,80.82266115,144.4817769,80.8870452,FOVNotMatch,2005/12/29 8:27:29,SAT_19994,2.470584827,5.374045615,SAT_13295,5.492985287,38.99589387,SAT_07265,1.536339167,58.98822708
frame-i-005973-3-0130,1,No match,FALSE,N/A,inf,180.7038849,7.019107224,180.6430121,6.940353216,FOVNotMatch,2006/1/6 12:17:11,SAT_12532,4.407669936,15.43741915,SAT_16452,5.379766943,21.66716117,SAT_22927,5.192530113,55.58630432
frame-i-005976-6-0216,1,No match,FALSE,N/A,inf,177.4805771,4.441850388,177.3944966,4.424371877,FOVNotMatch,2006/1/7 12:21:37,SAT_26745,5.09746173,12.01473718,SAT_26101,3.315881521,12.20341485,SAT_26497,5.041713992,13.10981101
frame-i-006005-3-0199,1,No match,FALSE,N/A,inf,192.0123752,5.397787357,191.9874279,5.362844322,FOVNotMatch,2006/1/31 12:06:14,SAT_28514,3.397473357,15.42591802,SAT_20771,3.936446749,57.97796584,SAT_19121,5.195552614,61.53293282
frame-i-006005-1-0083,1,Success,TRUE,SAT_04250,0.824912482,192.2551887,-12.11511739,192.0266372,-12.07134373,,2006/1/31 10:56:59,SAT_04250,1.218597241,0.824912482,SAT_03029,3.381431855,1.627387917,SAT_03692,2.18635178,2.005449486
frame-i-006005-1-0146,1,Success,TRUE,SAT_24770,3.915376957,192.5246715,-2.592978931,192.4472169,-2.604937348,,2006/1/31 11:34:36,SAT_24770,3.869422875,3.915376957,SAT_26738,5.950821253,8.461891367,SAT_26624,4.391133298,8.768671939
frame-i-006005-1-0167,1,Success,TRUE,SAT_21444,2.927149639,192.6501492,0.530659899,192.6197611,0.411670666,,2006/1/31 11:47:08,SAT_21444,5.993194436,2.927149639,SAT_23441,0.080273069,24.41212928,SAT_21199,5.342476066,34.27102275
frame-i-006005-4-0113,1,Success,TRUE,SAT_04353,0.309509805,191.1334956,-7.611227864,190.9541922,-7.570301255,,2006/1/31 11:14:53,SAT_04353,4.915317274,0.309509805,SAT_04902,5.819146052,0.363716418,SAT_16250,5.513656919,0.479689021
frame-i-006005-6-0184,1,No match,FALSE,N/A,inf,190.7782913,3.043077725,190.7632547,3.205685402,FOVNotMatch,2006/1/31 11:57:17,SAT_01099,4.167565213,8.479357605,SAT_11573,3.106512065,20.2776564,SAT_21640,2.587204028,48.74870276
frame-i-006103-4-0068,1,No match,FALSE,N/A,inf,161.0908079,79.41283338,161.5943307,79.3096677,FOVNotMatch,2006/4/21 5:37:43,SAT_25306,5.681846392,38.10907993,SAT_12709,1.549008698,47.55175715,SAT_26813,5.806979611,78.38115267
frame-i-006103-6-0097,1,No match,FALSE,N/A,inf,173.8861096,75.87710647,174.2463738,75.83084986,FOVNotMatch,2006/4/21 5:55:02,SAT_27921,4.419274403,19.7332534,SAT_25836,5.671267127,37.10807548,SAT_21220,0.049399173,44.02828751
frame-i-006104-3-0071,1,No match,FALSE,N/A,inf,247.0273211,16.15367133,247.1229434,16.26195496,FOVNotMatch,2006/4/21 7:33:00,SAT_20767,0.051917854,23.93631644,SAT_24810,1.408733229,40.1830299,SAT_28608,15.41227803,N/A
frame-i-006103-2-0158,1,No match,FALSE,N/A,inf,179.2546912,66.85535416,179.3384962,66.69446065,FOVNotMatch,2006/4/21 6:31:27,SAT_26994,5.685772468,43.02397853,SAT_21426,3.067741948,50.47888147,SAT_23420,2.773944673,60.30205097
frame-i-006118-6-0119,1,No match,FALSE,N/A,inf,179.3371446,72.49358043,179.4258754,72.56902682,FOVNotMatch,2006/4/30 6:01:52,SAT_25803,5.539640388,38.99000608,SAT_22258,5.318099516,60.47184068,SAT_04946,1.317139416,70.3521605
frame-i-006118-4-0125,1,No match,FALSE,N/A,inf,178.0687263,71.44434659,178.0788042,71.48409766,FOVNotMatch,2006/4/30 6:05:27,SAT_25803,5.539640388,53.82729955,SAT_04946,1.317139416,55.51486703,SAT_25798,0.067645602,60.20545931
frame-i-006118-4-0126,1,No match,FALSE,N/A,inf,178.3786459,71.18705119,178.4241879,71.36373801,FOVNotMatch,2006/4/30 6:06:03,SAT_18598,2.624196042,27.92057416,SAT_25798,4.42681939,42.94499,SAT_10834,5.03828708,49.03925523
frame-i-006122-5-0099,1,No match,FALSE,N/A,inf,247.4481115,63.48484704,247.4973738,63.56600336,FOVNotMatch,2006/5/1 8:49:42,SAT_26007,3.272108502,24.95045879,SAT_16398,2.479860865,25.39222704,SAT_20330,1.094004674,25.60411531
frame-i-006121-6-0080,1,Success,TRUE,SAT_22797,3.321129061,189.8962272,-12.18527358,189.6995526,-12.22289984,,2006/5/1 6:20:35,SAT_22797,5.321820093,3.321129061,SAT_25539,5.741018002,8.018821013,SAT_02219,3.119671854,12.23310157
frame-i-006122-3-0106,1,Success,TRUE,SAT_10925,2.407712826,250.5292851,62.88562324,250.1321089,63.01427993,,2006/5/1 8:53:53,SAT_10925,0.421919744,2.407712826,SAT_21326,0.141401746,6.457036122,SAT_10485,3.016546036,9.773089573
frame-i-006122-3-0107,1,Success,TRUE,SAT_10925,2.145124615,250.8054141,63.0857852,250.6513837,63.13588832,,2006/5/1 8:54:29,SAT_10925,0.421919744,2.145124615,SAT_21326,0.141401746,6.194447912,SAT_10485,3.016546036,9.510501363
frame-i-006162-1-0092,1,Success,TRUE,SAT_20649,1.695895114,245.6437155,61.45884137,245.4584007,61.52135781,,2006/5/24 6:35:42,SAT_20649,5.423165555,1.695895114,SAT_03307,0.017512277,1.938275891,SAT_09820,2.965647817,9.672679045
frame-i-006162-2-0111,1,No match,FALSE,N/A,inf,251.2054283,62.75862703,251.0292737,62.96744375,FOVNotMatch,2006/5/24 6:47:03,SAT_06679,0.069093883,8.160232555,SAT_03848,2.342327527,27.48112198,SAT_20649,5.297566545,28.80250974
frame-i-006162-2-0111,2,Success,TRUE,SAT_10410,4.59326479,250.9329075,62.85526519,251.0990405,62.97698115,,2006/5/24 6:47:03,SAT_10410,4.003914711,4.59326479,SAT_26569,4.322769322,11.18082228,SAT_18701,0.62217939,13.24755354
frame-i-006166-4-0157,1,No match,FALSE,N/A,inf,208.9870541,-6.612727767,209.1084833,-6.486949576,FOVNotMatch,2006/5/25 4:55:09,SAT_25838,5.165120742,29.39319377,SAT_19622,1.877856877,37.68854216,SAT_25126,0.024785435,44.24336996
frame-i-006166-3-0168,1,No match,FALSE,N/A,inf,209.1575481,-8.162785599,209.238019,-8.256817794,FOVNotMatch,2006/5/25 5:01:43,SAT_14005,4.410030261,33.62920737,SAT_13899,2.290057376,33.68636742,SAT_19483,3.724595422,35.14871431
frame-i-006174-1-0228,1,No match,FALSE,N/A,inf,212.8772285,-17.66492532,213.0083647,-17.44458278,FOVNotMatch,2006/5/26 5:46:09,SAT_11883,3.444580328,13.08723076,SAT_08185,0.186716757,13.17033568,SAT_28558,4.271477942,17.38896308
frame-i-006174-2-0231,1,No match,FALSE,N/A,inf,213.6563659,-17.83283636,213.6825953,-17.78767142,FOVNotMatch,2006/5/26 5:47:56,SAT_11883,3.444580328,12.45419188,SAT_08185,0.186716757,12.53729679,SAT_28558,4.271477942,16.75592419
frame-i-006174-5-0201,1,No match,FALSE,N/A,inf,212.8852382,-13.22687738,212.9078239,-13.20086255,FOVNotMatch,2006/5/26 5:30:02,SAT_13912,1.396729885,14.91627791,SAT_23867,2.756972745,37.37987707,SAT_26721,0.593944747,38.64789198
frame-i-006174-5-0155,1,No match,FALSE,N/A,inf,209.868206,-7.014568697,209.9735654,-6.862294236,FOVNotMatch,2006/5/26 5:02:34,SAT_11896,1.802199628,13.64781712,SAT_18357,4.66642949,14.43181945,SAT_07044,4.768814138,14.47894189
frame-i-006174-1-0214,1,No match,FALSE,N/A,inf,211.9996064,-15.76336138,212.117417,-15.548661,FOVNotMatch,2006/5/26 5:37:47,SAT_16993,2.942214844,7.667315065,SAT_21722,3.81903698,12.20834524,SAT_14172,4.013200209,14.01325996
frame-i-006177-6-0346,1,No match,FALSE,N/A,inf,331.5115234,11.42974152,331.457228,11.58347971,FOVNotMatch,2006/5/27 9:57:50,SAT_26629,2.82819784,38.16846741,SAT_15827,5.463953887,40.7382916,SAT_27878,1.618922318,46.79235161
frame-i-006366-3-0130,1,No match,FALSE,N/A,inf,349.0322557,18.62831137,349.0605462,18.67830673,FOVNotMatch,2006/9/18 3:21:27,SAT_03131,0.750484521,23.26855172,SAT_09598,0.123772625,25.8721125,SAT_15644,0.053745362,69.3039063
frame-i-006354-3-0321,1,No match,FALSE,N/A,inf,356.7852013,3.53426231,356.8377254,3.583466945,FOVNotMatch,2006/9/16 7:02:43,SAT_29056,3.260106966,16.2874648,SAT_05587,5.891005775,28.11619477,SAT_04902,5.649630862,28.33184757
frame-i-006361-2-0082,1,No match,FALSE,N/A,inf,3.893890688,-12.23538945,3.841630489,-12.11083842,FOVNotMatch,2006/9/17 7:13:27,SAT_28706,2.726775917,55.31311107,SAT_26039,5.822439742,59.4012107,SAT_23201,4.563674993,63.76960826
frame-i-006361-1-0036,1,Success,TRUE,SAT_23201,4.297330976,0.313043077,-6.215781446,0.502011253,-6.238004051,,2006/9/17 6:45:59,SAT_23201,5.389522155,4.297330976,SAT_26469,5.154612966,6.662997221,SAT_29236,2.359261082,6.712608942
frame-i-006413-2-0079,1,No match,FALSE,N/A,inf,6.022091018,-16.29785745,5.954167012,-16.14811326,FOVNotMatch,2006/9/29 5:28:54,SAT_03551,4.756307606,59.92948132,SAT_28904,3.345301458,61.84657458,SAT_25540,3.706635701,65.94729542
frame-i-006413-2-0080,1,No match,FALSE,N/A,inf,6.098725109,-16.42831299,6.070050387,-16.36517943,FOVNotMatch,2006/9/29 5:29:30,SAT_03551,4.756307606,59.92077669,SAT_28904,3.345301458,61.83786995,SAT_25540,3.706635701,65.93859079
frame-i-006413-2-0060,1,Success,TRUE,SAT_27402,0.927381647,4.622982274,-13.62789247,4.746605681,-13.62456503,,2006/9/29 5:17:34,SAT_27402,5.490705722,0.927381647,SAT_16001,5.920869284,1.331393348,SAT_15963,4.183488568,1.630298683
frame-i-006413-1-0100,1,No match,FALSE,N/A,inf,7.036279528,-19.22577713,7.174813513,-19.26339058,FOVNotMatch,2006/9/29 5:41:27,SAT_07680,5.669276403,6.784905356,SAT_28904,4.753386292,11.13877583,SAT_25540,4.832160343,15.13383431
frame-i-006413-6-0086,1,No match,FALSE,N/A,inf,8.154401631,-16.38785058,8.076140572,-16.29537283,FOVNotMatch,2006/9/29 5:33:05,SAT_16001,5.677001895,25.7771222,SAT_03583,4.836910762,46.11242796,SAT_28904,4.02257169,46.1981166
frame-i-001302-2-0158,1,No match,FALSE,N/A,inf,128.8734436,49.43775211,129.1436716,49.29957214,FOVNotMatch,2000/3/30 6:42:31,SAT_20413,3.079997857,16.69673682,SAT_07276,5.430090488,86.83374308,SAT_22413,8.983049876,N/A
frame-i-001302-4-0249,1,No match,FALSE,N/A,inf,145.494241,59.16454688,145.5863865,59.18811459,FOVNotMatch,2000/3/30 7:36:51,SAT_07276,5.681326813,7.29905411,SAT_10970,4.670459329,47.3201414,SAT_13480,1.361733762,78.92200867
frame-i-001241-3-0181,1,No match,FALSE,N/A,inf,165.4617767,-2.643540148,165.4974571,-2.545113466,FOVNotMatch,2000/3/4 8:35:23,SAT_13023,4.68019632,42.59703328,SAT_23249,4.433501495,59.60282186,SAT_25138,3.174428089,67.4053203
frame-i-001302-2-0364,1,No match,FALSE,N/A,inf,180.5454688,64.36690673,180.9316049,64.30843294,FOVNotMatch,2000/3/30 8:45:31,SAT_19904,4.130523915,7.232011867,SAT_15429,1.309761087,8.55653165,SAT_20646,5.044257568,15.8321275
frame-i-001332-3-0057,1,No match,FALSE,N/A,inf,159.4688679,62.19706278,159.5149145,62.31626784,FOVNotMatch,2000/4/4 7:33:12,SAT_17134,5.531483667,22.26845428,SAT_22309,1.948086921,44.45182128,SAT_19168,5.53540957,56.27931598
frame-i-001339-5-0037,1,Success,TRUE,SAT_24960,1.657635343,257.1779407,61.28302414,257.417315,61.22898065,,2000/4/4 10:42:14,SAT_24960,5.653406543,1.657635343,SAT_12156,3.401303976,6.805921886,SAT_11896,4.561830292,13.89819
frame-i-001339-1-0055,1,Success,TRUE,SAT_11882,2.934747591,256.032376,58.03405549,256.1082904,58.02280281,,2000/4/4 10:52:59,SAT_11882,2.219438717,2.934747591,SAT_12156,5.834017217,18.25356246,SAT_09958,4.514412938,39.80295673
frame-i-001339-1-0055,2,Success,TRUE,SAT_07079,0.816616687,256.2798243,58.06113955,256.2690999,58.05581513,,2000/4/4 10:52:59,SAT_07079,0.880558538,0.816616687,SAT_15811,2.216103204,1.447192762,SAT_21709,2.835643698,1.490464872
frame-i-001339-6-0094,1,No match,FALSE,N/A,inf,263.0669157,53.26124789,263.1667119,53.18405731,FOVNotMatch,2000/4/4 11:16:16,SAT_21034,4.264465235,21.13662044,SAT_15362,0.093993835,53.43434261,SAT_16070,5.940536397,64.97081922
frame-i-001334-2-0031,1,No match,FALSE,N/A,inf,201.2138603,-0.469630284,201.3763373,-0.403899187,FOVNotMatch,2000/4/4 8:11:25,SAT_23301,5.021308174,11.04899597,SAT_25776,1.467808833,15.38953006,SAT_23244,3.604567085,16.61606259
frame-i-001345-1-0102,1,No match,FALSE,N/A,inf,123.8190397,44.21652758,123.4984033,44.26789064,FOVNotMatch,2000/4/5 3:42:39,SAT_19390,0.108887121,34.55462493,SAT_21025,2.386185757,61.49422568,SAT_19445,3.805869561,81.80474659
frame-i-001345-2-0216,1,Success,TRUE,SAT_19445,0.214751064,141.933662,56.82287712,142.0708419,56.97237415,,2000/4/5 4:50:43,SAT_19445,5.597234183,0.214751064,SAT_17328,2.412626194,14.06519537,SAT_20646,3.7976775,18.51621296
frame-i-001345-6-0197,1,No match,FALSE,N/A,inf,136.1852103,56.15434824,136.2220341,56.37194903,FOVNotMatch,2000/4/5 4:39:22,SAT_19445,2.929708234,19.60747349,SAT_17328,0.000766623,33.32456341,SAT_25830,3.353948104,34.33039926
frame-i-001345-6-0197,2,No match,FALSE,N/A,inf,136.1653022,56.33297492,136.2384104,56.36207523,FOVNotMatch,2000/4/5 4:39:22,SAT_20646,3.063482733,11.40013715,SAT_17328,0.000766623,15.61688139,SAT_22250,0.495449032,26.97971986
frame-i-001345-5-0325,1,No match,FALSE,N/A,inf,171.7493866,65.02790361,171.8394361,65.14593282,FOVNotMatch,2000/4/5 5:55:48,SAT_03912,4.596611366,12.05184392,SAT_12328,5.243238041,33.98154693,SAT_21007,4.5902961,56.74300709
frame-i-001345-6-0479,1,No match,FALSE,N/A,inf,222.8654913,60.78497636,222.9928431,60.89224133,FOVNotMatch,2000/4/5 7:27:45,SAT_14736,0.085793215,8.166392393,SAT_12933,3.804908887,15.16166687,SAT_08425,3.869402838,17.9141512
frame-i-001345-6-0480,1,No match,FALSE,N/A,inf,223.3728651,60.61738213,223.5105518,60.73220481,FOVNotMatch,2000/4/5 7:28:20,SAT_14736,0.085793215,7.791289594,SAT_12933,3.804908887,14.78656407,SAT_08425,3.869402838,17.5390484
frame-i-001350-2-0224,1,No match,FALSE,N/A,inf,139.5789016,58.55990558,139.7995333,58.63978502,FOVNotMatch,2000/4/6 5:00:36,SAT_20646,2.605068738,7.918952585,SAT_17328,0.065878621,12.60106058,SAT_22309,5.924419199,22.50573259
frame-i-001350-2-0230,1,Success,TRUE,SAT_12442,3.304542807,140.8889717,59.13992096,141.1138877,59.22745003,,2000/4/6 5:04:11,SAT_12442,4.910137424,3.304542807,SAT_20646,2.289343975,4.582220841,SAT_17328,0.222771471,9.354139296
frame-i-001350-2-0230,2,Success,TRUE,SAT_12442,0.966235412,140.9209088,59.12513258,141.1317275,59.21438948,,2000/4/6 5:04:11,SAT_12442,4.910137424,0.966235412,SAT_20646,2.289343975,2.243913446,SAT_17328,0.222771471,7.015831901
frame-i-001350-2-0362,1,No match,FALSE,N/A,inf,182.0511859,66.70576956,182.4279104,66.77057676,FOVNotMatch,2000/4/6 6:23:00,SAT_10452,4.518766898,5.475425729,SAT_07376,2.761406979,31.82973915,SAT_15223,2.340685323,36.08752573
frame-i-001350-3-0356,1,No match,FALSE,N/A,inf,179.8407509,67.0991344,180.0762187,67.12645492,FOVNotMatch,2000/4/6 6:19:25,SAT_07376,1.864524278,23.60671509,SAT_15223,3.793898769,27.97856057,SAT_19716,1.107763396,35.92646094
frame-i-001350-2-0361,1,No match,FALSE,N/A,inf,181.6371322,66.74993236,181.9598858,66.80625493,FOVNotMatch,2000/4/6 6:22:24,SAT_07376,1.864524278,30.86845677,SAT_15223,3.793898769,35.24030225,SAT_19716,1.107763396,43.18820262
frame-i-001350-2-0361,2,No match,FALSE,N/A,inf,181.647106,66.69240955,181.7153379,66.69776278,FOVNotMatch,2000/4/6 6:22:24,SAT_07376,1.864524278,18.21202509,SAT_15223,3.793898769,22.58387057,SAT_19716,1.107763396,30.53177094
frame-i-001350-2-0419,1,No match,FALSE,N/A,inf,203.2567896,65.53988073,203.4810716,65.62198424,FOVNotMatch,2000/4/6 6:57:02,SAT_24960,3.042006702,5.217139896,SAT_22597,2.996942408,5.953030991,SAT_14520,3.081670675,6.83400459
frame-i-001350-5-0414,1,Success,TRUE,SAT_15223,2.051602632,202.4485094,67.18135112,202.6692176,67.14517536,,2000/4/6 6:54:03,SAT_15223,1.988270666,2.051602632,SAT_19716,3.997693466,8.65113925,SAT_23642,5.398467898,15.55644223
frame-i-001363-5-0016,1,Success,TRUE,SAT_15930,0.700850958,111.0497474,35.45803789,111.1872761,35.58283468,,2000/4/7 3:18:54,SAT_15930,0.135664254,0.700850958,SAT_21025,1.343127914,12.20225931,SAT_18701,5.440082473,60.02828419
frame-i-001359-1-0012,1,No match,FALSE,N/A,inf,253.9548774,66.51420512,254.5202114,66.53166051,FOVNotMatch,2000/4/6 10:33:18,SAT_08195,1.598769381,11.4465698,SAT_11896,1.759664725,15.78105827,SAT_12159,1.805183307,16.96644491
frame-i-001402-5-0150,1,No match,FALSE,N/A,inf,126.2132664,52.45618926,126.0090455,52.51920252,FOVNotMatch,2000/4/25 4:56:50,SAT_12324,0.615163996,8.678960693,SAT_04642,0.12040861,12.50977812,SAT_20258,4.415018667,16.62412164
frame-i-001402-3-0153,1,No match,FALSE,N/A,inf,127.4892651,52.3600474,127.6893504,52.34392989,FOVNotMatch,2000/4/25 4:58:37,SAT_09011,1.558256325,26.07666366,SAT_20258,2.42568879,38.7426008,SAT_16393,5.697453191,51.56490256
frame-i-001402-4-0194,1,No match,FALSE,N/A,inf,134.1192256,57.2286956,134.1442017,57.28523655,FOVNotMatch,2000/4/25 5:23:06,SAT_13591,4.411783832,31.64594791,SAT_16393,3.508192962,36.18381848,SAT_07654,2.085716726,71.90187271
frame-i-001412-5-0021,1,Success,TRUE,SAT_13034,3.688753421,137.449087,59.29774913,137.178119,59.47490722,,2000/4/27 4:23:40,SAT_13034,2.093866245,3.688753421,SAT_21630,5.965814336,29.41291004,SAT_19445,2.709775598,67.75320633
frame-i-001412-2-0070,1,Success,TRUE,SAT_13591,1.597555181,150.7518826,62.83007316,150.9827509,62.91803497,,2000/4/27 4:52:55,SAT_13591,3.36605422,1.597555181,SAT_22309,2.562705688,6.040818742,SAT_17328,1.411253645,7.790781528
frame-i-001412-4-0128,1,Success,TRUE,SAT_20646,2.597684023,169.1449022,67.02063174,169.3249002,67.04527971,,2000/4/27 5:27:33,SAT_20646,2.186633574,2.597684023,SAT_17328,3.631057847,4.867537215,SAT_15053,2.425535371,6.863805914
frame-i-001412-1-0193,1,No match,FALSE,N/A,inf,193.7792392,66.185705,194.0424215,66.30645406,FOVNotMatch,2000/4/27 6:06:22,SAT_10653,5.810020145,14.11358805,SAT_17333,2.451040079,22.54535734,SAT_14430,3.582350454,26.18868596
frame-i-001412-6-0184,1,No match,FALSE,N/A,inf,190.9981498,68.42635557,191.1020783,68.64786747,FOVNotMatch,2000/4/27 6:00:59,SAT_22463,2.444670757,50.02420276,SAT_17333,2.537769359,52.54540512,SAT_07129,3.753466077,58.93880394
frame-i-001412-4-0202,1,No match,FALSE,N/A,inf,197.7239883,67.34577275,198.1589771,67.35366009,FOVNotMatch,2000/4/27 6:11:44,SAT_17333,1.587279215,22.21464776,SAT_07376,1.832461753,29.46256995,SAT_24963,4.692626095,33.3703183
frame-i-001412-2-0241,1,Success,TRUE,SAT_17333,0.027326075,210.6894123,64.63208183,211.0013772,64.67739325,,2000/4/27 6:35:01,SAT_17333,3.594049874,0.027326075,SAT_11896,4.329041422,7.664042179,SAT_24963,0.085875298,10.49267466
frame-i-001412-1-0270,1,Success,TRUE,SAT_03606,2.527197099,219.0162062,62.35946186,219.2178915,62.31528689,,2000/4/27 6:52:20,SAT_03606,4.03202664,2.527197099,SAT_13591,5.129947724,8.155329468,SAT_18153,2.119312936,9.610438694
frame-i-001412-1-0272,1,No match,FALSE,N/A,inf,219.5298014,62.1757122,219.8455934,62.10546159,FOVNotMatch,2000/4/27 6:53:32,SAT_04921,1.353739483,16.91467875,SAT_16996,1.706685024,24.5518204,SAT_01328,4.947697804,35.64785469
frame-i-001451-3-0039,1,No match,FALSE,N/A,inf,200.8101669,-0.177645216,200.9262492,-0.160751625,FOVNotMatch,2000/5/3 6:50:31,SAT_26056,5.434373563,8.27346726,SAT_23754,5.413227258,8.310106952,SAT_24748,5.502072335,8.311291115
frame-i-001458-1-0160,1,No match,FALSE,N/A,inf,148.7966478,0.975166566,148.7739104,1.197035681,FOVNotMatch,2000/5/4 4:25:41,SAT_06118,0.051051743,7.733807859,SAT_02360,1.016976862,7.779424736,SAT_24990,3.041642693,17.3163484
frame-i-001458-4-0187,1,No match,FALSE,N/A,inf,152.7274178,2.351984294,152.8573976,2.44269156,FOVNotMatch,2000/5/4 4:41:49,SAT_10314,0.188278423,19.82743277,SAT_18877,5.51231932,33.92034568,SAT_19874,5.301630539,34.07863544
frame-i-001458-5-0189,1,No match,FALSE,N/A,inf,153.0473117,2.756412288,153.1444608,2.983405271,FOVNotMatch,2000/5/4 4:43:00,SAT_10314,0.188278423,51.75026167,SAT_07665,5.552092807,53.25901035,SAT_08286,0.424619157,53.33790469
frame-i-001458-1-0190,1,No match,FALSE,N/A,inf,153.2739474,1.161963195,153.2045963,1.186031796,FOVNotMatch,2000/5/4 4:43:36,SAT_05775,3.471435781,8.777546285,SAT_14307,3.396109945,12.20704602,SAT_15995,5.857143661,12.95131358
frame-i-001458-3-0300,1,Success,TRUE,SAT_20255,2.382118607,169.8259034,2.212529172,169.7630912,2.432525762,,2000/5/4 5:49:17,SAT_20255,5.599306007,2.382118607,SAT_24950,1.632850239,3.116124592,SAT_16194,4.664984809,7.064736898
frame-i-001458-4-0300,1,Success,TRUE,SAT_20255,2.330028052,169.6663434,2.774210214,169.7078906,2.628232234,,2000/5/4 5:49:17,SAT_20255,5.599306007,2.330028052,SAT_24950,1.632850239,3.168215147,SAT_16194,4.664984809,7.116827453
frame-i-001458-4-0602,1,No match,FALSE,N/A,inf,214.9649526,2.466387703,215.0464981,2.605080578,FOVNotMatch,2000/5/4 8:49:36,SAT_14796,1.620325636,11.84944318,SAT_05060,0.477031495,30.80154118,SAT_20947,4.69518231,53.25910564
frame-i-001458-6-0611,1,No match,FALSE,N/A,inf,216.2843993,3.256225489,216.4500023,3.378640128,FOVNotMatch,2000/5/4 8:54:58,SAT_20947,5.424284357,30.74346027,SAT_14796,0.010235562,34.97177063,SAT_21804,4.004221417,44.43247293
frame-i-001458-3-0639,1,Success,TRUE,SAT_20185,2.70606304,220.5861107,1.94141127,220.5228805,2.056760536,,2000/5/4 9:11:41,SAT_20185,1.148253228,2.70606304,SAT_05958,5.032094131,4.786175101,SAT_22741,5.085043591,50.07118768
frame-i-001458-2-0665,1,No match,FALSE,N/A,inf,224.4520385,1.308835704,224.4941702,1.360571928,FOVNotMatch,2000/5/4 9:27:13,SAT_18983,4.698567385,13.81449164,SAT_23050,4.048105289,18.01864936,SAT_22328,1.22919236,33.00410006
frame-i-001458-2-0665,2,No match,FALSE,N/A,inf,224.3344891,1.483888562,224.4258244,1.533284778,FOVNotMatch,2000/5/4 9:27:13,SAT_23426,5.273824486,29.57620366,SAT_19874,5.082240252,30.337097,SAT_21762,5.666912486,33.62653226
frame-i-001458-4-0743,1,No match,FALSE,N/A,inf,236.140377,2.010611961,236.1958737,1.7956043,FOVNotMatch,2000/5/4 10:13:47,SAT_23293,1.134819362,23.3519459,SAT_24833,0.070998857,33.8790689,SAT_25806,3.130872207,37.57360166
frame-i-001462-3-0186,1,No match,FALSE,N/A,inf,153.2722039,1.717404169,153.331322,1.836290355,FOVNotMatch,2000/5/5 5:05:21,SAT_23736,0.617488759,6.127762237,SAT_23697,1.988170556,33.04001839,SAT_15541,4.93308342,46.52402515
frame-i-001462-4-0228,1,Success,TRUE,SAT_13970,0.031977573,159.5271239,2.411763751,159.613306,2.400555192,,2000/5/5 5:30:26,SAT_13970,5.730267453,0.031977573,SAT_14307,3.347601384,0.399889467,SAT_15995,2.332901879,0.819098288
frame-i-001462-2-0395,1,Success,TRUE,SAT_14907,2.43864839,184.5994665,1.670338737,184.6396124,1.861240964,,2000/5/5 7:10:09,SAT_14907,0.815106549,2.43864839,SAT_21283,5.639553904,18.65492376,SAT_18426,4.845975175,30.65638225
frame-i-001462-5-0442,1,Success,TRUE,SAT_13585,1.419912444,191.5221584,2.940600709,191.5925561,3.113173829,,2000/5/5 7:38:12,SAT_13585,1.596431819,1.419912444,SAT_20721,2.438349533,25.46406368,SAT_15561,4.622839624,70.35298287
frame-i-001462-4-0443,1,Success,TRUE,SAT_13585,1.230655506,191.6700866,2.564302791,191.7308237,2.714663432,,2000/5/5 7:38:48,SAT_13585,1.596431819,1.230655506,SAT_20721,2.438349533,25.27480674,SAT_15561,4.622839624,70.54223981
frame-i-001462-5-0443,1,Success,TRUE,SAT_13585,1.257025301,191.809505,2.908482459,191.8352957,2.9722289,,2000/5/5 7:38:48,SAT_13585,1.596431819,1.257025301,SAT_20721,2.438349533,25.30117654,SAT_15561,4.622839624,70.51587001
frame-i-001478-1-0078,1,No match,FALSE,N/A,inf,219.5987758,2.974753398,219.6250902,2.93538586,FOVNotMatch,2000/5/10 9:13:31,SAT_11221,2.896966496,14.19008352,SAT_15390,0.644313776,26.15833725,SAT_20533,13.21735048,N/A
frame-i-001478-1-0079,1,No match,FALSE,N/A,inf,219.8186497,3.079312958,219.9109363,2.940795501,FOVNotMatch,2000/5/10 9:14:06,SAT_11221,2.896966496,14.27786827,SAT_15390,0.644313776,26.246122,SAT_20533,13.21735048,N/A
frame-i-006469-4-0029,1,No match,FALSE,N/A,inf,43.83389825,20.21098306,43.76638001,20.20119608,FOVNotMatch,2006/10/20 6:29:57,SAT_24282,3.104777352,13.36815949,SAT_28133,4.004573806,25.7604008,SAT_00340,2.325973074,33.20173098
frame-i-006469-4-0102,1,No match,FALSE,N/A,inf,55.01097823,17.09900498,54.97382128,17.14847044,FOVNotMatch,2006/10/20 7:13:32,SAT_01953,3.070606793,52.04503687,SAT_10723,4.691989506,61.30263597,SAT_20469,13.15257486,N/A
frame-i-006572-3-0037,1,No match,FALSE,N/A,inf,24.40206469,-19.34497534,24.25039688,-19.42835729,FOVNotMatch,2006/11/18 4:13:22,SAT_21450,5.518073557,18.03993355,SAT_23847,0.648452172,39.73336514,SAT_21270,5.672535327,41.79379067
frame-i-006572-3-0038,1,Success,TRUE,SAT_14595,2.87776647,24.60189529,-19.40288627,24.56851105,-19.32969988,,2006/11/18 4:13:58,SAT_14595,2.261166319,2.87776647,SAT_26383,0.472125774,32.40127091,SAT_26115,4.94464509,38.28386239
frame-i-006572-3-0038,2,No match,FALSE,N/A,inf,24.50810888,-19.23106289,24.44942988,-19.26348704,FOVNotMatch,2006/11/18 4:13:58,SAT_21450,5.518073557,18.14546957,SAT_23847,0.648452172,39.83890115,SAT_21270,5.672535327,41.68825465
frame-i-006574-5-0011,1,Success,TRUE,SAT_14608,2.297909327,120.5190564,-8.194045196,120.3876426,-8.009625581,,2006/11/18 9:17:19,SAT_14608,5.094200777,2.297909327,SAT_29261,0.038104867,10.06748316,SAT_27494,0.886148649,13.17208259
frame-i-006591-6-0029,1,No match,FALSE,N/A,inf,20.61351133,-20.34252578,20.69707169,-20.23767251,FOVNotMatch,2006/11/22 5:19:02,SAT_21426,5.88551319,14.0132001,SAT_25465,3.597004318,33.0384466,SAT_24724,5.170870773,34.84781159
frame-i-006708-6-0075,1,No match,FALSE,N/A,inf,73.94555829,-3.217957731,73.86390203,-3.197315569,FOVNotMatch,2007/2/7 2:22:01,SAT_29642,2.627655096,11.53150019,SAT_28936,0.560128866,13.31969605,SAT_24315,3.785058691,14.19666386
frame-i-006753-5-0034,1,No match,FALSE,N/A,inf,220.5058112,63.51585415,220.3462931,63.55315798,FOVNotMatch,2007/3/14 9:12:29,SAT_17328,5.575598004,7.974144972,SAT_08326,0.910139365,8.022422281,SAT_07297,1.005542629,10.56880837
frame-i-006749-3-0206,1,No match,FALSE,N/A,inf,145.7981275,6.201110559,145.8656742,6.334149059,FOVNotMatch,2007/3/14 6:00:35,SAT_23642,5.274074337,7.097275271,SAT_14985,1.393031949,62.99012562,SAT_15873,1.158145979,64.96675774
frame-i-006753-2-0042,1,No match,FALSE,N/A,inf,221.3577556,61.8637718,221.0425868,61.93462721,FOVNotMatch,2007/3/14 9:17:15,SAT_25526,4.886241611,13.87963228,SAT_10925,0.003993563,15.28798581,SAT_06660,5.130892511,15.50889465
frame-i-006751-4-0070,1,No match,FALSE,N/A,inf,205.0057472,5.262354352,204.9960274,5.401830329,FOVNotMatch,2007/3/14 7:13:31,SAT_21155,3.042160452,31.39227786,SAT_21406,2.683506589,37.75508508,SAT_19121,4.309155946,77.50078813
frame-i-006781-1-0083,1,No match,FALSE,N/A,inf,179.3297483,3.2761494,179.2607731,3.356623401,FOVNotMatch,2007/4/15 4:57:56,SAT_28822,3.021246031,6.312662937,SAT_27430,3.44641204,13.26319405,SAT_28454,3.699941095,19.85174521
frame-i-006794-2-0056,1,No match,FALSE,N/A,inf,220.7891915,-6.722286241,220.7119703,-6.545344831,FOVNotMatch,2007/4/20 7:33:00,SAT_00409,0.369563928,10.44509323,SAT_06677,0.620659472,47.92305628,SAT_19776,1.828671747,53.24924811
frame-i-006794-5-0196,1,No match,FALSE,N/A,inf,239.5322821,-17.00174474,239.4229211,-16.87105699,FOVNotMatch,2007/4/20 8:56:36,SAT_12529,4.598552238,18.57773872,SAT_10844,2.351052013,20.28250676,SAT_03121,0.026260803,37.11039055
frame-i-007178-5-0016,1,No match,FALSE,N/A,inf,70.37405179,-5.37528332,70.47752838,-5.221088976,FOVNotMatch,2007/11/19 9:21:45,SAT_10620,3.497640209,13.50306383,SAT_17216,3.551044509,19.94965176,SAT_15473,0.331196704,36.77944898
frame-i-007178-4-0022,1,No match,FALSE,N/A,inf,71.3972731,-5.374016008,71.50015247,-5.219679586,FOVNotMatch,2007/11/19 9:25:20,SAT_10620,3.497640209,13.32577209,SAT_17216,3.551044509,19.77236001,SAT_15473,0.331196704,36.60215723
frame-i-007178-4-0022,2,No match,FALSE,N/A,inf,71.47588733,-5.174960318,71.37331231,-5.328943989,FOVNotMatch,2007/11/19 9:25:20,SAT_10620,3.497640209,13.30987684,SAT_17216,3.551044509,19.75646476,SAT_15473,0.331196704,36.58626199
frame-i-007178-4-0023,1,No match,FALSE,N/A,inf,71.5896508,-5.341167073,71.67081251,-5.219598844,FOVNotMatch,2007/11/19 9:25:55,SAT_22431,2.601996697,14.1325942,SAT_10620,4.526757702,14.89912412,SAT_17216,2.917700024,19.84046409
frame-i-007178-4-0023,2,No match,FALSE,N/A,inf,71.54394084,-5.3293978,71.64662001,-5.174773972,FOVNotMatch,2007/11/19 9:25:55,SAT_22431,2.601996697,13.99251681,SAT_10620,4.526757702,14.75904673,SAT_17216,2.917700024,19.7003867
frame-i-007183-4-0226,1,No match,FALSE,N/A,inf,40.60223804,0.170194516,40.54221201,0.228984176,FOVNotMatch,2007/11/20 6:46:16,SAT_23671,4.26819454,38.81317977,SAT_00635,1.920587983,44.3572599,SAT_25558,5.520754153,44.40285523
frame-i-007183-3-0184,1,No match,FALSE,N/A,inf,34.21830285,-0.414620687,34.15114066,-0.346588003,FOVNotMatch,2007/11/20 6:21:11,SAT_25806,4.67310373,24.01282517,SAT_23671,1.039332202,41.05500821,SAT_25126,5.624416618,44.22095358
frame-i-007264-4-0029,1,Success,TRUE,SAT_25282,3.797322784,29.07335602,-14.87363727,28.95847615,-14.87777374,,2008/1/1 3:34:47,SAT_25282,2.622010784,3.797322784,SAT_20193,5.520112844,4.375561641,SAT_27401,1.217287536,12.3984584
frame-i-007183-5-0349,1,Success,TRUE,SAT_12237,4.470536112,59.01596864,0.500320892,58.92971579,0.647824498,,2007/11/20 7:59:42,SAT_12237,3.771403415,4.470536112,SAT_11057,4.22419425,11.92571364,SAT_16102,5.64496131,27.12697159
frame-i-007264-4-0085,1,Success,TRUE,SAT_07435,0.724842238,35.2916392,-9.337077575,35.30459824,-9.275778821,,2008/1/1 4:08:13,SAT_07435,2.474932544,0.724842238,SAT_08136,1.181378692,2.777533264,SAT_00622,4.920011532,13.9493952
frame-i-007675-5-0041,N/A,Failed,FALSE,N/A,N/A,N/A,N/A,N/A,N/A,JSON file error,N/A,N/A,N/A,N/A,N/A,N/A,N/A,N/A,N/A,N/A
frame-i-007675-5-0042,1,No match,FALSE,N/A,inf,26.10991885,3.075956637,26.02185413,3.108024802,FOVNotMatch,2008/9/6 9:59:33,SAT_02222,5.235773623,19.3383828,SAT_03289,3.266485933,20.9548092,SAT_03029,5.20367608,23.8326923
frame-i-007699-6-0037,1,No match,FALSE,N/A,inf,351.8715447,25.61239775,351.8882902,25.69935745,FOVNotMatch,2008/9/24 7:07:42,SAT_32782,3.934483296,45.1925453,SAT_01510,5.65210441,61.92768733,SAT_29008,4.481501781,64.2247835
frame-i-007699-6-0041,1,Success,TRUE,SAT_29008,2.647775326,352.5455369,25.54045744,352.7237189,25.57839686,,2008/9/24 7:10:05,SAT_29008,4.481501781,2.647775326,SAT_01510,5.65210441,4.944871499,SAT_00011,5.960956538,12.29310416
frame-i-007675-5-0125,N/A,Failed,FALSE,N/A,N/A,N/A,N/A,N/A,N/A,JSON file error,N/A,N/A,N/A,N/A,N/A,N/A,N/A,N/A,N/A,N/A
frame-i-007675-5-0127,1,No match,FALSE,N/A,inf,38.84759703,2.752724897,38.6844357,2.778518772,FOVNotMatch,2008/9/6 10:50:18,SAT_02222,5.858484685,7.227939024,SAT_03289,3.152233992,8.477758291,SAT_03029,4.885222445,10.28460832
frame-i-007675-2-0129,1,Success,TRUE,SAT_10761,3.095835018,38.98500711,1.447082263,39.06190762,1.669283751,,2008/9/6 10:51:29,SAT_10761,4.466233507,3.095835018,SAT_32776,5.507567167,9.211607699,SAT_00243,1.267103821,18.39667402
frame-i-007675-5-0132,1,No match,FALSE,N/A,inf,39.598767,2.833891692,39.43648125,2.859270697,FOVNotMatch,2008/9/6 10:53:17,SAT_02222,5.858484685,7.133192162,SAT_03289,3.152233992,8.383011429,SAT_03029,4.885222445,10.18986146
frame-i-007675-6-0149,1,No match,FALSE,N/A,inf,42.15500065,3.098726324,41.99225312,3.123822253,FOVNotMatch,2008/9/6 11:03:26,SAT_03289,2.229119821,7.9665948,SAT_03029,5.96017908,9.537712636,SAT_02863,5.648046185,12.32160588
frame-i-007675-6-0151,1,No match,FALSE,N/A,inf,42.45561326,3.128831555,42.29499042,3.153449889,FOVNotMatch,2008/9/6 11:04:38,SAT_03289,2.229119821,7.914506858,SAT_03029,5.96017908,9.485624693,SAT_02863,5.648046185,12.26951794
frame-i-007675-6-0152,1,No match,FALSE,N/A,inf,42.44338724,3.16844009,42.60625262,3.143814996,FOVNotMatch,2008/9/6 11:05:13,SAT_03289,3.294335341,7.683888423,SAT_03029,4.776158483,9.162251436,SAT_00963,0.993687695,9.301720409
frame-i-007675-6-0152,2,No match,FALSE,N/A,inf,42.45095199,3.170991923,42.55045766,3.259011399,FOVNotMatch,2008/9/6 11:05:13,SAT_21636,5.692697231,21.41159624,SAT_11147,4.042356338,25.68758022,SAT_08882,4.446334064,28.0678371
frame-i-007675-6-0153,1,No match,FALSE,N/A,inf,42.7561317,3.158615458,42.59343803,3.183406585,FOVNotMatch,2008/9/6 11:05:49,SAT_03289,3.294335341,7.750199286,SAT_03029,4.776158483,9.228562298,SAT_00963,0.993687695,9.368031271
frame-i-007675-6-0155,1,No match,FALSE,N/A,inf,43.05717906,3.188141311,42.89438789,3.212871685,FOVNotMatch,2008/9/6 11:07:01,SAT_03289,3.294335341,7.724395504,SAT_03029,4.776158483,9.202758517,SAT_00963,0.993687695,9.34222749
frame-i-007698-4-0099,1,No match,FALSE,N/A,inf,319.7854993,-8.269626391,319.6756592,-8.24724743,FOVNotMatch,2008/9/24 4:31:21,SAT_23846,4.533695731,10.97701278,SAT_23313,4.755785095,11.19042984,SAT_25585,2.370431049,11.22680453
frame-i-007698-4-0099,2,No match,FALSE,N/A,inf,319.8833321,-8.212726124,319.6774107,-8.171516383,FOVNotMatch,2008/9/24 4:31:21,SAT_23846,4.533695731,10.77407514,SAT_23313,4.755785095,10.9874922,SAT_25585,2.370431049,11.02386689
frame-i-007675-5-0178,1,No match,FALSE,N/A,inf,46.45512796,2.506634333,46.38891581,2.732546967,FOVNotMatch,2008/9/6 11:20:45,SAT_17587,3.035377665,19.5681455,SAT_32501,3.144750367,35.69273171,SAT_10949,0.094147477,35.92411866
frame-i-007708-3-0223,1,No match,FALSE,N/A,inf,3.008875664,24.56400864,2.869065016,24.59095219,FOVNotMatch,2008/10/1 9:49:29,SAT_05986,0.862492988,13.42888309,SAT_14467,3.357149237,71.15946028,SAT_26411,4.440844806,85.91568468
frame-i-007713-1-0306,1,No match,FALSE,N/A,inf,11.82265569,16.33403027,11.75039274,16.56046238,FOVNotMatch,2008/10/2 9:40:45,SAT_26899,1.179162796,44.45742358,SAT_23590,0.877765649,67.57829826,SAT_23756,5.13290931,76.46457961
frame-i-007713-3-0388,1,No match,FALSE,N/A,inf,24.58011612,16.33429223,24.67551957,16.550596,FOVNotMatch,2008/10/2 10:29:43,SAT_14796,4.684451141,13.01720246,SAT_07041,0.818722567,22.8287308,SAT_02362,0.018444536,34.44200112
frame-i-007713-2-0389,1,No match,FALSE,N/A,inf,24.71212438,15.90010715,24.80723821,16.11592395,FOVNotMatch,2008/10/2 10:30:19,SAT_14796,4.684451141,13.04641061,SAT_07041,0.818722567,22.85793895,SAT_02362,0.018444536,34.47120928
frame-i-007713-5-0399,1,No match,FALSE,N/A,inf,26.51035775,17.10039432,26.40256839,17.13285675,FOVNotMatch,2008/10/2 10:36:17,SAT_26398,0.883219891,12.70505371,SAT_23756,4.383700645,13.60737055,SAT_15836,5.409999628,36.86121102
frame-i-007718-3-0116,1,Success,TRUE,SAT_04297,3.515012165,19.20544383,4.75133445,19.05429275,4.739498669,,2008/10/3 9:37:11,SAT_04297,4.515175704,3.515012165,SAT_13007,4.729851724,5.10903404,SAT_29014,5.446748353,9.228414115
frame-i-007718-1-0136,N/A,Failed,FALSE,N/A,N/A,N/A,N/A,N/A,N/A,JSON file error,N/A,N/A,N/A,N/A,N/A,N/A,N/A,N/A,N/A,N/A
frame-i-007717-4-0471,1,No match,FALSE,N/A,inf,21.30114439,2.478208825,21.13910005,2.607327988,FOVNotMatch,2008/10/3 6:42:53,SAT_08179,4.740543878,35.94975365,SAT_02215,5.806907936,38.76927268,SAT_32763,2.690770467,42.59629444
frame-i-007717-3-0534,1,No match,FALSE,N/A,inf,30.73150128,1.871740729,30.56899117,1.918642931,FOVNotMatch,2008/10/3 7:20:30,SAT_00020,3.667849774,7.638797501,SAT_02215,5.581798784,15.69694211,SAT_32763,3.016664455,19.29982002
frame-i-007717-3-0535,1,No match,FALSE,N/A,inf,30.88185423,1.909054551,30.71942284,1.956203401,FOVNotMatch,2008/10/3 7:21:06,SAT_00020,3.667849774,7.550752092,SAT_02215,5.581798784,15.78498752,SAT_32763,3.016664455,19.38786543
frame-i-007727-4-0117,1,No match,FALSE,N/A,inf,7.645587411,4.99930951,7.556414698,5.017086984,FOVNotMatch,2008/10/8 8:58:39,SAT_25743,4.052184756,7.800133533,SAT_07139,4.556654481,20.31752923,SAT_03431,4.340171313,20.35529918
frame-i-007718-2-0263,1,No match,FALSE,N/A,inf,41.11235767,3.417128225,41.20820342,3.635876565,FOVNotMatch,2008/10/3 11:04:57,SAT_22332,5.278302343,20.16563682,SAT_05696,3.437938997,20.92052817,SAT_31094,0.593037792,21.61313562
frame-i-007727-1-0188,1,No match,FALSE,N/A,inf,18.36532523,3.812499009,18.27593965,3.83675534,FOVNotMatch,2008/10/8 9:41:03,SAT_25743,4.916917858,5.481569424,SAT_28144,5.876716585,14.68717687,SAT_03431,2.928957891,22.83999373
frame-i-007727-3-0188,1,No match,FALSE,N/A,inf,18.37952614,4.539617286,18.22192922,4.582961999,FOVNotMatch,2008/10/8 9:41:03,SAT_25743,4.916917858,5.271793416,SAT_28144,5.876716585,14.89695288,SAT_03431,2.928957891,23.04976974
frame-i-007727-3-0189,1,No match,FALSE,N/A,inf,18.53095785,4.574771058,18.36891595,4.619456797,FOVNotMatch,2008/10/8 9:41:39,SAT_25743,4.916917858,5.232004262,SAT_28144,5.876716585,14.93674203,SAT_03431,2.928957891,23.08955889
frame-i-007727-3-0191,1,No match,FALSE,N/A,inf,18.83262121,4.645105343,18.75778534,4.66544259,FOVNotMatch,2008/10/8 9:42:50,SAT_25743,4.916917858,5.445062896,SAT_28144,5.876716585,14.7236834,SAT_03431,2.928957891,22.87650026
frame-i-007727-4-0196,1,No match,FALSE,N/A,inf,19.48859969,4.846897828,19.42481746,4.864270128,FOVNotMatch,2008/10/8 9:45:49,SAT_28144,4.273727112,10.89094778,SAT_26899,4.70193912,19.63879059,SAT_03431,3.270479035,22.73648677
frame-i-007727-4-0197,1,No match,FALSE,N/A,inf,19.73904423,4.85408517,19.57704733,4.898892735,FOVNotMatch,2008/10/8 9:46:25,SAT_28144,4.273727112,11.11728299,SAT_26899,4.70193912,19.41245538,SAT_03431,3.270479035,22.96282197
frame-i-007727-4-0199,1,No match,FALSE,N/A,inf,19.91152815,4.836971652,19.87545627,4.851972114,FOVNotMatch,2008/10/8 9:47:37,SAT_26899,4.70193912,12.27437847,SAT_28144,4.273727112,18.25535989,SAT_03431,3.270479035,30.10089888
frame-i-007727-4-0199,2,No match,FALSE,N/A,inf,20.03781476,4.92389156,19.87830522,4.968021301,FOVNotMatch,2008/10/8 9:47:37,SAT_28144,4.273727112,11.12222558,SAT_26899,4.70193912,19.40751278,SAT_03431,3.270479035,22.96776457
frame-i-007727-4-0202,1,No match,FALSE,N/A,inf,20.49334549,5.026778089,20.40877094,5.049967837,FOVNotMatch,2008/10/8 9:49:24,SAT_28144,4.273727112,10.99254411,SAT_26899,4.70193912,19.53719425,SAT_03431,3.270479035,22.8380831
frame-i-007727-5-0208,1,No match,FALSE,N/A,inf,21.40097208,5.230658876,21.29160452,5.260816007,FOVNotMatch,2008/10/8 9:52:59,SAT_26899,3.379718826,20.02417996,SAT_03431,3.354507695,22.65399664,SAT_20799,0.805430861,27.98213076
frame-i-007727-4-0257,1,Success,TRUE,SAT_03431,0.324303942,28.75211759,4.687373455,28.70008796,4.682178174,,2008/10/8 10:22:15,SAT_03431,2.360018729,0.324303942,SAT_20799,1.114150947,5.547268203,SAT_29014,1.659360006,5.791515214
frame-i-007727-4-0257,2,No match,FALSE,N/A,inf,28.75224484,4.756121341,28.64587653,4.811198504,FOVNotMatch,2008/10/8 10:22:15,SAT_26899,1.037541341,10.44191265,SAT_23564,4.711495876,27.04217612,SAT_03431,2.360018729,33.5021994
frame-i-007727-1-0289,1,No match,FALSE,N/A,inf,33.44167198,3.330050397,33.48804944,3.366944429,FOVNotMatch,2008/10/8 10:41:21,SAT_11147,3.064978673,22.17610061,SAT_17705,4.95652195,23.70474959,SAT_15574,3.833237017,24.9764604
frame-i-007727-4-0350,1,No match,FALSE,N/A,inf,42.64635637,4.085455773,42.54356902,4.126429136,FOVNotMatch,2008/10/8 11:17:46,SAT_03431,2.718227406,25.38771743,SAT_20799,3.280813244,30.21259512,SAT_29014,3.659311821,30.42053926
frame-i-007727-4-0351,1,No match,FALSE,N/A,inf,42.85690804,4.104838629,42.71788983,4.160121653,FOVNotMatch,2008/10/8 11:18:22,SAT_03431,2.718227406,25.34104961,SAT_20799,3.280813244,30.1659273,SAT_29014,3.659311821,30.37387144
frame-i-007729-4-0025,1,Success,TRUE,SAT_14497,4.567845487,354.5770187,7.513641579,354.4683313,7.5030208,,2008/10/9 8:24:43,SAT_14497,2.901214629,4.567845487,SAT_24772,2.224847559,7.301991166,SAT_22501,5.241261149,8.412207311
frame-i-007729-3-0068,1,No match,FALSE,N/A,inf,1.130617698,7.117750642,1.099839443,7.134890309,FOVNotMatch,2008/10/9 8:50:24,SAT_00406,2.108423128,14.01120804,SAT_28556,4.058951945,29.84294064,SAT_21029,5.366805958,36.6176012
frame-i-007729-4-0162,1,No match,FALSE,N/A,inf,15.32572924,7.568280567,15.21881243,7.609391539,FOVNotMatch,2008/10/9 9:46:31,SAT_32023,4.346514675,11.38386003,SAT_03431,4.155708764,28.49322174,SAT_10442,3.553330354,32.14088129
frame-i-007727-2-0370,1,Success,TRUE,SAT_06392,0.962251956,45.62128309,2.964788497,45.55771266,3.183159147,,2008/10/8 11:29:43,SAT_06392,4.426010154,0.962251956,SAT_19051,1.02785343,4.12290636,SAT_04383,1.68559966,13.26310054
frame-i-007757-1-0196,1,No match,FALSE,N/A,inf,28.35925033,24.68828033,28.31284506,24.71043145,FOVNotMatch,2008/10/25 9:37:37,SAT_00575,1.942755561,9.398080832,SAT_01587,0.704873522,12.94526482,SAT_06939,2.301741107,21.43652161
frame-i-007757-1-0204,1,No match,FALSE,N/A,inf,29.54869898,24.27275522,29.43863889,24.31599502,FOVNotMatch,2008/10/25 9:42:23,SAT_06939,3.530608425,28.12636779,SAT_21091,2.419183466,38.31654979,SAT_00005,4.152693814,45.53452595
frame-i-007754-6-0108,1,No match,FALSE,N/A,inf,328.9337287,5.097186036,328.8960247,5.177696577,FOVNotMatch,2008/10/25 2:36:34,SAT_10121,0.137509909,5.378252106,SAT_28163,0.033476494,44.03329103,SAT_28556,3.206735406,80.83957574
frame-i-007754-6-0331,1,No match,FALSE,N/A,inf,2.590289141,6.19350606,2.537031279,6.268803225,FOVNotMatch,2008/10/25 4:49:43,SAT_23837,1.640652698,39.7639797,SAT_29016,5.251471135,54.82436454,SAT_04902,4.947276656,54.84293721
frame-i-007754-2-0229,1,No match,FALSE,N/A,inf,347.121922,4.255906529,347.1535192,4.355699258,FOVNotMatch,2008/10/25 3:48:49,SAT_32277,1.652545566,38.13644659,SAT_26564,0.084455918,38.18528977,SAT_19501,0.222498386,38.30293314
frame-i-007754-3-0229,1,No match,FALSE,N/A,inf,347.2167418,4.554062276,347.2728365,4.729966665,FOVNotMatch,2008/10/25 3:48:49,SAT_32277,1.652545566,38.2464512,SAT_26564,0.084455918,38.29529437,SAT_19501,0.222498386,38.41293775
frame-i-007754-1-0231,1,No match,FALSE,N/A,inf,347.5474501,3.723313304,347.5960404,3.876089494,FOVNotMatch,2008/10/25 3:50:01,SAT_32277,1.652545566,38.22055476,SAT_26564,0.084455918,38.26939794,SAT_19501,0.222498386,38.38704132
frame-i-007754-1-0361,1,No match,FALSE,N/A,inf,7.100260491,4.024220624,7.077030373,4.039259959,FOVNotMatch,2008/10/25 5:07:38,SAT_32051,5.409087414,14.53613331,SAT_10252,4.419808542,30.89316502,SAT_28556,2.327921022,35.34763817
frame-i-007759-5-0154,1,No match,FALSE,N/A,inf,353.6898581,7.906923921,353.6090192,7.952795862,FOVNotMatch,2008/10/26 6:12:10,SAT_27867,2.272381062,56.59730777,SAT_10516,13.79307791,N/A,SAT_22231,12.52781133,N/A
frame-i-007760-3-0088,1,Success,TRUE,SAT_18911,0.431989299,20.58377731,7.01471725,20.42110401,7.034412161,,2008/10/26 7:19:14,SAT_18911,3.789755642,0.431989299,SAT_10207,5.838507716,6.502805489,SAT_04068,3.042696498,15.97158181
frame-i-007767-2-0065,1,No match,FALSE,N/A,inf,19.62412384,9.188799863,19.53738503,9.282859975,FOVNotMatch,2008/10/28 8:30:14,SAT_32764,0.808455747,29.16140901,SAT_25334,5.099832532,30.78140428,SAT_02867,5.627431299,53.42002857
frame-i-007767-2-0065,2,Success,TRUE,SAT_25334,3.280092036,19.62094278,9.117260792,19.45692739,9.156525893,,2008/10/28 8:30:14,SAT_25334,5.099832532,3.280092036,SAT_32764,0.808455747,4.900087307,SAT_02867,5.627431299,19.35853225
frame-i-007767-3-0112,1,Success,TRUE,SAT_32764,2.994030605,26.66673584,9.288819231,26.6044307,9.30900089,,2008/10/28 8:58:18,SAT_32764,1.717394978,2.994030605,SAT_08840,5.719235302,13.60313364,SAT_02867,5.018009613,22.67710337
frame-i-007773-5-0331,1,No match,FALSE,N/A,inf,3.292686261,13.15516619,3.199492658,13.23215745,FOVNotMatch,2008/10/29 8:02:05,SAT_32764,0.791888273,29.88660647,SAT_20669,4.147840443,40.10868069,SAT_26090,2.825611673,41.66956546
frame-i-007773-3-0480,1,No match,FALSE,N/A,inf,26.09727858,11.59421169,25.93387776,11.64043541,FOVNotMatch,2008/10/29 9:31:03,SAT_32764,4.877722253,5.004757531,SAT_02161,2.234928325,18.67092042,SAT_04881,5.434530769,26.94169702
frame-i-007778-4-0278,1,No match,FALSE,N/A,inf,354.2726164,-2.155704133,354.1442368,-2.035972281,FOVNotMatch,2008/10/30 5:46:18,SAT_27450,3.788036917,27.38980069,SAT_16368,5.464444782,27.51495075,SAT_26471,4.987262098,36.72582631
frame-i-007778-1-0590,1,No match,FALSE,N/A,inf,41.02103983,-3.065906627,40.98062601,-2.95767019,FOVNotMatch,2008/10/30 8:52:35,SAT_13066,2.35985176,12.22861682,SAT_31467,4.961388419,21.97115898,SAT_32777,3.459848748,30.46900143
frame-i-007778-1-0610,1,Success,TRUE,SAT_04766,3.000609902,43.92246737,-2.98334384,43.94218613,-2.765036282,,2008/10/30 9:04:32,SAT_04766,4.159831025,3.000609902,SAT_32777,3.622178455,4.842254927,SAT_14790,4.045015763,5.415909029
frame-i-007778-3-0621,1,No match,FALSE,N/A,inf,45.62998705,-2.102886643,45.59392727,-2.007207784,FOVNotMatch,2008/10/30 9:11:06,SAT_15469,3.454953381,6.224643993,SAT_32185,3.567035862,21.06238193,SAT_30060,0.597631822,24.93805315
frame-i-007780-1-0024,1,No match,FALSE,N/A,inf,18.39899838,-3.620904256,18.36189383,-3.463029278,FOVNotMatch,2008/10/31 7:12:47,SAT_20234,2.591055006,9.677608708,SAT_07065,5.390376833,13.98283433,SAT_05018,3.534563907,17.28498487
frame-i-007780-6-0127,1,No match,FALSE,N/A,inf,33.80623086,-1.264172323,33.64681914,-1.136957942,FOVNotMatch,2008/10/31 8:14:17,SAT_23485,2.071595055,15.3453038,SAT_26741,3.901732963,34.56633883,SAT_08418,2.705792835,35.91413124
frame-i-007784-5-0063,1,No match,FALSE,N/A,inf,339.7517001,9.485517575,339.8185756,9.714705417,FOVNotMatch,2008/11/1 6:20:44,SAT_16103,0.889110535,6.000589409,SAT_31571,5.69751455,12.09295764,SAT_00965,5.855661669,32.51468536
frame-i-007784-4-0064,1,No match,FALSE,N/A,inf,339.9289568,9.07786908,339.9956545,9.30715947,FOVNotMatch,2008/11/1 6:21:20,SAT_16103,0.889110535,5.971212196,SAT_31571,5.69751455,12.12233485,SAT_00965,5.855661669,32.48530815
frame-i-007784-3-0065,1,No match,FALSE,N/A,inf,340.1064363,8.670363248,340.1732507,8.900367361,FOVNotMatch,2008/11/1 6:21:56,SAT_16103,0.889110535,5.967648411,SAT_31571,5.69751455,12.12589864,SAT_00965,5.855661669,32.48174436
frame-i-007784-3-0364,1,Success,TRUE,SAT_21589,4.981198367,25.41559736,9.148718444,25.53334962,9.185975357,,2008/11/1 9:20:27,SAT_21589,1.990722122,4.981198367,SAT_29014,5.954393811,5.79541331,SAT_21635,4.780717837,7.050637443
frame-i-007784-4-0403,1,No match,FALSE,N/A,inf,31.44163235,9.136417245,31.32146667,9.185703173,FOVNotMatch,2008/11/1 9:43:44,SAT_21948,5.834808427,15.63935049,SAT_03431,5.245242995,26.55771675,SAT_21635,3.589478802,31.35509298
frame-i-007787-2-0304,1,Success,TRUE,SAT_25309,3.963166081,15.75678326,11.45147933,15.69106677,11.49600954,,2008/11/2 8:31:44,SAT_25309,5.087301432,3.963166081,SAT_06992,3.807013607,24.76201475,SAT_19106,5.294677341,34.88471361
frame-i-007787-3-0387,1,No match,FALSE,N/A,inf,28.3379191,11.08938138,28.27796866,11.19079853,FOVNotMatch,2008/11/2 9:21:18,SAT_13473,4.159467001,8.948625174,SAT_31295,3.402064686,12.19879939,SAT_32776,0.874368429,39.54786523
frame-i-007812-6-0156,1,No match,FALSE,N/A,inf,331.6752135,-1.244461791,331.7413774,-1.022324006,FOVNotMatch,2008/11/18 2:42:07,SAT_14734,5.373251097,6.602474478,SAT_09738,0.044855155,31.85303235,SAT_31541,4.363631243,46.75712298
frame-i-007812-2-0047,1,No match,FALSE,N/A,inf,315.2419209,-2.226142252,315.230179,-2.292406377,FOVNotMatch,2008/11/18 1:37:02,SAT_01865,0.088201575,17.65914507,SAT_19234,3.913015343,24.5975186,SAT_09061,2.630085908,25.20204318
frame-i-007824-3-0169,1,Success,TRUE,SAT_07079,4.403132337,337.8571349,-4.65206133,337.7996204,-4.576133032,,2008/11/20 4:17:41,SAT_07079,5.444866187,4.403132337,SAT_02643,0.514784857,9.173530336,SAT_13533,3.316176445,10.95838245
frame-i-007824-3-0301,1,No match,FALSE,N/A,inf,357.6282175,-5.089270018,357.7256358,-4.936321629,FOVNotMatch,2008/11/20 5:36:30,SAT_04990,4.312165997,31.56266687,SAT_27147,3.694999292,42.25663586,SAT_30000,5.435371001,48.2872188
frame-i-007824-3-0302,1,No match,FALSE,N/A,inf,357.8843267,-5.162475801,357.9424918,-5.070669399,FOVNotMatch,2008/11/20 5:37:06,SAT_04990,4.312165997,31.42104725,SAT_27147,3.694999292,42.39825547,SAT_14047,2.578374647,48.42777848
frame-i-007824-1-0229,1,Success,TRUE,SAT_30000,2.069179282,346.8263423,-5.756416463,346.9495943,-5.738907819,,2008/11/20 4:53:31,SAT_30000,4.214902662,2.069179282,SAT_28562,5.022020767,2.281468644,SAT_26512,4.020235352,3.501474716
frame-i-007824-6-0378,1,No match,FALSE,N/A,inf,9.296432822,-3.869822285,9.358614262,-3.896541517,FOVNotMatch,2008/11/20 6:22:29,SAT_01857,2.749317556,18.74424652,SAT_21223,5.057252325,22.28089049,SAT_26352,5.911983053,23.26152876
frame-i-007824-6-0327,1,No match,FALSE,N/A,inf,1.544054161,-3.721917529,1.641020979,-3.760666967,FOVNotMatch,2008/11/20 5:52:01,SAT_26471,3.699190812,11.88579863,SAT_25964,3.432771419,16.47704595,SAT_26495,4.41136602,21.83199554
frame-i-007880-4-0033,1,Success,TRUE,SAT_23614,0.896415293,358.5932814,10.26005798,358.4272635,10.34575475,,2008/12/30 2:09:49,SAT_23614,4.64126777,0.896415293,SAT_13160,3.943882035,18.3632122,SAT_07029,0.154125763,38.01008067
frame-i-007865-4-0011,1,No match,FALSE,N/A,inf,14.45367832,-4.717317048,14.4743452,-4.494396087,FOVNotMatch,2008/12/22 4:05:30,SAT_10637,4.735426799,37.00189125,SAT_26785,4.024383229,47.83422674,SAT_28527,4.635035267,61.26893581
frame-i-007865-4-0011,2,Success,TRUE,SAT_22563,0.135845264,14.37182751,-4.647397738,14.536514,-4.705955539,,2008/12/22 4:05:30,SAT_22563,3.463986715,0.135845264,SAT_25418,2.969732141,7.610628217,SAT_25622,1.575798622,14.72408828
frame-i-007865-5-0209,1,No match,FALSE,N/A,inf,44.18974077,-3.175860729,44.05085986,-3.159362855,FOVNotMatch,2008/12/22 6:03:44,SAT_25913,5.654264765,6.807399352,SAT_26495,3.343687696,6.820287464,SAT_26352,2.239859752,6.820598388
frame-i-007865-5-0214,1,No match,FALSE,N/A,inf,44.957243,-3.007137817,44.79231544,-2.987895215,FOVNotMatch,2008/12/22 6:06:43,SAT_25913,5.654264765,6.686445608,SAT_26495,3.343687696,6.699333719,SAT_26352,2.239859752,6.699644644
frame-i-007880-3-0117,1,No match,FALSE,N/A,inf,11.31494119,9.730641408,11.36660044,9.83174195,FOVNotMatch,2008/12/30 2:59:58,SAT_00147,2.176245149,48.84741117,SAT_19576,2.671838225,51.31740905,SAT_12327,0.083306926,53.31555029
frame-i-007881-2-0195,1,No match,FALSE,N/A,inf,26.12230778,-5.486304543,25.957197,-5.455713664,FOVNotMatch,2008/12/30 5:05:28,SAT_23754,3.508871084,10.57622888,SAT_26639,5.284222293,10.61277474,SAT_33059,3.805247769,11.17814901
frame-i-007881-2-0197,1,No match,FALSE,N/A,inf,26.42083236,-5.411506526,26.25598667,-5.381124782,FOVNotMatch,2008/12/30 5:06:39,SAT_23754,3.508871084,10.52094543,SAT_26639,5.284222293,10.5574913,SAT_33059,3.805247769,11.12286556
frame-i-007881-2-0198,1,No match,FALSE,N/A,inf,26.56994655,-5.373990869,26.40500415,-5.343772944,FOVNotMatch,2008/12/30 5:07:15,SAT_23754,3.508871084,10.45902862,SAT_26639,5.284222293,10.49557448,SAT_33059,3.805247769,11.06094875
frame-i-007881-2-0199,1,No match,FALSE,N/A,inf,26.71942879,-5.336820911,26.55424868,-5.306494118,FOVNotMatch,2008/12/30 5:07:51,SAT_23754,3.508871084,10.48041728,SAT_26639,5.284222293,10.51696314,SAT_33059,3.805247769,11.08233741
frame-i-007881-3-0211,1,No match,FALSE,N/A,inf,28.34422982,-4.85933527,28.50939424,-4.888641012,FOVNotMatch,2008/12/30 5:15:01,SAT_23754,2.696328648,10.13131142,SAT_25585,2.915174695,10.78264291,SAT_13970,5.016834635,10.79084571
frame-i-007881-1-0215,1,No match,FALSE,N/A,inf,29.12724316,-5.647306559,28.97261041,-5.622368857,FOVNotMatch,2008/12/30 5:17:24,SAT_23754,2.696328648,9.239021761,SAT_25585,2.915174695,9.890353253,SAT_13970,5.016834635,9.898556058
frame-i-007881-3-0207,1,No match,FALSE,N/A,inf,27.74851725,-5.008291026,27.81965544,-5.021136221,FOVNotMatch,2008/12/30 5:12:37,SAT_26475,1.092467357,6.298764745,SAT_01317,5.788769151,9.804041515,SAT_23754,3.208738024,10.30744358
frame-i-007881-6-0207,1,Success,TRUE,SAT_20918,0.399379728,27.69956977,-3.562917092,27.76750347,-3.554781337,,2008/12/30 5:12:37,SAT_20918,4.957675607,0.399379728,SAT_21813,5.861420946,0.602661935,SAT_22913,3.089029487,1.846570861
frame-i-007881-3-0209,1,No match,FALSE,N/A,inf,28.04611447,-4.933771118,28.2110779,-4.963333525,FOVNotMatch,2008/12/30 5:13:49,SAT_26475,1.092467357,6.221954309,SAT_01317,5.788769151,9.727231079,SAT_23754,3.208738024,10.23063314
frame-i-001484-5-0034,1,No match,FALSE,N/A,inf,194.4315203,55.25560163,194.5009381,55.30472207,FOVNotMatch,2000/5/11 5:18:43,SAT_14520,5.294620003,12.38846024,SAT_02498,1.839879813,41.28448442,SAT_03244,3.045670764,50.97024142
frame-i-001484-6-0043,1,No match,FALSE,N/A,inf,196.7545358,55.63475806,196.939861,55.6883352,FOVNotMatch,2000/5/11 5:24:05,SAT_14520,5.47260239,10.66829607,SAT_25770,4.032521331,52.29711404,SAT_03244,0.085482524,66.28857263
frame-i-001484-6-0051,1,Success,TRUE,SAT_04135,4.228693112,198.83479,55.42021403,198.9821835,55.47267406,,2000/5/11 5:28:52,SAT_04135,1.132123038,4.228693112,SAT_14736,4.950814617,32.53161967,SAT_20236,3.627713663,71.64052727
frame-i-001662-6-0145,1,No match,FALSE,N/A,inf,352.0992073,-8.67408129,352.1889027,-8.755652803,FOVNotMatch,2000/9/4 10:14:01,SAT_09951,3.906572332,11.27049911,SAT_03390,5.020735924,27.29321137,SAT_00574,3.012364857,39.88782043
frame-i-001662-6-0138,1,Success,TRUE,SAT_15764,1.868814559,351.1210151,-8.859534557,351.0884084,-8.635884115,,2000/9/4 10:09:50,SAT_15764,1.286744085,1.868814559,SAT_00574,4.051851385,4.026756669,SAT_15935,1.172974384,6.358595203
frame-i-001663-5-0066,1,Success,TRUE,SAT_10246,3.620596353,24.95804794,-8.831961587,25.12166988,-8.847239226,,2000/9/4 11:09:53,SAT_10246,3.077664743,3.620596353,SAT_21906,3.633454989,5.36467537,SAT_23877,4.615635585,5.375008818
frame-i-001663-3-0073,1,Success,TRUE,SAT_11144,0.207068058,26.07295618,-9.68210912,26.23555069,-9.637901068,,2000/9/4 11:14:03,SAT_11144,4.021824794,0.207068058,SAT_09862,3.375561117,2.751204419,SAT_13636,2.489543311,3.802979852
frame-i-001663-3-0074,1,Success,TRUE,SAT_11144,0.041148367,26.30926224,-9.680906501,26.38873709,-9.659542567,,2000/9/4 11:14:39,SAT_11144,4.021824794,0.041148367,SAT_09862,3.375561117,2.585284727,SAT_13636,2.489543311,3.63706016
frame-i-001666-3-0199,1,Success,TRUE,SAT_26387,0.089924891,1.153829486,-10.16019193,1.163146269,-10.38431306,,2000/9/5 10:11:09,SAT_26387,3.926987846,0.089924891,SAT_24647,0.583360733,0.826372652,SAT_07625,4.323685414,14.1054762
frame-i-001666-3-0199,2,Success,TRUE,SAT_07625,2.301486969,1.117174244,-10.38401477,1.129548703,-10.33542621,,2000/9/5 10:11:09,SAT_07625,4.323685414,2.301486969,SAT_13908,5.7559623,9.206638764,SAT_24647,0.583360733,15.58059052
frame-i-001666-4-0200,1,No match,FALSE,N/A,inf,1.191373943,-9.841587737,1.264466448,-9.868928017,FOVNotMatch,2000/9/5 10:11:45,SAT_01000,0.253541042,19.06938737,SAT_12351,0.43243843,20.73872796,SAT_22117,5.254187268,20.74778671
frame-i-001666-4-0201,1,No match,FALSE,N/A,inf,1.343773908,-9.788811615,1.507799201,-9.849821,FOVNotMatch,2000/9/5 10:12:20,SAT_01000,0.253541042,18.96054928,SAT_12351,0.43243843,20.62988988,SAT_22117,5.254187268,20.63894862
frame-i-001666-4-0202,1,No match,FALSE,N/A,inf,1.494255374,-9.904255235,1.54626412,-9.853743635,FOVNotMatch,2000/9/5 10:12:56,SAT_13908,5.7559623,22.13751391,SAT_08132,3.433795043,27.93362655,SAT_11568,4.8889127,27.98962603
frame-i-001666-4-0202,2,No match,FALSE,N/A,inf,1.52013209,-9.744885394,1.660446362,-9.797014905,FOVNotMatch,2000/9/5 10:12:56,SAT_01000,0.253541042,18.93583272,SAT_12351,0.43243843,20.60517332,SAT_22117,5.254187268,20.61423206
frame-i-001666-4-0206,1,Success,TRUE,SAT_21833,4.489314399,2.208756676,-9.751841594,2.26830014,-9.822821021,,2000/9/5 10:15:20,SAT_21833,0.421261132,4.489314399,SAT_24647,5.577779055,40.03860338,SAT_01807,5.493121124,41.64723469
frame-i-001666-5-0206,1,No match,FALSE,N/A,inf,2.105644411,-9.52311959,2.194058129,-9.555906164,FOVNotMatch,2000/9/5 10:15:20,SAT_22117,4.857390299,20.56610045,SAT_23016,4.621541993,20.57869705,SAT_19686,2.165753003,20.58839129
frame-i-001666-3-0206,1,No match,FALSE,N/A,inf,2.218476102,-10.39473391,2.264313393,-10.35053926,FOVNotMatch,2000/9/5 10:15:20,SAT_01000,2.229114839,19.64397664,SAT_08132,3.311455413,27.74367892,SAT_11568,4.836365125,27.80426058
frame-i-001666-5-0207,1,No match,FALSE,N/A,inf,2.258280588,-9.470295831,2.422796921,-9.530995575,FOVNotMatch,2000/9/5 10:15:56,SAT_22117,4.857390299,20.46858671,SAT_23016,4.621541993,20.48118332,SAT_19686,2.165753003,20.49087756
frame-i-001666-5-0208,1,No match,FALSE,N/A,inf,2.410263161,-9.416791307,2.574554655,-9.477552598,FOVNotMatch,2000/9/5 10:16:31,SAT_22117,4.857390299,20.51046326,SAT_23016,4.621541993,20.52305987,SAT_19686,2.165753003,20.53275411
frame-i-001666-5-0208,2,No match,FALSE,N/A,inf,2.410768558,-9.384912081,2.507931685,-9.4097377,FOVNotMatch,2000/9/5 10:16:31,SAT_22117,4.857390299,14.47773861,SAT_23016,4.621541993,14.49033522,SAT_19686,2.165753003,14.50002946
frame-i-001666-6-0214,1,No match,FALSE,N/A,inf,3.322841057,-9.097144568,3.453518966,-9.144754,FOVNotMatch,2000/9/5 10:20:06,SAT_16647,2.138902061,6.622634221,SAT_25461,5.06822333,20.12282624,SAT_26402,5.662845988,20.19425943
frame-i-001666-6-0215,1,No match,FALSE,N/A,inf,3.47472385,-9.043624107,3.638113642,-9.103036221,FOVNotMatch,2000/9/5 10:20:42,SAT_16647,2.138902061,6.584165283,SAT_25461,5.06822333,20.08435731,SAT_26402,5.662845988,20.15579049
frame-i-001666-2-0233,1,No match,FALSE,N/A,inf,6.209984384,-10.74486585,6.354837742,-10.82260318,FOVNotMatch,2000/9/5 10:31:27,SAT_00862,5.943240012,10.27988222,SAT_21833,4.568997559,18.31614322,SAT_23866,5.073572768,18.78119428
frame-i-001666-3-0259,1,Success,TRUE,SAT_10886,2.720282857,10.19743923,-10.36653151,10.25338507,-10.14141058,,2000/9/5 10:46:58,SAT_10886,2.480207953,2.720282857,SAT_08419,1.854647836,22.41893876,SAT_22183,0.07198774,29.745629
frame-i-001666-3-0259,2,Success,TRUE,SAT_15144,0.04160233,10.16432806,-10.23035592,10.28894981,-10.20596194,,2000/9/5 10:46:58,SAT_15144,1.514187623,0.04160233,SAT_15946,4.083391389,1.332167295,SAT_12351,2.73922448,3.911716021
frame-i-001666-3-0260,1,Success,TRUE,SAT_15144,0.140744533,10.36528366,-10.24528844,10.47433389,-10.22413658,,2000/9/5 10:47:34,SAT_15144,1.514187623,0.140744533,SAT_15946,4.083391389,1.233025091,SAT_12351,2.73922448,4.010858225
frame-i-001666-1-0299,1,Success,TRUE,SAT_23866,0.245261946,16.27937375,-11.00188442,16.44518003,-11.03567622,,2000/9/5 11:10:51,SAT_23866,3.207310473,0.245261946,SAT_25676,1.483164541,7.054199714,SAT_22096,5.908598824,11.69719424
frame-i-001666-1-0300,1,Success,TRUE,SAT_23866,0.181813772,16.43050516,-10.95985675,16.59528878,-10.99363182,,2000/9/5 11:11:27,SAT_23866,3.207310473,0.181813772,SAT_25676,1.483164541,7.117647887,SAT_22096,5.908598824,11.76064241
frame-i-001666-1-0301,1,Success,TRUE,SAT_23866,0.527039099,16.58110783,-10.9182888,16.74717321,-10.95210999,,2000/9/5 11:12:03,SAT_23866,2.077772928,0.527039099,SAT_22117,5.810926375,11.67679033,SAT_23016,5.683333422,11.69128658
frame-i-001729-3-0027,1,Success,TRUE,SAT_21726,3.17732009,351.4524645,-9.951010464,351.6167139,-9.941962737,,2000/9/26 6:40:18,SAT_21726,4.952419025,3.17732009,SAT_25913,5.45767379,3.179431301,SAT_25558,5.95031692,3.193895652
frame-i-001729-2-0078,1,No match,FALSE,N/A,inf,359.2961252,-10.78249379,359.3581382,-10.70559202,FOVNotMatch,2000/9/26 7:10:45,SAT_10000,1.725548755,35.4850369,SAT_24654,1.681880365,35.65147462,SAT_11353,4.412590832,37.59688532
frame-i-001729-4-0082,1,No match,FALSE,N/A,inf,359.816207,-9.89162277,359.8856385,-9.916646041,FOVNotMatch,2000/9/26 7:13:08,SAT_00862,4.953301977,5.639962047,SAT_05763,1.664786869,11.42255082,SAT_25895,4.652787498,12.16514804
frame-i-001729-6-0117,1,Success,TRUE,SAT_10095,1.279295691,5.134727252,-9.051878012,5.290105951,-9.097797419,,2000/9/26 7:34:02,SAT_10095,4.850795775,1.279295691,SAT_10652,2.496576944,10.66909048,SAT_25843,3.989157527,12.94306813
frame-i-001729-2-0275,1,Success,TRUE,SAT_11964,4.60145419,29.16177369,-9.806412001,29.32246901,-9.751515204,,2000/9/26 9:08:22,SAT_11964,5.386308065,4.60145419,SAT_08838,5.142765774,5.225109674,SAT_17332,3.700629906,5.515007612
frame-i-001729-2-0275,2,Success,TRUE,SAT_23725,1.019675864,29.33802607,-9.959170546,29.31279679,-9.949197751,,2000/9/26 9:08:22,SAT_23725,4.485058523,1.019675864,SAT_23239,4.488644833,13.36064093,SAT_25843,2.037026196,13.70073667
frame-i-001729-1-0395,1,No match,FALSE,N/A,inf,47.32103068,-8.537244901,47.38039339,-8.543733878,FOVNotMatch,2000/9/26 10:20:01,SAT_22911,4.345544372,6.277561898,SAT_22930,3.898584797,6.281106604,SAT_23313,3.222240071,6.282936167
frame-i-001729-1-0396,1,No match,FALSE,N/A,inf,47.46732116,-8.485839694,47.6331644,-8.503756905,FOVNotMatch,2000/9/26 10:20:37,SAT_22911,4.345544372,6.203911733,SAT_22930,3.898584797,6.20745644,SAT_23313,3.222240071,6.209286003
frame-i-001729-3-0374,1,No match,FALSE,N/A,inf,44.17439677,-8.199348021,44.16175783,-7.975861675,FOVNotMatch,2000/9/26 10:07:29,SAT_12384,4.053291226,14.32305829,SAT_12376,1.889065864,14.51102209,SAT_12893,5.401672232,15.01490331
frame-i-001739-6-0195,1,No match,FALSE,N/A,inf,343.2437669,15.02656943,343.3892339,15.26043027,FOVNotMatch,2000/9/27 6:52:25,SAT_05745,0.83575645,44.70125793,SAT_21552,15.16173759,N/A,SAT_17267,15.12715735,N/A
frame-i-001740-1-0030,1,No match,FALSE,N/A,inf,1.125404158,-10.91448758,1.184948285,-10.96235224,FOVNotMatch,2000/9/27 8:32:49,SAT_15199,3.403284664,33.90412063,SAT_25843,1.639037474,36.79077342,SAT_25493,2.050958242,39.08121583
frame-i-001740-3-0136,1,No match,FALSE,N/A,inf,17.24976132,-9.854044043,17.39753941,-9.967918743,FOVNotMatch,2000/9/27 9:36:06,SAT_12546,3.567922352,31.2919752,SAT_25843,1.368572828,32.46892811,SAT_16368,4.230333136,34.59952001
frame-i-001752-6-0041,1,Success,TRUE,SAT_02647,3.349608422,26.90811637,1.160264493,27.01873055,1.276404783,,2000/10/1 8:14:04,SAT_02647,0.162836512,3.349608422,SAT_16327,4.886364664,4.612719538,SAT_11570,4.993512205,29.48616525
frame-i-001752-5-0182,1,Success,TRUE,SAT_08747,0.604010557,48.01771672,0.771123908,48.15896042,0.737773767,,2000/10/1 9:38:16,SAT_08747,4.573990765,0.604010557,SAT_26352,5.479335375,13.07198878,SAT_22930,5.819303546,13.25285344
frame-i-001752-5-0183,1,Success,TRUE,SAT_08747,0.591814076,48.16755869,0.807273467,48.33019763,0.768835283,,2000/10/1 9:38:51,SAT_08747,4.573990765,0.591814076,SAT_26352,5.479335375,13.08418526,SAT_22930,5.819303546,13.26504992
frame-i-001752-5-0184,1,Success,TRUE,SAT_08747,0.584696523,48.31692074,0.842983862,48.47958287,0.8045192,,2000/10/1 9:39:27,SAT_08747,4.573990765,0.584696523,SAT_26352,5.479335375,13.09130281,SAT_22930,5.819303546,13.27216747
frame-i-001752-5-0185,1,Success,TRUE,SAT_08747,0.437251549,48.55538276,0.857659507,48.62894077,0.840065398,,2000/10/1 9:40:03,SAT_08747,4.573990765,0.437251549,SAT_26352,5.479335375,13.23874778,SAT_22930,5.819303546,13.41961244
frame-i-001752-6-0165,1,No match,FALSE,N/A,inf,45.47302475,1.263961508,45.63386446,1.254793128,FOVNotMatch,2000/10/1 9:28:06,SAT_03978,4.825090556,10.46246749,SAT_08747,4.909075776,10.5372512,SAT_14532,5.295661916,15.73372056
frame-i-001752-6-0191,1,Success,TRUE,SAT_08747,0.599553477,49.36539331,1.092158729,49.52777928,1.053674725,,2000/10/1 9:43:38,SAT_08747,5.628913133,0.599553477,SAT_19483,5.760973549,24.54299602,SAT_14394,5.013490812,25.45775946
frame-i-001752-6-0196,1,Success,TRUE,SAT_08747,0.575207552,50.11356468,1.268863537,50.27611201,1.230270758,,2000/10/1 9:46:37,SAT_08747,5.628913133,0.575207552,SAT_19483,5.760973549,24.56734195,SAT_14394,5.013490812,25.48210539
frame-i-001752-2-0324,1,Success,TRUE,SAT_12320,1.893239763,69.34851031,-0.624173495,69.41329795,-0.400097995,,2000/10/1 11:03:03,SAT_12320,0.759770638,1.893239763,SAT_15270,3.140969352,4.322124035,SAT_21152,5.113715517,12.10800235
frame-i-001752-5-0344,1,Success,TRUE,SAT_15560,0.448847223,72.27197142,0.74233382,72.43440076,0.765260448,,2000/10/1 11:14:59,SAT_15560,3.879150281,0.448847223,SAT_13631,3.56902596,0.510135192,SAT_14117,5.619341735,1.447501152
frame-i-001755-4-0504,1,Success,TRUE,SAT_11888,3.375359012,19.17677257,-0.012816047,19.23873819,0.208862959,,2000/10/2 9:45:28,SAT_11888,5.469152292,3.375359012,SAT_12265,4.26483801,17.29901225,SAT_07324,0.312574171,58.21165108
frame-i-001855-3-0044,1,No match,FALSE,N/A,inf,351.2513232,-9.710708644,351.2924267,-9.730478084,FOVNotMatch,2000/11/17 3:49:03,SAT_16274,2.126024322,25.8135831,SAT_25331,4.216472737,25.95545803,SAT_22205,5.428047609,25.97728095
frame-i-001855-6-0066,1,No match,FALSE,N/A,inf,354.7299982,-8.784415619,354.6266116,-8.722007574,FOVNotMatch,2000/11/17 4:02:11,SAT_18519,1.592853673,16.26028223,SAT_16274,1.371689841,31.36344859,SAT_25331,3.232300978,31.38017901
frame-i-001855-4-0118,1,No match,FALSE,N/A,inf,2.49844961,-9.54745768,2.613036874,-9.772323084,FOVNotMatch,2000/11/17 4:33:14,SAT_16849,4.748199579,10.78475096,SAT_23821,5.128175275,26.48799106,SAT_13999,2.353481224,37.95541689
frame-i-001855-1-0124,1,No match,FALSE,N/A,inf,3.525205941,-10.81258201,3.545880269,-10.92093719,FOVNotMatch,2000/11/17 4:36:49,SAT_16849,3.782207048,5.104932473,SAT_13999,0.04942206,21.89870434,SAT_12992,4.171739239,22.94959703
frame-i-001855-1-0124,2,No match,FALSE,N/A,inf,3.40080686,-10.92505145,3.44461567,-10.94786186,FOVNotMatch,2000/11/17 4:36:49,SAT_05519,4.239395277,15.23057278,SAT_15199,4.35864532,24.79080765,SAT_15152,3.076844898,27.91060158
frame-i-001855-1-0125,1,No match,FALSE,N/A,inf,3.553456776,-10.8448148,3.716578416,-10.93214035,FOVNotMatch,2000/11/17 4:37:25,SAT_05519,4.239395277,15.89023606,SAT_15199,4.35864532,25.45047093,SAT_15152,3.076844898,28.57026485
frame-i-001863-4-0036,1,No match,FALSE,N/A,inf,50.36213733,0.17636171,50.42246998,0.284599009,FOVNotMatch,2000/11/18 5:59:14,SAT_12376,5.250007021,18.76853537,SAT_12351,2.068989756,47.16341445,SAT_15141,1.356832579,47.82848224
frame-i-001869-4-0081,1,Success,TRUE,SAT_14134,0.308876762,37.28198392,-8.186485039,37.44139547,-8.1614851,,2000/11/20 7:02:21,SAT_14134,2.850066177,0.308876762,SAT_19400,2.958456024,0.509882778,SAT_20040,5.625021171,1.144429635
frame-i-001869-2-0109,1,Success,TRUE,SAT_25525,2.007126733,41.57714399,-8.559383566,41.73547829,-8.500147363,,2000/11/20 7:19:04,SAT_25525,5.128206451,2.007126733,SAT_16497,4.295429513,9.412300272,SAT_03494,3.927633856,9.798852756
frame-i-001889-1-0077,1,No match,FALSE,N/A,inf,118.6588238,35.46757706,118.5763183,35.57070927,FOVNotMatch,2000/11/26 8:55:06,SAT_25884,1.834582367,8.799884836,SAT_13001,4.753619584,56.93565542,SAT_18477,14.16038031,N/A
frame-i-001886-6-0133,1,No match,FALSE,N/A,inf,45.31709443,-6.447609983,45.24838225,-6.375147942,FOVNotMatch,2000/11/26 4:35:50,SAT_26475,3.039015065,12.39274207,SAT_26072,3.760933644,18.71524769,SAT_10358,1.839326815,18.81362709
frame-i-001886-6-0139,1,Success,TRUE,SAT_24919,0.089966305,46.11407908,-6.327431825,46.22752377,-6.357276931,,2000/11/26 4:39:25,SAT_24919,5.023906634,0.089966305,SAT_19219,2.528180593,12.99383841,SAT_26072,3.760933644,13.1595253
frame-i-001889-1-0231,1,Success,TRUE,SAT_23616,3.930021001,140.5434236,52.36213445,140.4370762,52.51793236,,2000/11/26 10:27:03,SAT_23616,1.590943254,3.930021001,SAT_02092,5.249455954,31.57798985,SAT_24273,14.29252061,N/A
frame-i-001889-2-0231,1,Success,TRUE,SAT_23616,3.974577047,140.3075693,52.70691147,140.168819,52.90892058,,2000/11/26 10:27:03,SAT_23616,1.590943254,3.974577047,SAT_02092,5.249455954,31.53343381,SAT_24273,14.29252061,N/A
frame-i-001889-6-0210,1,No match,FALSE,N/A,inf,134.5761149,51.89275906,134.5765602,51.9412741,FOVNotMatch,2000/11/26 10:14:31,SAT_10925,5.709975914,30.81486916,SAT_20649,5.66991221,38.91016797,SAT_25308,5.940485663,69.59115103
frame-i-001889-6-0245,1,Success,TRUE,SAT_20649,2.979401897,141.1018153,55.33428768,141.3061975,55.44996851,,2000/11/26 10:35:25,SAT_20649,5.05650551,2.979401897,SAT_25943,3.492175889,38.25204807,SAT_21543,9.435194939,N/A
frame-i-001889-6-0246,1,Success,TRUE,SAT_20649,2.95341361,141.3913534,55.44525696,141.5352463,55.52658112,,2000/11/26 10:36:01,SAT_20649,5.05650551,2.95341361,SAT_25943,3.492175889,38.27803635,SAT_21543,9.435194939,N/A
frame-i-001888-6-0077,1,Success,TRUE,SAT_20040,0.052789056,36.73787823,-7.309807316,36.90003756,-7.287306212,,2000/11/26 7:41:25,SAT_20040,2.281739212,0.052789056,SAT_20317,1.187756596,0.604992044,SAT_13269,5.064778296,0.833038853
frame-i-001888-6-0078,1,Success,TRUE,SAT_20040,0.155503166,36.88848173,-7.303437505,37.05120126,-7.280563255,,2000/11/26 7:42:01,SAT_20040,2.281739212,0.155503166,SAT_20317,1.187756596,0.707706154,SAT_13269,5.064778296,0.935752963
frame-i-001887-5-0083,1,Success,TRUE,SAT_23241,4.94218668,41.55891577,0.7600721,41.63796536,0.766189879,,2000/11/26 5:44:33,SAT_23241,4.381405264,4.94218668,SAT_15946,4.969809686,7.049312638,SAT_07229,5.630255261,8.13237602
frame-i-001889-3-0327,1,No match,FALSE,N/A,inf,162.5591128,60.15702562,162.5771142,60.20619864,FOVNotMatch,2000/11/26 11:24:22,SAT_13432,5.460886377,45.7995318,SAT_22255,5.546460756,65.74092095,SAT_24273,5.887885281,66.31539887
frame-i-001888-6-0086,1,Success,TRUE,SAT_20040,0.466571174,38.09624416,-7.250569766,38.2584943,-7.226748373,,2000/11/26 7:46:48,SAT_20040,2.318980888,0.466571174,SAT_18446,1.759322736,1.001570448,SAT_20317,1.279710486,1.033362676
frame-i-001888-6-0094,1,Success,TRUE,SAT_18446,0.689558859,39.30385175,-7.196636086,39.46687816,-7.171783267,,2000/11/26 7:51:34,SAT_18446,1.841262278,0.689558859,SAT_20040,2.35203141,0.750315644,SAT_18631,1.288022913,0.776784001
frame-i-001888-6-0095,1,No match,FALSE,N/A,inf,39.44580452,-7.086094496,39.51590781,-7.105777246,FOVNotMatch,2000/11/26 7:52:10,SAT_24786,4.649221102,15.74283595,SAT_26495,2.946188207,15.78295216,SAT_22096,4.939455516,15.82681378
frame-i-001888-6-0095,2,Success,TRUE,SAT_20040,0.607339173,39.45497869,-7.189460226,39.61731406,-7.165123628,,2000/11/26 7:52:10,SAT_20040,2.35203141,0.607339173,SAT_18446,1.841262278,0.83253533,SAT_18631,1.288022913,0.919760472
frame-i-001887-4-0105,1,No match,FALSE,N/A,inf,44.85216377,0.436925639,44.9726343,0.389048016,FOVNotMatch,2000/11/26 5:57:42,SAT_23241,2.825201711,20.50735723,SAT_21222,5.990046898,21.67653133,SAT_22930,5.659173135,21.69981071
frame-i-001887-4-0105,2,No match,FALSE,N/A,inf,44.85221692,0.230138899,44.87201182,0.21474941,FOVNotMatch,2000/11/26 5:57:42,SAT_14607,4.98514819,19.83953347,SAT_03819,3.744298464,34.37775787,SAT_23241,2.825201711,36.69627424
frame-i-001891-4-0085,1,Success,TRUE,SAT_06916,1.40119447,357.8715268,-9.614528867,357.8334107,-9.482039834,,2000/11/27 2:06:52,SAT_06916,5.201048577,1.40119447,SAT_12303,2.927748013,26.09659674,SAT_18083,5.055023732,28.545754
frame-i-001891-3-0047,1,Success,TRUE,SAT_21254,3.246781756,352.0344031,-9.953217027,352.0170745,-9.886308419,,2000/11/27 1:44:10,SAT_21254,4.589974413,3.246781756,SAT_18083,3.19353587,26.89234549,SAT_07037,3.38676708,34.5665713
frame-i-001891-5-0048,1,Success,TRUE,SAT_21171,1.027893658,352.1106531,-8.9714208,352.2689151,-8.991756263,,2000/11/27 1:44:46,SAT_21171,5.232827813,1.027893658,SAT_03488,0.991339526,2.054255122,SAT_07684,0.109532442,2.501849137
frame-i-001894-1-0049,1,Success,TRUE,SAT_08747,0.013094583,38.33062194,-1.221676819,38.48418297,-1.25699542,,2000/11/27 4:53:24,SAT_08747,0.110471365,0.013094583,SAT_08746,3.022507175,0.288969291,SAT_26352,5.376287894,12.89997918
frame-i-001894-1-0051,1,Success,TRUE,SAT_08747,0.07662051,38.63000235,-1.152508564,38.79226145,-1.189639294,,2000/11/27 4:54:36,SAT_08747,0.110471365,0.07662051,SAT_08746,3.022507175,0.352495218,SAT_26352,5.376287894,12.83645325
frame-i-001895-5-0320,1,No match,FALSE,N/A,inf,163.3965403,61.5635005,163.4667444,61.64663341,FOVNotMatch,2000/11/27 9:30:40,SAT_21945,5.336048401,16.56863934,SAT_02661,5.87059381,24.34628554,SAT_25366,4.160657829,36.67463709
frame-i-001895-5-0321,1,No match,FALSE,N/A,inf,163.9124436,61.56956296,164.0088897,61.67879306,FOVNotMatch,2000/11/27 9:31:16,SAT_21945,5.336048401,15.68410906,SAT_02661,5.87059381,23.46175526,SAT_25366,4.160657829,35.79010681
frame-i-001895-4-0332,1,No match,FALSE,N/A,inf,167.2472588,61.73674439,167.2877839,61.78919818,FOVNotMatch,2000/11/27 9:37:50,SAT_02371,4.851077671,9.445085325,SAT_18779,4.793289047,25.42293453,SAT_22040,3.824934393,26.94144449
frame-i-001896-2-0072,1,No match,FALSE,N/A,inf,156.4653266,58.61827443,156.7760857,58.48995762,FOVNotMatch,2000/11/27 10:46:06,SAT_20959,5.636355749,31.93426599,SAT_06675,0.085441654,55.47615287,SAT_13432,5.004095771,79.60405599
frame-i-001896-2-0073,1,No match,FALSE,N/A,inf,156.9207565,58.77172128,157.033039,58.72553543,FOVNotMatch,2000/11/27 10:46:42,SAT_20959,5.636355749,31.98289329,SAT_06675,0.085441654,55.42752556,SAT_13432,5.004095771,79.65268329
frame-i-001896-6-0119,1,No match,FALSE,N/A,inf,168.8666906,62.52863004,169.2349855,62.47960621,FOVNotMatch,2000/11/27 11:14:10,SAT_02674,5.498260959,11.66919382,SAT_20959,3.280400525,13.07991241,SAT_18083,0.494222769,46.25779783
frame-i-001894-5-0099,1,Success,TRUE,SAT_08747,1.174309123,45.81550638,0.463186177,45.97820258,0.427529109,,2000/11/27 5:23:15,SAT_08747,2.734858995,1.174309123,SAT_08746,3.712692515,1.346841898,SAT_23598,5.91443807,12.33341746
frame-i-001894-5-0100,1,Success,TRUE,SAT_08747,1.185768095,45.96495553,0.495920459,46.12752083,0.460326316,,2000/11/27 5:23:51,SAT_08747,2.734858995,1.185768095,SAT_08746,3.712692515,1.35830087,SAT_23598,5.91443807,12.32195849
frame-i-001894-5-0102,1,Success,TRUE,SAT_08747,1.200658179,46.26418456,0.561357344,46.4267101,0.525816527,,2000/11/27 5:25:03,SAT_08747,2.734858995,1.200658179,SAT_08746,3.712692515,1.373190954,SAT_23598,5.91443807,12.3070684
frame-i-001894-6-0111,1,Success,TRUE,SAT_08747,1.657519763,47.6119177,0.853197096,47.67240852,0.840371456,,2000/11/27 5:30:25,SAT_08747,3.564705131,1.657519763,SAT_08746,4.442625018,1.806513478,SAT_23248,5.814579343,3.008874908
frame-i-001894-6-0113,1,Success,TRUE,SAT_08747,1.552709123,47.91088079,0.91772428,48.07418612,0.882787516,,2000/11/27 5:31:37,SAT_08747,3.564705131,1.552709123,SAT_08746,4.442625018,1.701702837,SAT_23248,5.814579343,2.904064267
frame-i-001894-6-0113,2,No match,FALSE,N/A,inf,48.04369624,1.04946963,48.05677059,1.062179414,FOVNotMatch,2000/11/27 5:31:37,SAT_24301,4.427101614,12.84322449,SAT_03974,4.905333844,22.39082452,SAT_05775,3.220455774,29.81769
frame-i-001894-3-0075,1,Success,TRUE,SAT_08747,0.635115601,42.22246028,-0.3346398,42.38543394,-0.371293145,,2000/11/27 5:08:56,SAT_08747,1.084226893,0.635115601,SAT_08746,2.491047747,0.854617573,SAT_26352,5.820251959,12.60809012
frame-i-001894-3-0076,1,Success,TRUE,SAT_08747,0.501323474,42.3722711,-0.300698784,42.53501386,-0.337699774,,2000/11/27 5:09:31,SAT_08747,1.084226893,0.501323474,SAT_08746,2.491047747,0.720825446,SAT_26352,5.820251959,12.74188225
frame-i-001894-2-0067,1,Success,TRUE,SAT_08747,0.634126213,41.0583665,-0.612933902,41.18677918,-0.641611188,,2000/11/27 5:04:09,SAT_08747,0.439401731,0.634126213,SAT_08746,2.168723388,0.869228907,SAT_26352,5.471511714,12.52546206
frame-i-001894-1-0054,1,Success,TRUE,SAT_08747,0.062065654,39.07875722,-1.049110147,39.2421751,-1.086856565,,2000/11/27 4:56:23,SAT_08747,0.572805609,0.062065654,SAT_08746,2.058469382,0.322446089,SAT_26352,5.132652707,12.94949346
frame-i-001894-1-0055,1,Success,TRUE,SAT_08747,0.279895605,39.30636918,-1.032718983,39.39091162,-1.051908616,,2000/11/27 4:56:59,SAT_08747,0.572805609,0.279895605,SAT_08746,2.058469382,0.540276041,SAT_26352,5.132652707,12.73166351
frame-i-001894-1-0055,2,No match,FALSE,N/A,inf,39.38874862,-1.253556672,39.25237489,-1.056913924,FOVNotMatch,2000/11/27 4:56:59,SAT_26072,5.992102634,28.02483964,SAT_08746,2.058469382,41.93299313,SAT_08747,0.572805609,42.19337356
frame-i-001904-1-0302,1,No match,FALSE,N/A,inf,23.29234039,13.33878379,23.45279667,13.2760797,FOVNotMatch,2000/11/30 6:36:16,SAT_25136,0.030934352,34.19412702,SAT_22578,3.126128878,38.25776881,SAT_18943,5.641380632,59.4745452
frame-i-001908-2-0032,1,Success,TRUE,SAT_04741,0.519235217,152.5639031,-0.534212078,152.6238355,-0.728072727,,2000/11/30 12:13:27,SAT_04741,2.155120976,0.519235217,SAT_18755,5.334488777,2.420113815,SAT_23294,5.00213084,5.95602656
frame-i-001908-5-0017,1,No match,FALSE,N/A,inf,150.2287892,0.57877689,150.2881849,0.621037871,FOVNotMatch,2000/11/30 12:04:30,SAT_20404,3.077865909,27.57095724,SAT_15677,4.70564888,33.89614456,SAT_22796,5.727126364,34.26895263
frame-i-001992-2-0113,1,No match,FALSE,N/A,inf,166.765427,1.971966497,166.8952518,1.753455645,FOVNotMatch,2000/12/23 11:40:19,SAT_21959,1.973351259,14.86704534,SAT_20413,1.975139361,30.39092921,SAT_26583,2.897272994,42.36243467
frame-i-001992-5-0118,1,No match,FALSE,N/A,inf,167.5427144,3.016662344,167.590841,3.241108223,FOVNotMatch,2000/12/23 11:43:18,SAT_20413,1.975139361,12.39658797,SAT_16205,1.482178293,23.08247653,SAT_21959,1.973351259,27.92047185
frame-i-001992-3-0164,1,No match,FALSE,N/A,inf,174.3666391,2.348297662,174.528956,2.372804052,FOVNotMatch,2000/12/23 12:10:46,SAT_25021,4.665191977,8.430801054,SAT_15677,4.671683076,8.689784398,SAT_15824,4.145900719,9.795343846
frame-i-002029-4-0241,1,Success,TRUE,SAT_21709,1.711137846,181.5066696,0.107829654,181.567128,0.33104836,,2001/1/14 11:17:59,SAT_21709,4.958539978,1.711137846,SAT_23630,2.942415466,1.923482326,SAT_19810,4.231373514,3.653198448
frame-i-002064-1-0108,1,Success,TRUE,SAT_02685,3.87575244,134.0178418,48.82052453,134.0690695,48.83203479,,2001/1/24 10:04:20,SAT_02685,5.791172171,3.87575244,SAT_20014,2.062618289,34.05122728,SAT_21900,5.323943424,38.48674861
frame-i-002065-1-0103,1,No match,FALSE,N/A,inf,181.6503987,63.76344724,181.9221994,63.91423599,FOVNotMatch,2001/1/24 11:47:11,SAT_17081,5.356480577,12.47949506,SAT_14465,4.122595511,14.3383524,SAT_25600,4.448210745,16.0963762
frame-i-002065-1-0103,2,Success,TRUE,SAT_25600,4.949150651,181.6536633,63.75471011,181.6888035,63.76385452,,2001/1/24 11:47:11,SAT_25600,4.448210745,4.949150651,SAT_21847,5.637761002,4.954677225,SAT_14465,4.122595511,6.707174452
frame-i-002065-3-0155,1,Success,TRUE,SAT_21706,1.215374446,199.4843023,63.95870112,199.6187969,64.01829712,,2001/1/24 12:18:14,SAT_21706,4.930359554,1.215374446,SAT_21220,3.309836839,9.738191926,SAT_17081,1.678921365,13.02800445
frame-i-002065-2-0180,1,Success,TRUE,SAT_21706,0.034009846,207.3193323,62.349077,207.5264694,62.44184628,,2001/1/24 12:33:09,SAT_21706,3.209121761,0.034009846,SAT_07780,5.219611993,0.707330449,SAT_26483,5.80594795,1.223030969
frame-i-002069-5-0107,1,Success,TRUE,SAT_15677,3.488915476,135.116737,3.710169674,135.2437228,3.723045455,,2001/1/25 7:42:32,SAT_15677,4.726457992,3.488915476,SAT_23270,4.999951562,3.686182887,SAT_20217,4.541452464,3.87962607
frame-i-002073-3-0055,1,Success,TRUE,SAT_26090,4.256715331,33.47243951,-8.941624348,33.51354548,-8.944875969,,2001/1/26 3:17:22,SAT_26090,2.156260945,4.256715331,SAT_23016,5.369823839,4.580002536,SAT_21392,3.953678223,4.580990047
frame-i-002078-6-0024,1,Success,TRUE,SAT_12156,4.663992641,157.9090465,63.34632187,158.1645623,63.37787398,,2001/1/26 10:02:34,SAT_12156,1.556783529,4.663992641,SAT_16112,4.555271704,12.10205782,SAT_02825,5.378893457,23.13099729
frame-i-002078-1-0065,1,Success,TRUE,SAT_21847,0.051383572,172.3030825,63.16703085,172.5010734,63.26409791,,2001/1/26 10:27:03,SAT_21847,2.091916696,0.051383572,SAT_21900,3.521491182,4.123259821,SAT_12156,2.395601726,32.77901352
frame-i-002078-1-0066,1,Success,TRUE,SAT_21847,0.296692858,172.9163736,63.2071171,172.9787581,63.2374331,,2001/1/26 10:27:39,SAT_21847,2.091916696,0.296692858,SAT_21900,3.521491182,3.877950535,SAT_12156,2.395601726,32.53370424
frame-i-002078-6-0261,1,Success,TRUE,SAT_14815,0.977735732,232.1665022,56.65905302,232.4846283,56.80307364,,2001/1/26 12:24:04,SAT_14815,5.950850823,0.977735732,SAT_18980,5.62444898,2.109586068,SAT_11699,0.074858306,3.160651051
frame-i-002078-4-0243,1,No match,FALSE,N/A,inf,227.4869484,57.84357093,227.6476539,57.8774957,FOVNotMatch,2001/1/26 12:13:19,SAT_18980,3.261653958,17.57050782,SAT_12744,2.961045437,20.06100856,SAT_19544,4.96386024,30.29401161
frame-i-002073-3-0151,1,No match,FALSE,N/A,inf,47.92089822,-7.479898678,48.05256535,-7.425399713,FOVNotMatch,2001/1/26 4:14:41,SAT_13571,5.610527427,9.249344575,SAT_16870,4.838277224,11.37169636,SAT_19689,3.941712698,12.29861393
frame-i-002073-3-0152,1,No match,FALSE,N/A,inf,48.13584803,-7.478776226,48.23280175,-7.438985495,FOVNotMatch,2001/1/26 4:15:17,SAT_13571,5.610527427,9.076928998,SAT_16870,4.838277224,11.19928079,SAT_19689,3.941712698,12.12619836
frame-i-002125-4-0121,1,No match,FALSE,N/A,inf,136.8543022,3.467127593,136.9866535,3.512073398,FOVNotMatch,2001/2/20 4:40:25,SAT_21641,0.886103775,15.73417078,SAT_23330,5.013367653,16.35058106,SAT_21702,2.126107414,16.57503787
frame-i-002127-4-0066,1,Success,TRUE,SAT_04745,2.858857669,195.933802,64.59728955,196.0771211,64.57185362,,2001/2/20 12:07:17,SAT_04745,0.81328697,2.858857669,SAT_18946,5.849166536,16.06159006,SAT_24963,2.972674464,21.07686684
frame-i-002131-4-0044,1,No match,FALSE,N/A,inf,114.0933705,29.53493365,114.1104305,29.62322238,FOVNotMatch,2001/2/21 2:44:43,SAT_04964,4.33617466,25.76981491,SAT_25225,4.679671603,26.64787078,SAT_13133,5.767619394,26.77497527
frame-i-002134-5-0242,1,No match,FALSE,N/A,inf,247.9736176,45.09890275,248.1078836,45.08774821,FOVNotMatch,2001/2/21 11:09:52,SAT_03900,4.556502819,49.3603861,SAT_24155,4.587534494,54.29812487,SAT_23743,1.435015714,57.74953312
frame-i-002134-5-0243,1,No match,FALSE,N/A,inf,248.0518399,44.87113359,248.2501905,44.85479314,FOVNotMatch,2001/2/21 11:10:28,SAT_03900,4.556502819,49.27819924,SAT_24155,4.587534494,54.21593801,SAT_23743,1.435015714,57.66734626
frame-i-002134-5-0095,1,Success,TRUE,SAT_08701,2.682161821,221.6338259,60.49820414,221.7214321,60.5096671,,2001/2/21 9:42:06,SAT_08701,5.23852674,2.682161821,SAT_08195,5.114417224,4.313618318,SAT_14319,3.981716279,5.177554594
frame-i-002140-6-0054,1,No match,FALSE,N/A,inf,125.8882632,42.9008593,125.6324931,43.00236872,FOVNotMatch,2001/2/22 7:21:32,SAT_11141,3.449001421,23.7851569,SAT_20539,1.409264233,34.15775238,SAT_14679,0.130359317,41.09952124
frame-i-002138-1-0046,1,No match,FALSE,N/A,inf,153.5832454,54.92496395,153.6299366,54.99837411,FOVNotMatch,2001/2/22 5:34:39,SAT_25379,5.053772517,22.69425964,SAT_00403,1.39479449,38.51995875,SAT_00252,5.193762034,38.6708556
frame-i-002138-1-0047,1,No match,FALSE,N/A,inf,153.9828485,54.95987855,154.0598888,55.07664016,FOVNotMatch,2001/2/22 5:35:15,SAT_25379,5.053772517,22.03393663,SAT_00403,1.39479449,37.85963574,SAT_00252,5.193762034,39.3311786
frame-i-002138-5-0082,1,Success,TRUE,SAT_09696,4.513016727,161.4419249,58.53030595,161.626668,58.7291957,,2001/2/22 5:56:09,SAT_09696,3.30866338,4.513016727,SAT_04772,0.678421427,8.199001892,SAT_25379,4.706935726,23.4492881
frame-i-002143-2-0011,1,Success,TRUE,SAT_22309,4.512127134,220.7823913,42.71867799,220.9690306,42.54652813,,2001/2/22 12:04:12,SAT_22309,5.617538659,4.512127134,SAT_12745,13.7470762,N/A,SAT_09829,9.399859676,N/A
frame-i-002141-2-0225,1,No match,FALSE,N/A,inf,176.2083524,-0.820514369,176.3446095,-0.610402346,FOVNotMatch,2001/2/22 10:25:37,SAT_16186,5.014537336,16.50437026,SAT_24721,0.513450553,40.10056726,SAT_19178,5.537792506,51.7931121
frame-i-002141-2-0226,1,No match,FALSE,N/A,inf,176.4986617,-0.83416327,176.5207703,-0.799349624,FOVNotMatch,2001/2/22 10:26:13,SAT_16186,5.014537336,15.9582732,SAT_24721,0.513450553,40.64666431,SAT_19178,5.537792506,51.24701504
frame-i-002141-2-0274,1,No match,FALSE,N/A,inf,183.5453397,-0.692832711,183.6015503,-0.674403663,FOVNotMatch,2001/2/22 10:54:53,SAT_23877,5.734057588,18.11333677,SAT_22117,4.997816216,18.11404779,SAT_23016,5.572331257,18.12533549
frame-i-002189-3-0064,1,Success,TRUE,SAT_16402,3.365721312,172.8575843,64.49506945,173.0564924,64.48890095,,2001/3/19 6:14:22,SAT_16402,4.480705651,3.365721312,SAT_12156,2.243031365,6.666682988,SAT_22275,4.33007446,12.94062582
frame-i-002190-6-0045,1,Success,TRUE,SAT_26496,0.071073686,188.6170878,6.05209956,188.7802782,6.067306503,,2001/3/19 7:47:46,SAT_26496,5.832920581,0.071073686,SAT_13631,5.651509927,11.36656398,SAT_19483,4.551314396,14.68681052
frame-i-002190-4-0090,1,Success,TRUE,SAT_26496,2.3993791,195.3784644,5.267357194,195.5411829,5.283140042,,2001/3/19 8:14:37,SAT_26496,5.085934014,2.3993791,SAT_13631,5.484167987,12.21097681,SAT_19483,4.779188621,15.62444129
frame-i-002190-6-0156,1,No match,FALSE,N/A,inf,205.3184666,5.754279225,205.4803726,5.734458019,FOVNotMatch,2001/3/19 8:54:02,SAT_16293,0.912061655,25.00365714,SAT_07066,1.986195667,59.8186546,SAT_25485,12.76739648,N/A
frame-i-002190-6-0157,1,No match,FALSE,N/A,inf,205.5797904,5.750139773,205.6309569,5.743929117,FOVNotMatch,2001/3/19 8:54:38,SAT_16293,0.912061655,25.06279756,SAT_07066,1.986195667,59.87779501,SAT_25485,12.76739648,N/A
