fits_file,streak_id,status,matched,satellite_name,min_angle_error,start_ra,start_dec,end_ra,end_dec,error,obs_time,candidate_1_name,candidate_1_separation,candidate_1_angle_error,candidate_2_name,candidate_2_separation,candidate_2_angle_error,candidate_3_name,candidate_3_separation,candidate_3_angle_error
frame-r-007907-3-0038,1,No match,FALSE,,inf,355.0234354,-2.874702932,354.9096341,-2.75487336,FOVNotMatch,2009/1/16 1:37:56,SAT_26221,0.653928683,31.7079654,SAT_17722,1.501817356,33.10455464,SAT_28138,4.028494467,41.12816161
frame-r-007907-3-0039,1,No match,FALSE,,inf,355.2228834,-2.771148787,355.1694874,-2.71506161,FOVNotMatch,2009/1/16 1:38:32,SAT_25117,0.087558521,33.03667145,SAT_28138,3.259361046,40.8314351,SAT_11715,1.871323846,41.84106737
frame-r-007885-1-0068,1,Success,TRUE,SAT_20918,1.005275234,28.10616689,-7.746800949,28.19269904,-7.735607065,,2009/1/1 5:01:52,SAT_20918,1.018380122,1.005275234,SAT_21814,5.750251307,1.690964473,SAT_20168,3.630612842,1.915502558
frame-r-007885-1-0069,1,Success,TRUE,SAT_20918,1.110488363,28.25786651,-7.750947543,28.42142919,-7.729486104,,2009/1/1 5:02:28,SAT_20918,1.018380122,1.110488363,SAT_21814,5.750251307,1.796177602,SAT_20168,3.630612842,1.810289429
frame-r-007907-5-0174,1,Success,TRUE,SAT_14948,3.881465787,15.4146331,-2.016221966,15.45224312,-2.002143982,,2009/1/16 2:59:08,SAT_14948,0.041659811,3.881465787,SAT_15141,0.107609865,4.287514554,SAT_14943,4.18409553,4.92747007
frame-r-007907-6-0198,1,No match,FALSE,,inf,18.92643684,-1.356414652,19.04229543,-1.404466823,FOVNotMatch,2009/1/16 3:13:28,SAT_02220,5.884573587,21.9226304,SAT_02207,2.569289855,22.08374706,SAT_02216,1.011008531,22.1473845
frame-r-007907-1-0177,1,Success,TRUE,SAT_20918,0.299802988,15.75243752,-3.653122738,15.91578359,-3.636561257,,2009/1/16 3:00:56,SAT_20918,5.817781731,0.299802988,SAT_21136,4.993997966,0.617206622,SAT_32295,4.896039666,2.856830616
frame-r-007907-1-0178,1,Success,TRUE,SAT_21136,0.448686335,15.9025572,-3.666392425,16.06590882,-3.64934605,,2009/1/16 3:01:31,SAT_21136,4.993997966,0.448686335,SAT_20918,5.817781731,0.468323275,SAT_32295,4.896039666,2.68831033
frame-r-007907-1-0179,1,Success,TRUE,SAT_21136,0.458231426,16.11107036,-3.673392684,16.21607715,-3.66245259,,2009/1/16 3:02:07,SAT_21136,4.993997966,0.458231426,SAT_20918,5.817781731,0.458778185,SAT_32295,4.896039666,2.69785542
frame-r-007912-3-0059,1,No match,FALSE,,inf,344.8965888,16.07106425,344.934771,16.17062698,FOVNotMatch,2009/1/17 1:52:07,SAT_14735,1.118568276,12.26590899,SAT_10155,3.357923124,39.47674137,SAT_10291,0.006823118,53.15649134
frame-r-007912-6-0136,1,No match,FALSE,,inf,356.7024906,18.36239619,356.7494936,18.34842579,FOVNotMatch,2009/1/17 2:38:06,SAT_00227,1.715090128,5.791934962,SAT_01716,0.04867883,12.90587168,SAT_29285,2.43530269,24.26804
frame-r-007912-6-0137,1,No match,FALSE,,inf,356.9279794,18.40161135,357.0318191,18.37080781,FOVNotMatch,2009/1/17 2:38:42,SAT_00227,1.715090128,5.763040471,SAT_01716,0.04867883,12.87697719,SAT_29285,2.43530269,24.23914551
frame-r-007912-2-0159,1,No match,FALSE,,inf,0.484274538,16.61043494,0.539714529,16.70561597,FOVNotMatch,2009/1/17 2:51:50,SAT_29569,2.153255627,45.11441786,SAT_21229,3.73378892,45.87763204,SAT_29790,3.099865454,47.21154885
frame-r-007912-1-0164,1,No match,FALSE,,inf,1.208101147,16.34895691,1.16311317,16.36508502,FOVNotMatch,2009/1/17 2:54:49,SAT_18113,5.953803169,27.49265211,SAT_15762,5.679796526,27.7839258,SAT_21229,2.105250775,35.04903765
frame-r-007912-2-0190,1,No match,FALSE,,inf,5.304090739,16.66195845,5.331700202,16.71148628,FOVNotMatch,2009/1/17 3:10:20,SAT_21229,3.963058567,48.49647625,SAT_00871,2.268691476,48.70270588,SAT_00899,0.11366846,50.51611456
frame-r-007908-1-0030,1,No match,FALSE,,inf,26.25987482,-8.214010565,26.32903502,-8.242417947,FOVNotMatch,2009/1/16 3:43:45,SAT_11715,5.970721907,15.67064298,SAT_27402,4.392329604,17.80625882,SAT_02207,5.6171905,21.64081522
frame-r-007908-6-0031,1,No match,FALSE,,inf,26.303314,-5.961984153,26.32631929,-5.917568591,FOVNotMatch,2009/1/16 3:44:21,SAT_32026,1.370617382,9.039837488,SAT_16870,4.03101165,47.41257768,SAT_15581,5.161675804,47.89840248
frame-r-007908-1-0040,1,No match,FALSE,,inf,27.82873206,-8.169182897,27.92645319,-7.972354516,FOVNotMatch,2009/1/16 3:49:44,SAT_05265,1.606582712,36.96334251,SAT_06080,2.081601951,42.37608609,SAT_18718,4.207713601,50.04443986
frame-r-007908-2-0044,1,Success,TRUE,SAT_25968,3.336937162,28.51279982,-7.625506618,28.36184072,-7.516159994,,2009/1/16 3:52:07,SAT_25968,3.012265449,3.336937162,SAT_01477,5.750506533,10.66096162,SAT_28870,0.092229953,22.07463957
frame-r-007913-3-0139,1,No match,FALSE,,inf,28.67083142,18.37783939,28.72260544,18.4482308,FOVNotMatch,2009/1/17 5:05:10,SAT_01549,4.157340627,18.6940637,SAT_24721,2.454568013,32.30239764,SAT_14148,1.905716797,39.45682304
frame-r-007917-3-0014,1,No match,FALSE,,inf,345.5120996,21.11766871,345.5532377,21.28745597,FOVNotMatch,2009/1/18 2:06:38,SAT_14735,3.473156015,6.055144263,SAT_29260,3.394883349,31.52109746,SAT_31335,3.916077828,55.5351524
frame-r-007917-1-0071,1,No match,FALSE,,inf,354.5865063,21.23704127,354.6210235,21.34124655,FOVNotMatch,2009/1/18 2:40:40,SAT_24870,0.191207431,58.66008734,SAT_21568,0.139931287,60.4331056,SAT_07194,5.021964007,60.4387379
frame-r-007913-1-0164,1,No match,FALSE,,inf,32.44442593,16.87777273,32.55535605,17.05481678,FOVNotMatch,2009/1/17 5:20:06,SAT_30433,5.668777456,42.98316716,SAT_02177,3.66053841,44.76335794,SAT_02511,0.035146994,45.04714666
frame-r-007917-6-0084,1,Success,TRUE,SAT_22076,3.165012735,356.7040146,23.33816059,356.709988,23.56274719,,2009/1/18 2:48:25,SAT_22076,2.860547428,3.165012735,SAT_10535,1.470099298,5.45302899,SAT_22438,0.780794721,35.46935474
frame-r-007923-5-0047,1,No match,FALSE,,inf,338.7806083,18.50946939,338.8054422,18.5855614,FOVNotMatch,2009/1/21 1:48:22,SAT_16103,2.284219899,8.386690557,SAT_21800,0.266759213,57.34350887,SAT_08394,4.815560079,60.17286368
frame-r-007923-6-0156,1,No match,FALSE,,inf,355.96371,20.61439215,356.0035974,20.70441218,FOVNotMatch,2009/1/21 2:53:26,SAT_32495,4.856656497,16.46449974,SAT_00252,2.114265116,33.80672125,SAT_29790,0.57061041,54.53870679
frame-r-007923-6-0159,1,No match,FALSE,,inf,356.3095179,20.70228665,356.4053665,20.86050056,FOVNotMatch,2009/1/21 2:55:14,SAT_32495,4.856656497,9.456100497,SAT_00252,2.114265116,40.81512049,SAT_29790,0.57061041,47.53030755
frame-r-007923-4-0117,1,No match,FALSE,,inf,349.7886404,19.35462297,349.8541686,19.56557979,FOVNotMatch,2009/1/21 2:30:09,SAT_00879,2.125296453,20.65550106,SAT_00622,0.528006408,37.16629465,SAT_08015,5.263601897,37.72242811
frame-r-008038-1-0048.fits.bz2,,Failed,FALSE,,,,,,,No valid TLE files in window,,,,,,,,,,
frame-r-008038-2-0056.fits.bz2,,Failed,FALSE,,,,,,,No valid TLE files in window,,,,,,,,,,
frame-r-008039-1-0022.fits.bz2,,Failed,FALSE,,,,,,,No valid TLE files in window,,,,,,,,,,
frame-r-007932-2-0027,1,No match,FALSE,,inf,2.689801563,21.79585143,2.774054182,21.83919005,FOVNotMatch,2009/1/26 3:16:24,SAT_28815,5.727602205,11.6007155,SAT_02834,2.328818606,14.28802228,SAT_26416,5.116476335,14.76436851
frame-r-007932-5-0208,1,No match,FALSE,,inf,31.81473597,20.82755355,31.92069444,20.83258849,FOVNotMatch,2009/1/26 5:04:29,SAT_10828,0.192949856,47.71090548,SAT_11750,4.671418294,47.76826595,SAT_32037,4.715525028,49.2902708
frame-r-007941-2-0013,1,No match,FALSE,,inf,18.55084872,30.93134047,18.65155431,31.07694823,FOVNotMatch,2009/1/30 4:23:31,SAT_27353,0.695473734,45.19865225,SAT_10675,2.319555581,46.63124608,SAT_05967,0.362380397,48.71514928
frame-r-008049-5-0076,1,No match,FALSE,,inf,11.46222932,7.877964411,11.60110231,8.06257161,FOVNotMatch,2009/9/23 11:13:02,SAT_32712,2.276053625,9.37107727,SAT_16183,4.791838502,25.1504736,SAT_17199,2.341863155,38.7193922
frame-r-008049-1-0133,1,Success,TRUE,SAT_19611,2.065849362,19.99180044,5.995196326,20.05887502,6.215898282,,2009/9/23 11:47:04,SAT_19611,4.74022487,2.065849362,SAT_13090,2.131636504,10.22797102,SAT_00738,0.548133456,20.66444224
frame-r-008049-3-0134,1,No match,FALSE,,inf,20.16927209,6.85853132,20.30610502,6.833410524,FOVNotMatch,2009/9/23 11:47:40,SAT_01981,1.50095917,5.759010945,SAT_21052,4.558542572,17.55995916,SAT_15506,4.293099718,54.3967745
frame-r-008049-2-0109,1,Success,TRUE,SAT_33438,0.153059121,16.39013959,6.613984002,16.46289693,6.620474548,,2009/9/23 11:32:44,SAT_33438,2.021294532,0.153059121,SAT_25623,3.186422819,0.80584797,SAT_21052,4.25743132,2.578506722
frame-r-008049-2-0110,1,Success,TRUE,SAT_33438,0.102914041,16.54054639,6.592814654,16.70523948,6.607362798,,2009/9/23 11:33:20,SAT_33438,2.021294532,0.102914041,SAT_25623,3.186422819,0.85599305,SAT_21052,4.25743132,2.628651802
frame-r-008049-2-0099,1,No match,FALSE,,inf,15.04617444,6.617215218,14.88368416,6.685833724,FOVNotMatch,2009/9/23 11:26:46,SAT_14756,3.736301826,5.633245884,SAT_27575,4.836723673,14.1847939,SAT_01668,1.70931392,25.64574297
frame-r-008049-2-0099,2,Success,TRUE,SAT_00123,1.234283759,14.93912605,6.555052018,14.93373804,6.603540015,,2009/9/23 11:26:46,SAT_00123,4.726860963,1.234283759,SAT_18416,1.724348875,1.749774356,SAT_31570,0.123710594,2.991857401
frame-r-008049-2-0100,1,No match,FALSE,,inf,15.1982705,6.673281927,15.15686149,6.691186726,FOVNotMatch,2009/9/23 11:27:22,SAT_14756,3.736301826,6.125972628,SAT_27575,4.836723673,14.67752064,SAT_01668,1.70931392,26.13846972
frame-r-008049-1-0104,1,Success,TRUE,SAT_19611,0.566929441,15.75041774,6.116729888,15.79230714,6.27106744,,2009/9/23 11:29:45,SAT_19611,3.97859811,0.566929441,SAT_31570,0.123710594,18.40792664,SAT_18416,1.724348875,19.65000968
frame-r-008055-3-0105,1,No match,FALSE,,inf,20.95056674,24.12081301,21.01981786,24.08281756,FOVNotMatch,2009/9/26 9:36:47,SAT_29013,5.835734681,49.86017615,SAT_35112,0.512567594,61.63738765,SAT_18119,2.401611363,70.41006022
frame-r-008055-3-0105,2,No match,FALSE,,inf,20.93134059,23.97489099,20.98583175,23.97837471,FOVNotMatch,2009/9/26 9:36:47,SAT_29013,5.835734681,14.84929205,SAT_18119,2.401611363,74.57905567,SAT_35112,0.512567594,83.35172824
frame-r-008056-6-0046,1,No match,FALSE,,inf,16.50467621,27.86691653,16.6256566,28.03958596,FOVNotMatch,2009/9/26 10:25:14,SAT_12755,4.028858662,37.22973527,SAT_29878,0.303620777,38.55514219,SAT_03827,5.271043085,43.36232824
frame-r-008056-1-0050,1,No match,FALSE,,inf,16.87604443,25.74121482,16.96073041,25.94376283,FOVNotMatch,2009/9/26 10:27:38,SAT_12755,4.028858662,48.36235586,SAT_29878,0.303620777,49.68776279,SAT_03827,5.271043085,54.49494883
frame-r-008056-2-0068,1,No match,FALSE,,inf,20.0283017,25.98605237,20.00865473,26.03055757,FOVNotMatch,2009/9/26 10:38:22,SAT_07135,3.518106858,19.8366265,SAT_04251,5.229573846,61.35945904,SAT_15530,2.795711357,81.00942088
frame-r-008054-1-0109,1,Success,TRUE,SAT_22176,3.213020325,336.9916243,-5.364782912,337.1533996,-5.423696024,,2009/9/26 7:24:40,SAT_22176,4.370797553,3.213020325,SAT_15199,4.622469921,14.45531453,SAT_26721,4.711626017,18.28343712
frame-r-008054-2-0117,1,No match,FALSE,,inf,338.2086306,-5.0301916,338.3704061,-5.088658172,FOVNotMatch,2009/9/26 7:29:26,SAT_01616,5.082393045,7.640369548,SAT_15199,4.817531176,14.23758526,SAT_15166,5.008242783,15.26587495
frame-r-008054-2-0119,1,No match,FALSE,,inf,338.5130223,-4.946713819,338.6744622,-5.004960047,FOVNotMatch,2009/9/26 7:30:38,SAT_01616,5.082393045,7.673909461,SAT_15199,4.817531176,14.20404535,SAT_15166,5.008242783,15.23233504
frame-r-008056-4-0096,1,No match,FALSE,,inf,24.85710998,26.26876941,24.84880496,26.31307395,FOVNotMatch,2009/9/26 10:55:06,SAT_24764,1.84093978,10.1098302,SAT_21730,4.644459516,14.77232973,SAT_26115,2.83706244,19.25937351
frame-r-008056-6-0097,1,No match,FALSE,,inf,25.06065034,26.90535636,25.01799748,27.13827766,FOVNotMatch,2009/9/26 10:55:41,SAT_24764,1.84093978,10.38484716,SAT_21730,4.644459516,15.04734669,SAT_26115,2.83706244,18.98435656
frame-r-008054-3-0125,1,No match,FALSE,,inf,339.4245457,-4.695967357,339.4867528,-4.718244254,FOVNotMatch,2009/9/26 7:34:13,SAT_23671,4.75910442,17.28465163,SAT_26721,3.44783623,17.51338021,SAT_03956,5.645896665,17.83214699
frame-r-008054-3-0126,1,No match,FALSE,,inf,339.5766002,-4.654347807,339.7381296,-4.712008995,FOVNotMatch,2009/9/26 7:34:49,SAT_23671,4.75910442,17.22604941,SAT_26721,3.44783623,17.45477799,SAT_03956,5.645896665,17.77354476
frame-r-008054-3-0127,1,No match,FALSE,,inf,339.7283426,-4.612496948,339.890036,-4.670183773,FOVNotMatch,2009/9/26 7:35:25,SAT_23671,4.75910442,17.21459967,SAT_26721,3.44783623,17.44332826,SAT_03956,5.645896665,17.76209503
frame-r-008054-3-0129,1,No match,FALSE,,inf,340.0322463,-4.52887716,340.1937637,-4.586436516,FOVNotMatch,2009/9/26 7:36:36,SAT_23671,4.75910442,17.19205868,SAT_26721,3.44783623,17.42078727,SAT_03956,5.645896665,17.73955404
frame-r-008054-3-0130,1,No match,FALSE,,inf,340.2864546,-4.523690738,340.3455849,-4.544691523,FOVNotMatch,2009/9/26 7:37:12,SAT_23671,4.75910442,17.13003512,SAT_26721,3.44783623,17.3587637,SAT_03956,5.645896665,17.67753048
frame-r-008056-4-0149,1,No match,FALSE,,inf,33.32346234,24.8258379,33.369692,24.838497,FOVNotMatch,2009/9/26 11:26:44,SAT_32496,3.200997052,57.65875235,SAT_32034,0.113762241,58.72686926,SAT_30473,2.750439046,79.83509103
frame-r-008054-4-0134,1,No match,FALSE,,inf,340.7908599,-4.320278707,340.8725547,-4.349067256,FOVNotMatch,2009/9/26 7:39:35,SAT_23671,5.04720749,16.36602671,SAT_26721,2.807059274,16.95720407,SAT_03956,4.328873724,17.55636199
frame-r-008054-4-0135,1,No match,FALSE,,inf,340.9425514,-4.27869861,341.1043912,-4.335754041,FOVNotMatch,2009/9/26 7:40:11,SAT_23671,5.04720749,16.37310602,SAT_26721,2.807059274,16.96428339,SAT_03956,4.328873724,17.5634413
frame-r-008054-4-0182,1,Success,TRUE,SAT_28379,0.535965098,347.9956096,-4.533252322,348.0643029,-4.532233177,,2009/9/26 8:08:15,SAT_28379,2.884601876,0.535965098,SAT_28884,2.0581092,0.870394786,SAT_28252,4.224029882,0.873179174
frame-r-008054-4-0184,1,Success,TRUE,SAT_28379,0.918704943,348.2962956,-4.554346946,348.45977,-4.550832737,,2009/9/26 8:09:27,SAT_28379,2.884601876,0.918704943,SAT_28884,2.0581092,1.25313463,SAT_28252,4.224029882,1.255919019
frame-r-008066-1-0065,1,No match,FALSE,,inf,348.4169151,-5.911432129,348.3272201,-5.815451328,FOVNotMatch,2009/9/28 8:39:37,SAT_33525,3.833210331,11.35405025,SAT_20309,4.283894166,15.29975624,SAT_34658,4.380701154,16.55851526
frame-r-008066-1-0068,1,No match,FALSE,,inf,348.7595037,-6.049133247,348.8423079,-5.829148243,FOVNotMatch,2009/9/28 8:41:24,SAT_31629,4.137335086,21.90998321,SAT_06989,1.881952614,24.48592841,SAT_26020,2.046243235,27.44519658
frame-r-008062-2-0116,1,No match,FALSE,,inf,33.04412854,1.769606825,32.92224297,1.806414386,FOVNotMatch,2009/9/27 10:13:57,SAT_32998,2.009943102,8.385333544,SAT_34942,3.084765843,11.44903785,SAT_22315,5.589277079,15.06761711
frame-r-008062-3-0121,1,No match,FALSE,,inf,33.63501912,2.010692299,33.7216573,1.98477075,FOVNotMatch,2009/9/27 10:16:57,SAT_32998,2.009943102,8.240496075,SAT_34942,3.084765843,11.30420038,SAT_22315,5.589277079,15.21245458
frame-r-008062-1-0102,1,Success,TRUE,SAT_35257,0.996178804,30.7939366,1.305033693,30.77706385,1.418647175,,2009/9/27 10:05:36,SAT_35257,2.227339819,0.996178804,SAT_29336,5.458018904,9.048504245,SAT_29328,1.134383729,17.16602963
frame-r-008067-1-0065,1,Success,TRUE,SAT_05992,2.212446746,14.58390425,-8.389429837,14.45986039,-8.282427565,,2009/9/28 10:15:43,SAT_05992,5.484859243,2.212446746,SAT_25881,4.743739275,16.61144293,SAT_27855,4.546987408,24.37939068
frame-r-008067-2-0066,1,Success,TRUE,SAT_00194,1.626449872,14.64080071,-8.015105466,14.62044973,-7.922134384,,2009/9/28 10:16:19,SAT_00194,4.963066019,1.626449872,SAT_05992,5.484859243,34.47330334,SAT_25678,2.409974589,45.29983852
frame-r-008067-3-0073,1,No match,FALSE,,inf,15.6053816,-7.365669326,15.63613056,-7.348277676,FOVNotMatch,2009/9/28 10:20:29,SAT_14128,0.881231144,15.01163543,SAT_18443,4.835702566,15.4582195,SAT_19347,4.408984426,15.52329998
frame-r-008067-6-0081,1,Success,TRUE,SAT_28379,1.670019446,16.78276481,-6.212680289,16.94801883,-6.246664274,,2009/9/28 10:25:16,SAT_28379,4.375104713,1.670019446,SAT_33462,4.995407083,4.595652426,SAT_25928,5.492825673,4.968105092
frame-r-008067-6-0082,1,Success,TRUE,SAT_28379,1.552397737,16.93255103,-6.173970605,17.09759537,-6.20756287,,2009/9/28 10:25:52,SAT_28379,4.375104713,1.552397737,SAT_33462,4.995407083,4.478030716,SAT_25928,5.492825673,4.850483383
frame-r-008067-6-0082,2,No match,FALSE,,inf,16.93369209,-6.209905708,17.03250498,-6.169728976,FOVNotMatch,2009/9/28 10:25:52,SAT_13983,5.51075853,6.839673165,SAT_14128,0.069604067,7.534595912,SAT_18443,4.814022886,7.971497305
frame-r-008067-2-0115,1,No match,FALSE,,inf,21.9620752,-7.68235965,22.00667888,-7.572040208,FOVNotMatch,2009/9/28 10:45:34,SAT_14790,4.291934855,10.13637197,SAT_10653,5.765316794,21.26185954,SAT_23433,3.700588377,23.11120505
frame-r-008067-1-0116,1,No match,FALSE,,inf,22.12664948,-8.014821045,22.13812004,-7.986186031,FOVNotMatch,2009/9/28 10:46:10,SAT_14790,4.291934855,9.935789405,SAT_10653,5.765316794,21.06127697,SAT_23433,3.700588377,22.91062249
frame-r-008067-2-0116,1,No match,FALSE,,inf,22.21724963,-7.787099971,22.27654307,-7.63956755,FOVNotMatch,2009/9/28 10:46:10,SAT_14790,4.291934855,10.01422622,SAT_10653,5.765316794,21.13971378,SAT_23433,3.700588377,22.9890593
frame-r-008067-1-0117,1,No match,FALSE,,inf,22.34915174,-8.202450412,22.44020803,-7.974721993,FOVNotMatch,2009/9/28 10:46:46,SAT_14790,4.291934855,9.895620234,SAT_10653,5.765316794,21.0211078,SAT_23433,3.700588377,22.87045332
frame-r-008083-1-0122,1,Success,TRUE,SAT_29645,2.448348056,330.796024,-5.31937609,330.9591382,-5.335003141,,2009/10/10 3:11:31,SAT_29645,5.752407064,2.448348056,SAT_23536,5.50276481,4.988608059,SAT_29494,3.907982385,5.44646154
frame-r-008083-1-0114,1,No match,FALSE,,inf,329.59163,-5.318205693,329.7550451,-5.334380442,FOVNotMatch,2009/10/10 3:06:45,SAT_23536,5.522392144,5.132327015,SAT_29494,3.906449724,5.625943843,SAT_29236,1.507850854,5.628471798
frame-r-008083-1-0115,1,No match,FALSE,,inf,329.7419384,-5.318239766,329.9055717,-5.33455112,FOVNotMatch,2009/10/10 3:07:21,SAT_23536,5.522392144,5.172371728,SAT_29494,3.906449724,5.665988555,SAT_29236,1.507850854,5.668516511
frame-r-008083-1-0129,1,Success,TRUE,SAT_28040,1.992723341,331.8491076,-5.320275006,332.0125848,-5.335700822,,2009/10/10 3:15:42,SAT_28040,5.780009748,1.992723341,SAT_29645,5.383716227,2.176876093,SAT_23536,5.486061137,4.939066764
frame-r-008083-1-0142,1,Success,TRUE,SAT_28040,1.007024295,333.8060525,-5.322242815,333.9690295,-5.336713887,,2009/10/10 3:23:28,SAT_28040,3.332931143,1.007024295,SAT_29645,5.405588051,1.589135256,SAT_24315,5.478205165,5.036769151
frame-r-008095-3-0018,1,Success,TRUE,SAT_10338,1.729364194,317.4849698,-5.328244721,317.6468009,-5.359554666,,2009/10/15 1:50:16,SAT_10338,2.828132405,1.729364194,SAT_25126,2.084730489,8.902180175,SAT_28466,4.950329657,8.948493369
frame-r-008095-3-0019,1,Success,TRUE,SAT_10338,1.83257678,317.6361919,-5.328620841,317.7978149,-5.359589795,,2009/10/15 1:50:52,SAT_10338,2.828132405,1.83257678,SAT_25126,2.084730489,8.798967588,SAT_28466,4.950329657,8.845280782
frame-r-008095-3-0022,1,Success,TRUE,SAT_10338,1.866511934,318.1201543,-5.334954404,318.2508854,-5.359924034,,2009/10/15 1:52:40,SAT_10338,2.828132405,1.866511934,SAT_25126,2.084730489,8.765032435,SAT_28466,4.950329657,8.811345629
frame-r-008095-4-0046,1,No match,FALSE,,inf,321.7129491,-5.332856458,321.8747157,-5.361764324,FOVNotMatch,2009/10/15 2:07:00,SAT_20674,3.809962992,5.784699067,SAT_15199,5.107740623,7.735276762,SAT_26039,3.049073264,7.990755032
frame-r-008095-4-0048,1,Success,TRUE,SAT_01805,3.037345406,322.0146626,-5.333094355,322.1765876,-5.361754732,,2009/10/15 2:08:11,SAT_01805,0.221378546,3.037345406,SAT_20674,2.689034451,5.273291701,SAT_27793,1.118787959,7.244630075
frame-r-008095-4-0050,1,Success,TRUE,SAT_01805,3.030311372,322.3165213,-5.333380945,322.4785207,-5.362034023,,2009/10/15 2:09:23,SAT_01805,0.221378546,3.030311372,SAT_20674,2.689034451,5.266257667,SAT_27793,1.118787959,7.237596041
frame-r-008095-4-0051,1,Success,TRUE,SAT_01805,3.047422231,322.467636,-5.333578816,322.6294118,-5.362241968,,2009/10/15 2:09:59,SAT_01805,0.221378546,3.047422231,SAT_20674,2.689034451,5.283368526,SAT_27793,1.118787959,7.2547069
frame-r-008095-4-0053,1,Success,TRUE,SAT_01805,2.888315266,322.8237167,-5.343485838,322.9313422,-5.362247748,,2009/10/15 2:11:10,SAT_01805,0.221378546,2.888315266,SAT_20674,2.689034451,5.12426156,SAT_27793,1.118787959,7.095599934
frame-r-008095-5-0086,1,Success,TRUE,SAT_25282,0.93075559,327.747903,-5.338943345,327.9101987,-5.364558663,,2009/10/15 2:30:53,SAT_25282,4.97967436,0.93075559,SAT_26039,2.094857887,4.519978023,SAT_15199,0.702480165,6.006122394
frame-r-008095-5-0086,2,Success,TRUE,SAT_25282,0.787287308,327.7480696,-5.33685514,327.9103322,-5.362880171,,2009/10/15 2:30:53,SAT_25282,4.97967436,0.787287308,SAT_26039,2.094857887,4.663446305,SAT_15199,0.702480165,6.149590676
frame-r-008095-4-0098,1,No match,FALSE,,inf,329.6621758,-6.116348771,329.6126652,-5.896541382,FOVNotMatch,2009/10/15 2:38:02,SAT_10925,2.972760364,27.76814567,SAT_18121,0.614857496,32.71748894,SAT_07084,0.044422454,34.54180712
frame-r-008095-6-0104,1,Success,TRUE,SAT_25282,1.731197261,330.4620549,-5.339357143,330.5162942,-5.347539336,,2009/10/15 2:41:37,SAT_25282,4.948637978,1.731197261,SAT_26039,2.304800073,3.55775022,SAT_15199,2.111732252,5.472302168
frame-r-008095-6-0104,2,Success,TRUE,SAT_25282,2.194012426,330.4611998,-5.34139441,330.4940762,-5.346083771,,2009/10/15 2:41:37,SAT_25282,4.948637978,2.194012426,SAT_26039,2.304800073,3.094935055,SAT_15199,2.111732252,5.009487002
frame-r-008095-6-0113,1,Success,TRUE,SAT_26039,2.320987353,331.8181316,-5.342907077,331.9808154,-5.365894102,,2009/10/15 2:47:00,SAT_26039,1.741612028,2.320987353,SAT_25282,3.736292278,2.781858053,SAT_15199,3.670269941,4.759928906
frame-r-008095-6-0113,2,Success,TRUE,SAT_26039,2.397343229,331.8182945,-5.340643958,331.9809621,-5.363848994,,2009/10/15 2:47:00,SAT_26039,1.741612028,2.397343229,SAT_25282,3.736292278,2.705502177,SAT_15199,3.670269941,4.836284783
frame-r-008095-6-0114,1,Success,TRUE,SAT_26039,2.296098291,331.9684998,-5.342923038,332.1314776,-5.36587971,,2009/10/15 2:47:36,SAT_26039,1.741612028,2.296098291,SAT_25282,3.736292278,2.806747115,SAT_15199,3.670269941,4.735039844
frame-r-008095-6-0114,2,Success,TRUE,SAT_26039,2.403527663,331.9688368,-5.340672214,332.1316182,-5.36391134,,2009/10/15 2:47:36,SAT_26039,1.741612028,2.403527663,SAT_25282,3.736292278,2.699317743,SAT_15199,3.670269941,4.842469217
frame-r-008095-6-0115,1,Success,TRUE,SAT_26039,2.349608641,332.1193862,-5.342902562,332.282264,-5.365999644,,2009/10/15 2:48:11,SAT_26039,1.741612028,2.349608641,SAT_25282,3.736292278,2.753236765,SAT_15199,3.670269941,4.788550195
frame-r-008095-6-0115,2,Success,TRUE,SAT_26039,2.235889775,332.1196978,-5.340999751,332.2824242,-5.36374744,,2009/10/15 2:48:11,SAT_26039,1.741612028,2.235889775,SAT_25282,3.736292278,2.866955631,SAT_15199,3.670269941,4.674831328
frame-r-008095-6-0116,1,Success,TRUE,SAT_26039,2.238119913,332.269956,-5.343187784,332.4328874,-5.365970486,,2009/10/15 2:48:47,SAT_26039,1.741612028,2.238119913,SAT_25282,3.736292278,2.864725494,SAT_15199,3.670269941,4.677061466
frame-r-008095-1-0127,1,No match,FALSE,,inf,333.8433777,-7.600918429,333.8229495,-7.571910342,FOVNotMatch,2009/10/15 2:55:21,SAT_30707,1.3431782,16.52253704,SAT_08439,1.850411553,18.99627094,SAT_31864,2.202946039,31.08228566
frame-r-008095-6-0123,1,Success,TRUE,SAT_26039,1.737539875,333.3252092,-5.343982468,333.4879012,-5.3662157,,2009/10/15 2:52:58,SAT_26039,2.83743663,1.737539875,SAT_25282,4.070201725,3.284168706,SAT_26827,5.120206084,3.695661725
frame-r-008095-6-0123,2,Success,TRUE,SAT_26039,1.760876739,333.4878802,-5.364211027,333.3249097,-5.341872324,,2009/10/15 2:52:58,SAT_26039,2.83743663,1.760876739,SAT_25282,4.070201725,3.260831843,SAT_26827,5.120206084,3.672324861
frame-r-008095-6-0126,1,Success,TRUE,SAT_26039,1.180121814,333.9394895,-5.366279818,333.9010326,-5.361403464,,2009/10/15 2:54:46,SAT_26039,2.83743663,1.180121814,SAT_25282,4.070201725,3.841586767,SAT_15199,3.259721365,3.860235517
frame-r-008095-6-0126,2,Success,TRUE,SAT_26039,2.297963849,333.9394448,-5.364352529,333.931712,-5.363218956,,2009/10/15 2:54:46,SAT_26039,2.83743663,2.297963849,SAT_25282,4.070201725,2.723744733,SAT_26827,5.120206084,3.135237752
frame-r-008095-5-0261,1,Success,TRUE,SAT_23238,0.757550991,354.182149,-6.943679997,354.2155724,-6.935675888,,2009/10/15 4:15:22,SAT_23238,3.27616582,0.757550991,SAT_27625,1.700582876,0.778577211,SAT_12472,4.869661608,0.859798346
frame-r-008096-2-0273,1,Success,TRUE,SAT_26780,1.936154562,7.298160982,19.55079383,7.173543301,19.58118764,,2009/10/15 9:12:34,SAT_26780,4.834621762,1.936154562,SAT_02529,1.524337935,2.05770578,SAT_26769,5.314271484,16.37922502
frame-r-008095-1-0294,1,Success,TRUE,SAT_22254,0.568203152,359.0045773,-8.6939184,359.1399555,-8.683678573,,2009/10/15 4:35:04,SAT_22254,3.228188308,0.568203152,SAT_21149,3.741143668,0.858623293,SAT_20762,4.631344599,0.859766788
frame-r-008095-4-0337,1,Success,TRUE,SAT_17253,0.686537087,5.51402529,-7.287748524,5.622083287,-7.302595024,,2009/10/15 5:00:45,SAT_17253,2.311250043,0.686537087,SAT_25126,2.008201687,7.189412235,SAT_29642,5.448084283,7.760267095
frame-r-008100-3-0046,1,Success,TRUE,SAT_28814,1.950291265,318.7448816,-5.230403013,318.9065826,-5.260473489,,2009/10/16 1:46:00,SAT_28814,0.185055843,1.950291265,SAT_28466,4.888485713,8.473289392,SAT_25126,0.920336829,8.478724979
frame-r-008100-3-0043,1,Success,TRUE,SAT_28814,4.109254218,318.2919478,-5.22892084,318.453667,-5.259134764,,2009/10/16 1:44:13,SAT_28814,4.23824313,4.109254218,SAT_28466,4.180707828,8.43177026,SAT_25126,1.131193508,8.510021972
frame-r-008100-3-0045,1,Success,TRUE,SAT_28814,4.06554447,318.5937248,-5.229976262,318.7556343,-5.260098366,,2009/10/16 1:45:24,SAT_28814,4.23824313,4.06554447,SAT_28466,4.180707828,8.388060512,SAT_25126,1.131193508,8.466312223
frame-r-008100-4-0069,1,Success,TRUE,SAT_26681,3.066401145,322.2164403,-5.242614402,322.3777311,-5.270878364,,2009/10/16 1:59:44,SAT_26681,4.016771869,3.066401145,SAT_28447,5.562590649,7.065641783,SAT_34113,1.83632828,7.26613171
frame-r-008100-4-0070,1,Success,TRUE,SAT_26681,2.942245085,322.3664318,-5.243252192,322.528619,-5.271312542,,2009/10/16 2:00:20,SAT_26681,4.016771869,2.942245085,SAT_28447,5.562590649,7.189797843,SAT_34113,1.83632828,7.390287771
frame-r-008100-4-0071,1,Success,TRUE,SAT_26681,3.001478499,322.517508,-5.243602971,322.6795422,-5.271808706,,2009/10/16 2:00:56,SAT_26681,4.016771869,3.001478499,SAT_28447,5.562590649,7.130564429,SAT_34113,1.83632828,7.331054356
frame-r-008100-4-0072,1,Success,TRUE,SAT_26681,2.983110363,322.6682287,-5.244102106,322.8303932,-5.27227716,,2009/10/16 2:01:32,SAT_26681,4.016771869,2.983110363,SAT_28447,5.562590649,7.148932565,SAT_34113,1.83632828,7.349422493
frame-r-008100-4-0073,1,Success,TRUE,SAT_26681,2.253447058,322.8190883,-5.244514138,322.9813133,-5.272441491,,2009/10/16 2:02:07,SAT_26681,2.614484266,2.253447058,SAT_28447,5.045845308,7.395049593,SAT_25126,1.115568066,7.780698216
frame-r-008100-4-0074,1,Success,TRUE,SAT_26681,2.233843119,322.9703328,-5.245080128,323.1322156,-5.272891743,,2009/10/16 2:02:43,SAT_26681,2.614484266,2.233843119,SAT_28447,5.045845308,7.414653531,SAT_25126,1.115568066,7.761094278
frame-r-008100-4-0077,1,Success,TRUE,SAT_26681,2.139683262,323.4227815,-5.246752121,323.5848075,-5.2743153,,2009/10/16 2:04:31,SAT_26681,2.614484266,2.139683262,SAT_28447,5.045845308,7.508813388,SAT_25126,1.115568066,7.666934421
frame-r-008100-4-0079,1,Success,TRUE,SAT_26681,2.189913013,323.7249405,-5.247756896,323.8864823,-5.275382822,,2009/10/16 2:05:42,SAT_26681,2.614484266,2.189913013,SAT_28447,5.045845308,7.458583637,SAT_25126,1.115568066,7.717164172
frame-r-008100-4-0080,1,Success,TRUE,SAT_26681,1.449848978,323.8750553,-5.248402992,324.0373278,-5.275886404,,2009/10/16 2:06:18,SAT_26681,2.259150389,1.449848978,SAT_25126,1.063663787,7.645261183,SAT_28447,4.942847941,7.703778529
frame-r-008100-5-0113,1,Success,TRUE,SAT_27793,4.919780475,328.8512082,-5.265700493,329.0134667,-5.290332782,,2009/10/16 2:26:00,SAT_27793,2.745350671,4.919780475,SAT_25126,1.411023431,6.755265214,SAT_27775,4.808558483,7.374831465
frame-r-008100-5-0114,1,Success,TRUE,SAT_27793,4.768022225,329.0017363,-5.266369514,329.164135,-5.290584983,,2009/10/16 2:26:36,SAT_27793,2.745350671,4.768022225,SAT_25126,1.411023431,6.603506964,SAT_27775,4.808558483,7.223073215
frame-r-008100-5-0102,1,Success,TRUE,SAT_26681,0.751971987,327.1932156,-5.259970668,327.3551977,-5.285430486,,2009/10/16 2:19:26,SAT_26681,5.911811509,0.751971987,SAT_25126,1.705770714,7.014405126,SAT_28466,4.965918914,7.538051959
frame-r-008103-5-0066,1,Success,TRUE,SAT_02009,4.993715623,354.9137166,27.55398133,354.8913785,27.58351717,,2009/10/16 8:36:26,SAT_02009,3.576912397,4.993715623,SAT_02377,2.192379035,61.22898636,SAT_19576,0.166441653,66.35428497
frame-r-008105-3-0038,1,No match,FALSE,,inf,14.23892979,29.46617552,14.23143233,29.63515486,FOVNotMatch,2009/10/16 10:16:16,SAT_10768,4.091902393,6.859788769,SAT_21196,5.938343094,26.83064143,SAT_22337,4.006151875,76.07066147
frame-r-008108-5-0229,1,No match,FALSE,,inf,358.0499632,22.89399236,357.9516975,22.98711212,FOVNotMatch,2009/10/17 3:53:13,SAT_04615,3.013706249,63.9696115,SAT_32480,5.892236721,88.39138366,SAT_24276,16.29316502,
frame-r-008110-1-0108,1,Success,TRUE,SAT_25274,3.688832359,340.0430516,24.19181729,339.9228894,24.39884605,,2009/10/17 7:05:32,SAT_25274,2.307382642,3.688832359,SAT_31851,1.977004335,8.053983568,SAT_29323,2.054685522,10.64225421
frame-r-008100-1-0350,1,No match,FALSE,,inf,4.505591442,-8.543303832,4.497970285,-8.415383849,FOVNotMatch,2009/10/16 4:47:31,SAT_33415,4.015316025,57.68338988,SAT_25881,2.558297208,74.57086338,SAT_14821,1.38371565,75.54879641
frame-r-008100-4-0343,1,No match,FALSE,,inf,3.442870073,-7.273603953,3.472401319,-7.282954421,FOVNotMatch,2009/10/16 4:43:20,SAT_25881,1.602871568,5.957169811,SAT_27463,1.744521907,7.131996487,SAT_33415,3.083049271,11.11763841
frame-r-008100-4-0344,1,No match,FALSE,,inf,3.59365119,-7.225243427,3.758144544,-7.278734737,FOVNotMatch,2009/10/16 4:43:56,SAT_25881,1.602871568,6.403693514,SAT_27463,1.744521907,7.578520189,SAT_33415,3.083049271,10.6711147
frame-r-008100-4-0345,1,No match,FALSE,,inf,3.908615916,-7.230566717,3.744641884,-7.177233024,FOVNotMatch,2009/10/16 4:44:32,SAT_25881,1.602871568,6.405469869,SAT_27463,1.744521907,7.580296544,SAT_33415,3.083049271,10.66933835
frame-r-008100-3-0362,1,Success,TRUE,SAT_21499,0.339329827,6.31118337,-7.512143979,6.45508424,-7.478171979,,2009/10/16 4:54:41,SAT_21499,1.605289353,0.339329827,SAT_12472,3.347144731,1.867832765,SAT_27625,1.742125765,2.473157606
frame-r-008100-3-0363,1,Success,TRUE,SAT_21499,0.281052663,6.461802254,-7.546921398,6.626586743,-7.507846469,,2009/10/16 4:55:17,SAT_21499,1.605289353,0.281052663,SAT_12472,3.347144731,1.8095556,SAT_27625,1.742125765,2.531434771
frame-r-008100-3-0364,1,Success,TRUE,SAT_12472,1.962173677,6.680138384,-7.565493091,6.7777518,-7.54250692,,2009/10/16 4:55:53,SAT_12472,3.971763631,1.962173677,SAT_35178,0.642158076,1.98563266,SAT_27625,3.229488054,2.60820454
frame-r-008111-5-0029,1,Success,TRUE,SAT_29336,1.089532156,351.0647823,32.23204768,350.9099196,32.35785175,,2009/10/17 8:38:17,SAT_29336,3.42851776,1.089532156,SAT_21012,2.198850083,4.241096796,SAT_29060,0.562428175,15.21939297
frame-r-008112-4-0045,1,No match,FALSE,,inf,18.42580392,32.00294747,18.63102812,32.08027365,FOVNotMatch,2009/10/17 10:52:48,SAT_27764,3.919166411,6.934593076,SAT_34862,1.446380358,8.561142819,SAT_24236,1.455631524,12.52494597
frame-r-008112-1-0088,1,No match,FALSE,,inf,25.74369507,29.81628776,25.62815776,29.73934863,FOVNotMatch,2009/10/17 11:18:28,SAT_24529,5.37027534,17.96083613,SAT_34753,3.935971615,23.29257056,SAT_22187,1.507100534,28.80912686
frame-r-008149-3-0156,1,No match,FALSE,,inf,343.011956,30.35200343,342.886912,30.49572214,FOVNotMatch,2009/11/16 2:28:49,SAT_04675,0.120097828,54.47173527,SAT_09063,6.302045765,,SAT_34662,13.54311963,
frame-r-000094-6-0086,1,Success,TRUE,SAT_23581,2.767828913,347.6562863,1.072168932,347.8188505,1.080251969,,1998/9/19 6:20:05,SAT_23581,5.946274069,2.767828913,SAT_15555,5.425903098,9.408475253,SAT_23177,5.783542399,19.43670522
frame-r-000094-6-0169,1,No match,FALSE,N/A,inf,0.215021531,1.067325411,0.204347181,1.21112039,FOVNotMatch,1998/9/19 7:09:38,SAT_13215,4.469158624,15.79536538,SAT_02086,0.296373221,70.22559161,SAT_21156,4.566784375,85.5598499
frame-r-000094-6-0482,1,No match,FALSE,N/A,inf,46.94078824,1.066125952,47.02466375,1.290064101,FOVNotMatch,1998/9/19 10:16:30,SAT_14357,1.891846465,8.998718431,SAT_11896,0.048129227,41.05826179,SAT_07298,5.537749779,52.25850969
frame-r-000094-5-0483,1,No match,FALSE,N/A,inf,47.08320015,0.646493697,47.16737143,0.870603935,FOVNotMatch,1998/9/19 10:17:05,SAT_14357,1.891846465,9.052890057,SAT_11896,0.048129227,41.11243341,SAT_07298,5.537749779,52.20433806
frame-r-000094-4-0501,1,Success,TRUE,SAT_08746,4.596313367,49.8692768,0.437727665,49.9308497,0.416947385,,1998/9/19 10:27:50,SAT_08746,1.526017677,4.596313367,SAT_08747,1.55393317,4.624571724,SAT_21588,5.27852513,7.743434477
frame-r-000109-6-0080,1,Success,TRUE,SAT_04715,2.640920601,46.62312011,0.858053595,46.70732497,1.081731368,,1998/9/22 10:03:25,SAT_04715,0.647371246,2.640920601,SAT_07663,4.435113241,7.363621202,SAT_11896,0.023978172,41.11377705
frame-r-000109-4-0082,1,Success,TRUE,SAT_04715,2.506697605,46.9428994,0.115190547,46.99070352,0.243100783,,1998/9/22 10:04:36,SAT_04715,0.647371246,2.506697605,SAT_07663,4.435113241,7.497844197,SAT_11896,0.023978172,40.97955406
frame-r-000109-3-0109,1,Success,TRUE,SAT_18374,2.47449631,50.9318906,-0.399456417,51.03184188,-0.176734819,,1998/9/22 10:20:43,SAT_18374,4.106883164,2.47449631,SAT_18375,1.405797848,5.135270917,SAT_11147,3.852753231,49.464207
frame-r-000125-6-0085,1,No match,FALSE,N/A,inf,1.590493165,0.857307561,1.53994828,0.8993367,FOVNotMatch,1998/9/25 6:51:55,SAT_23829,1.67168641,53.25798231,SAT_03029,3.017241439,56.22504981,SAT_23168,7.176672502,N/A
frame-r-000125-1-0159,1,No match,FALSE,N/A,inf,12.61001936,-1.147157608,12.66533334,-1.173915119,FOVNotMatch,1998/9/25 7:36:05,SAT_15202,4.565980631,5.714652956,SAT_03428,3.403197487,40.52357878,SAT_03029,0.08778155,41.42759863
frame-r-000125-1-0160,1,No match,FALSE,N/A,inf,12.75975341,-1.074957753,12.92276629,-1.153878476,FOVNotMatch,1998/9/25 7:36:41,SAT_15202,4.565980631,5.73283334,SAT_03428,3.403197487,40.54175917,SAT_03029,0.08778155,41.44577901
frame-r-000125-1-0161,1,No match,FALSE,N/A,inf,13.04024321,-1.065909797,13.07223071,-1.081179825,FOVNotMatch,1998/9/25 7:37:17,SAT_15202,4.565980631,5.417742563,SAT_03428,3.403197487,40.22666839,SAT_03029,0.08778155,41.13068823
frame-r-000125-4-0231,1,No match,FALSE,N/A,inf,23.38178407,0.187388708,23.46116277,0.243096108,FOVNotMatch,1998/9/25 8:19:03,SAT_04902,0.027850134,18.39881492,SAT_25313,3.764480585,19.26595205,SAT_04353,1.424240799,19.27060382
frame-r-000125-4-0234,1,No match,FALSE,N/A,inf,23.8620286,0.01826365,23.83079405,0.080818696,FOVNotMatch,1998/9/25 8:20:51,SAT_21550,3.218200776,10.9965675,SAT_23581,5.349682332,63.37966306,SAT_23846,5.532626485,63.425519
frame-r-000125-5-0332,1,Success,TRUE,SAT_08746,0.989876821,38.65444245,0.574023922,38.57583866,0.592732093,,1998/9/25 9:19:20,SAT_08746,4.23687668,0.989876821,SAT_08747,4.264094397,1.002966596,SAT_21229,3.716452588,9.120420548
frame-r-000211-6-0095,1,No match,FALSE,N/A,inf,55.24381711,0.900105301,55.30414605,1.066977699,FOVNotMatch,1998/10/29 8:12:06,SAT_14117,4.265297968,57.70310947,SAT_16250,5.248225442,60.29148012,SAT_19094,9.718084776,N/A
frame-r-000211-2-0086,1,No match,FALSE,N/A,inf,53.95762833,-0.834454022,53.80653137,-0.78664899,FOVNotMatch,1998/10/29 8:06:41,SAT_22911,5.90073534,17.54316619,SAT_20946,4.619617757,17.61761478,SAT_16250,4.423655004,27.45753962
frame-r-000211-6-0214,1,No match,FALSE,N/A,inf,73.04331035,1.041374466,73.12588368,1.029877619,FOVNotMatch,1998/10/29 9:23:09,SAT_16250,4.391584956,16.50219608,SAT_19754,14.42691692,N/A,SAT_22248,15.8626136,N/A
frame-r-000250-2-0229,1,No match,FALSE,N/A,inf,47.96754731,-0.564593305,48.04434758,-0.593516441,FOVNotMatch,1998/11/16 6:32:42,SAT_08747,2.241065593,6.761801035,SAT_08746,2.163925809,6.810705962,SAT_20874,1.61299612,13.93885601
frame-r-000250-4-0266,1,No match,FALSE,N/A,inf,53.62075525,0.268416548,53.58610344,0.467030903,FOVNotMatch,1998/11/16 6:54:46,SAT_08747,2.044521377,65.71161723,SAT_08746,1.067065064,65.74583887,SAT_13666,4.009392906,69.43252667
frame-r-000259-4-0179,1,No match,FALSE,N/A,inf,33.49883661,0.223551931,33.36997116,0.285856269,FOVNotMatch,1998/11/17 5:30:31,SAT_08747,4.631177609,14.04317064,SAT_08746,4.601334922,14.13191107,SAT_20946,5.603572058,25.78802143
frame-r-000259-1-0267,1,No match,FALSE,N/A,inf,46.70425626,-0.867251479,46.57171595,-0.810447987,FOVNotMatch,1998/11/17 6:23:04,SAT_21151,2.696046433,5.318663728,SAT_23563,3.949048886,6.263179504,SAT_08747,2.979965872,9.493431986
frame-r-000273-2-0035,1,No match,FALSE,N/A,inf,15.15480721,-0.672706876,15.15968737,-0.604404133,FOVNotMatch,1998/11/19 4:09:45,SAT_21955,2.616883309,12.73221647,SAT_22597,0.151562486,20.15797467,SAT_22877,5.203033145,25.62884973
frame-r-000287-3-0017,1,No match,FALSE,N/A,inf,37.38510717,-0.221107888,37.54746723,-0.276080471,FOVNotMatch,1998/11/21 5:30:49,SAT_08747,4.299221357,6.285530148,SAT_08746,4.261539341,6.366771997,SAT_20946,5.083753301,18.69311511
frame-r-000287-3-0017,2,No match,FALSE,N/A,inf,37.38501346,-0.100280255,37.4293529,-0.144383047,FOVNotMatch,1998/11/21 5:30:49,SAT_11896,1.436714084,24.36966861,SAT_06320,2.02429389,27.73210677,SAT_08747,4.299221357,32.42682451
frame-r-000287-3-0018,1,No match,FALSE,N/A,inf,37.69763435,-0.22576219,37.64376944,-0.207307944,FOVNotMatch,1998/11/21 5:31:25,SAT_08747,4.299221357,6.491776552,SAT_08746,4.261539341,6.573018401,SAT_20946,5.083753301,18.89936151
frame-r-000273-1-0329,1,Success,TRUE,SAT_10953,2.888423451,59.2609954,-1.079247022,59.09798583,-1.122396622,,1998/11/19 7:05:17,SAT_10953,4.996369845,2.888423451,SAT_14943,0.126478331,3.677579458,SAT_12472,2.039342394,4.630334781
frame-r-000273-1-0330,1,Success,TRUE,SAT_10953,2.962713224,59.24772649,-1.162192188,59.41019543,-1.118960823,,1998/11/19 7:05:53,SAT_10953,4.996369845,2.962713224,SAT_14943,0.126478331,3.751869231,SAT_12472,2.039342394,4.704624555
frame-r-000273-1-0331,1,Success,TRUE,SAT_10953,2.884830863,59.39765876,-1.201666226,59.56062117,-1.15854123,,1998/11/19 7:06:29,SAT_10953,4.996369845,2.884830863,SAT_14943,0.126478331,3.673986869,SAT_12472,2.039342394,4.626742193
frame-r-000273-1-0332,1,Success,TRUE,SAT_10953,3.024295488,59.54735391,-1.241728901,59.70872181,-1.198606002,,1998/11/19 7:07:05,SAT_10953,4.996369845,3.024295488,SAT_14943,0.126478331,3.813451495,SAT_12472,2.039342394,4.766206819
frame-r-000287-1-0159,1,Success,TRUE,SAT_11964,2.684706001,58.63894533,-1.007999577,58.80093274,-0.96525266,,1998/11/21 6:55:36,SAT_11964,4.477760049,2.684706001,SAT_10953,4.88071834,2.783952233,SAT_08838,3.039421955,2.994205062
frame-r-000297-5-0027,1,No match,FALSE,N/A,inf,63.63528842,0.539498923,63.59096881,0.593382859,FOVNotMatch,1998/11/22 7:11:14,SAT_21458,3.10521622,19.92722132,SAT_08747,2.566240702,35.46067289,SAT_08746,1.929322969,35.46648529
frame-r-000297-5-0151,1,Success,TRUE,SAT_15219,3.297849416,82.10642455,0.634507401,82.26905838,0.673564859,,1998/11/22 8:25:16,SAT_15219,4.638040885,3.297849416,SAT_11964,5.197061032,4.244853569,SAT_08838,4.8194647,4.691306021
frame-r-000745-4-0018,1,Success,TRUE,SAT_19483,0.566874867,161.4446531,0.289407623,161.5633428,0.28074352,,1999/3/20 5:57:30,SAT_19483,4.043682304,0.566874867,SAT_19765,5.828482473,1.295605671,SAT_15946,5.069181785,1.813926782
frame-r-000745-1-0313,1,Success,TRUE,SAT_15388,2.289502735,205.5393633,-0.867031101,205.7025141,-0.840402028,,1999/3/20 8:53:34,SAT_15388,5.433843644,2.289502735,SAT_24315,4.89062242,9.235941768,SAT_21222,4.677344925,9.243562292
frame-r-000745-3-0343,1,Success,TRUE,SAT_15388,4.314700597,210.1361956,0.008644883,210.1739378,0.012759022,,1999/3/20 9:11:28,SAT_15388,3.777572986,4.314700597,SAT_24315,5.656312197,6.184657386,SAT_21222,5.473133905,6.192881051
frame-r-000745-1-0364,1,No match,FALSE,N/A,inf,213.177161,-1.050684862,213.3331864,-0.938911422,FOVNotMatch,1999/3/20 9:24:00,SAT_15388,3.28207619,25.75567595,SAT_09963,0.28560985,27.52681182,SAT_21222,5.284333525,35.59255769
frame-r-000745-2-0494,1,Success,TRUE,SAT_15697,2.448570006,232.6353853,-0.630403212,232.6221951,-0.586899172,,1999/3/20 10:41:36,SAT_15697,4.841683195,2.448570006,SAT_17106,1.457548805,13.15936643,SAT_20707,3.717457587,33.48502705
frame-r-000752-6-0012,1,No match,FALSE,N/A,inf,145.2948322,0.841387667,145.4551905,1.053829342,FOVNotMatch,1999/3/21 4:49:18,SAT_13160,3.155934048,18.17875234,SAT_23845,4.373697445,49.03165295,SAT_15994,2.507361085,51.69645333
frame-r-000752-3-0114,1,No match,FALSE,N/A,inf,160.5600751,-0.292597807,160.595126,-0.283928751,FOVNotMatch,1999/3/21 5:50:13,SAT_15642,3.363801037,13.24904938,SAT_15677,2.669081378,13.38430266,SAT_15994,1.064558852,13.67007136
frame-r-000752-2-0125,1,No match,FALSE,N/A,inf,162.2060247,-0.683708704,162.3690753,-0.644740343,FOVNotMatch,1999/3/21 5:56:47,SAT_15642,2.937923699,12.84728501,SAT_15677,2.155631297,13.00475563,SAT_15994,0.63718025,13.33432074
frame-r-000752-1-0135,1,No match,FALSE,N/A,inf,163.7028468,-1.043248263,163.7455941,-1.032996909,FOVNotMatch,1999/3/21 6:02:45,SAT_15642,2.507176168,12.93715541,SAT_15677,1.725262286,13.11471401,SAT_23846,4.203314487,13.4307666
frame-r-000752-6-0195,1,No match,FALSE,N/A,inf,172.6824603,0.945221346,172.8447486,0.992106126,FOVNotMatch,1999/3/21 6:38:34,SAT_14236,4.079207902,15.00238512,SAT_15642,4.531963936,15.83828923,SAT_15677,3.794257025,16.13340069
frame-r-000752-6-0197,1,No match,FALSE,N/A,inf,172.981611,0.858804006,173.1440443,0.905957114,FOVNotMatch,1999/3/21 6:39:46,SAT_14236,4.079207902,15.07570796,SAT_15642,4.531963936,15.91161208,SAT_15677,3.794257025,16.20672354
frame-r-000752-3-0328,1,No match,FALSE,N/A,inf,192.7523606,-0.331844743,192.6490242,-0.345403916,FOVNotMatch,1999/3/21 7:57:59,SAT_23846,5.013846151,7.439685303,SAT_24315,5.477880155,7.44697035,SAT_21222,5.28130823,7.452634784
frame-r-000752-4-0358,1,No match,FALSE,N/A,inf,197.150188,0.110570963,197.080669,0.163831119,FOVNotMatch,1999/3/21 8:15:54,SAT_04748,3.892548237,22.93917202,SAT_10953,4.816839871,23.37957341,SAT_14943,1.238471892,26.47784313
frame-r-000752-4-0359,1,No match,FALSE,N/A,inf,197.2982556,0.225802736,197.3931464,0.15388601,FOVNotMatch,1999/3/21 8:16:30,SAT_10953,4.816839871,23.08113256,SAT_04748,3.892548237,23.23761287,SAT_14943,1.238471892,26.17940228
frame-r-002190-3-0353,1,No match,FALSE,N/A,inf,234.9760047,3.15273834,234.9632213,3.234782027,FOVNotMatch,2001/3/19 10:50:28,SAT_04899,5.7278766,26.87535629,SAT_07822,0.127055441,30.77830631,SAT_20626,4.010406093,40.31547122
frame-r-002194-1-0181,1,Success,TRUE,SAT_25461,0.16031553,137.3676866,-2.79838342,137.2040644,-2.832542468,,2001/3/20 3:35:05,SAT_25461,2.681713375,0.16031553,SAT_21702,5.067796643,9.568955383,SAT_26469,4.474183228,11.71526273
frame-r-002194-1-0182,1,Success,TRUE,SAT_25461,0.221540949,137.5165349,-2.839200628,137.3523398,-2.873660995,,2001/3/20 3:35:41,SAT_25461,2.681713375,0.221540949,SAT_21702,5.067796643,9.630180803,SAT_26469,4.474183228,11.77648815
frame-r-002194-1-0183,1,Success,TRUE,SAT_25461,0.222343858,137.5005536,-2.915184912,137.6645374,-2.880767751,,2001/3/20 3:36:17,SAT_25461,2.681713375,0.222343858,SAT_21702,5.067796643,9.630983712,SAT_26469,4.474183228,11.77729106
frame-r-002206-3-0126,1,No match,FALSE,N/A,inf,239.0417681,54.45702921,238.972342,54.52007475,FOVNotMatch,2001/3/23 7:15:17,SAT_16183,2.527621144,67.46499011,SAT_26682,5.220137433,75.84948695,SAT_15188,14.50625502,N/A
frame-r-002206-6-0139,1,No match,FALSE,N/A,inf,242.5196232,53.80833663,242.7195237,53.87723533,FOVNotMatch,2001/3/23 7:23:03,SAT_10874,5.583923517,8.963626836,SAT_26682,3.059577718,19.27866119,SAT_16183,1.764641412,23.43750407
frame-r-002206-6-0145,1,Success,TRUE,SAT_16183,2.506710111,243.4350761,52.97804967,243.6736987,53.15652983,,2001/3/23 7:26:37,SAT_16183,1.764641412,2.506710111,SAT_10874,5.583923517,11.96716712,SAT_26682,3.059577718,40.20945515
frame-r-002194-1-0382,1,No match,FALSE,N/A,inf,167.407271,-3.42982949,167.3284757,-3.44688149,FOVNotMatch,2001/3/20 5:35:06,SAT_26469,4.04352165,12.14438028,SAT_25086,1.786867528,12.19054813,SAT_23192,5.404379664,12.19890588
frame-r-002194-1-0383,1,No match,FALSE,N/A,inf,167.6416979,-3.447656938,167.5794698,-3.46127234,FOVNotMatch,2001/3/20 5:35:42,SAT_26469,4.04352165,12.2755018,SAT_25086,1.786867528,12.32166965,SAT_23192,5.404379664,12.3300274
frame-r-002194-4-0405,1,Success,TRUE,SAT_13624,0.770559509,170.8607512,-2.238979832,170.7903692,-2.223081613,,2001/3/20 5:48:50,SAT_13624,5.850241502,0.770559509,SAT_08808,3.389265887,1.045558502,SAT_02868,3.106625986,1.153449766
frame-r-002194-4-0406,1,Success,TRUE,SAT_13624,0.539472025,171.1031225,-2.229196199,171.0041917,-2.207267776,,2001/3/20 5:49:26,SAT_13624,5.850241502,0.539472025,SAT_08808,3.389265887,1.276645985,SAT_02868,3.106625986,1.38453725
frame-r-002243-4-0191,1,Success,TRUE,SAT_24276,1.784656873,146.2836496,53.48363558,146.048629,53.6591853,,2001/4/15 4:09:44,SAT_24276,4.52323623,1.784656873,SAT_17000,0.062970847,6.156477613,SAT_06788,1.226270157,56.79232263
frame-r-002247-6-0094,1,No match,FALSE,N/A,inf,174.8164979,5.761530423,174.7964775,5.985287228,FOVNotMatch,2001/4/16 3:30:21,SAT_22687,0.064266637,8.774732579,SAT_06797,3.465091572,52.81492479,SAT_10981,4.563540004,69.79053147
frame-r-002247-6-0164,1,No match,FALSE,N/A,inf,185.369978,5.870591499,185.3244082,6.063959851,FOVNotMatch,2001/4/16 4:12:09,SAT_26674,4.486819336,38.46344206,SAT_26315,1.352112875,56.34328751,SAT_13643,5.864733297,64.96809873
frame-r-002248-1-0037,1,No match,FALSE,N/A,inf,232.4806564,53.71929334,232.80257,53.81186362,FOVNotMatch,2001/4/16 6:24:38,SAT_07369,4.000818588,9.742708709,SAT_21890,1.380147798,9.923053937,SAT_00273,0.262119062,43.91781755
frame-r-002248-1-0038,1,No match,FALSE,N/A,inf,232.8115104,53.50604264,232.9078557,53.53372417,FOVNotMatch,2001/4/16 6:25:14,SAT_07369,4.000818588,9.592394185,SAT_21890,1.380147798,9.772739414,SAT_00273,0.262119062,44.06813208
frame-r-002247-2-0229,1,No match,FALSE,N/A,inf,195.0978357,4.084456082,195.1905579,4.123979139,FOVNotMatch,2001/4/16 4:50:57,SAT_13011,5.140363753,13.52821467,SAT_22624,5.418156184,25.67486547,SAT_20926,5.097753702,28.33813214
frame-r-002267-4-0049,1,No match,FALSE,N/A,inf,141.9611868,-1.661468874,141.8401078,-1.621313353,FOVNotMatch,2001/4/24 3:01:20,SAT_24847,5.643213115,8.676320484,SAT_26724,4.567298572,18.25707122,SAT_21222,4.884553842,18.38345647
frame-r-002267-2-0073,1,Success,TRUE,SAT_25629,4.994568814,145.5618757,-2.542115227,145.4076185,-2.607864601,,2001/4/24 3:15:39,SAT_25629,3.948969592,4.994568814,SAT_23246,0.369939482,19.45532197,SAT_16274,5.932843756,21.65145056
frame-r-002267-2-0074,1,No match,FALSE,N/A,inf,145.7196949,-2.610348085,145.5562238,-2.681072375,FOVNotMatch,2001/4/24 3:16:15,SAT_25629,3.948969592,5.305985095,SAT_23246,0.369939482,19.76673825,SAT_16274,5.932843756,21.96286684
frame-r-002267-3-0075,1,No match,FALSE,N/A,inf,145.8795671,-2.253360489,145.7175616,-2.234225171,FOVNotMatch,2001/4/24 3:16:51,SAT_26724,3.731241601,6.655750637,SAT_21222,4.243559142,6.771040557,SAT_22930,5.497541718,6.773324613
frame-r-002267-3-0077,1,No match,FALSE,N/A,inf,146.1804082,-2.235042261,146.1308974,-2.229409467,FOVNotMatch,2001/4/24 3:18:03,SAT_26724,3.731241601,6.409797972,SAT_21222,4.243559142,6.525087892,SAT_22930,5.497541718,6.527371949
frame-r-002267-6-0100,1,Success,TRUE,SAT_05000,1.711176793,149.5947977,-1.105056959,149.5429173,-0.968507521,,2001/4/24 3:31:47,SAT_05000,0.54617424,1.711176793,SAT_06235,2.569405196,1.809349104,SAT_04857,3.03386077,12.94153831
frame-r-002259-3-0095,1,Success,TRUE,SAT_25821,0.817793991,135.1408231,-2.022423331,135.0801685,-2.025784843,,2001/4/17 3:47:36,SAT_25821,4.858754213,0.817793991,SAT_23330,4.649995074,1.140070152,SAT_21762,3.086859937,1.225514077
frame-r-002259-3-0067,1,Success,TRUE,SAT_01883,0.588369795,130.8586706,-1.741815963,130.7929646,-1.728736351,,2001/4/17 3:30:53,SAT_01883,0.845132067,0.588369795,SAT_02222,5.47442119,0.639682695,SAT_25111,2.601407712,6.628228061
frame-r-002299-2-0131,1,No match,FALSE,N/A,inf,207.9590269,59.83500978,208.16005,60.03667364,FOVNotMatch,2001/5/17 5:46:44,SAT_21107,0.089107115,21.2125417,SAT_4211U,4.748337728,21.72595333,SAT_04211,4.769018328,21.80035071
frame-r-002322-3-0080,1,Success,TRUE,SAT_22633,0.757440158,193.0370342,61.92365378,193.3865719,62.02057316,,2001/5/22 6:42:36,SAT_22633,4.008594584,0.757440158,SAT_15811,5.981456301,1.686809359,SAT_15182,5.737479186,12.26291883
frame-r-002322-1-0119,1,No match,FALSE,N/A,inf,204.5976908,59.74809474,204.5960923,59.8859064,FOVNotMatch,2001/5/22 7:05:53,SAT_13205,1.175630547,28.13685974,SAT_22068,2.202310746,48.40791028,SAT_26486,4.265024509,50.6357115
frame-r-002322-1-0135,1,No match,FALSE,N/A,inf,209.1369455,59.01221929,209.1044615,59.04572366,FOVNotMatch,2001/5/22 7:15:26,SAT_14909,3.245046126,22.05814273,SAT_13205,1.824207066,55.71902556,SAT_18911,0.105725441,57.17643178
frame-r-002326-4-0043,1,No match,FALSE,N/A,inf,177.7013002,62.29350499,177.5330988,62.51069386,FOVNotMatch,2001/5/23 4:13:09,SAT_06990,5.197508189,27.69793136,SAT_6990U,5.208279383,27.74118597,SAT_23645,5.837780886,27.87240788
frame-r-002326-5-0044,1,No match,FALSE,N/A,inf,178.0339984,62.732633,177.867359,62.95031787,FOVNotMatch,2001/5/23 4:13:45,SAT_06990,5.197508189,28.17418697,SAT_6990U,5.208279383,28.21744158,SAT_23645,5.837780886,28.34866349
frame-r-002326-3-0194,1,No match,FALSE,N/A,inf,221.6479569,56.5157797,221.6718723,56.55421024,FOVNotMatch,2001/5/23 5:43:18,SAT_21178,4.151362451,11.39568624,SAT_15188,2.098553543,24.24480362,SAT_13070,0.024610695,25.74349804
frame-r-002328-5-0028,1,No match,FALSE,N/A,inf,246.5109844,43.32710173,246.3960355,43.38811488,FOVNotMatch,2001/5/23 8:38:07,SAT_21285,0.1845945,8.700858603,SAT_16378,3.983796825,11.07676116,SAT_12332,2.540445969,17.66461422
frame-r-002328-5-0061,1,No match,FALSE,N/A,inf,250.3403494,39.41713682,250.3969042,39.40859968,FOVNotMatch,2001/5/23 8:57:49,SAT_25867,4.661936949,9.124279668,SAT_20533,2.896156563,57.08634862,SAT_13530,0.041413457,88.42356595
frame-r-002333-2-0041,1,Success,TRUE,SAT_11941,0.954809503,203.0990498,-3.015510479,203.0070445,-2.988275076,,2001/5/24 4:11:20,SAT_11941,4.984341193,0.954809503,SAT_10953,3.114033801,1.590532758,SAT_19483,2.979545818,5.952458356
frame-r-002333-4-0050,1,Success,TRUE,SAT_23553,3.617806933,204.4347904,-2.140922828,204.2719756,-2.1513141,,2001/5/24 4:16:42,SAT_23553,3.163451276,3.617806933,SAT_23192,3.264513855,3.62485744,SAT_25954,3.206419428,3.646914196
frame-r-002333-4-0051,1,Success,TRUE,SAT_23553,3.555116198,204.5847979,-2.145941278,204.4225794,-2.156116381,,2001/5/24 4:17:18,SAT_23553,3.163451276,3.555116198,SAT_23192,3.264513855,3.562166705,SAT_25954,3.206419428,3.584223461
frame-r-002333-4-0053,1,Success,TRUE,SAT_23553,3.571549855,204.8842237,-2.15642946,204.7219903,-2.166652114,,2001/5/24 4:18:30,SAT_23553,3.163451276,3.571549855,SAT_23192,3.264513855,3.578600362,SAT_25954,3.206419428,3.600657118
frame-r-002333-4-0054,1,Success,TRUE,SAT_23553,3.776117091,205.0344927,-2.161533126,204.8717724,-2.172369422,,2001/5/24 4:19:05,SAT_23553,3.163451276,3.776117091,SAT_23192,3.264513855,3.783167598,SAT_25954,3.206419428,3.805224354
frame-r-002333-4-0057,1,Success,TRUE,SAT_23553,3.759215199,205.4842257,-2.177351538,205.3216388,-2.188128581,,2001/5/24 4:20:53,SAT_23553,3.177226474,3.759215199,SAT_23192,3.277909121,3.766007413,SAT_25954,3.22100805,3.787121864
frame-r-002333-4-0063,1,Success,TRUE,SAT_23553,3.805188493,206.3839098,-2.209994707,206.2215883,-2.22088464,,2001/5/24 4:24:28,SAT_23553,3.177226474,3.805188493,SAT_23192,3.277909121,3.811980708,SAT_25954,3.22100805,3.833095159
frame-r-002333-4-0073,1,Success,TRUE,SAT_23553,3.985362239,207.8828098,-2.26568083,207.7201228,-2.277103491,,2001/5/24 4:30:26,SAT_23553,3.212060396,3.985362239,SAT_23192,3.311925487,3.991559418,SAT_25954,3.25758541,4.010487876
frame-r-002333-4-0075,1,Success,TRUE,SAT_23553,4.064204621,208.1831795,-2.276944494,208.0197332,-2.288646238,,2001/5/24 4:31:38,SAT_23553,3.212060396,4.064204621,SAT_23192,3.311925487,4.0704018,SAT_25954,3.25758541,4.089330258
frame-r-002333-4-0064,1,Success,TRUE,SAT_23553,3.830428578,206.5331061,-2.215562481,206.3719865,-2.226440848,,2001/5/24 4:25:04,SAT_23553,3.191975357,3.830428578,SAT_23192,3.292309955,3.836961171,SAT_25954,3.236533121,3.857124419
frame-r-002333-4-0068,1,Success,TRUE,SAT_23553,3.876948712,207.1332901,-2.237481132,206.9711987,-2.248557065,,2001/5/24 4:27:27,SAT_23553,3.191975357,3.876948712,SAT_23192,3.292309955,3.883481305,SAT_25954,3.236533121,3.903644554
frame-r-002333-4-0069,1,Success,TRUE,SAT_23553,4.012435635,207.283078,-2.242970972,207.1211235,-2.25442204,,2001/5/24 4:28:03,SAT_23553,3.191975357,4.012435635,SAT_23192,3.292309955,4.018968229,SAT_25954,3.236533121,4.039131477
frame-r-002333-4-0070,1,Success,TRUE,SAT_23553,3.88181437,207.4330159,-2.248808048,207.2706676,-2.259915287,,2001/5/24 4:28:39,SAT_23553,3.191975357,3.88181437,SAT_23192,3.292309955,3.888346964,SAT_25954,3.236533121,3.908510212
frame-r-002333-3-0117,1,Success,TRUE,SAT_23553,4.849940215,214.4818272,-2.534830155,214.3193195,-2.548688032,,2001/5/24 4:56:42,SAT_23553,2.921540606,4.849940215,SAT_23192,3.028671572,4.854477443,SAT_25954,2.968560883,4.867201992
frame-r-002333-3-0120,1,Success,TRUE,SAT_23553,4.990187957,214.9318987,-2.554440471,214.7690811,-2.568725683,,2001/5/24 4:58:30,SAT_23553,2.921540606,4.990187957,SAT_23192,3.028671572,4.994725185,SAT_25954,2.968560883,5.007449733
frame-r-002333-3-0099,1,Success,TRUE,SAT_23553,4.628027076,211.7195728,-2.424827615,211.618957,-2.433020116,,2001/5/24 4:45:57,SAT_23553,2.871107346,4.628027076,SAT_23192,2.979827069,4.633246838,SAT_25954,2.916327628,4.648540482
frame-r-002333-3-0100,1,Success,TRUE,SAT_23553,4.608899517,211.932198,-2.425903554,211.7689305,-2.43914253,,2001/5/24 4:46:33,SAT_23553,2.871107346,4.608899517,SAT_23192,2.979827069,4.614119279,SAT_25954,2.916327628,4.629412923
frame-r-002333-3-0105,1,Success,TRUE,SAT_23553,4.829170478,212.6814529,-2.457245016,212.5193064,-2.471019874,,2001/5/24 4:49:32,SAT_23553,2.871107346,4.829170478,SAT_23192,2.979827069,4.83439024,SAT_25954,2.916327628,4.849683884
frame-r-002333-3-0107,1,Success,TRUE,SAT_23553,4.775303355,212.9818247,-2.469964353,212.8205211,-2.4835122,,2001/5/24 4:50:44,SAT_23553,2.892865166,4.775303355,SAT_23192,3.000882634,4.780220274,SAT_25954,2.938907217,4.794377048
frame-r-002333-3-0110,1,Success,TRUE,SAT_23553,4.820460232,213.4318387,-2.489188903,213.2698069,-2.502926209,,2001/5/24 4:52:31,SAT_23553,2.892865166,4.820460232,SAT_23192,3.000882634,4.825377151,SAT_25954,2.938907217,4.839533925
frame-r-002335-3-0021,1,No match,FALSE,N/A,inf,250.1029495,41.77079805,249.9443814,41.88598305,FOVNotMatch,2001/5/24 8:37:46,SAT_24764,3.217467891,18.12843926,SAT_1616U,5.471053737,43.36041913,SAT_13075,5.742401511,82.36427218
frame-r-002348-5-0015,1,Success,TRUE,SAT_19020,3.868201856,246.5685465,-2.704270516,246.3592939,-2.656647795,,2001/5/30 10:01:35,SAT_19020,5.157645743,3.868201856,SAT_21824,4.388236003,6.614009095,SAT_15561,2.930665178,7.339496931
frame-r-002391-6-0058,1,No match,FALSE,N/A,inf,215.8904188,7.287912232,215.9221871,7.510573405,FOVNotMatch,2001/6/16 4:15:53,SAT_22671,2.327101146,12.91926267,SAT_13011,4.495032342,83.18950357,SAT_15677,12.26636661,N/A
frame-r-002379-1-0165,1,No match,FALSE,N/A,inf,233.9352034,-2.897320023,233.9890589,-2.671280691,FOVNotMatch,2001/6/15 5:12:21,SAT_7680U,0.083861515,31.73247467,SAT_07680,0.078554167,31.73389941,SAT_8746U,2.28025841,63.07010277
frame-r-002392-2-0072,1,Success,TRUE,SAT_09823,2.922665427,259.1283117,70.08059325,258.8124335,70.13743957,,2001/6/16 7:03:02,SAT_09823,0.505937584,2.922665427,SAT_9823U,0.500779676,2.936108827,SAT_23622,0.033806353,3.292380186
frame-r-002507-1-0160,1,No match,FALSE,N/A,inf,341.1530331,12.71830935,341.1233034,12.77421821,FOVNotMatch,2001/8/23 7:20:13,SAT_602U0,3.947429869,26.96999839,SAT_00602,3.946008257,26.97026144,SAT_12999,2.131099817,38.37593126
frame-r-002507-4-0119,1,No match,FALSE,N/A,inf,334.7558109,13.08079655,334.7630348,13.13125459,FOVNotMatch,2001/8/23 6:55:44,SAT_10450,2.672432729,20.89263652,SAT_10894,0.071276112,30.72589781,SAT_21674,5.079013349,79.8804998
frame-r-002507-5-0289,1,No match,FALSE,N/A,inf,0.877240843,15.5595328,0.756158587,15.58324533,FOVNotMatch,2001/8/23 8:37:14,SAT_23820,2.063691354,6.699189487,SAT_9880U,2.283032445,58.09861965,SAT_11888,15.32363818,N/A
frame-r-002566-4-0348,1,Success,TRUE,SAT_01804,3.443620376,6.207372878,15.17816246,6.11998703,15.21770737,,2001/9/18 7:12:59,SAT_01804,1.527353542,3.443620376,SAT_1804U,1.323969414,4.182180835,SAT_10764,2.570213253,13.74342356
frame-r-002566-1-0334,1,No match,FALSE,N/A,inf,3.873957484,13.77916679,4.025782916,13.96002033,FOVNotMatch,2001/9/18 7:04:38,SAT_23296,0.338306808,12.37162955,SAT_23802,2.955426973,48.61364802,SAT_23821,3.817089112,53.867603
frame-r-002574-2-0039,1,No match,FALSE,N/A,inf,260.2995777,59.8254371,260.43032,59.69235454,FOVNotMatch,2001/9/19 2:57:42,SAT_21706,5.904707213,14.02725583,SAT_08861,0.191810888,15.43017536,SAT_8861U,0.05016792,15.660761
frame-r-002570-3-0249,1,No match,FALSE,N/A,inf,45.43320789,-0.184784076,45.37775326,0.014739114,FOVNotMatch,2001/9/18 10:39:58,SAT_7823U,1.339774432,30.1065093,SAT_07823,1.340452269,30.10655307,SAT_21185,1.983705569,32.32501094
frame-r-002570-3-0250,1,No match,FALSE,N/A,inf,45.6891307,-0.028049654,45.67716034,0.014958354,FOVNotMatch,2001/9/18 10:40:34,SAT_7823U,1.339774432,30.12742253,SAT_07823,1.340452269,30.1274663,SAT_21185,1.983705569,32.34592417
frame-r-002570-2-0300,1,No match,FALSE,N/A,inf,53.17445252,-0.615462375,53.01195518,-0.592484516,FOVNotMatch,2001/9/18 11:10:25,SAT_12472,2.343906253,19.55478665,SAT_14943,1.435566871,20.26413534,SAT_12851,2.434558437,20.50958405
frame-r-002570-2-0084,1,Success,TRUE,SAT_03428,1.479335902,20.83597531,-0.621498278,20.79421708,-0.62890478,,2001/9/18 9:01:27,SAT_03428,3.889374508,1.479335902,SAT_3428U,3.889372222,1.479336427,SAT_12851,3.889695697,5.249570819
frame-r-002570-2-0084,2,Success,TRUE,SAT_03428,1.69632337,20.83549012,-0.609523444,20.78123725,-0.61893432,,2001/9/18 9:01:27,SAT_03428,3.889374508,1.69632337,SAT_3428U,3.889372222,1.696323896,SAT_12851,3.889695697,5.466558287
frame-r-002570-2-0084,3,Success,TRUE,SAT_03428,1.369323212,20.83599927,-0.540728953,20.76512899,-0.553439525,,2001/9/18 9:01:27,SAT_03428,3.889374508,1.369323212,SAT_3428U,3.889372222,1.369323738,SAT_12851,3.889695697,5.13955813
frame-r-002570-2-0084,4,Success,TRUE,SAT_03428,1.489450757,20.83636948,-0.52838746,20.81498631,-0.532176284,,2001/9/18 9:01:27,SAT_03428,3.889374508,1.489450757,SAT_3428U,3.889372222,1.489451283,SAT_12851,3.889695697,5.259685675
frame-r-002570-2-0084,5,Success,TRUE,SAT_03428,1.420564786,20.83588253,-0.52240003,20.7646459,-0.535110599,,2001/9/18 9:01:27,SAT_03428,3.889374508,1.420564786,SAT_3428U,3.889372222,1.420565312,SAT_12851,3.889695697,5.190799703
frame-r-002570-2-0084,6,Success,TRUE,SAT_21222,4.265660992,20.83613153,-0.506759332,20.80986167,-0.508715432,,2001/9/18 9:01:27,SAT_21222,4.821968188,4.265660992,SAT_25913,4.879200065,4.278488098,SAT_22930,4.941797704,4.292249977
frame-r-002570-2-0084,7,No match,FALSE,N/A,inf,20.83527796,-0.501016301,20.77577668,-0.49564193,FOVNotMatch,2001/9/18 9:01:27,SAT_26352,5.392681785,5.066991422,SAT_23313,5.018982408,5.123401586,SAT_22930,4.941797704,5.127753007
frame-r-002570-2-0084,8,Success,TRUE,SAT_03428,0.946807505,20.83553578,-0.455682738,20.76820977,-0.46827093,,2001/9/18 9:01:27,SAT_03428,3.889374508,0.946807505,SAT_3428U,3.889372222,0.946808031,SAT_12851,3.889695697,4.717042422
frame-r-002570-6-0084,1,Success,TRUE,SAT_03428,1.336054631,20.83640571,1.23880366,20.76443036,1.225854159,,2001/9/18 9:01:27,SAT_03428,3.889374508,1.336054631,SAT_3428U,3.889372222,1.336055157,SAT_12851,3.889695697,5.106289549
frame-r-002570-6-0084,2,Success,TRUE,SAT_03428,1.062133096,20.83042651,1.266903935,20.76566018,1.254931711,,2001/9/18 9:01:27,SAT_03428,3.889374508,1.062133096,SAT_3428U,3.889372222,1.062133622,SAT_12851,3.889695697,4.832368014
frame-r-002570-6-0084,3,Success,TRUE,SAT_03428,1.923576683,20.83542137,1.215834874,20.76833471,1.204473583,,2001/9/18 9:01:27,SAT_03428,3.889374508,1.923576683,SAT_3428U,3.889372222,1.923577209,SAT_12851,3.889695697,5.693811601
frame-r-002570-6-0084,4,No match,FALSE,N/A,inf,20.83588355,1.126036524,20.77650154,1.131657418,FOVNotMatch,2001/9/18 9:01:27,SAT_26352,5.392681785,5.313990887,SAT_23313,5.018982408,5.37040105,SAT_22930,4.941797704,5.374752471
frame-r-002570-6-0084,5,No match,FALSE,N/A,inf,20.83611831,1.09353811,20.77649281,1.09989202,FOVNotMatch,2001/9/18 9:01:27,SAT_26352,5.392681785,5.989437546,SAT_23313,5.018982408,6.045847709,SAT_22930,4.941797704,6.05019913
frame-r-002570-6-0084,6,Success,TRUE,SAT_26352,1.815723318,20.83599142,1.077655451,20.77367698,1.079733243,,2001/9/18 9:01:27,SAT_26352,5.392681785,1.815723318,SAT_23313,5.018982408,1.872133481,SAT_22930,4.941797704,1.876484903
frame-r-002570-6-0084,7,Success,TRUE,SAT_26352,2.229753686,20.83599894,1.103067717,20.77576123,1.105512052,,2001/9/18 9:01:27,SAT_26352,5.392681785,2.229753686,SAT_23313,5.018982408,2.286163849,SAT_22930,4.941797704,2.29051527
frame-r-002570-3-0084,1,Success,TRUE,SAT_03428,1.13284862,20.83601215,-0.180874536,20.81206313,-0.185272061,,2001/9/18 9:01:27,SAT_03428,3.889374508,1.13284862,SAT_3428U,3.889372222,1.132849146,SAT_12851,3.889695697,4.903083537
frame-r-002570-3-0084,2,No match,FALSE,N/A,inf,20.83637945,-0.17501021,20.77821992,-0.166944905,FOVNotMatch,2001/9/18 9:01:27,SAT_26352,5.392681785,7.800846239,SAT_23313,5.018982408,7.857256402,SAT_22930,4.941797704,7.861607824
frame-r-002570-3-0084,3,Success,TRUE,SAT_21222,3.159742618,20.8355278,-0.146054998,20.80449237,-0.147764461,,2001/9/18 9:01:27,SAT_21222,4.821968188,3.159742618,SAT_25913,4.879200065,3.172569724,SAT_22930,4.941797704,3.186331603
frame-r-002570-3-0084,4,Success,TRUE,SAT_21222,2.775158976,20.83552753,-0.148254127,20.80522523,-0.149719267,,2001/9/18 9:01:27,SAT_21222,4.821968188,2.775158976,SAT_25913,4.879200065,2.787986082,SAT_22930,4.941797704,2.801747961
frame-r-002570-3-0084,5,Success,TRUE,SAT_26352,1.816435089,20.83552996,-0.128950651,20.80253992,-0.12785004,,2001/9/18 9:01:27,SAT_26352,5.392681785,1.816435089,SAT_23313,5.018982408,1.872845252,SAT_22930,4.941797704,1.877196673
frame-r-002570-3-0084,6,No match,FALSE,N/A,inf,20.83566053,-0.062610174,20.78190002,-0.053445329,FOVNotMatch,2001/9/18 9:01:27,SAT_26352,5.392681785,9.580161503,SAT_23313,5.018982408,9.636571666,SAT_22930,4.941797704,9.640923088
frame-r-002570-3-0084,7,Success,TRUE,SAT_03428,0.406811106,20.83578451,-0.048437994,20.76687008,-0.061997004,,2001/9/18 9:01:27,SAT_03428,3.889374508,0.406811106,SAT_3428U,3.889372222,0.406811632,SAT_12851,3.889695697,4.177046023
frame-r-002570-3-0084,8,Success,TRUE,SAT_03428,1.781271438,20.8351755,-0.033288403,20.77408137,-0.04379331,,2001/9/18 9:01:27,SAT_03428,3.889374508,1.781271438,SAT_3428U,3.889372222,1.781271964,SAT_12851,3.889695697,5.551506355
frame-r-002570-3-0084,9,No match,FALSE,N/A,inf,20.83566847,0.000187218,20.78166367,0.009229932,FOVNotMatch,2001/9/18 9:01:27,SAT_26352,5.392681785,9.41122384,SAT_23313,5.018982408,9.467634003,SAT_22930,4.941797704,9.471985424
frame-r-002570-3-0084,10,Success,TRUE,SAT_26352,2.551949929,20.83542545,0.010816341,20.78251949,0.013261638,,2001/9/18 9:01:27,SAT_26352,5.392681785,2.551949929,SAT_23313,5.018982408,2.608360092,SAT_22930,4.941797704,2.612711513
frame-r-002570-3-0084,11,Success,TRUE,SAT_21222,3.841902867,20.77274476,0.014117192,20.79278335,0.015460411,,2001/9/18 9:01:27,SAT_21222,4.821968188,3.841902867,SAT_25913,4.879200065,3.854729973,SAT_22930,4.941797704,3.868491852
frame-r-002570-2-0299,1,No match,FALSE,N/A,inf,52.96865709,-0.62877855,52.86198422,-0.613508704,FOVNotMatch,2001/9/18 11:09:50,SAT_26352,5.822628971,7.954913652,SAT_23313,4.427085372,8.121509487,SAT_22930,4.952067494,8.126050599
frame-r-002576-6-0160,1,No match,FALSE,N/A,inf,345.6626881,-8.596407801,345.58727,-8.368669975,FOVNotMatch,2001/9/19 7:06:21,SAT_25154,0.710267602,60.57334109,SAT_26612,3.87551094,61.94980541,SAT_20413,1.395243157,63.85498658
frame-r-002575-3-0075,1,No match,FALSE,N/A,inf,326.1691373,-8.235520667,326.1616982,-8.159012675,FOVNotMatch,2001/9/19 5:20:11,SAT_23789,3.441546234,10.82353357,SAT_7022U,1.310503361,17.66235036,SAT_3138U,3.093056979,19.1679534
frame-r-002579-3-0093,1,No match,FALSE,N/A,inf,49.87617367,-0.396961602,49.71401695,-0.352732704,FOVNotMatch,2001/9/19 11:12:17,SAT_25493,5.76080046,6.450762474,SAT_26745,4.960816181,14.63966922,SAT_21726,5.934420297,15.23101863
frame-r-002579-3-0094,1,No match,FALSE,N/A,inf,50.02589315,-0.356145727,49.86409384,-0.31203996,FOVNotMatch,2001/9/19 11:12:53,SAT_25493,5.76080046,6.442245682,SAT_26745,4.960816181,14.63115243,SAT_21726,5.934420297,15.22250184
frame-r-002579-3-0096,1,No match,FALSE,N/A,inf,50.32519371,-0.274733846,50.16377302,-0.230764465,FOVNotMatch,2001/9/19 11:14:05,SAT_25493,5.76080046,6.431178508,SAT_26745,4.960816181,14.62008526,SAT_21726,5.934420297,15.21143466
frame-r-002579-3-0097,1,No match,FALSE,N/A,inf,50.47528081,-0.234171411,50.31690692,-0.191035692,FOVNotMatch,2001/9/19 11:14:40,SAT_25493,5.76080046,6.429874857,SAT_26745,4.960816181,14.61878161,SAT_21726,5.934420297,15.21013101
frame-r-002579-4-0103,1,No match,FALSE,N/A,inf,51.37392088,0.00904494,51.21203403,0.052675808,FOVNotMatch,2001/9/19 11:18:15,SAT_25493,5.098452424,5.34283857,SAT_22535,4.081318112,10.72348834,SAT_26745,4.851600233,14.45729864
frame-r-002582-6-0111,1,Success,TRUE,SAT_16533,0.23543949,262.4678376,72.5537704,262.9141644,72.63396661,,2001/9/20 3:06:14,SAT_16533,3.410931256,0.23543949,SAT_10894,1.111594261,53.9558149,SAT_20707,5.607997065,55.0379107
frame-r-002582-6-0137,1,No match,FALSE,N/A,inf,265.3888935,68.76556724,265.3351852,68.8336193,FOVNotMatch,2001/9/20 3:21:45,SAT_8288U,0.044290118,28.8690988,SAT_09846,4.965918313,53.72845871,SAT_9846U,4.966256689,53.73337504
frame-r-002582-6-0138,1,No match,FALSE,N/A,inf,265.4981646,68.52772701,265.3749316,68.68320223,FOVNotMatch,2001/9/20 3:22:21,SAT_8288U,0.044290118,28.67165087,SAT_09846,4.965918313,53.53101078,SAT_9846U,4.966256689,53.53592711
frame-r-002579-4-0150,1,Success,TRUE,SAT_10946,2.650775306,58.34037234,0.004205835,58.37875458,0.22791094,,2001/9/19 11:46:19,SAT_10946,3.215364986,2.650775306,SAT_13528,5.403714629,4.841131127,SAT_12722,5.817368643,5.584690352
frame-r-002589-3-0195,1,Success,TRUE,SAT_23645,4.027239085,44.32519361,-0.056400846,44.35255194,0.018621722,,2001/9/21 8:31:04,SAT_23645,3.577337786,4.027239085,SAT_26678,3.229135642,5.502630575,SAT_23953,5.403896786,9.629592342
frame-r-002589-1-0279,1,Success,TRUE,SAT_10990,2.027306346,57.02571152,-0.819851106,56.90231572,-1.025209301,,2001/9/21 9:21:14,SAT_10990,3.862421569,2.027306346,SAT_5218U,2.326337901,38.80871276,SAT_05218,2.326306388,38.80876186
frame-r-002589-1-0280,1,Success,TRUE,SAT_10990,1.572536691,57.21481264,-1.002147605,57.19001155,-1.044172963,,2001/9/21 9:21:50,SAT_10990,3.862421569,1.572536691,SAT_5218U,2.326337901,38.3539431,SAT_05218,2.326306388,38.35399221
frame-r-002591-3-0053,1,Success,TRUE,SAT_08860,4.131096111,48.55568611,-0.416083376,48.62739179,-0.191887992,,2001/9/21 10:30:23,SAT_08860,4.724296066,4.131096111,SAT_8860U,4.727952235,4.132712047,SAT_19445,5.881333425,5.605830178
frame-r-002591-1-0076,1,Success,TRUE,SAT_18946,4.585854049,52.03591169,-1.254614523,52.07280788,-1.172034133,,2001/9/21 10:44:07,SAT_18946,1.551298103,4.585854049,SAT_12981,3.968494888,7.629051412,SAT_25403,0.554126127,8.557462288
frame-r-002649-3-0177,1,No match,FALSE,N/A,inf,8.411796292,-0.065669845,8.250275747,-0.024365992,FOVNotMatch,2001/10/14 7:42:52,SAT_23877,4.872178236,14.2885827,SAT_22117,5.228251083,14.28946986,SAT_21906,5.773884306,14.29908752
frame-r-002649-3-0178,1,No match,FALSE,N/A,inf,8.562239353,-0.027900124,8.400093433,0.013502727,FOVNotMatch,2001/10/14 7:43:27,SAT_23877,4.872178236,14.26837087,SAT_22117,5.228251083,14.26925803,SAT_21906,5.773884306,14.27887569
frame-r-002662-1-0277,1,No match,FALSE,N/A,inf,359.2805102,-0.837597795,359.2438553,-0.822202054,FOVNotMatch,2001/10/15 7:25:18,SAT_11298,2.714543835,15.62110392,SAT_20941,4.696170907,22.2789699,SAT_22117,4.506571636,22.74003078
frame-r-002662-1-0341,1,No match,FALSE,N/A,inf,8.862900117,-0.983715641,8.699815064,-0.908688896,FOVNotMatch,2001/10/15 8:03:31,SAT_26745,3.748717766,24.57428611,SAT_23016,4.325802982,24.66459852,SAT_22117,4.59219662,24.67077097
frame-r-002662-5-0355,1,No match,FALSE,N/A,inf,10.95798161,0.786930478,10.83128395,0.84191925,FOVNotMatch,2001/10/15 8:11:52,SAT_25927,2.08990369,14.25334939,SAT_26745,5.428017403,23.30147983,SAT_22689,2.505393113,34.10352082
frame-r-002677-3-0126,1,No match,FALSE,N/A,inf,22.60938176,-0.001391298,22.53728861,0.020367053,FOVNotMatch,2001/10/25 8:18:33,SAT_24786,5.45432498,16.73085049,SAT_23016,5.154900428,16.75293527,SAT_22096,5.592938874,16.76738641
frame-r-002677-6-0197,1,Success,TRUE,SAT_25619,2.474318024,33.18852233,1.188739333,33.07586286,1.218922455,,2001/10/25 9:00:56,SAT_25619,2.547189718,2.474318024,SAT_4377U,0.978108485,20.83876883,SAT_21285,2.711307514,27.67624992
frame-r-002677-6-0198,1,Success,TRUE,SAT_25619,2.683889252,33.38808862,1.21513925,33.22582068,1.259249295,,2001/10/25 9:01:32,SAT_25619,2.547189718,2.683889252,SAT_4377U,0.978108485,20.6291976,SAT_21285,2.711307514,27.88582115
frame-r-002677-6-0199,1,Success,TRUE,SAT_25619,2.688114255,33.53841598,1.255212083,33.45089848,1.27900903,,2001/10/25 9:02:08,SAT_25619,2.547189718,2.688114255,SAT_4377U,0.978108485,20.6249726,SAT_21285,2.711307514,27.89004615
frame-r-002699-3-0093,1,No match,FALSE,N/A,inf,18.89863945,-2.566190031,18.79613034,-2.518615345,FOVNotMatch,2001/11/11 6:13:21,SAT_26534,1.036296323,18.8597714,SAT_21906,2.121569194,24.88609064,SAT_24748,5.261353128,24.89613707
frame-r-002700-4-0014,1,Success,TRUE,SAT_26583,2.441618514,22.31827349,0.426910833,22.15638623,0.412990284,,2001/11/11 6:34:00,SAT_26583,4.665848046,2.441618514,SAT_26056,5.654949638,4.935368106,SAT_21906,5.620617405,4.946361319
frame-r-002708-1-0266,1,No match,FALSE,N/A,inf,23.67851377,-0.900676403,23.56621836,-0.821513451,FOVNotMatch,2001/11/12 5:26:58,SAT_8746U,5.645232133,22.58347734,SAT_08746,5.650334625,22.58453836,SAT_8747U,4.062503438,22.72604732
frame-r-002709-6-0018,1,Success,TRUE,SAT_25621,2.845586673,22.57196908,0.995506278,22.45747425,0.875908446,,2001/11/12 5:45:11,SAT_25621,3.479395216,2.845586673,SAT_23955,3.673753724,14.60582506,SAT_25525,2.839205812,22.07858527
frame-r-002728-6-0257,1,Success,TRUE,SAT_26483,0.12696921,336.6757145,1.054161441,336.6235943,1.20332246,,2001/11/18 3:11:19,SAT_26483,4.236806027,0.12696921,SAT_17666,1.278326045,13.30529906,SAT_26463,4.837224391,35.91019186
frame-r-002728-4-0432,1,No match,FALSE,N/A,inf,2.841263655,0.214958072,2.790583201,0.244647772,FOVNotMatch,2001/11/18 4:55:49,SAT_21158,0.898307145,21.05480661,SAT_21906,5.618726755,30.33029146,SAT_23877,5.665283793,30.35476872
frame-r-002728-1-0447,1,No match,FALSE,N/A,inf,5.080656722,-0.819102425,5.036424711,-0.899234668,FOVNotMatch,2001/11/18 5:04:46,SAT_26339,1.288507538,45.35253879,SAT_11844,0.083604251,58.18528559,SAT_21128,1.803447424,67.60407332
frame-r-002738-5-0014,1,No match,FALSE,N/A,inf,14.36669174,0.633703398,14.28436964,0.662546112,FOVNotMatch,2001/11/21 5:00:02,SAT_26057,5.114253895,7.83788308,SAT_14129,3.941288832,7.870447785,SAT_8808U,5.682719592,34.18324078
frame-r-002738-5-0018,1,No match,FALSE,N/A,inf,14.9969377,0.829928487,14.92033934,0.856321756,FOVNotMatch,2001/11/21 5:02:25,SAT_26057,5.114253895,7.542280824,SAT_14129,3.941288832,8.166050041,SAT_8808U,5.682719592,33.88763852
frame-r-002738-4-0020,1,No match,FALSE,N/A,inf,15.25363873,0.218390304,15.21045387,0.437188501,FOVNotMatch,2001/11/21 5:03:37,SAT_12975,3.272185143,21.50504288,SAT_22779,4.487282023,22.22785362,SAT_14129,3.941288832,51.65482078
frame-r-002738-2-0137,1,No match,FALSE,N/A,inf,32.76892047,-0.509335586,32.69722158,-0.440179734,FOVNotMatch,2001/11/21 6:13:28,SAT_25558,5.183057258,43.97361197,SAT_26402,4.775243561,43.98401901,SAT_24748,4.800015279,44.00391305
frame-r-002740-4-0197,1,Success,TRUE,SAT_08860,1.966315831,133.1816506,41.56082795,133.0475768,41.42837791,,2001/11/21 10:24:45,SAT_08860,0.204549181,1.966315831,SAT_8860U,0.162819367,2.356938343,SAT_19796,2.333321405,17.599678
frame-r-002740-4-0197,2,Success,TRUE,SAT_22273,1.018964098,133.0620485,41.54115173,132.9625114,41.50440804,,2001/11/21 10:24:45,SAT_22273,0.072788799,1.018964098,SAT_8860U,0.162819367,24.22785807,SAT_08860,0.204549181,24.61848058
frame-r-002740-4-0198,1,Success,TRUE,SAT_08860,1.729708284,133.3638071,41.63099923,133.2491165,41.51880363,,2001/11/21 10:25:20,SAT_08860,0.204549181,1.729708284,SAT_8860U,0.162819367,2.120330796,SAT_19796,2.333321405,17.83628555
frame-r-002740-4-0198,2,Success,TRUE,SAT_22273,1.291194664,133.2833114,41.70272088,133.087872,41.63159676,,2001/11/21 10:25:20,SAT_22273,0.072788799,1.291194664,SAT_8860U,0.162819367,24.50008863,SAT_08860,0.204549181,24.89071115
frame-r-002740-3-0299,1,No match,FALSE,N/A,inf,151.6854032,49.56470636,151.5278244,49.65249315,FOVNotMatch,2001/11/21 11:25:39,SAT_8425U,12.4952629,N/A,SAT_13012,11.83122758,N/A,SAT_21722,7.883593339,N/A
frame-r-002768-5-0042,1,Success,TRUE,SAT_26819,0.279353127,346.548616,0.636830875,346.4685415,0.860337653,,2001/12/10 3:30:32,SAT_26819,4.755078756,0.279353127,SAT_01726,0.042422836,39.98521319,SAT_1726U,0.03452361,39.98661486
frame-r-002766-2-0074,1,Success,TRUE,SAT_8746U,0.801106837,10.74197033,2.104983843,10.5844878,2.137816844,,2001/12/10 2:30:59,SAT_8746U,3.332748613,0.801106837,SAT_8747U,0.769224134,1.20939728,SAT_7185U,5.530662899,2.291717426
frame-r-002766-3-0065,1,Success,TRUE,SAT_16393,0.352161495,10.22794529,0.852300729,10.19666465,0.757742627,,2001/12/10 2:25:37,SAT_16393,3.305418513,0.352161495,SAT_3673U,4.516619832,7.845052977,SAT_03673,4.512234501,7.8475638
frame-r-002768-1-0168,1,No match,FALSE,N/A,inf,5.3250258,-1.041352698,5.270222259,-1.025875946,FOVNotMatch,2001/12/10 4:45:45,SAT_23249,0.340393245,15.12004987,SAT_26639,4.39619482,15.76943498,SAT_26495,5.439175094,15.78789954
frame-r-002768-1-0170,1,No match,FALSE,N/A,inf,5.732097788,-0.988383144,5.569663972,-0.9434304,FOVNotMatch,2001/12/10 4:46:57,SAT_23249,0.340393245,14.8189604,SAT_26639,4.39619482,15.46834551,SAT_26495,5.439175094,15.48681008
frame-r-002768-1-0173,1,No match,FALSE,N/A,inf,6.181206904,-0.86428914,6.019449483,-0.819669858,FOVNotMatch,2001/12/10 4:48:45,SAT_23249,0.340393245,14.7703169,SAT_26639,4.39619482,15.41970201,SAT_26495,5.439175094,15.43816658
frame-r-002768-2-0179,1,No match,FALSE,N/A,inf,7.079765171,-0.618044208,6.917036239,-0.573334654,FOVNotMatch,2001/12/10 4:52:20,SAT_23249,0.433329692,13.83926092,SAT_26639,4.802877661,15.36029859,SAT_26495,5.772590259,15.37818787
frame-r-002768-2-0180,1,No match,FALSE,N/A,inf,7.229512488,-0.577129509,7.06735985,-0.532374908,FOVNotMatch,2001/12/10 4:52:55,SAT_23249,0.433329692,13.90595718,SAT_26639,4.802877661,15.42699485,SAT_26495,5.772590259,15.44488413
frame-r-002768-2-0183,1,No match,FALSE,N/A,inf,7.678437096,-0.454346624,7.516220714,-0.409698777,FOVNotMatch,2001/12/10 4:54:43,SAT_23249,0.433329692,13.8648659,SAT_26639,4.802877661,15.38590357,SAT_26495,5.772590259,15.40379285
frame-r-002777-5-0185,1,No match,FALSE,N/A,inf,133.2993547,42.33055381,133.1403825,42.36188747,FOVNotMatch,2001/12/15 8:51:09,SAT_27022,3.588483388,9.657074754,SAT_10684,5.09651809,49.72006061,SAT_14806,1.784848818,64.71481944
frame-r-002777-2-0218,1,No match,FALSE,N/A,inf,139.7892361,44.44610946,139.7391561,44.40957262,FOVNotMatch,2001/12/15 9:10:51,SAT_17081,5.028411802,13.85103557,SAT_13169,5.043954202,14.45394664,SAT_22273,5.664178966,17.99870323
frame-r-002777-6-0275,1,No match,FALSE,N/A,inf,148.8180341,50.50624278,148.9397938,50.33442138,FOVNotMatch,2001/12/15 9:44:53,SAT_20944,0.077214464,8.887844704,SAT_20741,5.157862023,31.54675494,SAT_17081,5.404307824,58.74772387
frame-r-002768-6-0262,1,No match,FALSE,N/A,inf,19.50229631,1.201303922,19.35923868,1.28038792,FOVNotMatch,2001/12/10 5:41:53,SAT_24720,5.771130004,7.662774809,SAT_25667,2.999214638,28.54876771,SAT_24770,1.755995723,35.55961091
frame-r-002768-3-0190,1,No match,FALSE,N/A,inf,8.726494619,-0.169452502,8.564867396,-0.12518639,FOVNotMatch,2001/12/10 4:58:54,SAT_23249,0.910336104,12.88511832,SAT_26639,5.211438432,15.31270967,SAT_24313,5.167918663,15.37712915
frame-r-002768-3-0191,1,No match,FALSE,N/A,inf,8.876571635,-0.128778118,8.713655393,-0.084284576,FOVNotMatch,2001/12/10 4:59:29,SAT_23249,0.910336104,12.8439962,SAT_26639,5.211438432,15.27158755,SAT_24313,5.167918663,15.33600702
frame-r-002768-3-0192,1,No match,FALSE,N/A,inf,9.02616691,-0.087860973,8.863366538,-0.043643171,FOVNotMatch,2001/12/10 5:00:05,SAT_23249,0.910336104,12.76400618,SAT_26639,5.211438432,15.19159753,SAT_24313,5.167918663,15.256017
frame-r-002768-3-0193,1,No match,FALSE,N/A,inf,9.176122366,-0.047433135,9.014247861,-0.003409213,FOVNotMatch,2001/12/10 5:00:41,SAT_23249,0.910336104,12.78298085,SAT_26639,5.211438432,15.2105722,SAT_24313,5.167918663,15.27499167
frame-r-002768-4-0203,1,No match,FALSE,N/A,inf,10.67349908,0.356007309,10.51034347,0.399823064,FOVNotMatch,2001/12/10 5:06:39,SAT_23249,1.463734667,11.47827167,SAT_10220,1.792849079,12.77965626,SAT_26639,5.621621795,15.02821251
frame-r-002768-3-0207,1,Success,TRUE,SAT_25803,4.516597098,11.26621153,-0.20190721,11.10947234,-0.053312405,,2001/12/10 5:09:03,SAT_25803,3.620396523,4.516597098,SAT_23249,1.463734667,39.91788558,SAT_10220,1.792849079,41.21927017
frame-r-002821-1-0195,1,No match,FALSE,N/A,inf,182.9976768,53.92920593,182.8823348,53.97646523,FOVNotMatch,2001/12/18 9:12:18,SAT_16381,1.862990417,39.52508321,SAT_24827,5.305270384,52.92883321,SAT_589U0,3.395451966,79.13112397
frame-r-002826-2-0122,1,No match,FALSE,N/A,inf,143.4715166,48.99675383,143.254625,48.96359704,FOVNotMatch,2001/12/19 9:53:31,SAT_13012,1.229436486,40.55603466,SAT_8425U,0.012102325,42.56461874,SAT_08425,0.011682897,42.56727575
frame-r-002826-2-0123,1,No match,FALSE,N/A,inf,143.6529032,49.13383631,143.4728975,49.10672591,FOVNotMatch,2001/12/19 9:54:07,SAT_13012,1.229436486,40.70841142,SAT_8425U,0.012102325,42.7169955,SAT_08425,0.011682897,42.71965251
frame-r-002820-2-0260,1,No match,FALSE,N/A,inf,59.08008679,-0.626456396,58.91786375,-0.527955285,FOVNotMatch,2001/12/18 7:05:15,SAT_02091,0.928484393,28.2713179,SAT_2091U,0.925455624,28.27336124,SAT_12115,5.072354883,29.43551632
frame-r-002826-6-0173,1,No match,FALSE,N/A,inf,152.7834057,54.30982208,152.6502018,54.30659238,FOVNotMatch,2001/12/19 10:23:58,SAT_8425U,3.376708805,42.30393074,SAT_08425,3.374174557,42.30785698,SAT_13012,0.832173109,44.23223352
frame-r-002826-4-0296,1,No match,FALSE,N/A,inf,185.3401413,57.84734962,185.5449049,57.85474485,FOVNotMatch,2001/12/19 11:37:24,SAT_26605,5.511935508,15.7560855,SAT_23621,5.037046113,31.42055959,SAT_07780,5.946319455,46.21068602
frame-r-002830-3-0325,1,Success,TRUE,SAT_13999,4.529609738,162.4662057,49.98511113,162.4214921,50.06251776,,2001/12/20 9:10:03,SAT_13999,0.046823154,4.529609738,SAT_08015,5.03644517,57.53976612,SAT_8015U,5.038005866,57.55351084
frame-r-002830-3-0352,1,No match,FALSE,N/A,inf,168.5429021,51.02335233,168.7432105,51.11013414,FOVNotMatch,2001/12/20 9:26:10,SAT_4321U,0.13050204,5.660009406,SAT_8015U,5.814003349,13.46398953,SAT_08015,5.803682081,13.47926582
frame-r-002826-3-0353,1,No match,FALSE,N/A,inf,200.7789027,56.37607135,201.102486,56.42940602,FOVNotMatch,2001/12/19 12:11:26,SAT_7078U,1.090128123,23.50926386,SAT_04673,1.100050159,23.65144706,SAT_4673U,1.108995129,23.71771219
frame-r-002826-3-0353,2,Success,TRUE,SAT_07736,4.636944738,200.7897451,56.40202288,200.8604661,56.48757627,,2001/12/19 12:11:26,SAT_07736,1.116198431,4.636944738,SAT_7736U,1.116554675,4.63797705,SAT_13585,4.699964109,16.43610402
frame-r-002826-4-0353,1,Success,TRUE,SAT_07736,4.683046981,201.0098001,56.6684467,201.1180033,56.7980722,,2001/12/19 12:11:26,SAT_07736,1.116198431,4.683046981,SAT_7736U,1.116554675,4.684079292,SAT_13585,4.699964109,16.39000178
frame-r-002826-2-0354,1,Success,TRUE,SAT_07736,4.720648874,200.8932286,55.82169628,201.0633491,56.02949589,,2001/12/19 12:12:02,SAT_07736,1.116198431,4.720648874,SAT_7736U,1.116554675,4.721681185,SAT_13585,4.699964109,16.35239989
frame-r-002826-1-0355,1,Success,TRUE,SAT_07736,4.91383295,201.1973489,55.49127617,201.2613935,55.56960352,,2001/12/19 12:12:38,SAT_07736,1.116198431,4.91383295,SAT_7736U,1.116554675,4.914865261,SAT_13585,4.699964109,16.15921581
frame-r-002830-2-0357,1,No match,FALSE,N/A,inf,170.0956959,50.71031071,169.9714545,50.68434836,FOVNotMatch,2001/12/20 9:29:09,SAT_16860,3.930665445,19.80607643,SAT_09570,1.309666527,26.47881054,SAT_9570U,1.309136278,26.48009122
frame-r-002830-2-0461,1,No match,FALSE,N/A,inf,194.9336745,51.27582762,194.6781019,51.28603228,FOVNotMatch,2001/12/20 10:31:15,SAT_22363,5.078878014,32.15256799,SAT_19367,5.648850208,33.73170548,SAT_10563,7.420444802,N/A
frame-r-002831-4-0065,1,Success,TRUE,SAT_7376U,2.820904631,148.1344383,51.45762639,147.9337083,51.64444712,,2001/12/20 12:13:08,SAT_7376U,5.227904284,2.820904631,SAT_07439,0.031367917,4.690432605,SAT_7439U,0.030659275,4.694750672
frame-r-002831-1-0065,1,Success,TRUE,SAT_7376U,1.923145005,149.2317296,50.40381269,149.0404613,50.59224364,,2001/12/20 12:13:08,SAT_7376U,5.227904284,1.923145005,SAT_07439,0.031367917,3.792672979,SAT_7439U,0.030659275,3.796991046
frame-r-002831-5-0065,1,Success,TRUE,SAT_7376U,2.974979374,147.7580807,51.80672331,147.6946658,51.86503353,,2001/12/20 12:13:08,SAT_7376U,5.227904284,2.974979374,SAT_07439,0.031367917,4.844507348,SAT_7439U,0.030659275,4.848825415
frame-r-002854-6-0102,1,Success,TRUE,SAT_7298U,0.217569866,17.95272006,1.043611092,17.90298901,1.026748073,,2002/1/8 2:25:25,SAT_7298U,0.090148389,0.217569866,SAT_6976U,3.610681022,0.412134261,SAT_20801,5.436771666,1.840193183
frame-r-002854-3-0071,1,Success,TRUE,SAT_23248,2.878561284,13.42442136,-0.213256944,13.26106722,-0.157487815,,2002/1/8 2:06:54,SAT_23248,3.241256216,2.878561284,SAT_24937,5.894334003,5.170461555,SAT_25640,4.554415792,17.52385284
frame-r-002854-3-0072,1,Success,TRUE,SAT_23248,3.147447416,13.57404994,-0.162289245,13.41119268,-0.105834876,,2002/1/8 2:07:30,SAT_23248,3.241256216,3.147447416,SAT_24937,5.894334003,4.901575423,SAT_25640,4.554415792,17.79273897
frame-r-002854-6-0103,1,Success,TRUE,SAT_7298U,0.059087985,18.21446746,1.031157079,18.05197788,0.977278045,,2002/1/8 2:26:01,SAT_7298U,0.336346241,0.059087985,SAT_6976U,3.601437103,0.747911344,SAT_20801,4.982460125,1.491493588
frame-r-002854-6-0104,1,Success,TRUE,SAT_7298U,0.15584597,18.36451433,0.981061086,18.29598476,0.958465871,,2002/1/8 2:26:37,SAT_7298U,0.336346241,0.15584597,SAT_6976U,3.601437103,0.844669328,SAT_20801,4.982460125,1.394735604
frame-r-002861-6-0079,1,No match,FALSE,N/A,inf,44.16499854,1.052780375,44.1995736,1.150513125,FOVNotMatch,2002/1/9 2:54:58,SAT_22732,5.189956581,37.44903967,SAT_23293,3.461776614,39.34718474,SAT_07076,5.527955057,41.56399052
frame-r-002861-6-0097,1,Success,TRUE,SAT_7032U,1.407296813,46.78743516,1.052381235,46.73170969,1.168311291,,2002/1/9 3:05:42,SAT_7032U,5.442159555,1.407296813,SAT_23410,4.302828719,4.24362031,SAT_18517,0.390762741,11.1159219
frame-r-002861-6-0098,1,Success,TRUE,SAT_7032U,1.563777748,47.04339463,1.141930866,46.97816573,1.276683028,,2002/1/9 3:06:18,SAT_7032U,5.442159555,1.563777748,SAT_23410,4.302828719,4.400101245,SAT_18517,0.390762741,10.95944096
frame-r-002861-6-0200,1,No match,FALSE,N/A,inf,62.23301679,1.230063863,62.14981639,1.150042179,FOVNotMatch,2002/1/9 4:07:12,SAT_4637U,2.222369247,28.98392482,SAT_04637,2.248560072,28.992292,SAT_14307,4.304402606,32.55383114
frame-r-002883-1-0119,1,Success,TRUE,SAT_5018U,1.40666387,165.5620371,49.94294419,165.6624308,50.01613888,,2002/1/13 9:58:31,SAT_5018U,0.167773887,1.40666387,SAT_05018,0.15861512,1.508963804,SAT_15182,4.225538321,6.937208572
frame-r-002873-2-0069,1,No match,FALSE,N/A,inf,23.96386392,-0.626151441,23.86318264,-0.498077143,FOVNotMatch,2002/1/13 1:53:23,SAT_21591,5.327064533,22.26407169,SAT_23299,4.061984564,22.43950067,SAT_13011,5.494663113,50.01560398
frame-r-002873-4-0072,1,Success,TRUE,SAT_15260,1.47393468,24.32640549,0.2132785,24.39690824,0.437107135,,2002/1/13 1:55:10,SAT_15260,4.623791922,1.47393468,SAT_4789U,0.062714987,20.97857846,SAT_2866U,3.090311743,61.24835264
frame-r-002873-5-0081,1,No match,FALSE,N/A,inf,25.82201182,0.837606225,25.77057585,0.856433654,FOVNotMatch,2002/1/13 2:00:33,SAT_23299,3.279211294,11.9457547,SAT_26724,5.771344841,20.12394826,SAT_21726,5.962914873,20.14396495
frame-r-002887-1-0271,1,No match,FALSE,N/A,inf,151.0998823,43.30489768,150.820279,43.35777764,FOVNotMatch,2002/1/14 7:08:50,SAT_15540,3.871091381,73.23054287,SAT_26574,13.96669981,N/A,SAT_22636,15.70292408,N/A
frame-r-002888-1-0142,1,No match,FALSE,N/A,inf,129.6684418,33.05153767,129.6256868,33.02841738,FOVNotMatch,2002/1/14 9:27:45,SAT_25818,2.027699252,6.549164396,SAT_21706,2.577487176,31.15450514,SAT_22633,4.033337475,32.84497254
frame-r-002888-1-0142,2,No match,FALSE,N/A,inf,129.7751029,32.94239073,129.7315724,32.92285139,FOVNotMatch,2002/1/14 9:27:45,SAT_25818,2.027699252,11.23630962,SAT_21706,2.577487176,35.84165036,SAT_22633,4.033337475,37.53211776
frame-r-002886-5-0026,1,No match,FALSE,N/A,inf,17.59823171,0.630176022,17.53164129,0.64385993,FOVNotMatch,2002/1/14 1:26:55,SAT_22997,5.757250917,17.78696156,SAT_9846U,1.309824935,25.99890907,SAT_09846,1.308950546,25.99905136
frame-r-002964-2-0057,1,No match,FALSE,N/A,inf,133.3533719,35.70893455,133.1396338,35.67178995,FOVNotMatch,2002/2/8 6:13:42,SAT_21602,7.983201498,N/A,SAT_8425U,6.140641045,N/A,SAT_21458,11.42169045,N/A
frame-r-002964-2-0058,1,No match,FALSE,N/A,inf,133.4495097,35.85410488,133.2344478,35.81705331,FOVNotMatch,2002/2/8 6:14:17,SAT_21602,7.983201498,N/A,SAT_8425U,6.140641045,N/A,SAT_21458,11.42169045,N/A
frame-r-002964-1-0522,1,No match,FALSE,N/A,inf,226.1283489,40.74232918,226.3699374,40.838826,FOVNotMatch,2002/2/8 10:51:20,SAT_18881,3.631880741,37.20363831,SAT_7827U,0.065439698,63.40631196,SAT_00480,1.412561807,76.67803291
frame-r-002964-6-0489,1,Success,TRUE,SAT_5042U,0.348102871,221.6713385,44.8751668,221.8978981,45.02213625,,2002/2/8 10:31:38,SAT_5042U,3.60041815,0.348102871,SAT_05042,3.72286044,1.275280502,SAT_01522,1.697991482,15.09979722
frame-r-002987-3-0038,1,Success,TRUE,SAT_196U0,2.797556961,153.3359633,55.76431301,153.3008436,55.83874231,,2002/2/13 9:01:51,SAT_196U0,2.727840335,2.797556961,SAT_00196,2.728737993,2.797630479,SAT_19165,2.543493067,24.9015542
frame-r-002987-3-0039,1,Success,TRUE,SAT_196U0,3.026585283,153.8791428,55.75386036,153.7820393,55.96271771,,2002/2/13 9:02:27,SAT_196U0,2.727840335,3.026585283,SAT_00196,2.728737993,3.026658802,SAT_19165,2.543493067,25.13058252
frame-r-002987-1-0040,1,Success,TRUE,SAT_196U0,3.820197287,154.7225956,55.05384124,154.6266426,55.27646818,,2002/2/13 9:03:03,SAT_196U0,2.727840335,3.820197287,SAT_00196,2.728737993,3.820270806,SAT_19165,2.543493067,25.92419453
frame-r-002987-6-0052,1,No match,FALSE,N/A,inf,156.1024928,57.81649863,155.7212552,57.86786382,FOVNotMatch,2002/2/13 9:10:13,SAT_18946,2.003918019,31.30560344,SAT_14264,0.206352923,35.33096395,SAT_21855,3.560899989,39.26458058
frame-r-002987-5-0081,1,No match,FALSE,N/A,inf,163.8501092,59.05879827,163.9668943,59.14341941,FOVNotMatch,2002/2/13 9:27:32,SAT_15350,3.114442805,6.091568481,SAT_21706,4.814552669,9.971195418,SAT_9843U,2.287126337,66.44671593
frame-r-002989-4-0111,1,No match,FALSE,N/A,inf,205.2919065,58.73857373,205.4143959,58.80602501,FOVNotMatch,2002/2/13 11:22:55,SAT_26483,4.712717387,9.272892347,SAT_11085,0.053041208,52.99505253,SAT_14464,15.68146178,N/A
frame-r-003031-6-0029,1,No match,FALSE,N/A,inf,124.3495832,5.804668353,124.1605262,5.956193783,FOVNotMatch,2002/3/12 3:09:05,SAT_12865,0.585317666,26.40047629,SAT_4353U,5.945017415,29.89727319,SAT_11571,4.360408117,30.71102264
frame-r-003031-6-0143,1,No match,FALSE,N/A,inf,141.2698699,8.106867282,141.2113453,8.170862524,FOVNotMatch,2002/3/12 4:17:09,SAT_27142,0.287703838,18.66690793,SAT_21187,0.316155553,29.07513877,SAT_4353U,5.153614981,35.52106438
frame-r-003031-6-0144,1,No match,FALSE,N/A,inf,141.5277209,8.18845883,141.3818014,8.345544241,FOVNotMatch,2002/3/12 4:17:45,SAT_27142,0.287703838,19.10347811,SAT_21187,0.316155553,29.51170895,SAT_4353U,5.153614981,35.0844942
frame-r-003031-4-0166,1,No match,FALSE,N/A,inf,144.9074826,7.691562929,144.9312999,7.712414742,FOVNotMatch,2002/3/12 4:30:53,SAT_23734,1.447853546,27.04242703,SAT_24807,4.48571443,34.00994253,SAT_27026,4.331317632,34.09473905
frame-r-003031-4-0257,1,No match,FALSE,N/A,inf,158.5801122,8.973077237,158.4990533,9.190499221,FOVNotMatch,2002/3/12 5:25:13,SAT_15144,3.571259556,62.70752586,SAT_1646U,4.370467768,79.6893313,SAT_01646,4.36991644,79.69090785
frame-r-003031-5-0258,1,No match,FALSE,N/A,inf,158.7305707,9.405193294,158.6499224,9.623962363,FOVNotMatch,2002/3/12 5:25:49,SAT_15144,3.571259556,62.93845346,SAT_1646U,4.370467768,79.9202589,SAT_01646,4.36991644,79.92183545
frame-r-003031-6-0500,1,Success,TRUE,SAT_15699,4.329176988,195.4972668,10.67443641,195.4348302,10.90112938,,2002/3/12 7:50:18,SAT_15699,4.459692383,4.329176988,SAT_16925,5.77230325,30.77828907,SAT_22741,5.342330512,32.88074335
frame-r-003031-6-0500,2,No match,FALSE,N/A,inf,195.4924284,10.67483075,195.434378,10.90007979,FOVNotMatch,2002/3/12 7:50:18,SAT_15699,4.459692383,5.261821723,SAT_16925,5.77230325,29.84564433,SAT_22741,5.342330512,31.94809862
frame-r-003031-6-0500,3,Success,TRUE,SAT_15699,4.197249428,195.4996595,10.67534021,195.4374594,10.89912932,,2002/3/12 7:50:18,SAT_15699,4.459692383,4.197249428,SAT_16925,5.77230325,30.91021663,SAT_22741,5.342330512,33.01267091
frame-r-003031-3-0540,1,No match,FALSE,N/A,inf,201.5642558,9.328652737,201.4137434,9.271388379,FOVNotMatch,2002/3/12 8:14:11,SAT_23933,5.914222096,76.86663184,SAT_26038,14.78055522,N/A,SAT_26352,17.26599085,N/A
frame-r-003031-3-0541,1,No match,FALSE,N/A,inf,201.6348438,9.22597195,201.7302424,9.261768097,FOVNotMatch,2002/3/12 8:14:47,SAT_23933,5.914222096,77.13478235,SAT_26038,14.78055522,N/A,SAT_26352,17.26599085,N/A
frame-r-003059-1-0164,1,No match,FALSE,N/A,inf,187.494795,48.70706298,187.4238273,48.79636197,FOVNotMatch,2002/3/21 10:03:31,SAT_23791,0.11276958,11.30017126,SAT_11049,1.859754892,16.76619449,SAT_22387,1.261826054,24.60151477
frame-r-003059-2-0166,1,No match,FALSE,N/A,inf,188.0681481,49.11299898,187.9425791,49.2749114,FOVNotMatch,2002/3/21 10:04:42,SAT_23791,0.11276958,10.52314802,SAT_11049,1.859754892,17.54321772,SAT_22387,1.261826054,25.378538
frame-r-003059-1-0166,1,No match,FALSE,N/A,inf,188.1201821,48.70554376,187.8875527,48.75619773,FOVNotMatch,2002/3/21 10:04:42,SAT_22387,1.261826054,19.47591907,SAT_11049,1.859754892,27.31123935,SAT_2201U,0.135572836,33.20320794
frame-r-003059-6-0109,1,No match,FALSE,N/A,inf,174.7864471,50.43637615,174.5593938,50.38238333,FOVNotMatch,2002/3/21 9:30:40,SAT_15909,3.744817679,27.924091,SAT_25488,3.071565853,29.12362685,SAT_15156,5.653183937,40.51314462
frame-r-003059-6-0109,2,No match,FALSE,N/A,inf,174.7668353,50.61212269,174.7222296,50.51498407,FOVNotMatch,2002/3/21 9:30:40,SAT_16854,3.324498826,8.302995472,SAT_15156,5.653183937,12.76305149,SAT_25488,3.071565853,24.15256925
frame-r-003103-4-0058,1,No match,FALSE,N/A,inf,160.5199411,52.4563663,160.3024803,52.60853478,FOVNotMatch,2002/4/1 2:50:51,SAT_26989,11.87526612,N/A,SAT_23642,15.31966647,N/A,SAT_21897,17.78759715,N/A
frame-r-003059-3-0075,1,No match,FALSE,N/A,inf,167.4537536,48.32289885,167.3534117,48.27460298,FOVNotMatch,2002/3/21 9:10:22,SAT_21709,5.770876858,14.39995005,SAT_25488,4.05771921,18.61657675,SAT_3045U,5.013694975,30.43697863
frame-r-003063-6-0024,1,No match,FALSE,N/A,inf,183.471667,13.471792,183.3041301,13.54472597,FOVNotMatch,2002/3/23 9:12:17,SAT_22409,2.47604939,24.79098704,SAT_15264,3.002524485,43.1257583,SAT_16968,4.770771332,44.35562327
frame-r-003103-1-0132,1,Success,TRUE,SAT_23411,3.510051219,179.0103496,53.62623179,178.8778937,53.57257094,,2002/4/1 3:35:02,SAT_23411,1.293700673,3.510051219,SAT_19475,0.519659118,3.703031938,SAT_13910,1.719671797,5.374965633
frame-r-003103-1-0132,2,Success,TRUE,SAT_23411,2.965130514,179.0107715,53.62331033,178.8878196,53.57247392,,2002/4/1 3:35:02,SAT_23411,1.293700673,2.965130514,SAT_19475,0.519659118,4.247952643,SAT_13910,1.719671797,4.830044928
frame-r-003103-4-0249,1,No match,FALSE,N/A,inf,208.2202217,52.75848985,208.4081471,52.87790253,FOVNotMatch,2002/4/1 4:44:54,SAT_7800U,5.258479697,6.195174149,SAT_24938,3.369214989,8.656682239,SAT_10710,1.03047938,9.904730176
frame-r-003103-4-0191,1,No match,FALSE,N/A,inf,194.0165872,54.70986556,193.980507,54.88009242,FOVNotMatch,2002/4/1 4:10:16,SAT_17665,2.123844515,21.29345257,SAT_24292,2.56781447,24.93622816,SAT_22071,2.00735603,47.07137707
frame-r-003103-4-0139,1,No match,FALSE,N/A,inf,180.5914,54.90949619,180.6289156,55.00768343,FOVNotMatch,2002/4/1 3:39:13,SAT_22071,4.417350679,23.69480285,SAT_24347,4.359420427,34.24907031,SAT_07073,1.880290619,36.40359445
frame-r-003130-5-0050,1,No match,FALSE,N/A,inf,193.2256926,55.35367279,193.3305882,55.43039916,FOVNotMatch,2002/4/15 4:42:20,SAT_25379,5.004692413,73.58375379,SAT_17078,5.025359184,78.93653689,SAT_9829U,17.09697669,N/A
frame-r-003130-4-0052,1,No match,FALSE,N/A,inf,193.9823148,55.07735059,193.9032244,55.02096683,FOVNotMatch,2002/4/15 4:43:32,SAT_25379,5.004692413,74.5398359,SAT_17078,5.025359184,79.89261899,SAT_9829U,17.09697669,N/A
frame-r-003177-1-0116,1,No match,FALSE,N/A,inf,224.1140977,46.68476839,223.9967885,46.7565105,FOVNotMatch,2002/5/8 4:09:18,SAT_3848U,1.818352437,14.3233923,SAT_23298,3.048324566,79.3561555,SAT_14910,6.901834351,N/A
frame-r-003130-6-0079,1,Success,TRUE,SAT_13302,2.88739937,200.9722145,54.99475179,201.0855112,55.20683503,,2002/4/15 4:59:39,SAT_13302,1.439979055,2.88739937,SAT_10746,0.912850023,16.33563602,SAT_24760,1.65023502,33.3724381
frame-r-003130-1-0106,1,Success,TRUE,SAT_24963,1.936558137,206.7835732,51.99009917,206.6129012,52.13397516,,2002/4/15 5:15:46,SAT_24963,5.697950942,1.936558137,SAT_21890,2.950661544,81.14916778,SAT_25983,9.787119841,N/A
frame-r-003177-1-0059,1,No match,FALSE,N/A,inf,212.2653544,50.47715469,212.4594465,50.58876981,FOVNotMatch,2002/5/8 3:35:17,SAT_13529,1.002657216,18.46530293,SAT_16510,1.204465864,23.98294955,SAT_9650U,0.178379056,53.66265025
frame-r-003180-6-0011,1,No match,FALSE,N/A,inf,200.9605664,55.00243362,201.1161455,55.0718991,FOVNotMatch,2002/5/8 8:06:31,SAT_7800U,5.649893875,9.21763248,SAT_22108,1.649517163,12.49762799,SAT_10446,1.955600645,49.30416148
frame-r-003183-3-0054,1,No match,FALSE,N/A,inf,197.7331252,59.16212176,197.531353,59.06848585,FOVNotMatch,2002/5/9 3:15:53,SAT_12223,1.568907786,78.76264159,SAT_9985U,7.661466486,N/A,SAT_25330,15.72726583,N/A
frame-r-003183-1-0118,1,No match,FALSE,N/A,inf,214.0840911,55.1417869,213.9375179,55.31942977,FOVNotMatch,2002/5/9 3:54:06,SAT_10894,4.533953725,7.017375257,SAT_20978,4.993925642,27.55002534,SAT_20452,3.240795365,36.12896056
frame-r-003183-1-0119,1,No match,FALSE,N/A,inf,214.4261121,55.17669846,214.2996893,55.33232529,FOVNotMatch,2002/5/9 3:54:42,SAT_10894,4.533953725,6.662083533,SAT_20978,4.993925642,27.90531706,SAT_20452,3.240795365,36.48425229
frame-r-003183-4-0147,1,No match,FALSE,N/A,inf,221.722817,54.43406659,221.6643436,54.42907446,FOVNotMatch,2002/5/9 4:11:25,SAT_21890,4.590645506,7.951032052,SAT_20441,1.707349902,40.43963377,SAT_26236,0.625201577,41.68934605
frame-r-003183-4-0148,1,No match,FALSE,N/A,inf,222.1318822,54.27594542,221.775985,54.24801819,FOVNotMatch,2002/5/9 4:12:00,SAT_21890,4.590645506,7.252907842,SAT_20441,1.707349902,39.74150956,SAT_26236,0.625201577,40.99122184
frame-r-003183-4-0149,1,No match,FALSE,N/A,inf,222.2423839,54.09455833,222.0945638,54.08299174,FOVNotMatch,2002/5/9 4:12:36,SAT_21890,4.590645506,7.199978311,SAT_20441,1.707349902,39.68858003,SAT_26236,0.625201577,40.93829231
frame-r-003185-1-0102,1,No match,FALSE,N/A,inf,252.2585532,27.28597214,252.5137459,27.36707713,FOVNotMatch,2002/5/9 7:24:04,SAT_27367,2.46313497,9.037094087,SAT_8396U,0.095696962,42.93159744,SAT_25850,5.19961993,44.09739019
frame-r-003226-1-0048,1,No match,FALSE,N/A,inf,238.5972518,44.34433447,238.5269642,44.3723882,FOVNotMatch,2002/6/9 8:27:11,SAT_900U0,2.109695697,17.69218648,SAT_15182,2.585540592,29.58489561,SAT_26407,2.580931911,73.20814543
frame-r-003225-3-0319,1,No match,FALSE,N/A,inf,255.6219957,29.58029774,255.5745926,29.61281848,FOVNotMatch,2002/6/9 7:24:52,SAT_11878,0.083688086,26.85712012,SAT_26476,4.226950165,40.03976671,SAT_22729,10.15625606,N/A
frame-r-003226-3-0023,1,No match,FALSE,N/A,inf,235.6003825,47.43537404,235.4194986,47.47859752,FOVNotMatch,2002/6/9 8:12:16,SAT_18710,0.077856585,35.06415183,SAT_15182,2.165375495,35.80024815,SAT_22181,5.081101644,72.28777319
frame-r-003226-6-0227,1,Success,TRUE,SAT_7037U,3.82892362,261.0126526,24.55213779,260.9451123,24.62010504,,2002/6/9 10:14:04,SAT_7037U,0.117895902,3.82892362,SAT_07037,0.108583364,3.837861976,SAT_14503,2.603903933,4.26662947
frame-r-003325-5-0157,1,Success,TRUE,SAT_16483,4.019356361,7.451701596,0.630452358,7.388146014,0.586702948,,2002/9/5 8:01:30,SAT_16483,3.012792606,4.019356361,SAT_23538,0.314862283,29.92036957,SAT_23230,1.046293106,48.071652
frame-r-003325-5-0275,1,No match,FALSE,N/A,inf,25.11505679,0.418555623,24.98942356,0.642792066,FOVNotMatch,2002/9/5 9:11:57,SAT_12666,4.287311982,28.92222549,SAT_15245,4.270637776,34.20352813,SAT_23230,2.32228885,44.22585115
frame-r-003325-6-0375,1,No match,FALSE,N/A,inf,39.97680309,0.83879796,40.02976763,1.061884207,FOVNotMatch,2002/9/5 10:11:40,SAT_12112,0.032604286,27.52242462,SAT_04688,0.251659982,34.90763332,SAT_4688U,0.263767214,34.9175534
frame-r-003325-2-0452,1,Success,TRUE,SAT_8330U,0.112603414,51.61875111,-0.786945746,51.45583693,-0.82310453,,2002/9/5 10:57:38,SAT_8330U,4.412162394,0.112603414,SAT_11115,3.445323923,0.517927085,SAT_27415,3.145729346,9.551137973
frame-r-003355-3-0078,1,Success,TRUE,SAT_2121U,0.184836069,30.54977504,-0.378119699,30.38690248,-0.394128938,,2002/10/4 8:52:07,SAT_2121U,2.421289478,0.184836069,SAT_2221U,5.115514709,4.316943176,SAT_26724,5.030953968,5.606978997
frame-r-003355-3-0079,1,Success,TRUE,SAT_2221U,4.768426568,30.54870254,-0.40865697,30.69936818,-0.3931525,,2002/10/4 8:52:42,SAT_2221U,4.647685167,4.768426568,SAT_26724,5.034119893,5.868449478,SAT_21222,5.890695297,5.89234399
frame-r-003355-1-0175,1,Success,TRUE,SAT_23538,3.596523578,45.07219671,-1.237910951,44.92105039,-1.223120992,,2002/10/4 9:50:02,SAT_23538,2.658128315,3.596523578,SAT_2221U,5.899800643,4.160503675,SAT_26738,4.857319166,4.466971867
frame-r-003355-1-0175,2,No match,FALSE,N/A,inf,45.07268285,-1.104982309,45.02295441,-1.030208598,FOVNotMatch,2002/10/4 9:50:02,SAT_19554,3.61336278,18.02600326,SAT_20406,1.827725235,22.59419982,SAT_23538,2.658128315,47.19208204
frame-r-003360-6-0214,1,Success,TRUE,SAT_25822,0.948574103,337.9083766,0.87191774,338.0716224,0.863824177,,2002/10/5 5:57:59,SAT_25822,4.826929674,0.948574103,SAT_26738,5.281527735,2.107472136,SAT_20469,2.756677246,2.734634514
frame-r-003362-1-0011,1,No match,FALSE,N/A,inf,21.58385296,-1.039272758,21.44722504,-0.970478721,FOVNotMatch,2002/10/5 9:22:39,SAT_18571,2.602072915,23.11738518,SAT_23877,5.020573569,26.67740097,SAT_23016,5.284049815,26.68070101
frame-r-003362-1-0012,1,No match,FALSE,N/A,inf,21.75947472,-0.97745781,21.59633685,-0.894848344,FOVNotMatch,2002/10/5 9:23:15,SAT_18571,2.602072915,23.24770652,SAT_23877,5.020573569,26.80772231,SAT_23016,5.284049815,26.81102235
frame-r-003362-1-0013,1,No match,FALSE,N/A,inf,21.90931032,-0.902211069,21.74789398,-0.820688665,FOVNotMatch,2002/10/5 9:23:51,SAT_18571,2.602072915,23.18636651,SAT_23877,5.020573569,26.7463823,SAT_23016,5.284049815,26.74968235
frame-r-003360-2-0479,1,No match,FALSE,N/A,inf,17.63703437,-0.610708751,17.61150024,-0.639181043,FOVNotMatch,2002/10/5 8:36:13,SAT_18095,2.141985742,18.04623665,SAT_11147,5.098626276,30.00194713,SAT_08366,2.633940569,31.91849206
frame-r-003360-2-0479,2,No match,FALSE,N/A,inf,17.69824655,-0.617311385,17.58389441,-0.807334476,FOVNotMatch,2002/10/5 8:36:13,SAT_18095,2.141985742,7.198725744,SAT_2009U,2.536408003,24.05641887,SAT_02009,2.535756808,24.05785369
frame-r-003362-1-0227,1,No match,FALSE,N/A,inf,53.78779189,-0.965430008,53.86291746,-0.820535118,FOVNotMatch,2002/10/5 11:31:37,SAT_12707,0.780412449,33.80946113,SAT_11028,4.233153974,33.86687184,SAT_00670,2.304327345,35.23513923
frame-r-003384-5-0184,1,Success,TRUE,SAT_20674,2.116074901,332.390326,0.773275218,332.2273976,0.75849233,,2002/10/10 5:29:26,SAT_20674,1.680233639,2.116074901,SAT_26056,5.818069025,5.213193319,SAT_21906,4.867472161,5.214710373
frame-r-003384-6-0303,1,Success,TRUE,SAT_2864U,0.012094471,350.1581191,1.27665989,350.0429092,1.24967453,,2002/10/10 6:40:29,SAT_2864U,4.903395386,0.012094471,SAT_02864,4.977619006,0.015892282,SAT_25074,4.442015671,0.942189414
frame-r-003384-6-0304,1,Success,TRUE,SAT_3431U,0.981224412,350.3548306,1.252457693,350.192007,1.21448203,,2002/10/10 6:41:05,SAT_3431U,4.779110364,0.981224412,SAT_25074,3.52755422,1.072609664,SAT_25650,0.18947882,6.09283347
frame-r-003384-6-0305,1,Success,TRUE,SAT_3431U,0.799110304,350.3414176,1.178929816,350.5040069,1.217396525,,2002/10/10 6:41:41,SAT_3431U,4.779110364,0.799110304,SAT_25074,3.52755422,1.254723772,SAT_25650,0.18947882,6.274947577
frame-r-003384-6-0309,1,Success,TRUE,SAT_3431U,0.78115725,351.0073251,1.052302103,351.1031349,1.075002313,,2002/10/10 6:44:04,SAT_3431U,4.779110364,0.78115725,SAT_25074,3.52755422,1.272676826,SAT_25650,0.18947882,6.292900632
frame-r-003384-5-0318,1,Success,TRUE,SAT_3431U,0.207731437,352.4508911,0.74562494,352.2874502,0.704217126,,2002/10/10 6:49:27,SAT_3431U,4.004147678,0.207731437,SAT_16385,4.83035307,1.98442332,SAT_25074,4.360334848,2.53358332
frame-r-003384-4-0327,1,Success,TRUE,SAT_3431U,0.769198836,353.797615,0.402199304,353.6351123,0.359556895,,2002/10/10 6:54:49,SAT_3431U,3.447453432,0.769198836,SAT_2864U,5.571507187,1.600402713,SAT_02864,5.658984694,1.606278316
frame-r-003384-2-0358,1,No match,FALSE,N/A,inf,358.4106316,-0.625983839,358.2763695,-0.581243377,FOVNotMatch,2002/10/10 7:13:20,SAT_26727,4.789746528,6.406574022,SAT_26728,5.397923986,9.763314267,SAT_23877,4.80078931,18.37808214
frame-r-003384-2-0470,1,No match,FALSE,N/A,inf,15.13322092,-0.558200532,15.09786852,-0.626334689,FOVNotMatch,2002/10/10 8:20:12,SAT_20577,4.061299648,46.12568201,SAT_08366,4.487882807,46.43395175,SAT_8366U,4.4863657,46.43408184
frame-r-003384-1-0471,1,No match,FALSE,N/A,inf,15.2078697,-0.990030706,15.29549669,-0.821816735,FOVNotMatch,2002/10/10 8:20:48,SAT_20577,4.061299648,46.03439876,SAT_08366,4.487882807,46.34266851,SAT_8366U,4.4863657,46.3427986
frame-r-003384-4-0667,1,No match,FALSE,N/A,inf,44.69992098,0.21384825,44.69224096,0.252336338,FOVNotMatch,2002/10/10 10:17:50,SAT_19137,5.639435317,5.81935456,SAT_21680,1.325529589,18.5061318,SAT_4842U,0.82477742,18.85996161
frame-r-003384-4-0732,1,No match,FALSE,N/A,inf,54.43198665,0.423785191,54.37701301,0.437346818,FOVNotMatch,2002/10/10 10:56:38,SAT_23877,5.678001253,13.82856912,SAT_21906,5.656533869,13.83541129,SAT_22254,0.979232207,17.98364647
frame-r-003388-2-0211,1,Success,TRUE,SAT_22117,2.939622602,343.7224341,-0.796631619,343.8585364,-0.789669244,,2002/10/11 6:33:13,SAT_22117,4.590162993,2.939622602,SAT_25922,4.770213587,2.956238799,SAT_23016,4.888337936,2.962119084
frame-r-003388-3-0276,1,No match,FALSE,N/A,inf,353.5526164,-0.415492806,353.4754081,-0.362581775,FOVNotMatch,2002/10/11 7:12:02,SAT_23637,4.040721963,24.61713539,SAT_3757U,5.975178679,24.65413687,SAT_10442,4.926019902,24.89907711
frame-r-003388-3-0244,1,Success,TRUE,SAT_16647,0.070853746,348.6693706,-0.41515622,348.7327638,-0.402461977,,2002/10/11 6:52:55,SAT_16647,0.978557051,0.070853746,SAT_4478U,3.830996912,0.924719818,SAT_25868,0.923343957,10.7006104
frame-r-003384-5-0746,1,No match,FALSE,N/A,inf,56.48767584,0.679743543,56.45401827,0.84913376,FOVNotMatch,2002/10/10 11:05:00,SAT_19505,1.79477461,10.64877605,SAT_21216,2.168994031,10.7929148,SAT_20309,0.992139639,17.10114236
frame-r-003388-4-0438,1,No match,FALSE,N/A,inf,17.76669158,0.140734202,17.8442236,0.039063942,FOVNotMatch,2002/10/11 8:48:45,SAT_07150,4.706799763,41.46991033,SAT_13381,2.874463794,42.63951696,SAT_23016,5.693972845,52.64271323
frame-r-003388-2-0530,1,No match,FALSE,N/A,inf,31.46972733,-0.834595291,31.45539224,-0.736192345,FOVNotMatch,2002/10/11 9:43:41,SAT_22394,2.230714456,24.04257304,SAT_7369U,4.397313438,31.15799287,SAT_07369,4.395760864,31.15867926
frame-r-003388-4-0531,1,No match,FALSE,N/A,inf,31.6481178,0.004360369,31.61644304,0.228321322,FOVNotMatch,2002/10/11 9:44:17,SAT_22394,2.230714456,24.28027665,SAT_7369U,4.397313438,31.39569649,SAT_07369,4.395760864,31.39638287
frame-r-003388-2-0531,1,No match,FALSE,N/A,inf,31.76837722,-0.830957603,31.73703171,-0.610496374,FOVNotMatch,2002/10/11 9:44:17,SAT_22394,2.230714456,24.23867371,SAT_7369U,4.397313438,31.35409354,SAT_07369,4.395760864,31.35477993
frame-r-003388-4-0596,1,No match,FALSE,N/A,inf,41.33725621,0.120857959,41.44862638,0.228122053,FOVNotMatch,2002/10/11 10:23:05,SAT_00541,1.819103042,25.2250039,SAT_541U0,1.798434692,25.43279875,SAT_10516,3.890487938,29.46625555
frame-r-003388-2-0610,1,Success,TRUE,SAT_23016,3.724178124,43.59578316,-0.686357783,43.48911682,-0.679380389,,2002/10/11 10:31:27,SAT_23016,5.474666244,3.724178124,SAT_25922,5.868380247,3.742183105,SAT_22117,5.41015244,3.791262739
frame-r-003388-5-0713,1,No match,FALSE,N/A,inf,59.01805151,0.456210206,58.99100576,0.647470518,FOVNotMatch,2002/10/11 11:32:57,SAT_10137,0.436067785,15.22713543,SAT_10719,0.111816832,16.80248276,SAT_22675,4.110637271,23.55732067
frame-r-003430-1-0038,1,Success,TRUE,SAT_23230,0.003741831,25.85949266,-1.216231899,25.76430839,-1.188624974,,2002/10/29 5:20:38,SAT_23230,4.846148643,0.003741831,SAT_5987U,3.032195483,9.536947345,SAT_25126,2.100192305,14.70995466
frame-r-003430-1-0039,1,Success,TRUE,SAT_23230,0.169809186,26.07677841,-1.192283193,25.91487659,-1.145856268,,2002/10/29 5:21:14,SAT_23230,4.846148643,0.169809186,SAT_5987U,3.032195483,9.710498361,SAT_25126,2.100192305,14.53640364
frame-r-003430-1-0040,1,Success,TRUE,SAT_23230,0.040442389,26.2266168,-1.149038346,26.06484227,-1.102251724,,2002/10/29 5:21:50,SAT_23230,4.846148643,0.040442389,SAT_5987U,3.032195483,9.581131564,SAT_25126,2.100192305,14.66577044
frame-r-003427-1-0135,1,Success,TRUE,SAT_13566,4.621901488,328.302705,-1.144486556,328.2193878,-1.029210771,,2002/10/29 3:24:51,SAT_13566,4.114470142,4.621901488,SAT_25331,4.495141585,53.92796977,SAT_24748,4.234243312,54.11190911
frame-r-003430-3-0062,1,Success,TRUE,SAT_23230,0.909863353,29.52021946,-0.207853989,29.45644454,-0.189897465,,2002/10/29 5:34:58,SAT_23230,5.285495838,0.909863353,SAT_5987U,0.661695674,11.1564211,SAT_25126,1.533467723,13.90023032
frame-r-003430-3-0060,1,Success,TRUE,SAT_23230,0.522672424,29.2207004,-0.29302078,29.05904765,-0.246717159,,2002/10/29 5:33:46,SAT_23230,4.767024959,0.522672424,SAT_5987U,1.402715836,10.57418081,SAT_25126,1.034325558,14.26250532
frame-r-003430-3-0061,1,Success,TRUE,SAT_23230,0.723368725,29.37064879,-0.250130373,29.20899861,-0.204439413,,2002/10/29 5:34:22,SAT_23230,4.767024959,0.723368725,SAT_5987U,1.402715836,10.77487711,SAT_25126,1.034325558,14.06180902
frame-r-003430-2-0047,1,Success,TRUE,SAT_23230,0.259594728,27.22501049,-0.8338297,27.11236317,-0.801332374,,2002/10/29 5:26:00,SAT_23230,4.981959806,0.259594728,SAT_5987U,2.04436369,10.07812956,SAT_25126,1.786387615,14.49140582
frame-r-003430-5-0048,1,Success,TRUE,SAT_23230,0.869180838,27.42378381,0.510175948,27.26178306,0.560391125,,2002/10/29 5:26:36,SAT_23230,4.981959806,0.869180838,SAT_5987U,2.04436369,8.949353993,SAT_25126,1.786387615,15.62018139
frame-r-003430-2-0050,1,Success,TRUE,SAT_23230,0.377425604,27.72364031,-0.719319612,27.56102443,-0.672767694,,2002/10/29 5:27:48,SAT_23230,4.981959806,0.377425604,SAT_5987U,2.04436369,10.19596044,SAT_25126,1.786387615,14.37357495
frame-r-003430-4-0069,1,Success,TRUE,SAT_23230,0.972679307,30.56828821,0.088090511,30.4049918,0.134252381,,2002/10/29 5:39:09,SAT_23230,5.677566621,0.972679307,SAT_27495,0.47211587,3.771141289,SAT_5987U,0.189030512,11.40772531
frame-r-003434-4-0082,1,No match,FALSE,N/A,inf,319.4878005,0.002430932,319.4519231,0.143530517,FOVNotMatch,2002/10/30 2:14:17,SAT_7069U,3.416362327,12.31340306,SAT_11888,3.825468598,25.70447783,SAT_23190,0.148633783,57.93324287
frame-r-003434-5-0263,1,No match,FALSE,N/A,inf,346.6477864,0.508992737,346.4859143,0.539679878,FOVNotMatch,2002/10/30 4:02:22,SAT_23313,5.943601517,10.69993619,SAT_21222,5.848058601,10.71916752,SAT_12908,5.101057935,11.12245083
frame-r-003434-1-0194,1,No match,FALSE,N/A,inf,336.2611878,-1.255726477,336.1578249,-1.214903264,FOVNotMatch,2002/10/30 3:21:10,SAT_25548,3.673844616,12.636393,SAT_26039,2.77029195,17.45159394,SAT_27042,3.368022203,18.81764456
frame-r-003434-6-0473,1,Success,TRUE,SAT_11718,4.740823552,18.0597385,0.841561063,17.92217516,0.880412758,,2002/10/30 6:07:45,SAT_11718,3.107480373,4.740823552,SAT_12546,4.600469657,9.880554373,SAT_2865U,0.785174647,26.96606363
frame-r-003434-6-0474,1,Success,TRUE,SAT_11718,4.577544801,18.23422998,0.876720363,18.07200539,0.923036124,,2002/10/30 6:08:21,SAT_11718,3.107480373,4.577544801,SAT_12546,4.600469657,10.04383312,SAT_2865U,0.785174647,27.12934238
frame-r-003434-6-0476,1,Success,TRUE,SAT_11718,4.702714798,18.53390456,0.961611982,18.37249321,1.007313362,,2002/10/30 6:09:32,SAT_11718,3.107480373,4.702714798,SAT_12546,4.600469657,9.918663127,SAT_2865U,0.785174647,27.00417239
frame-r-003434-6-0477,1,Success,TRUE,SAT_11718,4.679092035,18.68350951,1.00402206,18.52043735,1.050265693,,2002/10/30 6:10:08,SAT_11718,3.107480373,4.679092035,SAT_12546,4.600469657,9.94228589,SAT_2865U,0.785174647,27.02779515
frame-r-003434-6-0478,1,Success,TRUE,SAT_11718,4.660310084,18.83322114,1.046298663,18.76308837,1.066211408,,2002/10/30 6:10:44,SAT_11718,3.107480373,4.660310084,SAT_12546,4.600469657,9.961067841,SAT_2865U,0.785174647,27.0465771
frame-r-003434-1-0524,1,Success,TRUE,SAT_8747U,3.224630674,25.720055,-1.255307933,25.55764792,-1.208992625,,2002/10/30 6:38:12,SAT_8747U,5.789142676,3.224630674,SAT_08747,5.767099817,3.225488165,SAT_12546,4.08866989,7.320510586
frame-r-003434-1-0525,1,Success,TRUE,SAT_8747U,3.260814824,25.86962817,-1.212677974,25.70760522,-1.166360842,,2002/10/30 6:38:48,SAT_8747U,5.789142676,3.260814824,SAT_08747,5.767099817,3.261672316,SAT_12546,4.08866989,7.356694737
frame-r-003434-1-0528,1,Success,TRUE,SAT_8747U,3.204434048,26.31905304,-1.085245195,26.15608557,-1.038829418,,2002/10/30 6:40:35,SAT_8747U,5.789142676,3.204434048,SAT_08747,5.767099817,3.20529154,SAT_12546,4.08866989,7.300313961
frame-r-003462-3-0180,1,No match,FALSE,N/A,inf,136.2613436,35.23857976,136.015347,35.37226313,FOVNotMatch,2002/11/7 10:50:50,SAT_23197,5.616320536,34.13048887,SAT_9965U,0.165452089,34.15474934,SAT_09965,0.195732205,34.2043458
frame-r-003462-5-0277,1,No match,FALSE,N/A,inf,152.2093999,43.00484036,152.0941452,42.96070082,FOVNotMatch,2002/11/7 11:48:45,SAT_8418U,2.065334158,30.7456416,SAT_01425,4.35098876,35.50921547,SAT_1425U,4.349744049,35.51681295
frame-r-003438-1-0015,1,Success,TRUE,SAT_17083,2.619623406,32.29602892,-1.035132571,32.19926138,-1.050893404,,2002/10/31 6:41:48,SAT_17083,5.461818875,2.619623406,SAT_11964,3.374566092,5.42880812,SAT_14195,2.068891819,5.552199962
frame-r-003461-4-0054,1,No match,FALSE,N/A,inf,50.35066272,0.312250414,50.18825162,0.25190729,FOVNotMatch,2002/11/7 8:18:17,SAT_12472,2.768956007,8.789770788,SAT_13651,5.448855107,11.23700771,SAT_23687,2.986643735,13.567863
frame-r-003465-6-0210,1,Success,TRUE,SAT_22020,1.752815352,356.598169,0.843065744,356.6663732,1.065295923,,2002/11/8 4:47:41,SAT_22020,3.057194534,1.752815352,SAT_23802,5.023338282,25.91665482,SAT_4068U,2.84467966,56.97301025
frame-r-003478-4-0096,1,No match,FALSE,N/A,inf,130.7333819,6.092992087,130.6442888,6.208231135,FOVNotMatch,2002/11/13 11:14:35,SAT_1726U,4.395729735,9.599528611,SAT_14394,2.373860135,47.89157818,SAT_12855,5.95427249,50.79447996
frame-r-003465-6-0283,1,No match,FALSE,N/A,inf,7.686896095,1.031563088,7.557144718,1.066390145,FOVNotMatch,2002/11/8 5:31:16,SAT_23944,5.932596872,16.63616039,SAT_02655,1.681588797,20.57683351,SAT_2655U,1.681640058,20.57688969
frame-r-003465-4-0332,1,Success,TRUE,SAT_02655,1.563430328,15.02169675,0.077713373,14.96255419,0.074783222,,2002/11/8 6:00:32,SAT_02655,3.150757948,1.563430328,SAT_2655U,3.150842244,1.563485688,SAT_21393,1.324926895,2.05534744
frame-r-003465-5-0272,1,No match,FALSE,N/A,inf,6.040126882,0.585007459,5.877163984,0.629506035,FOVNotMatch,2002/11/8 5:24:42,SAT_27378,5.957830051,15.27387241,SAT_27426,5.908678307,15.27805141,SAT_26402,5.916950117,15.29279935
frame-r-003465-4-0258,1,Success,TRUE,SAT_22458,2.188105971,3.944154667,0.00902735,3.782055583,0.054225724,,2002/11/8 5:16:21,SAT_22458,1.347154901,2.188105971,SAT_21694,3.979677438,11.81720417,SAT_26056,5.939676088,15.58015862
frame-r-003465-6-0306,1,No match,FALSE,N/A,inf,11.12993789,0.996359878,10.96743716,1.055860452,FOVNotMatch,2002/11/8 5:45:00,SAT_23944,5.516873269,13.15936748,SAT_26780,1.21323633,17.97118999,SAT_02655,1.995380118,25.13535205
frame-r-003478-5-0120,1,No match,FALSE,N/A,inf,134.2198613,6.998191503,134.1776917,7.05543526,FOVNotMatch,2002/11/13 11:28:55,SAT_5446U,1.766438577,24.52040559,SAT_19047,0.570114107,38.98619934,SAT_14394,2.301272512,48.42263129
frame-r-003518-6-0119,1,Success,TRUE,SAT_25136,2.732820155,158.3465835,10.05603843,158.3002654,10.03751779,,2002/12/7 12:07:50,SAT_25136,2.058788578,2.732820155,SAT_19483,5.399146572,27.08500281,SAT_12544,4.810324422,29.05744823
frame-r-003518-6-0120,1,Success,TRUE,SAT_25136,3.127490328,158.6160244,10.06600006,158.4899128,10.01457314,,2002/12/7 12:08:26,SAT_25136,2.058788578,3.127490328,SAT_19483,5.399146572,27.47967298,SAT_12544,4.810324422,29.4521184
frame-r-003518-1-0126,1,Success,TRUE,SAT_24283,4.647933297,159.6851352,8.042786114,159.6006049,8.001984584,,2002/12/7 12:12:01,SAT_24283,4.73954346,4.647933297,SAT_25136,3.813873138,6.97352319,SAT_20040,4.644517136,28.99115041
frame-r-003525-2-0126,1,No match,FALSE,N/A,inf,173.7463419,9.182215907,173.7130496,9.376156504,FOVNotMatch,2002/12/11 11:07:50,SAT_19178,0.142014606,15.62177356,SAT_26530,1.79426192,59.30057851,SAT_15219,5.436491388,68.90567245
frame-r-003525-2-0117,1,No match,FALSE,N/A,inf,172.3541087,9.150426694,172.4099055,9.287924529,FOVNotMatch,2002/12/11 11:02:28,SAT_03230,0.41531857,21.76513584,SAT_6217U,1.986912595,22.89527141,SAT_07135,3.117550647,26.46209167
frame-r-003525-1-0118,1,No match,FALSE,N/A,inf,172.5185461,8.817523219,172.5699111,8.944281569,FOVNotMatch,2002/12/11 11:03:04,SAT_03230,0.41531857,21.75535373,SAT_6217U,1.986912595,22.90505352,SAT_07135,3.117550647,26.45230956
frame-r-003525-3-0181,1,Success,TRUE,SAT_4069U,3.220975326,182.1785834,9.806066817,182.05613,9.839827924,,2002/12/11 11:40:41,SAT_4069U,5.09035873,3.220975326,SAT_27526,5.431354078,3.239694351,SAT_26530,4.826120998,9.975303427
frame-r-003525-3-0182,1,Success,TRUE,SAT_4069U,3.099729186,182.3725683,9.839061017,182.2540896,9.871456868,,2002/12/11 11:41:17,SAT_4069U,5.09035873,3.099729186,SAT_27526,5.431354078,3.118448212,SAT_26530,4.826120998,10.09654957
frame-r-003525-1-0207,1,No match,FALSE,N/A,inf,186.1570162,8.949663108,186.0480003,9.173267001,FOVNotMatch,2002/12/11 11:56:12,SAT_26989,4.864580998,5.262023315,SAT_21199,3.107687638,41.18826402,SAT_15952,1.888923597,48.79694587
frame-r-003525-4-0235,1,No match,FALSE,N/A,inf,190.339413,10.16719185,190.3115994,10.3918907,FOVNotMatch,2002/12/11 12:12:55,SAT_10020,0.065086618,20.31807084,SAT_13875,4.841493306,25.96954631,SAT_15952,5.240618937,31.72681262
frame-r-003530-3-0271,1,No match,FALSE,N/A,inf,160.2716818,44.75481249,160.088988,44.66809655,FOVNotMatch,2002/12/13 11:21:16,SAT_19948,4.575968455,34.14433274,SAT_22192,4.627564027,36.58711999,SAT_00622,3.481185715,52.36453088
frame-r-003530-3-0272,1,No match,FALSE,N/A,inf,160.5050361,44.76780008,160.4034714,44.72033034,FOVNotMatch,2002/12/13 11:21:52,SAT_19948,4.575968455,34.53658862,SAT_22192,4.627564027,36.97937586,SAT_00622,3.481185715,52.75678676
frame-r-003530-2-0252,1,No match,FALSE,N/A,inf,156.846164,43.21734555,156.554474,43.3217882,FOVNotMatch,2002/12/13 11:09:56,SAT_25379,3.939362113,33.06400445,SAT_22192,5.782915059,82.86467639,SAT_19903,0.089307256,84.9222404
frame-r-003530-1-0299,1,No match,FALSE,N/A,inf,166.3207388,45.0583063,166.2704719,45.0863865,FOVNotMatch,2002/12/13 11:37:59,SAT_11896,3.760744164,19.27701027,SAT_22017,0.597698043,26.20670066,SAT_23493,2.256768692,71.25947975
frame-r-003530-4-0325,1,No match,FALSE,N/A,inf,171.3556744,47.04154625,171.200536,47.08408206,FOVNotMatch,2002/12/13 11:53:31,SAT_12159,5.698496526,33.20320738,SAT_24963,4.656212991,34.87071134,SAT_11896,4.924021233,37.50157725
frame-r-003530-4-0326,1,No match,FALSE,N/A,inf,171.6537736,47.129952,171.6060664,47.14343544,FOVNotMatch,2002/12/13 11:54:07,SAT_12159,5.698496526,32.56608988,SAT_24963,4.656212991,34.23359384,SAT_11896,4.924021233,36.86445976
frame-r-003525-1-0251,1,No match,FALSE,N/A,inf,192.8401274,9.015254378,192.8069827,9.083617593,FOVNotMatch,2002/12/11 12:22:28,SAT_25809,4.667897242,14.83096368,SAT_2685U,4.745670911,31.19599014,SAT_02685,4.745425541,31.19662343
frame-r-003530-3-0342,1,Success,TRUE,SAT_12159,3.796266868,175.1685424,46.85666875,175.0604856,46.95245716,,2002/12/13 12:03:40,SAT_12159,4.500788719,3.796266868,SAT_24963,3.375702752,5.552027329,SAT_22192,5.262390814,59.86114599
frame-r-003538-4-0140,1,Success,TRUE,SAT_12677,0.629202174,138.8231716,8.743696375,138.7746185,8.748352072,,2002/12/14 10:32:12,SAT_12677,0.330368318,0.629202174,SAT_10953,4.499133744,0.92081856,SAT_15946,1.476713433,2.313166288
frame-r-003538-5-0234,1,No match,FALSE,N/A,inf,152.8549285,11.2127205,152.8992944,11.26611497,FOVNotMatch,2002/12/14 11:28:20,SAT_27518,4.258365011,20.01101109,SAT_22315,3.310929517,33.45391366,SAT_25743,5.2326534,44.51451202
frame-r-003538-5-0300,1,No match,FALSE,N/A,inf,162.7889754,12.08306286,162.7978784,12.2414882,FOVNotMatch,2002/12/14 12:07:44,SAT_8964U,0.384225746,14.09660737,SAT_08964,0.388673722,14.10936255,SAT_4486U,5.502372098,65.2901307
frame-r-003538-5-0301,1,No match,FALSE,N/A,inf,163.0903639,12.04099406,163.0999223,12.20569995,FOVNotMatch,2002/12/14 12:08:20,SAT_8964U,0.384225746,13.99360679,SAT_08964,0.388673722,14.00636197,SAT_4486U,5.502372098,65.18713012
frame-r-003538-1-0288,1,No match,FALSE,N/A,inf,161.1123884,10.23343119,161.1503282,10.41089637,FOVNotMatch,2002/12/14 12:00:34,SAT_12680,0.097946476,34.73885802,SAT_01574,3.621186425,51.06234321,SAT_1574U,3.618724316,51.06496365
frame-r-003538-1-0289,1,No match,FALSE,N/A,inf,161.4061947,10.21739545,161.425214,10.30461728,FOVNotMatch,2002/12/14 12:01:10,SAT_12680,0.097946476,34.97138909,SAT_01574,3.621186425,51.29487428,SAT_1574U,3.618724316,51.29749472
frame-r-003538-6-0293,1,Success,TRUE,SAT_12680,1.003914074,161.7141723,12.36977672,161.6817387,12.44137636,,2002/12/14 12:03:33,SAT_12680,0.097946476,1.003914074,SAT_01574,3.621186425,15.31957112,SAT_1574U,3.618724316,15.32219155
frame-r-003562-1-0073,1,No match,FALSE,N/A,inf,159.4552306,40.78353279,159.6424196,40.87016616,FOVNotMatch,2002/12/31 11:15:25,SAT_18117,2.760729205,30.32322192,SAT_20724,1.996191439,77.20795422,SAT_25382,1.019764328,85.08093417
frame-r-003562-6-0118,1,No match,FALSE,N/A,inf,167.7726071,44.66403156,167.6080437,44.73309705,FOVNotMatch,2002/12/31 11:42:17,SAT_4727U,3.98126932,15.53083798,SAT_15260,3.953380614,30.13125425,SAT_9568U,4.825415368,74.31087271
frame-r-003606-1-0087,1,No match,FALSE,N/A,inf,137.3171216,32.76198465,137.0758416,32.7969941,FOVNotMatch,2003/1/25 6:36:42,SAT_1435U,4.073874137,72.35274311,SAT_01435,4.077105534,72.41479572,SAT_5975U,17.69048693,N/A
frame-r-003606-1-0088,1,No match,FALSE,N/A,inf,137.399441,32.95051813,137.2958629,32.96540817,FOVNotMatch,2003/1/25 6:37:18,SAT_1435U,4.073874137,72.28307634,SAT_01435,4.077105534,72.34512895,SAT_5975U,17.69048693,N/A
frame-r-003565-1-0122,1,No match,FALSE,N/A,inf,28.90337129,-1.257020085,28.87291317,-1.033949548,FOVNotMatch,2003/1/1 1:58:40,SAT_8561U,0.231709253,13.30444184,SAT_22590,0.168127315,24.20772706,SAT_25165,1.627392198,36.52379063
frame-r-003563-2-0018,1,No match,FALSE,N/A,inf,167.9579917,-0.564504033,167.9322216,-0.404390109,FOVNotMatch,2002/12/31 12:17:54,SAT_09482,1.46308504,12.4697566,SAT_9482U,1.455684586,12.47340885,SAT_21576,0.175120526,19.90737241
frame-r-003563-6-0020,1,No match,FALSE,N/A,inf,168.1146711,1.050344499,168.0938969,1.131974574,FOVNotMatch,2002/12/31 12:19:06,SAT_09482,1.46308504,17.60256825,SAT_9482U,1.455684586,17.6062205,SAT_21576,0.175120526,25.04018406
frame-r-003565-6-0150,1,No match,FALSE,N/A,inf,33.16103149,1.064195098,33.14808133,1.021436677,FOVNotMatch,2003/1/1 2:15:23,SAT_2256U,1.453475454,15.4596313,SAT_17264,3.379891169,39.66069098,SAT_7298U,5.108378191,56.71801531
frame-r-003630-6-0239,1,No match,FALSE,N/A,inf,152.2228464,11.61444517,152.1628055,11.83413781,FOVNotMatch,2003/1/28 6:56:05,SAT_10747,1.093544677,6.708089534,SAT_15474,1.574590475,40.19498113,SAT_9911U,4.60440234,41.96675874
frame-r-003631-5-0252,1,No match,FALSE,N/A,inf,154.2116017,13.38382511,154.2669661,13.44250051,FOVNotMatch,2003/1/28 9:50:58,SAT_16849,3.688467996,28.21754936,SAT_06119,0.877855169,66.09583056,SAT_6119U,0.875006482,66.09889036
frame-r-003631-2-0235,1,No match,FALSE,N/A,inf,151.8578355,11.79644971,151.7930187,12.01366876,FOVNotMatch,2003/1/28 9:40:49,SAT_10590,3.939454953,8.448001788,SAT_20281,3.186603313,15.09868111,SAT_16849,5.436142785,30.32862952
frame-r-003631-2-0235,2,No match,FALSE,N/A,inf,151.843937,11.82771307,151.7911643,12.01254465,FOVNotMatch,2003/1/28 9:40:49,SAT_10590,3.939454953,9.116226175,SAT_20281,3.186603313,14.43045673,SAT_16849,5.436142785,29.66040514
frame-r-003631-2-0235,3,No match,FALSE,N/A,inf,151.8617893,11.79613915,151.7971702,12.01289251,FOVNotMatch,2003/1/28 9:40:49,SAT_10590,3.939454953,8.461981947,SAT_20281,3.186603313,15.08470095,SAT_16849,5.436142785,30.31464936
frame-r-000756-4-0066,1,No match,FALSE,N/A,inf,125.6395194,0.356049073,125.8011659,0.390024557,FOVNotMatch,1999/3/22 3:27:02,SAT_23867,5.609111139,8.318246513,SAT_17561,3.972910241,8.906914407,SAT_19483,4.31811949,9.110425462
frame-r-000752-6-0635,1,No match,FALSE,N/A,inf,238.6223066,0.854700116,238.5889572,0.844559062,FOVNotMatch,1999/3/21 11:01:17,SAT_25518,0.645819572,17.00753989,SAT_15642,5.344471633,18.41650922,SAT_15677,5.280030652,19.2033346
frame-r-000752-3-0396,1,Success,TRUE,SAT_20316,1.401691977,202.7877585,-0.417391208,202.9310525,-0.39463956,,1999/3/21 8:38:35,SAT_20316,5.06838437,1.401691977,SAT_10251,2.220852895,4.48825332,SAT_24315,5.47212552,8.989443807
frame-r-000752-2-0414,1,Success,TRUE,SAT_25518,2.645767661,205.5821083,-0.836751936,205.62511,-0.829421621,,1999/3/21 8:49:20,SAT_25518,3.428365654,2.645767661,SAT_24315,5.085855885,9.641361974,SAT_22911,5.966130256,9.642902921
frame-r-000752-1-0431,1,Success,TRUE,SAT_25518,1.197653855,208.1316536,-1.256305124,208.1706242,-1.249588787,,1999/3/21 8:59:29,SAT_25518,1.302468844,1.197653855,SAT_22930,5.889745636,9.743046746,SAT_24315,4.705190583,9.746374389
frame-r-000756-6-0377,1,Success,TRUE,SAT_23125,4.082796772,172.1917098,1.077055077,172.3538365,1.123462924,,1999/3/22 6:32:45,SAT_23125,5.148310915,4.082796772,SAT_23538,5.498355211,5.451711688,SAT_00059,2.727143301,9.17914149
frame-r-000756-6-0378,1,Success,TRUE,SAT_23125,4.410930299,172.4055396,1.052239531,172.5042086,1.081095571,,1999/3/22 6:33:21,SAT_23125,5.148310915,4.410930299,SAT_23538,5.498355211,5.779845215,SAT_00059,2.727143301,9.507275017
frame-r-000756-2-0370,1,No match,FALSE,N/A,inf,171.1425986,-0.451420528,171.2455967,-0.41109868,FOVNotMatch,1999/3/22 6:28:34,SAT_23125,3.837433956,9.277568459,SAT_23538,5.540641083,10.56540796,SAT_15642,3.0794639,21.05520956
frame-r-000756-2-0371,1,No match,FALSE,N/A,inf,171.3505368,-0.624317855,171.4554754,-0.499124801,FOVNotMatch,1999/3/22 6:29:10,SAT_02828,3.669794485,10.67980751,SAT_20413,5.809499275,33.81861842,SAT_23125,3.837433956,37.92873281
frame-r-000756-2-0371,2,Success,TRUE,SAT_13631,0.006315295,171.3477262,-0.625784129,171.2929874,-0.622974165,,1999/3/22 6:29:10,SAT_13631,1.517256791,0.006315295,SAT_19765,3.661128058,0.062080965,SAT_17561,3.810778079,1.578054324
frame-r-000756-2-0371,3,No match,FALSE,N/A,inf,171.4549171,-0.446288902,171.3987087,-0.468283974,FOVNotMatch,1999/3/22 6:29:10,SAT_23125,3.837433956,9.269274381,SAT_23538,5.540641083,10.55711389,SAT_15642,3.0794639,21.04691548
frame-r-000756-6-0375,1,Success,TRUE,SAT_23125,3.950189579,171.8917306,1.162572556,172.0548277,1.209491879,,1999/3/22 6:31:33,SAT_23125,3.837433956,3.950189579,SAT_23538,5.540641083,5.238029084,SAT_15642,3.0794639,15.72783068
frame-r-000756-2-0440,1,Success,TRUE,SAT_01590,3.572350047,181.6204532,-0.604802826,181.6348709,-0.59111827,,1999/3/22 7:10:22,SAT_01590,3.398411338,3.572350047,SAT_20868,0.679416096,29.63892687,SAT_23125,3.528549624,33.47162151
frame-r-000756-5-0619,1,No match,FALSE,N/A,inf,208.4163317,0.665515784,208.5734511,0.713646123,FOVNotMatch,1999/3/22 8:57:15,SAT_23126,1.079284451,17.38785763,SAT_15642,4.494893368,17.84174242,SAT_15677,4.055188121,18.5095638
frame-r-000756-1-0601,1,No match,FALSE,N/A,inf,205.7210553,-0.899285791,205.8834168,-0.87237348,FOVNotMatch,1999/3/22 8:46:30,SAT_23126,0.601778913,8.970543397,SAT_24315,4.90478422,9.380769724,SAT_22911,5.795471435,9.382600229
frame-r-000756-1-0606,1,No match,FALSE,N/A,inf,206.4695102,-1.022277065,206.6316494,-0.995743323,FOVNotMatch,1999/3/22 8:49:29,SAT_23126,0.601778913,8.853294213,SAT_24315,4.90478422,9.26352054,SAT_22911,5.795471435,9.265351044
frame-r-000756-2-0741,1,No match,FALSE,N/A,inf,226.6782201,-0.429331551,226.7615268,-0.490285585,FOVNotMatch,1999/3/22 10:10:06,SAT_13910,4.69559941,5.583773938,SAT_12544,5.566566714,25.241172,SAT_19483,3.978792202,25.9230984
frame-r-000756-2-0742,1,No match,FALSE,N/A,inf,226.9322415,-0.396377978,226.991123,-0.439008942,FOVNotMatch,1999/3/22 10:10:42,SAT_13910,4.69559941,5.296352691,SAT_12544,5.566566714,24.95375075,SAT_19483,3.978792202,25.63567715
frame-r-001009-6-0164,1,No match,FALSE,N/A,inf,332.4919935,1.118269644,332.3952456,1.136344737,FOVNotMatch,1999/10/8 5:53:52,SAT_19773,1.544302639,5.315096731,SAT_23232,4.579972453,14.19254587,SAT_16657,5.110041994,20.2202643
frame-r-001011-6-0143,1,No match,FALSE,N/A,inf,17.32611487,15.72944619,17.43071144,15.73363226,FOVNotMatch,1999/10/8 9:57:45,SAT_15245,4.018649694,8.528829332,SAT_23494,2.391055647,58.40613322,SAT_14756,12.90450677,N/A
frame-r-001011-6-0144,1,No match,FALSE,N/A,inf,17.65022159,15.71326703,17.57378677,15.71035521,FOVNotMatch,1999/10/8 9:58:20,SAT_15245,4.018649694,8.643483407,SAT_23494,2.391055647,58.29147914,SAT_14756,12.90450677,N/A
frame-r-001006-1-0050,1,No match,FALSE,N/A,inf,69.99356469,-0.923539533,70.02829689,-1.147118167,FOVNotMatch,1999/10/7 11:37:18,SAT_02877,1.391108902,10.85436789,SAT_25840,2.329859973,21.00468952,SAT_02980,0.197184433,21.2599154
frame-r-001022-4-0080,1,No match,FALSE,N/A,inf,14.92333929,15.0317044,14.75854365,15.10627595,FOVNotMatch,1999/10/12 7:53:29,SAT_23840,0.93183356,20.84254565,SAT_20760,2.613326719,23.58688576,SAT_19573,2.616972477,59.17627006
frame-r-001013-2-0074,1,Success,TRUE,SAT_02161,2.539959044,67.55222435,-0.644747758,67.59169098,-0.629476492,,1999/10/8 11:18:16,SAT_02161,5.588555869,2.539959044,SAT_17969,1.255273806,10.87336516,SAT_14050,0.897025206,12.0443345
frame-r-001013-2-0075,1,Success,TRUE,SAT_02161,2.486131327,67.70202948,-0.702943892,67.86514402,-0.639652335,,1999/10/8 11:18:52,SAT_02161,5.588555869,2.486131327,SAT_17969,1.255273806,10.92719288,SAT_14050,0.897025206,12.09816222
frame-r-001013-6-0025,1,No match,FALSE,N/A,inf,60.25530612,0.949675285,60.33904168,1.174245756,FOVNotMatch,1999/10/8 10:49:00,SAT_22651,1.715978971,21.42674469,SAT_13161,0.034232236,41.97056553,SAT_00130,4.281251492,52.08078726
frame-r-001024-6-0022,1,No match,FALSE,N/A,inf,39.25963884,-7.043768674,39.41671232,-6.96360791,FOVNotMatch,1999/10/12 9:38:56,SAT_07815,4.130102288,13.84374051,SAT_11115,3.609468576,15.00730527,SAT_13636,2.202015586,15.81353794
frame-r-001024-6-0023,1,No match,FALSE,N/A,inf,39.41605934,-7.08850951,39.57185633,-7.008281421,FOVNotMatch,1999/10/12 9:39:32,SAT_07815,4.130102288,14.05622841,SAT_11115,3.609468576,15.21979317,SAT_13636,2.202015586,16.02602584
frame-r-001024-6-0024,1,No match,FALSE,N/A,inf,39.72868904,-7.052237588,39.66555176,-7.085104658,FOVNotMatch,1999/10/12 9:40:08,SAT_07815,4.130102288,14.3119603,SAT_11115,3.609468576,15.47552506,SAT_13636,2.202015586,16.28175773
frame-r-001024-5-0077,1,Success,TRUE,SAT_25928,1.268436275,47.72472499,-6.651916781,47.55398859,-6.604702818,,1999/10/12 10:11:46,SAT_25928,3.210715163,1.268436275,SAT_16293,5.710353654,10.74994309,SAT_25922,5.176901735,15.49504534
frame-r-001024-5-0064,1,Success,TRUE,SAT_07815,0.683564191,45.62793374,-6.731644577,45.59672824,-6.739233318,,1999/10/12 10:04:01,SAT_07815,5.337244951,0.683564191,SAT_17325,4.971493152,1.645502082,SAT_11115,4.686971446,1.756481713
frame-r-001024-5-0065,1,Success,TRUE,SAT_07815,1.242736402,45.90896396,-6.702466373,45.74903076,-6.743007971,,1999/10/12 10:04:36,SAT_07815,5.337244951,1.242736402,SAT_17325,4.971493152,2.204674293,SAT_11115,4.686971446,2.315653924
frame-r-001024-5-0066,1,Success,TRUE,SAT_07815,1.284682218,46.06104596,-6.705696209,45.97347443,-6.727962889,,1999/10/12 10:05:12,SAT_07815,5.337244951,1.284682218,SAT_17325,4.971493152,2.246620109,SAT_11115,4.686971446,2.35759974
frame-r-001024-2-0105,1,No match,FALSE,N/A,inf,52.0543431,-7.242897165,52.01845586,-7.228487822,FOVNotMatch,1999/10/12 10:28:29,SAT_16293,3.653988818,5.131295058,SAT_25928,5.121441921,6.495855539,SAT_19484,2.01918362,21.99169689
frame-r-001035-5-0012,1,Success,TRUE,SAT_20404,2.63477018,7.333363744,15.44353181,7.165970071,15.47401508,,1999/10/13 7:25:23,SAT_20404,4.220532044,2.63477018,SAT_02799,0.154683018,6.907064599,SAT_25566,0.93304431,18.35138949
frame-r-001033-4-0052,1,No match,FALSE,N/A,inf,324.7988593,0.397848701,324.7650151,0.410554093,FOVNotMatch,1999/10/13 4:31:15,SAT_23767,4.726947211,12.84751092,SAT_19484,5.590768482,20.54494758,SAT_23877,5.604709417,20.55447008
frame-r-001033-4-0053,1,No match,FALSE,N/A,inf,325.0763664,0.406171488,324.982159,0.441222612,FOVNotMatch,1999/10/13 4:31:51,SAT_23767,4.726947211,12.67940561,SAT_19484,5.590768482,20.37684227,SAT_23877,5.604709417,20.38636476
frame-r-001024-4-0127,1,Success,TRUE,SAT_13636,0.891550578,55.24562941,-6.082289394,55.0846983,-6.110977641,,1999/10/12 10:41:37,SAT_13636,4.480610219,0.891550578,SAT_11115,5.885128379,1.283700147,SAT_20086,1.528128051,2.664730485
frame-r-001024-4-0133,1,Success,TRUE,SAT_13636,0.645284451,56.14647216,-6.002490699,55.98617169,-6.031778507,,1999/10/12 10:45:12,SAT_13636,4.480610219,0.645284451,SAT_11115,5.885128379,1.03743402,SAT_20086,1.528128051,2.910996612
frame-r-001024-4-0135,1,Success,TRUE,SAT_13636,0.495549259,56.44660128,-5.975781849,56.28671888,-6.005262026,,1999/10/12 10:46:24,SAT_13636,4.570870513,0.495549259,SAT_11115,5.965712855,0.852346695,SAT_20086,1.54865259,3.008796036
frame-r-001024-4-0138,1,Success,TRUE,SAT_13636,0.431745324,56.89723596,-5.935675423,56.73675049,-5.965452856,,1999/10/12 10:48:11,SAT_13636,4.570870513,0.431745324,SAT_11115,5.965712855,0.788542759,SAT_20086,1.54865259,3.072599972
frame-r-001024-4-0139,1,Success,TRUE,SAT_16293,3.106739907,57.02194326,-5.946557146,56.99491566,-5.93411365,,1999/10/12 10:48:47,SAT_16293,2.893122432,3.106739907,SAT_01588,5.200397539,24.09866228,SAT_25922,5.76936931,24.76391729
frame-r-001024-4-0139,2,Success,TRUE,SAT_13636,0.423228143,57.04697696,-5.922274851,56.88652361,-5.952071598,,1999/10/12 10:48:47,SAT_13636,4.570870513,0.423228143,SAT_11115,5.965712855,0.780025579,SAT_20086,1.54865259,3.081117152
frame-r-001033-2-0166,1,Success,TRUE,SAT_16274,2.398207073,341.9802317,-0.588162322,341.8307988,-0.581195997,,1999/10/13 5:39:19,SAT_16274,5.954792509,2.398207073,SAT_19484,4.767295317,2.626335154,SAT_21906,5.489114431,2.631708787
frame-r-001024-6-0115,1,Success,TRUE,SAT_07815,3.298107304,53.25358583,-5.534151508,53.18877914,-5.552425193,,1999/10/12 10:34:28,SAT_07815,5.671601281,3.298107304,SAT_11115,4.86722431,4.240691346,SAT_13636,3.449641825,4.684941863
frame-r-001024-6-0116,1,Success,TRUE,SAT_07815,3.237883366,53.49847542,-5.510431076,53.33993541,-5.554956627,,1999/10/12 10:35:03,SAT_07815,5.671601281,3.237883366,SAT_11115,4.86722431,4.180467408,SAT_13636,3.449641825,4.624717925
frame-r-001035-2-0136,1,No match,FALSE,N/A,inf,26.31140385,13.21845231,26.23981586,13.27449128,FOVNotMatch,1999/10/13 8:39:25,SAT_24984,2.313511715,35.14464879,SAT_15390,5.505067124,56.2623577,SAT_21272,5.816833862,61.50176335
frame-r-001035-3-0161,1,No match,FALSE,N/A,inf,30.14920387,13.21368606,30.12440977,13.44043813,FOVNotMatch,1999/10/13 8:54:20,SAT_11015,15.16890009,N/A,SAT_17267,15.86313215,N/A,SAT_25240,16.88137731,N/A
frame-r-001037-4-0094,1,Success,TRUE,SAT_19094,1.724605979,53.61050769,-6.414216925,53.68260864,-6.400606857,,1999/10/13 10:50:34,SAT_19094,3.046626329,1.724605979,SAT_20266,2.452606195,3.797288569,SAT_15825,1.766187531,4.062449885
frame-r-001037-4-0094,2,No match,FALSE,N/A,inf,53.65308528,-6.627365374,53.65698515,-6.619339775,FOVNotMatch,1999/10/13 10:50:34,SAT_18725,5.005708777,50.25538976,SAT_19094,3.046626329,55.20344187,SAT_20266,2.452606195,57.27612446
frame-r-001037-4-0094,3,No match,FALSE,N/A,inf,53.66573766,-6.60205499,53.66907216,-6.596321,FOVNotMatch,1999/10/13 10:50:34,SAT_19094,3.046626329,50.95520307,SAT_20266,2.452606195,53.02788566,SAT_15825,1.766187531,53.29304698
frame-r-001037-4-0094,4,No match,FALSE,N/A,inf,53.68742209,-6.5606543,53.69206847,-6.552653893,FOVNotMatch,1999/10/13 10:50:34,SAT_19094,3.046626329,50.98572739,SAT_20266,2.452606195,53.05840998,SAT_15825,1.766187531,53.3235713
frame-r-001037-4-0095,1,Success,TRUE,SAT_19094,1.764303067,53.76101241,-6.403168825,53.92290061,-6.372493472,,1999/10/13 10:51:10,SAT_19094,3.046626329,1.764303067,SAT_20266,2.452606195,3.836985657,SAT_15825,1.766187531,4.102146973
frame-r-001037-4-0096,1,Success,TRUE,SAT_19094,1.742418812,53.91177863,-6.392052122,54.07351056,-6.361469336,,1999/10/13 10:51:46,SAT_19094,3.046626329,1.742418812,SAT_20266,2.452606195,3.815101402,SAT_15825,1.766187531,4.080262719
frame-r-001037-4-0097,1,Success,TRUE,SAT_19094,1.936546552,54.06258918,-6.381249316,54.22399925,-6.35016318,,1999/10/13 10:52:21,SAT_19094,3.046626329,1.936546552,SAT_20266,2.452606195,4.009229142,SAT_15825,1.766187531,4.274390458
frame-r-001037-4-0098,1,Success,TRUE,SAT_19094,1.963322547,54.21287505,-6.370209826,54.3741846,-6.339064639,,1999/10/13 10:52:57,SAT_19094,3.046626329,1.963322547,SAT_20266,2.452606195,4.036005137,SAT_15825,1.766187531,4.301166454
frame-r-001037-4-0099,1,Success,TRUE,SAT_19094,1.889485025,54.36374542,-6.358915411,54.52501804,-6.327990982,,1999/10/13 10:53:33,SAT_19094,3.046626329,1.889485025,SAT_20266,2.452606195,3.962167615,SAT_15825,1.766187531,4.227328932
frame-r-001037-4-0100,1,Success,TRUE,SAT_19094,1.996253004,54.51403642,-6.348036612,54.67519894,-6.316822925,,1999/10/13 10:54:09,SAT_19094,3.046626329,1.996253004,SAT_20266,2.452606195,4.068935594,SAT_15825,1.766187531,4.33409691
frame-r-001037-4-0101,1,Success,TRUE,SAT_19094,1.996088879,54.6648051,-6.336786661,54.82556823,-6.305739521,,1999/10/13 10:54:45,SAT_19094,3.073200785,1.996088879,SAT_20266,2.440375482,4.048410674,SAT_15825,1.752016331,4.304505731
frame-r-001037-4-0102,1,Success,TRUE,SAT_19094,2.231827764,54.81521134,-6.326074476,54.97642959,-6.294254031,,1999/10/13 10:55:21,SAT_19094,3.073200785,2.231827764,SAT_20266,2.440375482,4.28414956,SAT_15825,1.752016331,4.540244617
frame-r-001037-4-0103,1,Success,TRUE,SAT_19094,2.195167659,54.96549188,-6.31504166,55.12697679,-6.283274645,,1999/10/13 10:55:56,SAT_19094,3.073200785,2.195167659,SAT_20266,2.440375482,4.247489455,SAT_15825,1.752016331,4.503584512
frame-r-001037-4-0104,1,Success,TRUE,SAT_19094,2.107671024,55.1161977,-6.303673878,55.27673993,-6.272344785,,1999/10/13 10:56:32,SAT_19094,3.073200785,2.107671024,SAT_20266,2.440375482,4.159992819,SAT_15825,1.752016331,4.416087876
frame-r-001037-4-0105,1,Success,TRUE,SAT_19094,2.104890503,55.26651035,-6.292692581,55.42804741,-6.261176775,,1999/10/13 10:57:08,SAT_19094,3.073200785,2.104890503,SAT_20266,2.440375482,4.157212298,SAT_15825,1.752016331,4.413307355
frame-r-001037-4-0106,1,Success,TRUE,SAT_19094,2.17926406,55.41699162,-6.281512185,55.57796369,-6.24989017,,1999/10/13 10:57:44,SAT_19094,3.073200785,2.17926406,SAT_20266,2.440375482,4.231585855,SAT_15825,1.752016331,4.487680912
frame-r-001037-4-0107,1,Success,TRUE,SAT_19094,2.138711165,55.5675168,-6.270408221,55.72881263,-6.23883983,,1999/10/13 10:58:20,SAT_19094,3.073200785,2.138711165,SAT_20266,2.440375482,4.19103296,SAT_15825,1.752016331,4.447128018
frame-r-001037-4-0108,1,Success,TRUE,SAT_19094,2.324821415,55.71801543,-6.259521501,55.87928959,-6.227514084,,1999/10/13 10:58:56,SAT_19094,3.096925635,2.324821415,SAT_20266,2.427097624,4.35605584,SAT_15825,1.737083074,4.60300396
frame-r-001037-4-0109,1,Success,TRUE,SAT_19094,2.343257307,55.86854132,-6.248425755,56.02955727,-6.216415345,,1999/10/13 10:59:31,SAT_19094,3.096925635,2.343257307,SAT_20266,2.427097624,4.374491732,SAT_15825,1.737083074,4.621439852
frame-r-001037-4-0110,1,Success,TRUE,SAT_19094,2.315417677,56.01930156,-6.23728282,56.18017791,-6.205380296,,1999/10/13 11:00:07,SAT_19094,3.096925635,2.315417677,SAT_20266,2.427097624,4.346652102,SAT_15825,1.737083074,4.593600222
frame-r-001037-3-0110,1,No match,FALSE,N/A,inf,56.10702264,-6.727461043,56.15672516,-6.664505811,FOVNotMatch,1999/10/13 11:00:07,SAT_22293,2.504493275,27.62645605,SAT_19094,3.096925635,42.93400706,SAT_20266,2.427097624,44.96524149
frame-r-001037-4-0111,1,Success,TRUE,SAT_19094,2.375085324,56.16968151,-6.226146589,56.33040225,-6.194101197,,1999/10/13 11:00:43,SAT_19094,3.096925635,2.375085324,SAT_20266,2.427097624,4.406319748,SAT_15825,1.737083074,4.653267869
frame-r-001037-4-0112,1,Success,TRUE,SAT_19094,2.39615568,56.32005339,-6.214975092,56.4807678,-6.182869155,,1999/10/13 11:01:19,SAT_19094,3.096925635,2.39615568,SAT_20266,2.427097624,4.427390105,SAT_15825,1.737083074,4.674338226
frame-r-001037-4-0113,1,Success,TRUE,SAT_19094,2.364865349,56.47055357,-6.203850491,56.63128578,-6.171831105,,1999/10/13 11:01:55,SAT_19094,3.096925635,2.364865349,SAT_20266,2.427097624,4.396099774,SAT_15825,1.737083074,4.643047894
frame-r-001037-4-0114,1,Success,TRUE,SAT_19094,2.449512101,56.62107835,-6.192800009,56.78245189,-6.160405568,,1999/10/13 11:02:31,SAT_19094,3.096925635,2.449512101,SAT_20266,2.427097624,4.480746526,SAT_15825,1.737083074,4.727694647
frame-r-001037-4-0115,1,Success,TRUE,SAT_19094,2.38663623,56.77153365,-6.181347591,56.93260027,-6.149304281,,1999/10/13 11:03:06,SAT_19094,3.117836169,2.38663623,SAT_20266,2.412633609,4.396065526,SAT_15825,1.721270769,4.633790719
frame-r-001037-4-0116,1,Success,TRUE,SAT_19094,2.529190473,56.92180959,-6.170394605,57.08308253,-6.13789445,,1999/10/13 11:03:42,SAT_19094,3.117836169,2.529190473,SAT_20266,2.412633609,4.538619769,SAT_15825,1.721270769,4.776344962
frame-r-001037-4-0117,1,Success,TRUE,SAT_19094,2.55626556,57.07245176,-6.159334118,57.23308487,-6.126883652,,1999/10/13 11:04:18,SAT_19094,3.117836169,2.55626556,SAT_20266,2.412633609,4.565694856,SAT_15825,1.721270769,4.803420049
frame-r-001037-4-0118,1,Success,TRUE,SAT_19094,2.613870497,57.22281885,-6.148150581,57.38378917,-6.115463715,,1999/10/13 11:04:54,SAT_19094,3.117836169,2.613870497,SAT_20266,2.412633609,4.623299794,SAT_15825,1.721270769,4.861024987
frame-r-001037-4-0119,1,Success,TRUE,SAT_19094,2.649141766,57.46177323,-6.11913924,57.5348408,-6.104254878,,1999/10/13 11:05:30,SAT_19094,3.117836169,2.649141766,SAT_20266,2.412633609,4.658571063,SAT_15825,1.721270769,4.896296256
frame-r-001037-3-0146,1,Success,TRUE,SAT_23599,1.814075747,61.43645846,-5.833303558,61.59692613,-5.798359258,,1999/10/13 11:21:37,SAT_23599,5.180596802,1.814075747,SAT_19094,3.594105369,3.61737984,SAT_20266,2.584393632,5.521796147
frame-r-001037-3-0147,1,Success,TRUE,SAT_23599,1.82401418,61.58702647,-5.821891713,61.74706323,-5.787069487,,1999/10/13 11:22:13,SAT_23599,5.180596802,1.82401418,SAT_19094,3.594105369,3.607441407,SAT_20266,2.584393632,5.511857715
frame-r-001037-3-0148,1,Success,TRUE,SAT_23599,1.760344558,61.73811445,-5.81046296,61.89794321,-5.775500084,,1999/10/13 11:22:49,SAT_23599,5.180596802,1.760344558,SAT_19094,3.594105369,3.671111029,SAT_20266,2.584393632,5.575527337
frame-r-001037-3-0149,1,Success,TRUE,SAT_23599,1.727089944,61.88796681,-5.79929214,62.04864908,-5.764044571,,1999/10/13 11:23:24,SAT_23599,5.180596802,1.727089944,SAT_19094,3.594105369,3.704365643,SAT_20266,2.584393632,5.608781951
frame-r-001037-3-0150,1,Success,TRUE,SAT_23599,1.743186349,62.03843172,-5.787748491,62.19859989,-5.752659925,,1999/10/13 11:24:00,SAT_23599,5.180596802,1.743186349,SAT_19094,3.594105369,3.688269237,SAT_20266,2.584393632,5.592685545
frame-r-001037-3-0150,2,No match,FALSE,N/A,inf,62.16198608,-5.657383149,62.16026824,-5.646644127,FOVNotMatch,1999/10/13 11:24:00,SAT_22198,4.487637137,15.42976153,SAT_19667,0.688074254,16.71802105,SAT_25922,1.348285906,80.87851269
frame-r-001037-3-0151,1,Success,TRUE,SAT_23599,1.757883134,62.18948619,-5.77621503,62.34917973,-5.741272465,,1999/10/13 11:24:36,SAT_23599,5.180596802,1.757883134,SAT_19094,3.594105369,3.673572453,SAT_20266,2.584393632,5.577988761
frame-r-001037-3-0152,1,Success,TRUE,SAT_23599,1.698924846,62.33959916,-5.765019501,62.50016145,-5.729713763,,1999/10/13 11:25:12,SAT_23599,5.180596802,1.698924846,SAT_19094,3.594105369,3.732530741,SAT_20266,2.584393632,5.636947049
frame-r-001037-3-0139,1,Success,TRUE,SAT_23599,2.373134063,60.38351274,-5.912397015,60.50112204,-5.88710906,,1999/10/13 11:17:26,SAT_23599,3.367270172,2.373134063,SAT_19094,3.143513957,3.417888769,SAT_20086,5.41080429,4.770947486
frame-r-001037-3-0140,1,Success,TRUE,SAT_23599,2.339744185,60.53398677,-5.90101248,60.69416856,-5.866472531,,1999/10/13 11:18:02,SAT_23599,3.367270172,2.339744185,SAT_19094,3.143513957,3.451278647,SAT_20086,5.41080429,4.804337364
frame-r-001037-3-0141,1,Success,TRUE,SAT_23599,2.372267737,60.68407329,-5.889649186,60.84457876,-5.855133616,,1999/10/13 11:18:38,SAT_23599,3.367270172,2.372267737,SAT_19094,3.143513957,3.418755095,SAT_20086,5.41080429,4.771813812
frame-r-001037-3-0142,1,Success,TRUE,SAT_23599,2.317735362,60.83499242,-5.878353795,60.99557843,-5.84366102,,1999/10/13 11:19:14,SAT_23599,3.367270172,2.317735362,SAT_19094,3.143513957,3.47328747,SAT_20086,5.41080429,4.826346187
frame-r-001037-3-0143,1,Success,TRUE,SAT_23599,2.360167918,60.98528931,-5.867104419,61.1458565,-5.832538868,,1999/10/13 11:19:50,SAT_23599,3.367270172,2.360167918,SAT_19094,3.143513957,3.430854914,SAT_20086,5.41080429,4.783913631
frame-r-001037-3-0144,1,Success,TRUE,SAT_23599,2.290113222,61.13575198,-5.855712648,61.29639394,-5.82092569,,1999/10/13 11:20:25,SAT_23599,3.367270172,2.290113222,SAT_19094,3.143513957,3.50090961,SAT_20086,5.41080429,4.853968327
frame-r-001037-3-0145,1,Success,TRUE,SAT_23599,2.251984352,61.2861243,-5.844507041,61.44685528,-5.80958864,,1999/10/13 11:21:01,SAT_23599,3.367270172,2.251984352,SAT_19094,3.143513957,3.53903848,SAT_20086,5.41080429,4.892097197
frame-r-001037-3-0153,1,Success,TRUE,SAT_19094,3.91256739,62.49016928,-5.753768786,62.6503646,-5.71817233,,1999/10/13 11:25:48,SAT_19094,3.599748321,3.91256739,SAT_20266,2.561022753,5.791408811,SAT_15825,1.860305364,5.977901005
frame-r-001037-3-0154,1,Success,TRUE,SAT_19094,3.927057335,62.64072689,-5.742425077,62.80083145,-5.70680578,,1999/10/13 11:26:24,SAT_19094,3.599748321,3.927057335,SAT_20266,2.561022753,5.805898755,SAT_15825,1.860305364,5.992390949
frame-r-001037-3-0155,1,No match,FALSE,N/A,inf,62.79742618,-5.774992664,62.89174629,-5.724865029,FOVNotMatch,1999/10/13 11:26:59,SAT_19094,3.599748321,19.4324928,SAT_20266,2.561022753,21.31133422,SAT_15825,1.860305364,21.49782642
frame-r-001037-3-0155,2,Success,TRUE,SAT_19094,3.926009055,62.79074624,-5.731144124,62.95128357,-5.695430908,,1999/10/13 11:26:59,SAT_19094,3.599748321,3.926009055,SAT_20266,2.561022753,5.804850475,SAT_15825,1.860305364,5.991342669
frame-r-001037-3-0156,1,Success,TRUE,SAT_19094,3.991489697,62.94107943,-5.719905417,63.10150596,-5.684024539,,1999/10/13 11:27:35,SAT_19094,3.599748321,3.991489697,SAT_20266,2.561022753,5.870331117,SAT_15825,1.860305364,6.056823312
frame-r-001037-3-0156,2,No match,FALSE,N/A,inf,63.08554962,-5.735800899,63.10785227,-5.723846064,FOVNotMatch,1999/10/13 11:27:35,SAT_19094,3.599748321,19.63576494,SAT_20266,2.561022753,21.51460636,SAT_15825,1.860305364,21.70109855
frame-r-001037-3-0157,1,Success,TRUE,SAT_19094,4.022709485,63.09157469,-5.708579968,63.25150332,-5.672718639,,1999/10/13 11:28:11,SAT_19094,3.599748321,4.022709485,SAT_20266,2.561022753,5.901550905,SAT_15825,1.860305364,6.088043099
frame-r-001037-3-0158,1,Success,TRUE,SAT_19094,3.976665822,63.24242265,-5.697033416,63.40232124,-5.661312445,,1999/10/13 11:28:47,SAT_19094,3.599748321,3.976665822,SAT_20266,2.561022753,5.855507242,SAT_15825,1.860305364,6.041999436
frame-r-001037-3-0159,1,Success,TRUE,SAT_19094,3.961230651,63.39300403,-5.685664079,63.55252282,-5.650072169,,1999/10/13 11:29:23,SAT_19094,3.599748321,3.961230651,SAT_20266,2.561022753,5.840072071,SAT_15825,1.860305364,6.026564266
frame-r-001037-2-0178,1,Success,TRUE,SAT_25661,1.618704794,66.41051334,-5.432176709,66.2525362,-5.468995458,,1999/10/13 11:40:43,SAT_25661,5.339603845,1.618704794,SAT_23968,2.614720331,4.325991152,SAT_19094,4.01489074,4.713654326
frame-r-001037-2-0179,1,Success,TRUE,SAT_25661,1.633425861,66.5612106,-5.420754999,66.40152649,-5.45801536,,1999/10/13 11:41:19,SAT_25661,5.339603845,1.633425861,SAT_23968,2.614720331,4.340712219,SAT_19094,4.01489074,4.728375393
frame-r-001037-2-0180,1,Success,TRUE,SAT_25661,1.646026097,66.55196722,-5.446507314,66.71173381,-5.409190093,,1999/10/13 11:41:55,SAT_25661,5.339603845,1.646026097,SAT_23968,2.614720331,4.353312455,SAT_19094,4.01489074,4.740975629
frame-r-001037-2-0181,1,Success,TRUE,SAT_25661,1.688542142,66.70286704,-5.434899211,66.86260793,-5.397462748,,1999/10/13 11:42:31,SAT_25661,5.339603845,1.688542142,SAT_23968,2.614720331,4.395828499,SAT_19094,4.01489074,4.783491674
frame-r-001037-6-0182,1,No match,FALSE,N/A,inf,66.71651938,-3.913685005,66.61707124,-3.70241876,FOVNotMatch,1999/10/13 11:43:07,SAT_21829,5.642962658,17.47848729,SAT_17423,2.939888574,27.13327872,SAT_12445,3.118872223,40.97052784
frame-r-001037-2-0182,1,Success,TRUE,SAT_25661,1.755525367,66.85295095,-5.423686492,67.01255704,-5.386084813,,1999/10/13 11:43:07,SAT_25661,5.339603845,1.755525367,SAT_23968,2.614720331,4.462811725,SAT_19094,4.01489074,4.850474899
frame-r-001037-2-0183,1,Success,TRUE,SAT_25661,1.755536525,67.00330529,-5.412348715,67.16356136,-5.37459316,,1999/10/13 11:43:42,SAT_25661,5.339603845,1.755536525,SAT_23968,2.614720331,4.462822882,SAT_19094,4.01489074,4.850486057
frame-r-001037-2-0184,1,Success,TRUE,SAT_25661,1.749914046,67.15381857,-5.400688116,67.31317824,-5.363159477,,1999/10/13 11:44:18,SAT_25661,5.339603845,1.749914046,SAT_23968,2.614720331,4.457200403,SAT_19094,4.01489074,4.844863578
frame-r-001037-2-0185,1,Success,TRUE,SAT_25661,2.004154628,67.30452721,-5.389360874,67.46396101,-5.351667127,,1999/10/13 11:44:54,SAT_25661,5.958755615,2.004154628,SAT_19094,4.007542158,4.961351184,SAT_20266,2.713208801,6.714850302
frame-r-001037-2-0189,1,Success,TRUE,SAT_25661,2.178358455,67.90586165,-5.343823761,68.06542313,-5.305586356,,1999/10/13 11:47:17,SAT_25661,5.958755615,2.178358455,SAT_19094,4.007542158,5.13555501,SAT_20266,2.713208801,6.889054129
frame-r-001037-2-0193,1,No match,FALSE,N/A,inf,68.50767371,-5.297953582,68.66372141,-5.260388025,FOVNotMatch,1999/10/13 11:49:41,SAT_19094,3.995663173,5.273097177,SAT_20266,2.675559422,6.993161874,SAT_15825,1.973856452,7.12406486
frame-r-001045-2-0063,1,Success,TRUE,SAT_25629,1.232997713,43.5225859,-8.459905549,43.56739562,-8.471918179,,1999/10/14 10:15:56,SAT_25629,4.051185103,1.232997713,SAT_17254,5.721023117,3.196891549,SAT_25586,4.093910286,13.15887327
frame-r-001045-2-0064,1,Success,TRUE,SAT_25629,1.241826482,43.7293614,-8.40207218,43.83743574,-8.431066228,,1999/10/14 10:16:32,SAT_25629,4.051185103,1.241826482,SAT_17254,5.721023117,3.205720318,SAT_25586,4.093910286,13.16770204
frame-r-001045-5-0149,1,No match,FALSE,N/A,inf,56.31543145,-5.61685942,56.34563589,-5.413836854,FOVNotMatch,1999/10/14 11:07:17,SAT_02889,4.205928601,17.24250864,SAT_05020,1.732677331,19.42151992,SAT_15003,0.999685431,32.39822109
frame-r-001045-1-0221,1,No match,FALSE,N/A,inf,67.27918936,-5.74164545,67.2014519,-5.527044032,FOVNotMatch,1999/10/14 11:50:16,SAT_02379,0.664391656,16.93167303,SAT_21163,3.40433902,25.59599791,SAT_03962,2.292098215,28.37828868
frame-r-001056-3-0102,1,No match,FALSE,N/A,inf,339.4216585,-0.36038429,339.5418432,-0.432886629,FOVNotMatch,1999/10/16 7:40:38,SAT_15244,4.045295773,6.252140769,SAT_00134,3.035551477,20.10026527,SAT_24715,5.221177997,20.25441574
frame-r-001056-5-0188,1,No match,FALSE,N/A,inf,352.3940374,0.406053796,352.301603,0.497245474,FOVNotMatch,1999/10/16 8:31:59,SAT_19422,0.41746109,41.25506014,SAT_24829,1.63855984,48.10474618,SAT_12803,5.27649237,54.13609251
frame-r-001056-5-0189,1,No match,FALSE,N/A,inf,352.613726,0.483986157,352.5924876,0.505377978,FOVNotMatch,1999/10/16 8:32:35,SAT_25116,0.871066601,36.17003872,SAT_13762,0.690379893,44.90982359,SAT_10450,1.439070116,54.65055426
frame-r-001056-4-0216,1,Success,TRUE,SAT_08331,4.366097433,356.6126136,0.015988595,356.5636025,-0.013305682,,1999/10/16 8:48:42,SAT_08331,5.698215161,4.366097433,SAT_21052,5.551628499,14.2877351,SAT_23671,2.589538625,21.58936177
frame-r-001056-3-0233,1,No match,FALSE,N/A,inf,359.0762399,-0.371660557,359.0415618,-0.345374163,FOVNotMatch,1999/10/16 8:58:51,SAT_06916,3.91966193,21.28744574,SAT_03597,0.507883713,44.0447024,SAT_23671,3.699185306,46.02337902
frame-r-001120-5-0042,1,No match,FALSE,N/A,inf,199.4697432,64.84862369,199.3685368,64.87677611,FOVNotMatch,2000/2/8 6:43:48,SAT_19713,3.861876757,36.88754468,SAT_20583,2.896877888,37.05628691,SAT_12892,1.337109579,61.51365066
frame-r-001140-4-0164,1,Success,TRUE,SAT_23244,0.072959365,177.5084727,-2.128099128,177.3947527,-2.145521302,,2000/2/12 10:02:06,SAT_23244,1.786991587,0.072959365,SAT_21942,5.079529571,2.569033257,SAT_18571,1.416756835,3.25789789
frame-r-001140-3-0202,1,No match,FALSE,N/A,inf,183.2491648,-2.544044168,183.0876016,-2.612482943,FOVNotMatch,2000/2/12 10:24:47,SAT_23244,2.637691564,15.18701513,SAT_21942,2.973436495,18.00738106,SAT_18571,2.373907119,19.92319183
frame-r-001140-3-0203,1,No match,FALSE,N/A,inf,183.3991926,-2.607501658,183.2368833,-2.676469165,FOVNotMatch,2000/2/12 10:25:23,SAT_23244,2.637691564,15.25172216,SAT_21942,2.973436495,18.0720881,SAT_18571,2.373907119,19.98789887
frame-r-001140-5-0301,1,No match,FALSE,N/A,inf,198.0299869,-1.799675413,198.0782106,-1.654009762,FOVNotMatch,2000/2/12 11:23:54,SAT_21958,3.870414511,36.67595354,SAT_09588,0.078472673,38.14448248,SAT_25115,3.66307337,40.47987416
frame-r-001142-5-0013,1,No match,FALSE,N/A,inf,228.1494688,0.677520938,227.9960726,0.849613253,FOVNotMatch,2000/2/12 12:19:03,SAT_23590,1.52641135,13.99535742,SAT_18414,0.253298856,15.2181445,SAT_24937,5.020595086,19.66818535
frame-r-001142-4-0023,1,No match,FALSE,N/A,inf,229.4844485,0.250445125,229.625292,0.295285293,FOVNotMatch,2000/2/12 12:25:02,SAT_22796,5.519026284,18.68455268,SAT_19621,4.772050359,20.42367441,SAT_22044,4.83965268,22.34362035
frame-r-001142-4-0024,1,No match,FALSE,N/A,inf,229.7970509,0.255216385,229.7009589,0.223803742,FOVNotMatch,2000/2/12 12:25:38,SAT_22796,5.519026284,19.12732442,SAT_19621,4.772050359,20.86644614,SAT_22044,4.83965268,22.78639209
frame-r-001140-3-0321,1,No match,FALSE,N/A,inf,201.0306492,-2.605924399,200.9586526,-2.382797985,FOVNotMatch,2000/2/12 11:35:51,SAT_01952,0.415226701,7.658623788,SAT_23835,3.751286134,46.57327811,SAT_23201,3.3326333,54.16898475
frame-r-001140-4-0322,1,No match,FALSE,N/A,inf,201.1947661,-2.184294961,201.1227237,-1.961062466,FOVNotMatch,2000/2/12 11:36:26,SAT_01952,0.415226701,7.666203931,SAT_23835,3.751286134,46.56569796,SAT_23201,3.3326333,54.1614046
frame-r-001231-3-0139,1,No match,FALSE,N/A,inf,190.0058738,-2.76333352,190.0542358,-2.676647633,FOVNotMatch,2000/3/3 10:55:08,SAT_21942,1.003978943,55.90390136,SAT_21223,5.938837378,57.12296867,SAT_22117,2.464871294,60.83472199
frame-r-001231-2-0093,1,Success,TRUE,SAT_14050,0.321100389,183.1099991,-3.251368556,183.2735738,-3.27520125,,2000/3/3 10:27:40,SAT_14050,4.472999751,0.321100389,SAT_18578,3.682806057,1.562191362,SAT_15141,5.311623618,3.002264143
frame-r-001231-2-0095,1,Success,TRUE,SAT_14050,0.284177624,183.4099501,-3.208880746,183.5731369,-3.2325507,,2000/3/3 10:28:52,SAT_14050,4.472999751,0.284177624,SAT_18578,3.682806057,1.525268598,SAT_15141,5.311623618,3.039186907
frame-r-001231-4-0119,1,Success,TRUE,SAT_02327,3.685318758,187.0076723,-2.375894772,187.1705162,-2.331435053,,2000/3/3 10:43:12,SAT_02327,0.41048682,3.685318758,SAT_21942,1.488083345,9.679474113,SAT_21223,3.396600264,10.98770774
frame-r-001231-1-0155,1,Success,TRUE,SAT_14133,0.488865264,192.4088847,-3.512408242,192.5253354,-3.522523527,,2000/3/3 11:04:41,SAT_14133,3.73835678,0.488865264,SAT_20317,3.262910293,0.811931867,SAT_25525,4.178652443,2.125369991
frame-r-001231-1-0156,1,Success,TRUE,SAT_14133,0.712629325,192.6198835,-3.50340499,192.7220056,-3.511874776,,2000/3/3 11:05:17,SAT_14133,3.73835678,0.712629325,SAT_20317,3.262910293,1.035695928,SAT_22248,2.291412663,2.085319966
frame-r-001233-1-0028,1,No match,FALSE,N/A,inf,203.4142803,-1.039925735,203.4658542,-0.991430858,FOVNotMatch,2000/3/3 12:10:29,SAT_17256,4.865682859,29.06482578,SAT_20174,5.21559623,32.42538989,SAT_23127,3.439741123,40.57346281
frame-r-001239-2-0187,1,Success,TRUE,SAT_20596,2.137749576,148.3778117,-0.834464707,148.3145079,-0.610499498,,2000/3/4 6:26:38,SAT_20596,2.725565237,2.137749576,SAT_08406,0.82090967,11.5900176,SAT_08180,0.133115655,33.3514093
frame-r-001239-3-0188,1,Success,TRUE,SAT_20596,2.275297368,148.558125,-0.414979088,148.4941871,-0.190813391,,2000/3/4 6:27:14,SAT_20596,2.725565237,2.275297368,SAT_08406,0.82090967,11.45246981,SAT_08180,0.133115655,33.48895709
frame-r-003635-5-0209,1,Success,TRUE,SAT_16103,2.316940972,141.0838164,34.08230131,141.0540292,34.01330505,,2003/1/29 5:12:37,SAT_16103,5.852221496,2.316940972,SAT_6252U,7.45552419,N/A,SAT_27540,9.505904333,N/A
frame-r-003631-3-0400,1,No match,FALSE,N/A,inf,177.0796971,14.5228407,176.9300132,14.54024294,FOVNotMatch,2003/1/28 11:19:20,SAT_25989,2.084311877,42.33231078,SAT_26377,5.591979926,43.96813042,SAT_23443,3.654558279,73.58841285
frame-r-003631-3-0400,2,No match,FALSE,N/A,inf,177.0962884,14.51815561,176.9291902,14.53862441,FOVNotMatch,2003/1/28 11:19:20,SAT_25989,2.084311877,42.69576454,SAT_26377,5.591979926,43.60467666,SAT_23443,3.654558279,73.22495909
frame-r-003643-1-0033,1,No match,FALSE,N/A,inf,43.06613932,41.74102944,43.12755404,41.73780451,FOVNotMatch,2003/2/1 2:46:55,SAT_23794,5.81688307,19.28809843,SAT_25814,5.96458062,19.55279801,SAT_9702U,4.930207294,20.53099353
frame-r-003644-1-0092,1,No match,FALSE,N/A,inf,124.5893847,23.14109113,124.5614861,23.12713236,FOVNotMatch,2003/2/1 4:39:21,SAT_2657U,5.968795184,61.13609175,SAT_11690,4.980223046,82.08922942,SAT_01589,13.82045366,N/A
frame-r-003650-6-0090,1,Success,TRUE,SAT_00354,1.947031451,204.0070273,49.43227074,203.7949226,49.3041053,,2003/2/1 12:14:49,SAT_00354,5.014889909,1.947031451,SAT_354U0,5.014938124,1.949641985,SAT_16996,3.096245024,14.00818591
frame-r-003650-3-0071,1,No match,FALSE,N/A,inf,199.2393086,48.68171835,199.235226,48.90968303,FOVNotMatch,2003/2/1 12:03:28,SAT_11844,5.86464901,26.58755251,SAT_21121,3.097336459,29.70941977,SAT_16996,2.064546915,30.10271807
frame-r-003698-3-0032,1,No match,FALSE,N/A,inf,156.0827932,43.23778776,156.0286344,43.26196004,FOVNotMatch,2003/3/6 7:37:24,SAT_26257,2.684248945,9.922973467,SAT_23494,4.021649029,9.952786001,SAT_22192,4.182174016,76.46922002
frame-r-003697-2-0062,1,No match,FALSE,N/A,inf,177.6047425,56.55709003,177.5143099,56.55764317,FOVNotMatch,2003/3/6 6:48:29,SAT_26626,0.819191308,49.48487073,SAT_16208,17.94443806,N/A,SAT_13875,16.10916961,N/A
frame-r-003698-1-0155,1,Success,TRUE,SAT_18883,2.752176713,181.8284826,46.40870815,181.7552791,46.29717403,,2003/3/6 8:50:50,SAT_18883,0.040017116,2.752176713,SAT_21545,4.812272664,3.497595211,SAT_10832,8.639860741,N/A
frame-r-003699-2-0142,1,No match,FALSE,N/A,inf,210.5340488,43.75179066,210.2859662,43.72923116,FOVNotMatch,2003/3/6 11:04:54,SAT_24876,0.068842019,51.55059222,SAT_22732,3.296742712,52.0075688,SAT_12211,3.708229164,54.88161178
frame-r-003699-2-0180,1,No match,FALSE,N/A,inf,217.8129769,41.84584622,217.6180161,41.71113398,FOVNotMatch,2003/3/6 11:27:36,SAT_21426,3.168978062,20.28060065,SAT_19827,4.055856793,80.12145426,SAT_10491,0.078998485,88.00105586
frame-r-003699-2-0141,1,No match,FALSE,N/A,inf,210.3687191,43.86715021,210.1197264,43.8440925,FOVNotMatch,2003/3/6 11:04:18,SAT_02161,4.493150154,16.26831598,SAT_2161U,4.488251149,16.32252649,SAT_24876,0.016704354,49.84578247
frame-r-003705-1-0385,1,No match,FALSE,N/A,inf,256.0122566,25.66891558,255.8558593,25.652882,FOVNotMatch,2003/3/7 11:42:04,SAT_22061,1.583977325,56.23638408,SAT_8539U,0.366512319,57.01319152,SAT_26569,4.376791951,58.06689853
frame-r-003712-1-0063,1,No match,FALSE,N/A,inf,178.0960689,56.10071373,177.9013497,56.20531442,FOVNotMatch,2003/3/10 9:08:26,SAT_23411,1.475440357,5.452729075,SAT_22231,5.26356116,17.7988838,SAT_22189,1.932217953,75.89197309
frame-r-003716-3-0022,1,No match,FALSE,N/A,inf,181.4353921,47.22579789,181.2246107,47.3974888,FOVNotMatch,2003/3/11 9:34:50,SAT_16375,0.735089502,10.82787619,SAT_10566,4.304241318,11.30349146,SAT_22744,4.2829886,64.32968827
frame-r-003712-2-0252,1,No match,FALSE,N/A,inf,224.5691053,49.42272703,224.649835,49.65544713,FOVNotMatch,2003/3/10 11:01:17,SAT_16922,1.782853637,13.29472265,SAT_15738,5.092845301,19.90611414,SAT_27542,2.689177588,28.44078278
frame-r-003712-3-0253,1,No match,FALSE,N/A,inf,225.109444,49.69669704,225.1934243,49.92861499,FOVNotMatch,2003/3/10 11:01:53,SAT_16922,1.782853637,12.82901679,SAT_15738,5.092845301,19.44040828,SAT_27542,2.689177588,28.90648864
frame-r-003712-4-0254,1,No match,FALSE,N/A,inf,225.6566891,49.96695274,225.7444613,50.1990021,FOVNotMatch,2003/3/10 11:02:29,SAT_16922,1.782853637,12.33853719,SAT_15738,5.092845301,18.94992868,SAT_27542,2.689177588,29.39696824
frame-r-003712-5-0255,1,No match,FALSE,N/A,inf,226.2103553,50.23486063,226.3007233,50.46611964,FOVNotMatch,2003/3/10 11:03:05,SAT_16922,1.782853637,11.980335,SAT_15738,5.092845301,18.59172649,SAT_27542,2.689177588,29.75517043
frame-r-003716-5-0046,1,Success,TRUE,SAT_22178,3.205247556,186.6570248,48.33310665,186.558303,48.21796712,,2003/3/11 9:49:10,SAT_22178,5.504386545,3.205247556,SAT_02801,5.363330656,20.31178652,SAT_2801U,5.346773652,20.31246078
frame-r-003716-5-0047,1,Success,TRUE,SAT_22178,2.921550963,187.0281416,48.23499289,186.9150425,48.10431929,,2003/3/11 9:49:46,SAT_22178,5.504386545,2.921550963,SAT_02801,5.363330656,20.02808993,SAT_2801U,5.346773652,20.02876418
frame-r-003712-5-0187,1,No match,FALSE,N/A,inf,211.4446255,55.06999064,211.3181863,55.03776783,FOVNotMatch,2003/3/10 10:22:28,SAT_7139U,0.128551908,70.4844627,SAT_07139,0.130675712,70.48741699,SAT_25847,9.76212276,N/A
frame-r-003712-5-0154,1,Success,TRUE,SAT_18906,3.438135401,203.0886834,56.63221357,202.8381024,56.74737817,,2003/3/10 10:02:46,SAT_18906,3.576471789,3.438135401,SAT_21405,2.414093639,6.984841647,SAT_22674,3.212676093,87.44290045
frame-r-003716-1-0060,1,No match,FALSE,N/A,inf,189.7787823,46.36535265,189.7084894,46.56937065,FOVNotMatch,2003/3/11 9:57:32,SAT_10692,1.822589051,24.9494399,SAT_22178,5.973028315,47.68699111,SAT_21121,13.29845341,N/A
frame-r-003712-1-0207,1,No match,FALSE,N/A,inf,214.9221239,52.53131047,214.8593664,52.52678331,FOVNotMatch,2003/3/10 10:34:25,SAT_06965,1.862458068,33.3801815,SAT_6965U,1.871302916,33.40164567,SAT_25847,5.864613382,48.95772219
frame-r-003712-6-0262,1,No match,FALSE,N/A,inf,227.9847322,50.10242586,227.7927453,50.09892954,FOVNotMatch,2003/3/10 11:07:15,SAT_14670,3.265613871,11.3247705,SAT_15054,1.605636276,30.90675252,SAT_15738,5.113958978,54.90600149
frame-r-003712-2-0263,1,No match,FALSE,N/A,inf,226.7347992,48.70182482,226.6134555,48.61116952,FOVNotMatch,2003/3/10 11:07:51,SAT_15738,5.113958978,8.014966198,SAT_16922,1.347631647,14.99815973,SAT_15054,1.605636276,15.98428277
frame-r-003716-6-0201,1,No match,FALSE,N/A,inf,219.4414935,43.38094051,219.3598183,43.33786475,FOVNotMatch,2003/3/11 11:21:43,SAT_21426,0.899096981,25.54617391,SAT_23420,4.924158655,26.98851822,SAT_2375U,0.081642527,59.25364247
frame-r-003716-5-0206,1,No match,FALSE,N/A,inf,220.2053428,42.50710276,220.0288543,42.47238095,FOVNotMatch,2003/3/11 11:24:42,SAT_21426,0.899096981,46.56445822,SAT_23420,4.924158655,48.00680253,SAT_2375U,0.081642527,80.27192677
frame-r-003804-2-0020,1,No match,FALSE,N/A,inf,160.3211175,10.64589159,160.2641466,10.65724551,FOVNotMatch,2003/3/23 3:18:59,SAT_12065,5.157716846,5.420128863,SAT_16797,4.608672991,5.490847628,SAT_4882U,1.807489403,45.46293873
frame-r-003804-2-0021,1,No match,FALSE,N/A,inf,160.5807378,10.68168921,160.4123042,10.71485642,FOVNotMatch,2003/3/23 3:19:35,SAT_12065,5.157716846,5.288622135,SAT_16797,4.608672991,5.3593409,SAT_4882U,1.807489403,45.33143201
frame-r-003813-1-0135,1,No match,FALSE,N/A,inf,166.2698246,42.3578768,166.122337,42.56213732,FOVNotMatch,2003/3/24 3:37:59,SAT_13607,4.953672043,6.501803325,SAT_25804,0.986579121,20.70101003,SAT_20552,0.062427294,29.73655228
frame-r-003805-4-0011,1,No match,FALSE,N/A,inf,188.8210294,12.6281755,188.6551328,12.6642991,FOVNotMatch,2003/3/23 5:29:19,SAT_23018,1.268312999,7.307124655,SAT_27529,4.627282719,15.0892975,SAT_09864,0.047863805,23.29830555
frame-r-003813-3-0188,1,No match,FALSE,N/A,inf,176.7023942,44.70493086,176.6407619,44.54573954,FOVNotMatch,2003/3/24 4:09:38,SAT_21106,0.981468637,7.888744386,SAT_20262,2.73677373,18.49189677,SAT_15699,5.812899187,38.90588566
frame-r-003813-2-0189,1,No match,FALSE,N/A,inf,176.92212,44.22684028,176.9507018,44.30121745,FOVNotMatch,2003/3/24 4:10:14,SAT_21106,0.981468637,7.870074964,SAT_20262,2.73677373,18.51056619,SAT_15699,5.812899187,38.88721624
frame-r-003813-6-0238,1,No match,FALSE,N/A,inf,187.3173565,46.01706093,187.2190101,46.10660415,FOVNotMatch,2003/3/24 4:39:29,SAT_21301,1.975741469,48.48478476,SAT_16183,4.178995133,68.88090795,SAT_27598,4.501636566,75.80490935
frame-r-003813-2-0406,1,No match,FALSE,N/A,inf,220.2896149,38.56986938,220.2488435,38.7805126,FOVNotMatch,2003/3/24 6:19:48,SAT_26733,3.189376517,46.47838865,SAT_22342,2.721395061,59.45420487,SAT_15054,0.026150116,65.62332285
frame-r-003813-3-0408,1,No match,FALSE,N/A,inf,220.8850697,38.87116067,220.8557545,39.02786086,FOVNotMatch,2003/3/24 6:20:59,SAT_26733,3.189376517,46.16336373,SAT_22342,2.721395061,59.13917996,SAT_15054,0.026150116,65.30829794
frame-r-003813-4-0409,1,No match,FALSE,N/A,inf,221.1641112,39.13229815,221.12955,39.31790078,FOVNotMatch,2003/3/24 6:21:35,SAT_26733,3.189376517,46.09382136,SAT_22342,2.721395061,59.06963758,SAT_15054,0.026150116,65.23875556
frame-r-003813-4-0410,1,No match,FALSE,N/A,inf,221.4845204,39.16794062,221.4700301,39.25058074,FOVNotMatch,2003/3/24 6:22:11,SAT_26733,3.189376517,45.62239666,SAT_22342,2.721395061,58.59821288,SAT_15054,0.026150116,64.76733086
frame-r-003818-2-0028,1,No match,FALSE,N/A,inf,156.8091973,40.60211839,156.8354038,40.50032372,FOVNotMatch,2003/3/26 5:37:52,SAT_25594,0.077904598,16.95970979,SAT_12159,4.643950648,17.44133693,SAT_22189,5.771724132,31.31740921
frame-r-003818-6-0016,1,No match,FALSE,N/A,inf,153.5907983,41.61523991,153.6479236,41.39028746,FOVNotMatch,2003/3/26 5:30:42,SAT_10930,3.720423558,10.83130485,SAT_25594,1.587600767,19.42776906,SAT_20707,4.957867211,30.3313928
frame-r-003813-4-0505,1,No match,FALSE,N/A,inf,236.654569,32.18020552,236.5332233,32.16762297,FOVNotMatch,2003/3/24 7:18:54,SAT_10444,1.358421233,38.0962264,SAT_20452,3.572939971,62.79018388,SAT_15715,4.684899522,64.52635313
frame-r-003818-2-0095,1,No match,FALSE,N/A,inf,169.8325046,43.22531813,169.642759,43.32434424,FOVNotMatch,2003/3/26 6:17:52,SAT_16445,1.757542589,18.13921012,SAT_22189,3.568728558,77.28320153,SAT_9927U,4.527323451,83.36225881
frame-r-003818-2-0095,2,No match,FALSE,N/A,inf,169.7533061,43.28978911,169.7612376,43.34013401,FOVNotMatch,2003/3/26 6:17:52,SAT_22189,3.568728558,16.37733693,SAT_9927U,4.527323451,22.4563942,SAT_22671,4.833434929,22.63272095
frame-r-003818-4-0347,1,No match,FALSE,N/A,inf,220.434295,39.21100695,220.3053417,39.28513936,FOVNotMatch,2003/3/26 8:48:20,SAT_22231,0.726453717,13.04704147,SAT_8785U,2.878577722,21.67165802,SAT_7373U,5.901389765,27.89699795
frame-r-003830-1-0219,1,No match,FALSE,N/A,inf,150.0951914,11.4440986,149.9352426,11.39631873,FOVNotMatch,2003/3/30 5:24:33,SAT_24283,0.977175505,6.514221802,SAT_25660,0.026927987,16.94444279,SAT_13954,5.128437378,25.46413514
frame-r-003830-1-0232,1,Success,TRUE,SAT_27590,3.248709907,152.0503348,11.69338179,151.9115027,11.82102134,,2003/3/30 5:32:18,SAT_27590,3.178078426,3.248709907,SAT_5337U,4.81948999,11.99599852,SAT_24282,5.861028015,17.63992107
frame-r-003836-2-0047,1,No match,FALSE,N/A,inf,155.5175004,10.49797541,155.3610667,10.41987539,FOVNotMatch,2003/3/31 3:35:40,SAT_16294,0.866913264,5.684285593,SAT_21128,3.160800417,22.37048975,SAT_4069U,5.824777549,31.93434399
frame-r-003836-2-0048,1,Success,TRUE,SAT_16294,4.707428534,155.6745086,10.457433,155.6437588,10.44142643,,2003/3/31 3:36:15,SAT_16294,0.866913264,4.707428534,SAT_21128,3.160800417,21.39363269,SAT_4069U,5.824777549,32.91120105
frame-r-003836-6-0026,1,No match,FALSE,N/A,inf,152.1506737,11.6048223,152.0552212,11.81975281,FOVNotMatch,2003/3/31 3:23:07,SAT_22189,5.048173312,37.04242684,SAT_20412,2.747067111,45.39647288,SAT_17037,5.234723,48.03806496
frame-r-003836-6-0026,2,No match,FALSE,N/A,inf,152.1457203,11.60424823,152.0529107,11.81911539,FOVNotMatch,2003/3/31 3:23:07,SAT_22189,5.048173312,36.46583034,SAT_20412,2.747067111,44.81987639,SAT_17037,5.234723,47.46146847
frame-r-003836-6-0026,3,No match,FALSE,N/A,inf,152.1327858,11.65417403,152.0571031,11.81874104,FOVNotMatch,2003/3/31 3:23:07,SAT_22189,5.048173312,37.78089396,SAT_20412,2.747067111,46.13494,SAT_17037,5.234723,48.77653208
frame-r-003836-2-0064,1,No match,FALSE,N/A,inf,158.0871328,10.54804376,157.9353368,10.67513645,FOVNotMatch,2003/3/31 3:45:49,SAT_11256,4.224062684,28.10319387,SAT_18328,4.721959866,34.67246008,SAT_7138U,2.489333337,35.53603129
frame-r-003836-2-0573,1,No match,FALSE,N/A,inf,235.3985247,7.554913629,235.4046499,7.629621751,FOVNotMatch,2003/3/31 8:49:43,SAT_19554,0.070709162,10.24160428,SAT_8566U,3.478364566,21.79782371,SAT_656U0,5.004621382,22.77214681
frame-r-003838-6-0096,1,No match,FALSE,N/A,inf,213.7553537,49.70671517,213.7887873,49.7788276,FOVNotMatch,2003/3/31 11:04:34,SAT_23423,4.300546433,14.65296686,SAT_18962,1.914224142,27.9110738,SAT_21464,1.046321103,67.90370329
frame-r-003838-6-0096,2,No match,FALSE,N/A,inf,213.9661608,49.74069303,213.8563048,49.8795484,FOVNotMatch,2003/3/31 11:04:34,SAT_18962,1.914224142,15.81414619,SAT_21464,1.046321103,24.17848331,SAT_23423,4.300546433,58.37818685
frame-r-003838-6-0096,3,No match,FALSE,N/A,inf,213.8605535,49.81598486,214.1023949,49.84168539,FOVNotMatch,2003/3/31 11:04:34,SAT_21464,1.046321103,48.12990243,SAT_23423,4.300546433,49.31342742,SAT_18962,1.914224142,88.12253192
frame-r-003840-1-0096,1,No match,FALSE,N/A,inf,169.5068652,40.32397703,169.2862134,40.34021334,FOVNotMatch,2003/4/1 3:06:33,SAT_23735,16.65334768,N/A,SAT_9941U,15.0978712,N/A,SAT_23739,12.64249149,N/A
frame-r-003840-5-0268,1,No match,FALSE,N/A,inf,203.7071976,41.37498748,203.6495198,41.42362814,FOVNotMatch,2003/4/1 4:49:15,SAT_11007,5.314093846,11.15831244,SAT_26351,1.631009324,79.55579597,SAT_3522U,0.143659211,84.2982144
frame-r-003841-1-0132,1,No match,FALSE,N/A,inf,184.722719,6.433126814,184.6639691,6.422827365,FOVNotMatch,2003/4/1 6:18:43,SAT_19483,5.716271467,19.63914076,SAT_18328,5.557287661,19.75704606,SAT_04069,4.03131357,28.52744032
frame-r-003893-3-0022,1,Success,TRUE,SAT_11896,1.083945589,155.2810348,38.28229643,155.1662546,38.48669583,,2003/4/25 2:45:37,SAT_11896,5.449735132,1.083945589,SAT_24960,1.029899488,3.427043472,SAT_19139,4.333848202,38.2283911
frame-r-003893-2-0022,1,Success,TRUE,SAT_11896,1.355324135,155.4950423,37.89727863,155.3819722,38.10232738,,2003/4/25 2:45:37,SAT_11896,5.449735132,1.355324135,SAT_24960,1.029899488,3.698422019,SAT_19139,4.333848202,37.95701255
frame-r-003893-4-0022,1,Success,TRUE,SAT_11896,0.985706465,155.0647301,38.66679182,154.9481962,38.87224865,,2003/4/25 2:45:37,SAT_11896,5.449735132,0.985706465,SAT_24960,1.029899488,3.328804348,SAT_19139,4.333848202,38.32663023
frame-r-003893-1-0022,1,Success,TRUE,SAT_11896,1.401103342,155.7077901,37.5110314,155.5949785,37.71713316,,2003/4/25 2:45:37,SAT_11896,5.449735132,1.401103342,SAT_24960,1.029899488,3.744201225,SAT_19139,4.333848202,37.91123335
frame-r-003893-5-0105,1,No match,FALSE,N/A,inf,170.7583583,42.23938392,170.7277038,42.46343314,FOVNotMatch,2003/4/25 3:35:11,SAT_737U0,3.413194046,60.81315622,SAT_4790U,2.782030341,68.57925377,SAT_13875,10.10691605,N/A
frame-r-003893-6-0073,1,No match,FALSE,N/A,inf,164.3423497,41.68159355,164.3942752,41.86782909,FOVNotMatch,2003/4/25 3:16:04,SAT_21890,3.700660368,39.54819039,SAT_13875,13.04048051,N/A,SAT_22674,11.77926834,N/A
frame-r-003893-4-0074,1,No match,FALSE,N/A,inf,164.7129395,40.88560063,164.6760705,40.94486542,FOVNotMatch,2003/4/25 3:16:40,SAT_21890,3.700660368,76.47329147,SAT_13875,13.04048051,N/A,SAT_22674,11.77926834,N/A
frame-r-003893-2-0047,1,No match,FALSE,N/A,inf,159.9294789,39.15548508,159.8318192,39.17198227,FOVNotMatch,2003/4/25 3:00:33,SAT_22469,3.616945378,30.73387426,SAT_24960,2.785445867,52.20055547,SAT_19754,5.173156047,54.21645578
frame-r-003893-1-0030,1,Success,TRUE,SAT_7823U,2.963244489,157.06813,37.87963984,157.0345294,38.02754621,,2003/4/25 2:50:24,SAT_7823U,3.490241806,2.963244489,SAT_07823,3.486891706,2.963931282,SAT_25097,2.368895653,11.56577534
frame-r-003893-5-0313,1,No match,FALSE,N/A,inf,212.2781945,39.85488076,212.490473,39.94012632,FOVNotMatch,2003/4/25 5:39:22,SAT_22181,3.957607331,36.02105184,SAT_27707,14.78036766,N/A,SAT_10455,12.57649792,N/A
frame-r-003894-5-0296,1,Success,TRUE,SAT_13901,2.722488281,248.1607772,6.37449193,248.0859547,6.351642127,,2003/4/25 10:19:08,SAT_13901,5.003771425,2.722488281,SAT_23468,4.916246553,22.21090775,SAT_21709,2.894345358,89.74678847
frame-r-003900-5-0112,1,No match,FALSE,N/A,inf,137.7915962,30.17713412,137.743384,30.1918371,FOVNotMatch,2003/4/26 3:38:11,SAT_00011,2.049413469,40.5214215,SAT_11U00,2.049932298,40.59586035,SAT_16454,5.533709691,41.7151613
frame-r-003900-4-0096,1,No match,FALSE,N/A,inf,135.6783503,28.66737396,135.5233886,28.73469541,FOVNotMatch,2003/4/26 3:28:38,SAT_27605,0.33312585,14.04688583,SAT_23486,2.021702421,21.7626317,SAT_1001U,5.648689696,43.07108599
frame-r-003900-4-0097,1,No match,FALSE,N/A,inf,135.8461963,28.87007306,135.7814892,28.89823579,FOVNotMatch,2003/4/26 3:29:13,SAT_27605,0.33312585,13.96512593,SAT_23486,2.021702421,21.6808718,SAT_1001U,5.648689696,43.15284589
frame-r-003900-3-0144,1,Success,TRUE,SAT_13205,0.239933216,143.1752006,31.59268859,143.2462741,31.82158136,,2003/4/26 3:57:17,SAT_13205,4.02033196,0.239933216,SAT_12644,3.871519089,11.07934474,SAT_04178,5.98053394,55.37762292
frame-r-003900-2-0232,1,Success,TRUE,SAT_02253,1.773094401,158.1622961,35.94139917,158.1344836,36.16572419,,2003/4/26 4:49:50,SAT_02253,5.302906486,1.773094401,SAT_2253U,5.295526375,1.801368646,SAT_15698,0.05034611,22.16466675
frame-r-003900-4-0397,1,No match,FALSE,N/A,inf,189.4565243,39.9071141,189.3214601,40.1365539,FOVNotMatch,2003/4/26 6:28:21,SAT_27651,12.57981551,N/A,SAT_22181,15.43520641,N/A,SAT_22178,10.21462257,N/A
frame-r-003900-5-0398,1,No match,FALSE,N/A,inf,189.5931681,40.32199744,189.4834318,40.50906588,FOVNotMatch,2003/4/26 6:28:56,SAT_27651,12.57981551,N/A,SAT_22181,15.43520641,N/A,SAT_22178,10.21462257,N/A
frame-r-003900-5-0399,1,No match,FALSE,N/A,inf,189.8916333,40.46568416,189.8504288,40.5366331,FOVNotMatch,2003/4/26 6:29:32,SAT_27651,12.57981551,N/A,SAT_22181,15.43520641,N/A,SAT_22178,10.21462257,N/A
frame-r-003900-4-0416,1,No match,FALSE,N/A,inf,193.060814,39.93824874,192.9592526,39.85619611,FOVNotMatch,2003/4/26 6:39:41,SAT_26789,3.888400347,64.27343886,SAT_21352,1.916718222,80.78525272,SAT_25847,9.952111078,N/A
frame-r-003900-6-0461,1,No match,FALSE,N/A,inf,201.8828611,39.60909262,201.8360586,39.84495852,FOVNotMatch,2003/4/26 7:06:33,SAT_13904,5.982847343,35.58439312,SAT_15271,0.025426956,39.09211669,SAT_2796U,7.529741478,N/A
frame-r-003903-4-0107,1,No match,FALSE,N/A,inf,197.2225714,9.987318332,197.3546745,10.20743006,FOVNotMatch,2003/4/27 3:40:54,SAT_26106,1.907254378,50.87505854,SAT_1857U,1.598390886,70.41156226,SAT_01857,1.615222834,71.2773608
frame-r-003903-3-0056,1,No match,FALSE,N/A,inf,189.484648,9.760081966,189.4524458,9.86216837,FOVNotMatch,2003/4/27 3:10:26,SAT_10845,3.968674467,10.88844408,SAT_8609U,4.953209518,11.77906502,SAT_4069U,5.610882179,53.47156755
frame-r-003903-5-0060,1,No match,FALSE,N/A,inf,190.2291409,10.58808403,190.1267342,10.81427893,FOVNotMatch,2003/4/27 3:12:50,SAT_10845,3.968674467,17.60431058,SAT_8609U,4.953209518,18.49493152,SAT_4069U,5.610882179,46.75570105
frame-r-003903-4-0049,1,No match,FALSE,N/A,inf,188.5341895,10.19108201,188.5539772,10.40798787,FOVNotMatch,2003/4/27 3:06:16,SAT_07052,0.128372036,8.515094111,SAT_7052U,0.12615224,8.515459104,SAT_9654U,3.80142127,29.15823415
frame-r-003905-1-0025,1,No match,FALSE,N/A,inf,203.4035605,6.09703913,203.5266054,6.187589637,FOVNotMatch,2003/4/27 7:18:44,SAT_22198,3.734166847,41.98567367,SAT_26626,5.89354215,73.41504954,SAT_2514U,16.3052823,N/A
frame-r-003918-2-0118,1,Success,TRUE,SAT_7080U,1.319357139,210.9083394,48.84816499,211.1190718,49.03558305,,2003/4/29 3:51:24,SAT_7080U,3.44099671,1.319357139,SAT_07080,3.448497842,1.408436942,SAT_8895U,2.44645056,2.929952
frame-r-003918-6-0127,1,Success,TRUE,SAT_25054,3.224178375,213.8670301,49.96201107,213.7539292,49.97374737,,2003/4/29 3:56:46,SAT_25054,5.697886921,3.224178375,SAT_26500,0.04627653,27.01296537,SAT_06126,2.568789216,54.96153694
frame-r-003918-6-0128,1,Success,TRUE,SAT_25054,3.507683835,214.2040143,49.85645843,213.9476104,49.88395867,,2003/4/29 3:57:22,SAT_25054,5.697886921,3.507683835,SAT_26500,0.04627653,26.72945991,SAT_06126,2.568789216,55.2450424
frame-r-003918-6-0128,2,Success,TRUE,SAT_25054,0.17609853,214.1932076,50.04966817,214.0608114,50.05824911,,2003/4/29 3:57:22,SAT_25054,5.697886921,0.17609853,SAT_26500,0.04627653,30.41324228,SAT_06126,2.568789216,51.56126003
frame-r-003918-6-0129,1,Success,TRUE,SAT_25054,3.169484168,214.3968236,49.76595874,214.3427872,49.77155499,,2003/4/29 3:57:58,SAT_25054,5.697886921,3.169484168,SAT_26500,0.04627653,27.06765958,SAT_06126,2.568789216,54.90684273
frame-r-003918-6-0129,2,Success,TRUE,SAT_25054,0.271696569,214.511127,49.94040548,214.262673,49.95627442,,2003/4/29 3:57:58,SAT_25054,5.697886921,0.271696569,SAT_26500,0.04627653,30.50884031,SAT_06126,2.568789216,51.46566199
frame-r-003918-4-0185,1,No match,FALSE,N/A,inf,224.8472585,45.24244454,225.0155952,45.36232659,FOVNotMatch,2003/4/29 4:31:24,SAT_17267,4.98209757,16.44445753,SAT_25998,0.128820576,24.39000721,SAT_27597,12.3155951,N/A
frame-r-003918-2-0186,1,No match,FALSE,N/A,inf,224.3881652,44.4969823,224.5842894,44.63977725,FOVNotMatch,2003/4/29 4:32:00,SAT_17267,4.98209757,16.17700199,SAT_25998,0.128820576,24.12255167,SAT_27597,12.3155951,N/A
frame-r-003918-6-0150,1,No match,FALSE,N/A,inf,218.7525926,48.59805507,218.5995571,48.49863129,FOVNotMatch,2003/4/29 4:10:30,SAT_21343,4.782543586,7.778693455,SAT_10876,5.582978625,10.11002415,SAT_14741,1.854808209,22.93166308
frame-r-003918-5-0151,1,No match,FALSE,N/A,inf,218.5260925,48.055618,218.7822379,48.22237697,FOVNotMatch,2003/4/29 4:11:06,SAT_21343,4.782543586,7.949058792,SAT_10876,5.582978625,10.28038949,SAT_14741,1.854808209,23.10202842
frame-r-003919-5-0187,1,No match,FALSE,N/A,inf,232.7799061,32.10282973,232.9417892,32.28178239,FOVNotMatch,2003/4/29 8:58:52,SAT_8889U,4.517525121,12.38807586,SAT_9953U,2.089679061,65.60140809,SAT_25158,2.369524996,83.07880899
frame-r-003925-2-0047,1,No match,FALSE,N/A,inf,186.7153342,39.40548265,186.6642891,39.43312087,FOVNotMatch,2003/5/1 3:29:27,SAT_9722U,4.296209189,40.44578615,SAT_09722,4.394752989,40.92976683,SAT_26483,3.953534607,83.54642567
frame-r-003926-6-0062,1,No match,FALSE,N/A,inf,235.8912888,35.64070024,235.8233425,35.59362338,FOVNotMatch,2003/5/1 6:59:42,SAT_18704,0.039976766,29.56539323,SAT_26970,2.681823725,75.74804577,SAT_19554,8.06509331,N/A
frame-r-003926-6-0123,1,No match,FALSE,N/A,inf,244.7148091,30.0627309,244.7402609,30.17687248,FOVNotMatch,2003/5/1 7:36:08,SAT_26970,2.169675069,34.61694873,SAT_7780U,1.856768603,36.19482265,SAT_25935,0.098936345,55.80357436
frame-r-003926-6-0105,1,No match,FALSE,N/A,inf,242.2663155,31.89051901,242.1702271,31.90904521,FOVNotMatch,2003/5/1 7:25:23,SAT_7780U,1.506672785,51.08448922,SAT_26970,3.361485462,52.9374031,SAT_18602,2.077497737,54.1350867
frame-r-003926-4-0126,1,No match,FALSE,N/A,inf,244.4715051,29.09943738,244.2699492,29.14216254,FOVNotMatch,2003/5/1 7:37:55,SAT_2971U,4.742066148,12.62118574,SAT_25935,1.529026657,32.72630733,SAT_7780U,0.058234401,51.58426569
frame-r-003957-3-0017,1,No match,FALSE,N/A,inf,217.8985474,47.09790671,218.0214422,47.30678194,FOVNotMatch,2003/5/28 3:49:17,SAT_27622,4.021744697,7.644278168,SAT_27621,2.737350625,9.553732507,SAT_20233,2.741771459,13.85095268
frame-r-003957-4-0017,1,No match,FALSE,N/A,inf,218.1278968,47.4883234,218.2529342,47.69747016,FOVNotMatch,2003/5/28 3:49:17,SAT_27622,4.021744697,7.474450416,SAT_27621,2.737350625,9.383904754,SAT_20233,2.741771459,13.68112493
frame-r-003957-4-0018,1,No match,FALSE,N/A,inf,218.6164061,47.50747934,218.6525622,47.5664969,FOVNotMatch,2003/5/28 3:49:53,SAT_27622,4.021744697,6.963072491,SAT_27621,2.737350625,8.872526829,SAT_20233,2.741771459,13.169747
frame-r-003964-2-0074,1,No match,FALSE,N/A,inf,222.331414,45.1589224,222.1661563,45.28408747,FOVNotMatch,2003/5/29 3:49:05,SAT_26970,3.371249082,11.29283153,SAT_879U0,0.528894987,38.34454471,SAT_10455,5.954236651,70.68483869
frame-r-003964-1-0183,1,No match,FALSE,N/A,inf,239.5325607,35.43313734,239.6158576,35.43935689,FOVNotMatch,2003/5/29 4:54:10,SAT_4685U,4.52311944,55.58715294,SAT_18704,4.700645982,64.9791685,SAT_02375,3.637080154,76.65923763
frame-r-003964-2-0219,1,No match,FALSE,N/A,inf,244.8198932,32.27073538,244.6899938,32.30918017,FOVNotMatch,2003/5/29 5:15:39,SAT_27542,4.64964573,76.65166374,SAT_19554,4.051518568,87.78039246,SAT_26970,9.202949437,N/A
frame-r-003964-1-0106,1,No match,FALSE,N/A,inf,227.6415798,42.284979,227.7178375,42.51568536,FOVNotMatch,2003/5/29 4:08:11,SAT_2796U,1.223825835,6.049602538,SAT_02796,1.224328916,6.053104728,SAT_10455,4.511680323,20.35370906
frame-r-003964-3-0108,1,No match,FALSE,N/A,inf,228.6157929,42.82076227,228.6961313,43.05047754,FOVNotMatch,2003/5/29 4:09:23,SAT_2796U,1.223825835,6.694347935,SAT_02796,1.224328916,6.697850125,SAT_10455,4.511680323,19.70896367
frame-r-003964-3-0134,1,Success,TRUE,SAT_14612,4.135528381,232.8301015,40.78666861,232.9344002,40.86976675,,2003/5/29 4:24:54,SAT_14612,1.112220325,4.135528381,SAT_18793,3.349595565,8.578773285,SAT_4982U,0.053631741,14.85690992
frame-r-003964-5-0302,1,No match,FALSE,N/A,inf,255.5494956,24.07698669,255.6316971,24.1035503,FOVNotMatch,2003/5/29 6:05:13,SAT_17660,2.952297104,22.18606141,SAT_10894,4.48577453,25.34708351,SAT_23512,4.281801934,41.42666513
frame-r-003970-4-0035,1,No match,FALSE,N/A,inf,186.8889045,15.02151713,186.9639676,15.21314704,FOVNotMatch,2003/5/30 3:30:24,SAT_14408,3.47962511,20.73545265,SAT_3615U,0.104997213,48.6958531,SAT_03615,0.101886035,48.6968039
frame-r-003970-5-0107,1,No match,FALSE,N/A,inf,198.0332326,15.07115637,198.1211073,15.26750319,FOVNotMatch,2003/5/30 4:13:24,SAT_8593U,0.62594116,5.757120963,SAT_26113,3.118931004,40.88335475,SAT_404U0,2.509560949,55.65926505
frame-r-003970-4-0108,1,No match,FALSE,N/A,inf,198.2117241,14.7602,198.2475126,14.84010826,FOVNotMatch,2003/5/30 4:13:59,SAT_8593U,0.62594116,5.80807347,SAT_26113,3.118931004,40.93430726,SAT_404U0,2.509560949,55.71021756
frame-r-003970-5-0108,1,No match,FALSE,N/A,inf,198.3322533,15.03022088,198.3593069,15.09035356,FOVNotMatch,2003/5/30 4:14:00,SAT_8593U,0.62594116,5.877294654,SAT_26113,3.118931004,41.00352844,SAT_404U0,2.509560949,55.77943874
frame-r-003983-3-0030,1,No match,FALSE,N/A,inf,224.880269,37.0326428,224.7780464,37.08244928,FOVNotMatch,2003/6/7 7:46:15,SAT_10842,1.614398186,22.55108344,SAT_22241,15.28933494,N/A,SAT_11079,17.41089552,N/A
frame-r-003983-6-0101,1,No match,FALSE,N/A,inf,236.706056,32.81766053,236.8659418,32.97624301,FOVNotMatch,2003/6/7 8:28:39,SAT_21750,2.862132425,47.12207253,SAT_22971,1.645552662,71.18301801,SAT_11133,0.05157821,73.77337824
frame-r-003972-6-0114,1,No match,FALSE,N/A,inf,241.2392408,9.493007801,241.1010367,9.587070532,FOVNotMatch,2003/5/30 8:36:43,SAT_10616,5.126455336,21.55439658,SAT_21695,5.120334765,29.0869347,SAT_26973,5.581720351,42.60472503
frame-r-003992-3-0104,1,No match,FALSE,N/A,inf,237.1646381,31.01599937,237.2322541,31.07140025,FOVNotMatch,2003/6/21 6:27:33,SAT_22277,3.278367991,60.22815405,SAT_09980,5.051056536,68.80934878,SAT_9980U,5.053376028,68.81094442
frame-r-003996-5-0101,1,No match,FALSE,N/A,inf,219.5197046,13.08470901,219.4844283,13.31609506,FOVNotMatch,2003/6/22 4:27:48,SAT_21847,1.320379092,9.546747328,SAT_13090,1.407030723,24.64244088,SAT_24501,1.355542433,44.8692348
frame-r-003996-1-0172,1,No match,FALSE,N/A,inf,229.8342485,9.691298939,230.0139767,9.886875246,FOVNotMatch,2003/6/22 5:10:12,SAT_8435U,0.120100018,69.97627813,SAT_08435,0.144857104,69.98388327,SAT_23048,15.8914707,N/A
frame-r-003996-6-0249,1,No match,FALSE,N/A,inf,241.8605961,9.455269161,241.6907903,9.452010464,FOVNotMatch,2003/6/22 5:56:10,SAT_13666,0.073637408,27.32449232,SAT_20025,0.791309203,68.15012872,SAT_16398,5.855694312,68.86074087
frame-r-004002-5-0204,1,No match,FALSE,N/A,inf,239.7291797,26.78466319,239.5850655,26.7904861,FOVNotMatch,2003/6/23 5:43:06,SAT_26048,5.955740328,12.62362744,SAT_15714,4.619559483,42.97914084,SAT_00420,2.696107091,51.51895274
frame-r-004003-5-0030,1,No match,FALSE,N/A,inf,248.6687117,24.46725561,248.9069523,24.57510563,FOVNotMatch,2003/6/23 7:20:16,SAT_05017,0.126973861,44.82361353,SAT_5017U,0.121842001,44.82414221,SAT_25330,5.689492112,79.77271454
frame-r-004010-6-0066,1,No match,FALSE,N/A,inf,223.1420994,32.07429404,223.3678123,32.17635789,FOVNotMatch,2003/6/25 4:08:06,SAT_21630,2.306789113,35.62354412,SAT_08144,4.926100271,82.03320424,SAT_8144U,4.927165565,82.03969325
frame-r-004010-6-0066,2,No match,FALSE,N/A,inf,223.3351274,32.13332552,223.3859344,32.14964255,FOVNotMatch,2003/6/25 4:08:06,SAT_21630,2.306789113,42.9518344,SAT_08144,4.926100271,74.70491395,SAT_8144U,4.927165565,74.71140297
frame-r-004011-4-0031,1,No match,FALSE,N/A,inf,236.7744513,59.81360173,236.5794107,59.94461216,FOVNotMatch,2003/6/25 6:46:41,SAT_22366,4.194412371,6.816317511,SAT_10155,2.313068484,11.93776528,SAT_12827,4.115095779,27.28691572
frame-r-004014-4-0039,1,No match,FALSE,N/A,inf,210.3669276,35.13204009,210.162523,34.99310924,FOVNotMatch,2003/6/26 3:52:34,SAT_14884,5.864053781,28.18756907,SAT_7477U,5.371049917,69.52969808,SAT_07477,5.371414471,69.53265677
frame-r-004014-2-0093,1,No match,FALSE,N/A,inf,219.2664371,31.83751236,219.3480856,31.8911152,FOVNotMatch,2003/6/26 4:24:48,SAT_22849,3.81480862,55.89571664,SAT_1576U,5.055699196,58.44762433,SAT_01576,5.05927652,58.44970228
frame-r-004072-3-0086,1,No match,FALSE,N/A,inf,356.4377825,40.91541089,356.5321226,40.87568102,FOVNotMatch,2003/8/21 8:33:29,SAT_25379,12.86526867,N/A,SAT_24938,16.00397223,N/A,SAT_21114,8.579751976,N/A
frame-r-004073-4-0055,1,No match,FALSE,N/A,inf,28.29971532,0.39335042,28.31719642,0.437706244,FOVNotMatch,2003/8/21 9:43:30,SAT_8286U,4.758318645,31.25174078,SAT_23089,3.538169856,35.25228036,SAT_27812,3.155435599,35.77699193
frame-r-004073-4-0056,1,No match,FALSE,N/A,inf,28.52576126,0.21341198,28.61243621,0.42773783,FOVNotMatch,2003/8/21 9:44:06,SAT_8286U,4.758318645,31.76078901,SAT_27812,3.155435599,35.2679437,SAT_23089,3.538169856,35.76132859
frame-r-004073-4-0058,1,Success,TRUE,SAT_23089,0.502860886,28.89117804,0.213295015,28.83416155,0.437864471,,2003/8/21 9:45:17,SAT_23089,3.538169856,0.502860886,SAT_8286U,4.758318645,4.503400465,SAT_27812,3.155435599,71.53213317
frame-r-004073-5-0058,1,Success,TRUE,SAT_23089,0.507536116,28.78449663,0.632704699,28.74866766,0.773766773,,2003/8/21 9:45:17,SAT_23089,3.538169856,0.507536116,SAT_8286U,4.758318645,4.508075694,SAT_27812,3.155435599,71.5368084
frame-r-004076-3-0157,1,Success,TRUE,SAT_8168U,1.920374156,282.138649,-2.025701714,282.1073618,-1.956835278,,2003/8/22 4:32:32,SAT_8168U,0.213997459,1.920374156,SAT_25405,5.462768326,40.22552163,SAT_21222,5.065666009,65.30392581
frame-r-004076-5-0141,1,No match,FALSE,N/A,inf,280.4255015,-0.058709118,280.5031091,0.001271179,FOVNotMatch,2003/8/22 4:22:59,SAT_01208,2.523825215,16.64438545,SAT_1208U,2.522224879,16.66273351,SAT_18938,2.515698312,35.86929335
frame-r-004128-1-0137,1,No match,FALSE,N/A,inf,2.178667235,-0.887484343,2.066395059,-0.820208068,FOVNotMatch,2003/9/26 6:51:39,SAT_14866,2.339273215,8.528914652,SAT_8331U,4.194962627,18.87294066,SAT_08746,5.934569962,19.40378262
frame-r-004128-4-0243,1,No match,FALSE,N/A,inf,17.95541295,0.213212722,18.04744678,0.326480394,FOVNotMatch,2003/9/26 7:54:56,SAT_8366U,2.543101869,34.47649375,SAT_10953,5.302681425,35.60136228,SAT_4902U,2.190867424,36.48530979
frame-r-004128-3-0352,1,No match,FALSE,N/A,inf,34.23788138,-0.206259991,34.36641001,-0.093598926,FOVNotMatch,2003/9/26 9:00:01,SAT_10411,4.138859584,12.5170419,SAT_26644,1.220578358,12.59415243,SAT_08882,5.38748684,26.03695836
frame-r-004128-5-0356,1,No match,FALSE,N/A,inf,34.91458865,0.802348406,34.80338601,0.760802812,FOVNotMatch,2003/9/26 9:02:24,SAT_08882,5.38748684,5.288419913,SAT_8882U,5.390156302,5.288600349,SAT_8366U,3.577287218,5.649151757
frame-r-004134-6-0214,1,Success,TRUE,SAT_7376U,0.069762838,342.6613211,66.17418939,342.8667148,66.25666305,,2003/9/27 4:03:11,SAT_7376U,5.974254652,0.069762838,SAT_07376,5.9623427,0.090456933,SAT_20649,4.660953241,7.643900534
frame-r-004128-1-0473,1,Success,TRUE,SAT_23237,4.467122167,52.48314599,-0.887958976,52.45125013,-0.883931102,,2003/9/26 10:12:16,SAT_23237,2.612473996,4.467122167,SAT_26352,5.720158291,6.998112379,SAT_24315,5.00448569,7.182253568
frame-r-004136-3-0051,1,No match,FALSE,N/A,inf,34.89042463,-0.282003427,35.01225498,-0.228622681,FOVNotMatch,2003/9/27 9:59:00,SAT_08882,2.898657657,8.404406309,SAT_8882U,2.900313049,8.404550218,SAT_20801,4.85625142,8.727266417
frame-r-004136-2-0149,1,No match,FALSE,N/A,inf,49.52206724,-0.703279076,49.57483853,-0.604459932,FOVNotMatch,2003/9/27 10:57:31,SAT_27467,3.203635847,7.404287668,SAT_26393,4.875231951,48.25243048,SAT_16250,0.079681264,50.137513
frame-r-004136-4-0166,1,Success,TRUE,SAT_14133,0.078438289,52.13637139,0.176828021,52.23058364,0.193186764,,2003/9/27 11:07:40,SAT_14133,4.771501371,0.078438289,SAT_26808,2.725345448,0.539725642,SAT_18631,4.695464975,1.4388446
frame-r-004143-4-0121,1,Success,TRUE,SAT_03121,0.121417753,320.659449,74.2518634,320.6846303,74.37310909,,2003/9/28 3:30:25,SAT_03121,0.675245286,0.121417753,SAT_3121U,0.675565482,0.123430286,SAT_20596,5.160538128,48.56371461
frame-r-004145-3-0139,1,Success,TRUE,SAT_5721U,0.981620974,4.391438414,-0.214673091,4.308721677,-0.192060324,,2003/9/28 7:14:10,SAT_5721U,2.915592734,0.981620974,SAT_05721,2.918710521,0.983486882,SAT_18272,0.54925119,7.304362737
frame-r-004145-6-0241,1,No match,FALSE,N/A,inf,19.69393329,0.863422707,19.53095136,0.909992826,FOVNotMatch,2003/9/28 8:15:04,SAT_2866U,1.797160013,26.51296509,SAT_02866,1.815385487,26.51560735,SAT_4902U,5.415366126,29.32013309
frame-r-004145-6-0242,1,No match,FALSE,N/A,inf,19.84339183,0.906454901,19.68077067,0.952392365,FOVNotMatch,2003/9/28 8:15:40,SAT_2866U,1.797160013,26.34048024,SAT_02866,1.815385487,26.3431225,SAT_4902U,5.415366126,29.14764824
frame-r-004145-6-0245,1,No match,FALSE,N/A,inf,20.29278317,1.033767733,20.17506334,1.067098459,FOVNotMatch,2003/9/28 8:17:27,SAT_2866U,1.797160013,26.37575801,SAT_02866,1.815385487,26.37840027,SAT_4902U,5.415366126,29.182926
frame-r-004145-4-0424,1,Success,TRUE,SAT_15827,3.346296086,46.98761428,0.002946423,47.01903926,0.227651423,,2003/9/28 10:04:20,SAT_15827,2.448568578,3.346296086,SAT_27617,5.125440949,28.22062311,SAT_23048,3.969108495,29.35092731
frame-r-004145-4-0424,2,Success,TRUE,SAT_02866,2.658697019,46.96599882,0.122446923,46.92958616,0.117192776,,2003/9/28 10:04:20,SAT_02866,5.80870856,2.658697019,SAT_2866U,5.818411901,2.665345495,SAT_11153,3.154877671,4.178520602
frame-r-004145-4-0425,1,Success,TRUE,SAT_11153,4.063497429,47.07917788,0.095446041,47.24206198,0.119039006,,2003/9/28 10:04:56,SAT_11153,2.335122031,4.063497429,SAT_15139,2.001296414,4.151317796,SAT_19483,5.200501303,4.350165468
frame-r-004153-5-0059,1,No match,FALSE,N/A,inf,352.0885196,0.643942666,351.925294,0.660533147,FOVNotMatch,2003/9/29 6:31:15,SAT_3292U,2.181980491,13.23268434,SAT_9998U,3.07146778,15.7420303,SAT_23401,5.301971241,76.77720209
frame-r-004153-2-0041,1,No match,FALSE,N/A,inf,349.2982854,-0.624345103,349.2305941,-0.61168113,FOVNotMatch,2003/9/29 6:20:30,SAT_23313,4.836627619,10.53159527,SAT_26402,5.260503278,10.54057701,SAT_26724,5.313686238,10.57690449
frame-r-004153-2-0043,1,No match,FALSE,N/A,inf,349.6927422,-0.586518285,349.5308757,-0.556902109,FOVNotMatch,2003/9/29 6:21:42,SAT_23313,4.836627619,10.30338414,SAT_26402,5.260503278,10.31236588,SAT_26724,5.313686238,10.34869336
frame-r-004153-2-0045,1,No match,FALSE,N/A,inf,349.9926599,-0.532004016,349.8296637,-0.501684634,FOVNotMatch,2003/9/29 6:22:53,SAT_23313,4.836627619,10.47208289,SAT_26402,5.260503278,10.48106462,SAT_26724,5.313686238,10.51739211
frame-r-004157-2-0166,1,Success,TRUE,SAT_25151,2.920589049,43.5198293,-0.476345249,43.40802838,-0.483686574,,2003/9/30 9:07:07,SAT_25151,4.551748297,2.920589049,SAT_23237,1.23355754,3.386599712,SAT_24713,5.194713534,3.747826857
frame-r-004157-2-0167,1,Success,TRUE,SAT_25151,2.852166085,43.72013941,-0.48294072,43.59501297,-0.491006994,,2003/9/30 9:07:43,SAT_25151,4.551748297,2.852166085,SAT_23237,1.23355754,3.318176747,SAT_24713,5.194713534,3.679403893
frame-r-004158-1-0046,1,No match,FALSE,N/A,inf,80.93332444,-1.253996845,80.81416829,-1.192296115,FOVNotMatch,2003/9/30 10:45:49,SAT_3292U,4.316695563,21.21911833,SAT_24936,5.993386583,27.37845443,SAT_27445,5.425706205,27.38147303
frame-r-004184-6-0138,1,No match,FALSE,N/A,inf,322.3370507,1.051230891,322.3686953,1.142125549,FOVNotMatch,2003/10/17 3:03:33,SAT_15270,5.624624467,7.311521219,SAT_3616U,0.134868556,41.54287039,SAT_03616,0.135397404,41.54290139
frame-r-004184-2-0182,1,Success,TRUE,SAT_8791U,1.801486833,328.9110597,-0.626747046,328.8363075,-0.420751599,,2003/10/17 3:29:49,SAT_8791U,3.678472451,1.801486833,SAT_08791,3.668577586,1.803477368,SAT_17765,5.497798157,5.202792475
frame-r-004184-1-0182,1,Success,TRUE,SAT_8791U,1.949334218,328.9988609,-0.867455822,328.9823409,-0.821565551,,2003/10/17 3:29:49,SAT_8791U,3.678472451,1.949334218,SAT_08791,3.668577586,1.951324753,SAT_17765,5.497798157,5.35063986
frame-r-004192-4-0103,1,No match,FALSE,N/A,inf,322.2411587,0.031907928,322.0777841,0.07287951,FOVNotMatch,2003/10/19 2:45:25,SAT_23715,5.831664411,6.445989497,SAT_21726,5.69330445,13.76524623,SAT_23846,5.040079865,14.02188652
frame-r-004192-2-0239,1,No match,FALSE,N/A,inf,342.4366149,-0.799215773,342.5234857,-0.611709053,FOVNotMatch,2003/10/19 4:06:37,SAT_10290,3.276298762,40.90012273,SAT_3623U,5.989960299,49.32680702,SAT_4353U,5.836081474,49.92931978
frame-r-004192-2-0240,1,No match,FALSE,N/A,inf,342.7186205,-0.836496405,342.7496535,-0.769541098,FOVNotMatch,2003/10/19 4:07:13,SAT_10290,3.276298762,40.90880725,SAT_3623U,5.989960299,49.31812251,SAT_4353U,5.836081474,49.92063527
frame-r-004192-6-0450,1,No match,FALSE,N/A,inf,14.11569686,0.841528223,14.02308395,0.882822015,FOVNotMatch,2003/10/19 6:12:36,SAT_22802,4.510821032,8.613013632,SAT_8747U,4.756146937,11.89929163,SAT_08747,4.75677201,11.89943926
frame-r-004198-2-0112,1,No match,FALSE,N/A,inf,322.6231064,-0.626494982,322.6887009,-0.458475622,FOVNotMatch,2003/10/22 2:36:04,SAT_09323,2.327466063,6.05858976,SAT_9323U,2.32388382,6.059533561,SAT_20455,4.747344347,19.01960277
frame-r-004198-3-0528,1,Success,TRUE,SAT_8366U,0.015976273,24.87162879,-0.107944288,24.96350415,-0.082778788,,2003/10/22 6:44:28,SAT_8366U,3.097777866,0.015976273,SAT_11571,3.772937813,0.074161101,SAT_14193,0.761926367,0.164726375
frame-r-004198-1-0566,1,No match,FALSE,N/A,inf,30.49852126,-0.947162551,30.49032294,-0.883151512,FOVNotMatch,2003/10/22 7:07:09,SAT_24296,5.034528295,12.38230738,SAT_17134,3.836224026,19.07550383,SAT_26737,3.63577856,36.74666355
frame-r-004198-1-0567,1,No match,FALSE,N/A,inf,30.79776991,-0.946541651,30.7814512,-0.821364798,FOVNotMatch,2003/10/22 7:07:45,SAT_24296,5.034528295,12.25328298,SAT_17134,3.836224026,19.20452822,SAT_26737,3.63577856,36.87568795
frame-r-004198-6-0579,1,No match,FALSE,N/A,inf,32.59828356,1.194500771,32.43576671,1.246672564,FOVNotMatch,2003/10/22 7:14:55,SAT_23238,3.316328195,16.70351347,SAT_23241,2.623636325,22.29913902,SAT_4353U,4.432119929,28.70832672
frame-r-004198-2-0679,1,Success,TRUE,SAT_23238,0.942775582,47.50857568,-0.616599507,47.40715677,-0.606822392,,2003/10/22 8:14:37,SAT_23238,3.612842502,0.942775582,SAT_26352,4.83616079,5.357566145,SAT_24315,5.865848672,5.467504644
frame-r-004203-6-0198,1,Success,TRUE,SAT_10748,3.180501794,329.1219412,0.903801391,329.0605949,1.066052439,,2003/10/23 3:08:29,SAT_10748,4.082651067,3.180501794,SAT_21499,0.385687886,35.62062164,SAT_11896,0.05886535,41.42080873
frame-r-004203-3-0292,1,No match,FALSE,N/A,inf,343.193325,-0.416046211,343.0305781,-0.397833036,FOVNotMatch,2003/10/23 4:04:36,SAT_21726,5.412661121,6.20766011,SAT_23846,5.49120765,6.331460999,SAT_26402,5.152262703,6.350610177
frame-r-004203-3-0293,1,No match,FALSE,N/A,inf,343.3432751,-0.399298517,343.1800358,-0.380731407,FOVNotMatch,2003/10/23 4:05:12,SAT_21726,5.412661121,6.311215644,SAT_23846,5.49120765,6.435016534,SAT_26402,5.152262703,6.454165711
frame-r-004203-3-0298,1,No match,FALSE,N/A,inf,344.0917778,-0.31545852,343.9285307,-0.297505677,FOVNotMatch,2003/10/23 4:08:11,SAT_21726,5.412661121,6.097923696,SAT_23846,5.49120765,6.221724585,SAT_26402,5.152262703,6.240873763
frame-r-004203-3-0301,1,No match,FALSE,N/A,inf,344.5409872,-0.265617943,344.3776292,-0.247467044,FOVNotMatch,2003/10/23 4:09:59,SAT_21726,5.416685508,6.171415986,SAT_23846,5.491854404,6.286904976,SAT_26402,5.153186913,6.306358
frame-r-004203-3-0303,1,No match,FALSE,N/A,inf,344.840141,-0.232613636,344.6776472,-0.214666692,FOVNotMatch,2003/10/23 4:11:11,SAT_21726,5.416685508,6.133803596,SAT_23846,5.491854404,6.249292586,SAT_26402,5.153186913,6.26874561
frame-r-004203-3-0304,1,No match,FALSE,N/A,inf,344.9895831,-0.215989891,344.826978,-0.198041219,FOVNotMatch,2003/10/23 4:11:46,SAT_21726,5.416685508,6.130119905,SAT_23846,5.491854404,6.245608895,SAT_26402,5.153186913,6.265061919
frame-r-004203-6-0384,1,Success,TRUE,SAT_21854,4.602671506,356.8845441,1.010800261,356.8024297,1.018120899,,2003/10/23 4:59:32,SAT_21854,4.174813401,4.602671506,SAT_15698,3.197586394,4.611735252,SAT_963U0,0.443190346,4.911167221
frame-r-004203-6-0385,1,Success,TRUE,SAT_21854,4.557677823,357.1155001,1.017039552,356.9523862,1.031452308,,2003/10/23 5:00:08,SAT_21854,4.174813401,4.557677823,SAT_15698,3.197586394,4.56674157,SAT_963U0,0.443190346,4.866173538
frame-r-004203-6-0387,1,Success,TRUE,SAT_21854,4.660191943,357.4142886,1.043321631,357.251664,1.057984275,,2003/10/23 5:01:20,SAT_21854,4.174813401,4.660191943,SAT_15698,3.197586394,4.669255689,SAT_963U0,0.443190346,4.968687658
frame-r-004203-6-0388,1,Success,TRUE,SAT_21854,4.525906575,357.5644672,1.056270842,357.4545077,1.065925325,,2003/10/23 5:01:56,SAT_21854,4.174813401,4.525906575,SAT_15698,3.197586394,4.534970321,SAT_963U0,0.443190346,4.83440229
frame-r-004203-2-0399,1,No match,FALSE,N/A,inf,359.1364066,-0.836144472,359.0805762,-0.669362627,FOVNotMatch,2003/10/23 5:08:30,SAT_19664,1.008719588,20.67786842,SAT_21007,1.392402161,37.34719889,SAT_15698,5.798950859,37.85349022
frame-r-004203-4-0672,1,No match,FALSE,N/A,inf,40.08050588,0.124833667,40.02208514,0.001972176,FOVNotMatch,2003/10/23 7:51:30,SAT_15827,5.993173949,13.99207359,SAT_11147,1.890615318,47.01520287,SAT_23044,5.860448929,47.30718174
frame-r-004207-2-0315,1,Success,TRUE,SAT_12372,4.724853513,351.5309621,-0.626319152,351.5191156,-0.561682514,,2003/10/24 4:25:41,SAT_12372,1.73933,4.724853513,SAT_17264,4.592777658,10.92678351,SAT_10893,2.000271244,11.94471132
frame-r-004207-6-0394,1,Success,TRUE,SAT_25624,1.814650955,3.464828658,1.233673087,3.301947069,1.254707785,,2003/10/24 5:12:51,SAT_25624,5.810614588,1.814650955,SAT_8747U,5.313195889,4.158309607,SAT_22098,0.031762298,7.23066271
frame-r-004207-6-0395,1,Success,TRUE,SAT_25624,1.831094512,3.614798131,1.252942018,3.531209873,1.263712252,,2003/10/24 5:13:27,SAT_25624,5.810614588,1.831094512,SAT_8747U,5.313195889,4.174753164,SAT_22098,0.031762298,7.214219153
frame-r-004207-1-0399,1,Success,TRUE,SAT_8746U,2.81057247,4.214242474,-0.847931959,4.10988775,-0.820855322,,2003/10/24 5:15:50,SAT_8746U,5.94896222,2.81057247,SAT_8747U,4.42225461,2.94675062,SAT_21726,5.228375725,14.50375774
frame-r-004207-6-0406,1,Success,TRUE,SAT_2864U,3.587259011,5.202424446,1.255902369,5.098449853,1.2625026,,2003/10/24 5:20:01,SAT_2864U,4.930393864,3.587259011,SAT_3432U,4.665114682,3.590233302,SAT_8747U,4.888902433,8.045219437
frame-r-004207-6-0407,1,Success,TRUE,SAT_2864U,3.425100665,5.411122881,1.261618765,5.289926245,1.268967972,,2003/10/24 5:20:37,SAT_2864U,4.930393864,3.425100665,SAT_3432U,4.665114682,3.428074956,SAT_22098,5.869084607,8.201595993
frame-r-004208-2-0161,1,No match,FALSE,N/A,inf,127.3726333,54.8707383,127.2396967,54.84526091,FOVNotMatch,2003/10/24 10:45:18,SAT_15714,5.472640946,17.80294581,SAT_12088,1.25497507,26.41338389,SAT_24840,0.708250286,42.09975791
frame-r-004208-2-0162,1,No match,FALSE,N/A,inf,127.5837567,55.08803543,127.257011,55.02663715,FOVNotMatch,2003/10/24 10:45:54,SAT_15714,5.472640946,17.55098175,SAT_12088,1.25497507,26.66534795,SAT_24840,0.708250286,42.35172196
frame-r-004208-1-0170,1,Success,TRUE,SAT_10757,1.078668441,129.4177098,55.79166208,129.2700305,55.64914054,,2003/10/24 10:50:41,SAT_10757,1.168562599,1.078668441,SAT_09651,1.728096056,48.04477928,SAT_9651U,1.720444454,48.1720825
frame-r-004208-1-0171,1,Success,TRUE,SAT_10757,0.956636555,129.6189108,55.89298207,129.4705856,55.75090557,,2003/10/24 10:51:16,SAT_10757,1.168562599,0.956636555,SAT_09651,1.728096056,47.92274739,SAT_9651U,1.720444454,48.05005061
frame-r-004208-1-0172,1,Success,TRUE,SAT_10757,0.749167331,129.8204622,55.99347347,129.6717435,55.85256201,,2003/10/24 10:51:52,SAT_10757,1.168562599,0.749167331,SAT_09651,1.728096056,47.71527817,SAT_9651U,1.720444454,47.84258139
frame-r-004208-1-0173,1,Success,TRUE,SAT_10757,0.559253498,129.8729408,55.9526141,130.0241305,56.0944202,,2003/10/24 10:52:28,SAT_10757,1.168562599,0.559253498,SAT_09651,1.728096056,47.52536434,SAT_9651U,1.720444454,47.65266756
frame-r-004208-2-0250,1,No match,FALSE,N/A,inf,146.3622927,64.23301264,146.2943336,64.23981876,FOVNotMatch,2003/10/24 11:38:27,SAT_21847,5.934001837,10.74858268,SAT_26970,4.23534335,13.15110778,SAT_20813,0.539738516,15.3513026
frame-r-004208-2-0250,2,Success,TRUE,SAT_9980U,3.273849798,146.1444657,64.39797764,145.96419,64.38486379,,2003/10/24 11:38:27,SAT_9980U,4.406842745,3.273849798,SAT_26970,4.23534335,9.377433914,SAT_4841U,3.640595291,9.458470289
frame-r-004208-2-0270,1,No match,FALSE,N/A,inf,152.2837424,66.06534952,151.971037,65.9593394,FOVNotMatch,2003/10/24 11:50:23,SAT_02180,0.172601083,5.706365742,SAT_23211,0.954566501,17.59071035,SAT_9980U,3.364095432,31.90076379
frame-r-004207-3-0538,1,No match,FALSE,N/A,inf,24.93879325,-0.118204509,24.85973671,-0.040990776,FOVNotMatch,2003/10/24 6:38:50,SAT_25117,5.192909366,32.89463649,SAT_26352,5.091043825,44.23450768,SAT_23846,5.298212282,44.30268105
frame-r-004208-4-0274,1,No match,FALSE,N/A,inf,152.4963675,67.09396687,152.3458325,67.11754545,FOVNotMatch,2003/10/24 11:52:46,SAT_20813,3.44818289,11.97274845,SAT_21847,3.01093854,13.4194519,SAT_26970,2.597804224,17.48305322
frame-r-004247-6-0056,1,No match,FALSE,N/A,inf,352.1400127,1.066473741,352.0516953,0.946619793,FOVNotMatch,2003/11/16 3:18:59,SAT_21854,5.940077832,17.00138677,SAT_26795,5.357927764,55.33937027,SAT_11054,5.312437866,59.70489094
frame-r-004247-6-0057,1,No match,FALSE,N/A,inf,352.3642257,0.964903059,352.2739449,0.84189305,FOVNotMatch,2003/11/16 3:19:34,SAT_21854,5.940077832,16.89272634,SAT_26795,5.357927764,55.4480307,SAT_11054,5.312437866,59.59623051
frame-r-004252-4-0046,1,Success,TRUE,SAT_18881,1.733790208,347.6950847,0.214271747,347.6498964,0.33376512,,2003/11/19 1:28:03,SAT_18881,4.512478913,1.733790208,SAT_10763,1.087406953,3.993277151,SAT_4786U,5.291474423,11.55262105
frame-r-004252-4-0047,1,Success,TRUE,SAT_18881,1.821650305,347.963034,0.297603321,347.9094216,0.438717197,,2003/11/19 1:28:39,SAT_18881,4.512478913,1.821650305,SAT_10763,1.087406953,4.081137248,SAT_4786U,5.291474423,11.46476095
frame-r-004252-5-0047,1,Success,TRUE,SAT_18881,1.882206408,347.8355542,0.633669485,347.7995238,0.728199914,,2003/11/19 1:28:39,SAT_18881,4.512478913,1.882206408,SAT_10763,1.087406953,4.14169335,SAT_4786U,5.291474423,11.40420485
frame-r-004252-5-0048,1,Success,TRUE,SAT_18881,1.773050848,348.1124128,0.692210142,348.093608,0.741830601,,2003/11/19 1:29:15,SAT_18881,4.512478913,1.773050848,SAT_10763,1.087406953,4.03253779,SAT_4786U,5.291474423,11.51336041
frame-r-004252-4-0093,1,No match,FALSE,N/A,inf,354.8323113,0.359400943,354.6854694,0.429762794,FOVNotMatch,2003/11/19 1:56:07,SAT_6764U,0.972510775,17.18073062,SAT_18597,4.629228025,17.28650013,SAT_26696,4.56210783,19.23628895
frame-r-004252-4-0094,1,No match,FALSE,N/A,inf,354.9983747,0.422689424,354.9655992,0.438901269,FOVNotMatch,2003/11/19 1:56:43,SAT_6764U,0.972510775,17.89713786,SAT_18597,4.629228025,18.00290738,SAT_26696,4.56210783,19.95269619
frame-r-004247-5-0150,1,Success,TRUE,SAT_17563,2.932927415,6.185749729,0.421751147,6.122955682,0.43617896,,2003/11/16 4:15:06,SAT_17563,5.588707316,2.932927415,SAT_3583U,2.531409843,4.30886488,SAT_03431,5.505493748,12.89542252
frame-r-004247-5-0152,1,Success,TRUE,SAT_17563,2.955596179,6.584012205,0.467312594,6.423103681,0.504216277,,2003/11/16 4:16:18,SAT_17563,5.588707316,2.955596179,SAT_3583U,2.531409843,4.286196116,SAT_03431,5.505493748,12.87275376
frame-r-004247-2-0096,1,No match,FALSE,N/A,inf,358.2022763,-0.722143856,358.0411403,-0.615133331,FOVNotMatch,2003/11/16 3:42:52,SAT_23313,4.730070934,33.55525986,SAT_23741,4.628598854,33.56010964,SAT_21726,5.544584856,33.56840375
frame-r-004247-4-0271,1,Success,TRUE,SAT_10478,4.097753847,24.37418085,0.118009934,24.23683748,0.13351623,,2003/11/16 5:27:21,SAT_10478,1.778120013,4.097753847,SAT_23741,5.477807309,6.424890762,SAT_23313,5.568936416,6.427104788
frame-r-004247-4-0272,1,Success,TRUE,SAT_10478,4.068666114,24.54930343,0.132083179,24.4515536,0.143069039,,2003/11/16 5:27:57,SAT_10478,1.778120013,4.068666114,SAT_23741,5.477807309,6.395803029,SAT_23313,5.568936416,6.398017054
frame-r-004247-2-0081,1,Success,TRUE,SAT_11054,3.786816809,355.9049703,-0.836094201,355.8281422,-0.61131934,,2003/11/16 3:33:54,SAT_11054,0.323111862,3.786816809,SAT_21007,0.008157352,37.76928371,SAT_14047,5.159592467,60.95087134
frame-r-004247-3-0082,1,Success,TRUE,SAT_11054,3.740904906,356.0607127,-0.4166353,355.9837388,-0.192007267,,2003/11/16 3:34:30,SAT_11054,0.323111862,3.740904906,SAT_21007,0.008157352,37.81519562,SAT_14047,5.159592467,60.90495943
frame-r-004247-6-0085,1,Success,TRUE,SAT_11054,3.717611406,356.5269025,0.842197519,356.4499206,1.066523343,,2003/11/16 3:36:17,SAT_11054,0.323111862,3.717611406,SAT_21007,0.008157352,37.83848912,SAT_14047,5.159592467,60.88166593
frame-r-004247-4-0141,1,Success,TRUE,SAT_17563,2.505842396,4.938845369,0.089762341,4.776104463,0.127031865,,2003/11/16 4:09:44,SAT_17563,5.731252111,2.505842396,SAT_21341,0.741558368,2.603121178,SAT_18120,2.230790933,4.031862864
frame-r-004247-4-0143,1,Success,TRUE,SAT_17563,2.390498231,5.237423575,0.158765303,5.074791908,0.196354426,,2003/11/16 4:10:55,SAT_17563,5.731252111,2.390498231,SAT_21341,0.741558368,2.718465343,SAT_18120,2.230790933,4.147207029
frame-r-004253-1-0049,1,No match,FALSE,N/A,inf,351.1533172,-1.045313463,351.2000862,-0.885775936,FOVNotMatch,2003/11/19 2:36:51,SAT_12694,4.082628447,24.50303104,SAT_10934,0.046415455,34.11525862,SAT_24640,5.03871443,36.33679724
frame-r-004253-2-0054,1,Success,TRUE,SAT_26511,1.973515413,351.9893821,-0.451573474,351.8265432,-0.412246192,,2003/11/19 2:39:50,SAT_26511,1.437375016,1.973515413,SAT_8746U,4.438801148,3.303433102,SAT_8747U,4.176802412,3.3862218
frame-r-004253-2-0055,1,Success,TRUE,SAT_26511,1.762092539,352.1389153,-0.415654031,352.0801625,-0.401234932,,2003/11/19 2:40:26,SAT_26511,1.437375016,1.762092539,SAT_8746U,4.438801148,3.514855976,SAT_8747U,4.176802412,3.597644674
frame-r-004253-3-0062,1,Success,TRUE,SAT_8746U,2.875010316,353.1869271,-0.164090816,353.0235556,-0.125237766,,2003/11/19 2:44:36,SAT_8746U,3.816097917,2.875010316,SAT_8747U,3.48895026,2.955513023,SAT_25824,5.685673993,4.588183513
frame-r-004253-3-0065,1,Success,TRUE,SAT_8746U,2.907940882,353.6359999,-0.057156469,353.4730272,-0.018299171,,2003/11/19 2:46:24,SAT_8746U,3.816097917,2.907940882,SAT_8747U,3.48895026,2.988443589,SAT_25824,5.685673993,4.621114079
frame-r-004253-3-0066,1,Success,TRUE,SAT_8746U,2.865271679,353.7854507,-0.021359515,353.6224633,0.01737306,,2003/11/19 2:47:00,SAT_8746U,3.816097917,2.865271679,SAT_8747U,3.48895026,2.945774386,SAT_25824,5.685673993,4.578444876
frame-r-004253-4-0075,1,Success,TRUE,SAT_8746U,2.543963527,355.1325428,0.297790844,354.9695417,0.336063327,,2003/11/19 2:52:22,SAT_8746U,4.689812761,2.543963527,SAT_8747U,4.351724086,2.622629971,SAT_25824,5.31940311,4.086563168
frame-r-004253-4-0076,1,Success,TRUE,SAT_8746U,2.588427724,355.282748,0.332857825,355.11926,0.371378378,,2003/11/19 2:52:58,SAT_8746U,4.689812761,2.588427724,SAT_8747U,4.351724086,2.667094169,SAT_25824,5.31940311,4.131027365
frame-r-004253-4-0077,1,Success,TRUE,SAT_8746U,2.623295383,355.4322068,0.368028042,355.2689742,0.406593141,,2003/11/19 2:53:34,SAT_8746U,4.689812761,2.623295383,SAT_8747U,4.351724086,2.701961827,SAT_25824,5.31940311,4.165895024
frame-r-004253-5-0084,1,Success,TRUE,SAT_19396,4.117632857,356.3988606,0.632494325,356.31724,0.651545675,,2003/11/19 2:57:44,SAT_19396,1.833543922,4.117632857,SAT_26352,5.962186587,13.15072985,SAT_8747U,3.078468947,13.17610727
frame-r-004253-1-0115,1,No match,FALSE,N/A,inf,0.958086652,-0.941702373,0.99130803,-0.846548239,FOVNotMatch,2003/11/19 3:16:15,SAT_04668,0.11377296,48.60947714,SAT_4668U,0.114668264,48.60971808,SAT_4902U,0.930934454,54.80278003
frame-r-004253-1-0116,1,No match,FALSE,N/A,inf,1.22129878,-1.045202645,1.270877813,-0.902647266,FOVNotMatch,2003/11/19 3:16:51,SAT_04668,0.11377296,48.5403933,SAT_4668U,0.114668264,48.54063424,SAT_4902U,0.930934454,54.87186387
frame-r-004263-5-0091,1,No match,FALSE,N/A,inf,356.3035279,0.421375366,356.2528346,0.451189123,FOVNotMatch,2003/11/20 3:06:34,SAT_10235,2.443995194,30.2646606,SAT_4902U,4.35515223,30.40686243,SAT_4353U,3.791086104,30.41063707
frame-r-004263-5-0205,1,Success,TRUE,SAT_2222U,0.918290959,13.48024783,0.567164258,13.31787947,0.560568578,,2003/11/20 4:14:38,SAT_2222U,2.462598229,0.918290959,SAT_24748,5.91065224,2.256095403,SAT_27501,5.934527656,2.29394249
frame-r-004263-5-0205,2,No match,FALSE,N/A,inf,13.37832357,0.42162327,13.31797907,0.455107579,FOVNotMatch,2003/11/20 4:14:38,SAT_26624,5.999685682,29.02768711,SAT_26402,5.972715509,29.05215251,SAT_27501,5.934527656,29.05833088
frame-r-004263-5-0206,1,No match,FALSE,N/A,inf,13.63052319,0.44765997,13.4674406,0.539059992,FOVNotMatch,2003/11/20 4:15:14,SAT_26624,5.999685682,29.27115782,SAT_26402,5.972715509,29.29562322,SAT_27501,5.934527656,29.30180159
frame-r-004263-5-0206,2,Success,TRUE,SAT_2222U,1.12986599,13.63054964,0.560941786,13.46817694,0.554946388,,2003/11/20 4:15:14,SAT_2222U,2.462598229,1.12986599,SAT_24748,5.91065224,2.044520373,SAT_27501,5.934527656,2.082367459
frame-r-004263-3-0261,1,No match,FALSE,N/A,inf,21.86430605,-0.365470424,21.70107594,-0.320252892,FOVNotMatch,2003/11/20 4:48:04,SAT_23313,5.918873815,15.45635054,SAT_23846,5.9571393,15.49215948,SAT_26624,5.525035328,15.49319057
frame-r-004263-3-0262,1,No match,FALSE,N/A,inf,22.01362411,-0.324303765,21.85076669,-0.279089645,FOVNotMatch,2003/11/20 4:48:40,SAT_23313,5.918873815,15.48890391,SAT_23846,5.9571393,15.52471284,SAT_26624,5.525035328,15.52574394
frame-r-004263-3-0263,1,No match,FALSE,N/A,inf,22.16331213,-0.282769054,22.00179671,-0.2382915,FOVNotMatch,2003/11/20 4:49:16,SAT_23313,5.918873815,15.368902,SAT_23846,5.9571393,15.40471093,SAT_26624,5.525035328,15.40574202
frame-r-004263-3-0328,1,No match,FALSE,N/A,inf,31.82646537,-0.341836659,31.776721,-0.193027722,FOVNotMatch,2003/11/20 5:28:04,SAT_17134,3.224746531,30.73893398,SAT_25776,0.220769701,45.70398506,SAT_3745U,3.555350787,57.34782945
frame-r-004263-4-0329,1,No match,FALSE,N/A,inf,32.00763163,0.010895074,31.93544961,0.22677464,FOVNotMatch,2003/11/20 5:28:40,SAT_17134,3.224746531,30.74315608,SAT_25776,0.220769701,45.69976297,SAT_3745U,3.555350787,57.35205154
frame-r-004263-3-0363,1,No match,FALSE,N/A,inf,37.13367779,-0.243529267,36.97056975,-0.200904101,FOVNotMatch,2003/11/20 5:48:58,SAT_2222U,5.433017541,13.92623638,SAT_26352,5.441403801,14.57373783,SAT_23741,5.462774266,14.65702836
frame-r-004263-2-0349,1,No match,FALSE,N/A,inf,35.03796089,-0.793057955,34.87471342,-0.750042185,FOVNotMatch,2003/11/20 5:40:37,SAT_2222U,5.557181819,14.40218403,SAT_26352,5.062232142,14.69456395,SAT_23741,5.078983188,14.77429655
frame-r-004263-2-0350,1,No match,FALSE,N/A,inf,35.18730106,-0.753960877,35.02443229,-0.710699581,FOVNotMatch,2003/11/20 5:41:13,SAT_2222U,5.557181819,14.51559713,SAT_26352,5.062232142,14.80797704,SAT_23741,5.078983188,14.88770964
frame-r-004263-5-0360,1,No match,FALSE,N/A,inf,36.68421627,0.541260247,36.52146825,0.586101227,FOVNotMatch,2003/11/20 5:47:11,SAT_23741,5.528951896,15.41607369,SAT_26624,5.908914646,15.42686791,SAT_26402,5.443123265,15.43244579
frame-r-004263-3-0361,1,No match,FALSE,N/A,inf,36.83378884,-0.321372647,36.67139936,-0.279235534,FOVNotMatch,2003/11/20 5:47:47,SAT_23741,5.528951896,14.5577997,SAT_26624,5.908914646,14.56859392,SAT_26402,5.443123265,14.57417179
frame-r-004264-6-0225,1,No match,FALSE,N/A,inf,137.2203573,66.34695574,136.7872594,66.49120486,FOVNotMatch,2003/11/20 9:12:52,SAT_23401,1.971879811,8.908831207,SAT_15699,2.281304901,13.10062208,SAT_21847,5.376901227,38.57854854
frame-r-004264-6-0226,1,No match,FALSE,N/A,inf,137.6023279,66.60846037,137.3209024,66.70249684,FOVNotMatch,2003/11/20 9:13:27,SAT_23401,1.971879811,8.549419088,SAT_15699,2.281304901,12.74120996,SAT_21847,5.376901227,38.93796066
frame-r-004263-4-0371,1,No match,FALSE,N/A,inf,38.33101693,0.067616592,38.16778698,0.109900469,FOVNotMatch,2003/11/20 5:53:45,SAT_2222U,5.265527289,13.59914909,SAT_26352,5.825759553,14.44909968,SAT_23741,5.85156681,14.53437294
frame-r-004288-6-0049,1,No match,FALSE,N/A,inf,26.0924172,1.013815239,25.92905433,1.057552913,FOVNotMatch,2003/11/28 4:51:51,SAT_3284U,2.799378525,18.16916989,SAT_15830,1.929915289,84.40684062,SAT_17134,5.373212732,87.46307923
frame-r-004263-1-0430,1,No match,FALSE,N/A,inf,47.16410474,-1.063711167,47.00562939,-1.031951249,FOVNotMatch,2003/11/20 6:28:59,SAT_26352,4.69975907,11.24768328,SAT_23741,4.703346407,11.34637202,SAT_26402,4.323118559,11.36101935
frame-r-004263-3-0454,1,No match,FALSE,N/A,inf,50.75656426,-0.35854077,50.59333907,-0.326687339,FOVNotMatch,2003/11/20 6:43:18,SAT_26352,5.452790852,10.95142997,SAT_23741,5.464603984,11.05492021,SAT_26402,5.137780179,11.06888779
frame-r-004263-3-0455,1,No match,FALSE,N/A,inf,50.90640164,-0.329553792,50.7430383,-0.297687488,FOVNotMatch,2003/11/20 6:43:54,SAT_26352,5.452790852,10.94663928,SAT_23741,5.464603984,11.05012952,SAT_26402,5.137780179,11.0640971
frame-r-004263-2-0438,1,No match,FALSE,N/A,inf,48.36147018,-0.826545768,48.1982266,-0.794210169,FOVNotMatch,2003/11/20 6:33:45,SAT_26352,5.194283079,11.11729149,SAT_23313,5.421908463,11.19662314,SAT_23741,4.369209931,11.21742159
frame-r-004263-2-0439,1,No match,FALSE,N/A,inf,48.51116578,-0.797098813,48.3479343,-0.764683282,FOVNotMatch,2003/11/20 6:34:21,SAT_26352,5.194283079,11.14502098,SAT_23313,5.421908463,11.22435263,SAT_23741,4.369209931,11.24515107
frame-r-004263-1-0424,1,No match,FALSE,N/A,inf,46.26612756,-1.242641657,46.10350421,-1.210014414,FOVNotMatch,2003/11/20 6:25:24,SAT_26352,5.193128943,11.26260044,SAT_23313,5.420088616,11.33656374,SAT_23741,4.369159242,11.35917245
frame-r-004263-1-0425,1,No match,FALSE,N/A,inf,46.41558481,-1.212611143,46.25222585,-1.179855601,FOVNotMatch,2003/11/20 6:26:00,SAT_26352,5.193128943,11.25597262,SAT_23313,5.420088616,11.32993593,SAT_23741,4.369159242,11.35254464
frame-r-004263-1-0426,1,No match,FALSE,N/A,inf,46.56493039,-1.182819386,46.40217235,-1.150189015,FOVNotMatch,2003/11/20 6:26:35,SAT_26352,5.193128943,11.25427079,SAT_23313,5.420088616,11.32823409,SAT_23741,4.369159242,11.3508428
frame-r-004288-1-0167,1,Success,TRUE,SAT_26724,2.974219939,43.66678419,-1.222840012,43.59554532,-1.21917904,,2003/11/28 6:02:18,SAT_26724,4.63178632,2.974219939,SAT_3284U,5.192723122,2.984088838,SAT_27501,4.840902606,2.996662617
frame-r-004288-1-0168,1,Success,TRUE,SAT_26724,2.966142178,43.90749624,-1.220055118,43.74512855,-1.211733957,,2003/11/28 6:02:54,SAT_26724,4.63178632,2.966142178,SAT_3284U,5.192723122,2.976011077,SAT_27501,4.840902606,2.988584856
frame-r-004326-1-0034,1,No match,FALSE,N/A,inf,24.80433929,-6.185697566,24.69147903,-6.148063175,FOVNotMatch,2003/12/17 1:47:56,SAT_26038,1.087909006,18.54569929,SAT_26761,4.824018076,18.55496974,SAT_27445,5.388297245,18.56037138
frame-r-004326-1-0029,1,No match,FALSE,N/A,inf,24.24612166,-6.536194911,24.22009265,-6.679504523,FOVNotMatch,2003/12/17 1:44:57,SAT_21500,2.255709598,22.6265154,SAT_10933,5.817689786,24.51979586,SAT_08366,5.36976138,63.4725332
frame-r-004326-1-0032,1,No match,FALSE,N/A,inf,24.54789998,-6.369176175,24.43085544,-6.299754473,FOVNotMatch,2003/12/17 1:46:44,SAT_26038,0.031132015,30.83107809,SAT_27445,3.824581582,30.84590212,SAT_25740,0.058454921,30.85630205
frame-r-004326-2-0033,1,No match,FALSE,N/A,inf,24.4629857,-6.002929827,24.36891624,-5.947271898,FOVNotMatch,2003/12/17 1:47:20,SAT_26038,0.031132015,30.7522114,SAT_27445,3.824581582,30.76703543,SAT_25740,0.058454921,30.77743536
frame-r-004344-2-0060,1,Success,TRUE,SAT_23293,1.882025695,147.9107708,11.47695214,147.8524383,11.64509352,,2003/12/25 10:06:09,SAT_23293,1.175984982,1.882025695,SAT_1515U,0.458073667,27.09749425,SAT_16070,5.397714587,30.79019344
frame-r-004344-6-0189,1,No match,FALSE,N/A,inf,167.3129241,15.37075501,167.2608696,15.46434996,FOVNotMatch,2003/12/25 11:23:10,SAT_14264,3.778789889,7.728342865,SAT_19751,0.569298931,8.27271241,SAT_8621U,4.268398649,44.08083863
frame-r-004344-6-0190,1,No match,FALSE,N/A,inf,167.5873844,15.45679737,167.5023336,15.61037942,FOVNotMatch,2003/12/25 11:23:46,SAT_14264,3.778789889,7.612481519,SAT_19751,0.569298931,8.156851064,SAT_8621U,4.268398649,44.19669998
frame-r-004344-4-0114,1,No match,FALSE,N/A,inf,155.9372095,13.39216944,155.8865295,13.61194114,FOVNotMatch,2003/12/25 10:38:23,SAT_24286,0.014526323,10.77458351,SAT_16070,3.240571841,25.32916217,SAT_26134,3.01994959,31.97274759
frame-r-004381-5-0145,1,No match,FALSE,N/A,inf,192.8822849,15.62662053,192.7887286,15.7227109,FOVNotMatch,2004/1/28 10:03:18,SAT_19786,0.415546389,59.0246963,SAT_16U00,5.894148888,67.50745964,SAT_00016,5.893810906,67.50827573
frame-r-004381-2-0182,1,No match,FALSE,N/A,inf,198.4868669,13.97393216,198.5429222,14.06540896,FOVNotMatch,2004/1/28 10:25:23,SAT_14278,13.9231653,N/A,SAT_26113,12.78559295,N/A,SAT_20061,8.090376019,N/A
frame-r-004381-1-0212,1,No match,FALSE,N/A,inf,203.0982485,13.23668926,202.9625756,13.41203383,FOVNotMatch,2004/1/28 10:43:18,SAT_4668U,5.860312821,17.52138853,SAT_737U0,0.05627721,83.61075979,SAT_21630,17.48436195,N/A
frame-r-004381-4-0240,1,No match,FALSE,N/A,inf,207.3652469,14.16436852,207.4932347,14.3412933,FOVNotMatch,2004/1/28 11:00:01,SAT_26965,8.619665637,N/A,SAT_26607,6.608274119,N/A,SAT_1716U,13.86382808,N/A
frame-r-004382-3-0120,1,No match,FALSE,N/A,inf,209.4537411,37.1468384,209.3493922,37.22156258,FOVNotMatch,2004/1/28 12:32:16,SAT_22849,0.089946802,53.38591535,SAT_16U00,5.665546173,54.60664369,SAT_00016,5.665570537,54.60815885
frame-r-004382-4-0121,1,No match,FALSE,N/A,inf,209.6675977,37.57539766,209.8164827,37.58190297,FOVNotMatch,2004/1/28 12:32:52,SAT_22849,0.089946802,8.279916604,SAT_16U00,5.665546173,9.500644941,SAT_00016,5.665570537,9.502160103
frame-r-004382-3-0121,1,No match,FALSE,N/A,inf,209.7254294,37.13138796,209.6333058,37.19762704,FOVNotMatch,2004/1/28 12:32:52,SAT_22849,0.089946802,53.49461539,SAT_16U00,5.665546173,54.71534373,SAT_00016,5.665570537,54.71685889
frame-r-004392-5-0129,1,No match,FALSE,N/A,inf,165.4062711,36.42666806,165.4678171,36.52519977,FOVNotMatch,2004/1/31 10:43:43,SAT_6302U,2.527081444,12.34600372,SAT_25307,4.378677134,29.74406207,SAT_11847,14.5268511,N/A
frame-r-004392-6-0219,1,No match,FALSE,N/A,inf,182.3280367,38.43645039,182.2820891,38.52601116,FOVNotMatch,2004/1/31 11:37:27,SAT_18881,0.023236962,40.46407407,SAT_23420,5.224582928,48.49910942,SAT_21426,3.897909542,49.93646281
frame-r-004392-6-0224,1,No match,FALSE,N/A,inf,183.3669975,38.45886452,183.1720013,38.42598423,FOVNotMatch,2004/1/31 11:40:27,SAT_13897,2.650958831,47.69104568,SAT_20952,5.974071274,49.23380743,SAT_21426,3.897909542,49.79472816
frame-r-004392-6-0281,1,No match,FALSE,N/A,inf,194.1133491,38.10105518,194.2229542,38.20254146,FOVNotMatch,2004/1/31 12:14:29,SAT_24640,3.121722258,14.26452009,SAT_22849,1.511847487,35.65431052,SAT_18764,1.463512658,82.99910558
frame-r-004469-4-0253,1,No match,FALSE,N/A,inf,148.6450631,34.43341007,148.7606426,34.50077667,FOVNotMatch,2004/2/17 8:32:26,SAT_18883,0.963135429,38.34688387,SAT_15259,2.205180848,82.8553978,SAT_26360,3.887011408,83.21887272
frame-r-004469-3-0378,1,No match,FALSE,N/A,inf,171.3443828,38.97503763,171.2634428,39.19012392,FOVNotMatch,2004/2/17 9:47:04,SAT_11631,3.56173393,9.465491715,SAT_8195U,3.255442947,10.34221581,SAT_08195,3.255071754,10.34491062
frame-r-004469-3-0383,1,No match,FALSE,N/A,inf,172.3568725,39.31739977,172.3432329,39.24591957,FOVNotMatch,2004/2/17 9:50:03,SAT_11631,3.56173393,34.15090793,SAT_8195U,3.255442947,35.02763203,SAT_08195,3.255071754,35.03032684
frame-r-004470-6-0047,1,No match,FALSE,N/A,inf,190.8300065,38.19149454,190.9488506,38.33834469,FOVNotMatch,2004/2/17 11:20:56,SAT_7267U,0.044050399,61.1658413,SAT_25793,7.363222463,N/A,SAT_10455,7.428467903,N/A
frame-r-004470-3-0079,1,No match,FALSE,N/A,inf,196.6615262,36.52630581,196.5975687,36.57761066,FOVNotMatch,2004/2/17 11:40:03,SAT_18697,9.652595775,N/A,SAT_10485,13.56891618,N/A,SAT_15214,8.890070216,N/A
frame-r-004470-5-0060,1,No match,FALSE,N/A,inf,193.154672,37.63428579,193.3749533,37.7908876,FOVNotMatch,2004/2/17 11:28:42,SAT_11750,5.596705994,86.25072896,SAT_27921,0.11586855,86.58703835,SAT_14278,7.01769343,N/A
frame-r-004470-4-0091,1,No match,FALSE,N/A,inf,198.9070222,36.67397044,198.905998,36.85212243,FOVNotMatch,2004/2/17 11:47:13,SAT_16527,5.564969462,18.10376853,SAT_19557,5.603203573,19.40935104,SAT_15214,3.972595279,28.83417313
frame-r-004504-4-0048,1,No match,FALSE,N/A,inf,162.1412363,35.63171678,161.965794,35.52908924,FOVNotMatch,2004/3/16 8:56:49,SAT_13890,4.980491447,21.32960996,SAT_27706,0.043497285,43.20607528,SAT_24728,2.218824846,76.82715451
frame-r-004504-5-0230,1,Success,TRUE,SAT_2530U,2.363758992,196.1318672,37.60584848,196.055865,37.83878052,,2004/3/16 10:45:29,SAT_2530U,0.950926967,2.363758992,SAT_02530,0.948241343,2.365361794,SAT_11546,3.787086858,12.51916165
frame-r-004503-5-0078,1,No match,FALSE,N/A,inf,203.2902075,6.807145021,203.2630131,7.001907257,FOVNotMatch,2004/3/16 7:40:21,SAT_23214,1.442100238,16.41833186,SAT_2985U,0.729555283,33.32304078,SAT_02985,0.726340118,33.43640306
frame-r-004516-5-0106,1,No match,FALSE,N/A,inf,141.4132424,34.12126912,141.6100133,34.10626105,FOVNotMatch,2004/3/18 3:35:08,SAT_8828U,3.334490012,68.95412929,SAT_22185,2.729798515,72.65857036,SAT_26362,6.453848249,N/A
frame-r-004512-3-0151,1,No match,FALSE,N/A,inf,221.4433126,31.45206026,221.5649859,31.65232788,FOVNotMatch,2004/3/17 10:28:30,SAT_10757,0.107767532,9.253446821,SAT_15473,5.086944228,26.77510589,SAT_19716,13.37246064,N/A
frame-r-004512-2-0152,1,No match,FALSE,N/A,inf,221.5425969,30.96874261,221.6137717,31.08570855,FOVNotMatch,2004/3/17 10:29:06,SAT_10757,0.107767532,9.420817402,SAT_15473,5.086944228,26.94247647,SAT_19716,13.37246064,N/A
frame-r-004512-2-0237,1,No match,FALSE,N/A,inf,234.5656988,25.73822177,234.735515,25.91148723,FOVNotMatch,2004/3/17 11:19:51,SAT_10949,1.631616181,16.62602813,SAT_11555,3.401470636,65.61663126,SAT_16450,4.509879346,69.66709024
frame-r-004552-2-0137,1,No match,FALSE,N/A,inf,191.517957,34.19332142,191.7322351,34.3942458,FOVNotMatch,2004/4/13 6:57:47,SAT_11054,12.90053662,N/A,SAT_16527,16.97181147,N/A,SAT_25485,16.23006447,N/A
frame-r-004552-5-0099,1,No match,FALSE,N/A,inf,184.6308863,35.63779773,184.8315091,35.83108855,FOVNotMatch,2004/4/13 6:35:06,SAT_10574,3.008827738,5.028652325,SAT_21152,1.189936999,8.46598477,SAT_23420,5.262087991,12.8422942
frame-r-004555-5-0083,1,No match,FALSE,N/A,inf,123.9559188,19.63131602,123.8677411,19.65729752,FOVNotMatch,2004/4/14 3:58:51,SAT_22197,4.25287501,30.60255859,SAT_7148U,4.350849093,40.49343481,SAT_07148,4.341764095,40.4998484
frame-r-004570-2-0025,1,Success,TRUE,SAT_22410,4.447343497,210.3259387,31.70569844,210.5174851,31.86292178,,2004/4/15 6:37:15,SAT_22410,2.642818456,4.447343497,SAT_19144,2.309020164,43.87910945,SAT_24378,4.431780174,77.66984476
frame-r-004569-5-0316,1,No match,FALSE,N/A,inf,159.8084422,33.09672813,159.7376887,33.10258178,FOVNotMatch,2004/4/15 6:14:33,SAT_26130,3.117350453,38.63863229,SAT_18271,3.04593315,47.36515303,SAT_19135,10.38339541,N/A
frame-r-004570-3-0143,N/A,Failed,FALSE,N/A,N/A,N/A,N/A,N/A,N/A,JSON file error,N/A,N/A,N/A,N/A,N/A,N/A,N/A,N/A,N/A,N/A
frame-r-004570-1-0165,1,No match,FALSE,N/A,inf,232.681637,24.27015688,232.7488941,24.29268519,FOVNotMatch,2004/4/15 8:00:50,SAT_25187,3.042747239,32.48317737,SAT_06828,5.932622765,73.4152454,SAT_6828U,5.95710611,73.45452524
frame-r-004570-1-0261,N/A,Failed,FALSE,N/A,N/A,N/A,N/A,N/A,N/A,JSON file error,N/A,N/A,N/A,N/A,N/A,N/A,N/A,N/A,N/A,N/A
frame-r-004570-1-0262,1,Success,TRUE,SAT_08018,1.13938053,246.4887598,17.41863329,246.4343864,17.54915526,,2004/4/15 8:58:45,SAT_08018,4.743485642,1.13938053,SAT_8018U,4.74351635,1.139487846,SAT_2411U,1.712804965,22.48326139
frame-r-004571-5-0071,1,No match,FALSE,N/A,inf,251.414921,16.38502964,251.6609689,16.49755304,FOVNotMatch,2004/4/15 10:22:19,SAT_03764,3.698516514,41.44821417,SAT_3764U,3.698375351,41.44884559,SAT_23554,0.72951001,43.15152335
frame-r-004576-2-0359,1,Success,TRUE,SAT_13897,2.583935456,168.9694657,33.08286967,169.1005078,33.25181423,,2004/4/16 6:26:53,SAT_13897,3.677190658,2.583935456,SAT_23830,4.275700252,44.94216361,SAT_1000U,5.464283715,56.81561596
frame-r-004576-3-0236,1,No match,FALSE,N/A,inf,148.1027455,28.79347893,147.9892861,28.89656565,FOVNotMatch,2004/4/16 5:13:27,SAT_13165,4.427338085,12.64475615,SAT_26826,2.938998219,15.42827406,SAT_19195,0.137299405,48.17433219
frame-r-004576-2-0568,1,No match,FALSE,N/A,inf,206.3173483,32.25196777,206.3069227,32.34912402,FOVNotMatch,2004/4/16 8:31:40,SAT_04629,3.068793975,35.50172897,SAT_4629U,3.060087462,35.51763213,SAT_22238,9.900720063,N/A
frame-r-004576-2-0569,1,No match,FALSE,N/A,inf,206.6580185,32.23986616,206.6389634,32.42325262,FOVNotMatch,2004/4/16 8:32:16,SAT_04629,3.068793975,35.66684014,SAT_4629U,3.060087462,35.68274329,SAT_22238,9.900720063,N/A
frame-r-004576-4-0571,1,No match,FALSE,N/A,inf,207.250848,33.11860917,207.2455971,33.16918695,FOVNotMatch,2004/4/16 8:33:28,SAT_04629,3.068793975,35.71631464,SAT_4629U,3.060087462,35.7322178,SAT_22238,9.900720063,N/A
frame-r-004576-2-0730,1,No match,FALSE,N/A,inf,232.5027688,24.38326441,232.6365118,24.46495067,FOVNotMatch,2004/4/16 10:08:24,SAT_20621,3.101926357,33.67997874,SAT_602U0,0.025695876,62.8083188,SAT_13484,3.937735725,73.78518128
frame-r-004576-2-0730,2,No match,FALSE,N/A,inf,232.5127423,24.54644244,232.6756731,24.55622171,FOVNotMatch,2004/4/16 10:08:24,SAT_21279,1.151274883,57.5444178,SAT_20621,3.101926357,63.75841027,SAT_11545,5.633837136,66.60707622
frame-r-004623-5-0094,1,No match,FALSE,N/A,inf,171.2910276,32.35020317,171.3072434,32.39939849,FOVNotMatch,2004/5/12 5:29:03,SAT_21169,5.454877388,11.96505473,SAT_27635,5.276285377,43.55973643,SAT_15617,0.146011,50.01025515
frame-r-004623-5-0095,1,No match,FALSE,N/A,inf,171.581287,32.20275241,171.6533592,32.42008626,FOVNotMatch,2004/5/12 5:29:39,SAT_21169,5.454877388,12.06525864,SAT_27635,5.276285377,43.65994035,SAT_15617,0.146011,50.11045907
frame-r-004623-4-0096,1,No match,FALSE,N/A,inf,171.8425054,31.97038006,171.8642326,32.03558616,FOVNotMatch,2004/5/12 5:30:14,SAT_21169,5.454877388,12.18725258,SAT_27635,5.276285377,43.78193429,SAT_15617,0.146011,50.23245301
frame-r-004623-2-0264,1,No match,FALSE,N/A,inf,201.2188228,30.68845105,201.4001589,30.80604997,FOVNotMatch,2004/5/12 7:10:33,SAT_26832,0.50063651,52.11679971,SAT_12962,4.719408734,82.28206238,SAT_27724,17.4560995,N/A
frame-r-004623-2-0265,1,No match,FALSE,N/A,inf,201.5037679,30.60518414,201.5809059,30.65492264,FOVNotMatch,2004/5/12 7:11:09,SAT_26832,0.50063651,52.3083036,SAT_12962,4.719408734,82.47356627,SAT_27724,17.4560995,N/A
frame-r-004623-6-0288,N/A,Failed,FALSE,N/A,N/A,N/A,N/A,N/A,N/A,JSON file error,N/A,N/A,N/A,N/A,N/A,N/A,N/A,N/A,N/A,N/A
frame-r-004623-6-0289,1,No match,FALSE,N/A,inf,206.0494847,31.66428073,205.8920389,31.77505015,FOVNotMatch,2004/5/12 7:25:29,SAT_27765,3.434494506,17.14813692,SAT_00020,0.099039732,53.20751194,SAT_20U00,0.097360104,53.24291227
frame-r-004623-4-0327,1,No match,FALSE,N/A,inf,212.3132393,29.68852671,212.3202499,29.73914267,FOVNotMatch,2004/5/12 7:48:10,SAT_22238,0.096067044,14.55441692,SAT_17360,3.979337817,24.47557203,SAT_27621,4.522355762,27.10405279
frame-r-004623-2-0328,1,No match,FALSE,N/A,inf,212.0716345,28.90525467,212.1406981,28.91329683,FOVNotMatch,2004/5/12 7:48:46,SAT_12854,0.594681981,41.87006135,SAT_22238,0.096067044,61.0091122,SAT_27622,2.864057947,76.03958569
frame-r-004623-2-0367,1,No match,FALSE,N/A,inf,218.4059676,27.21656805,218.4611771,27.24549643,FOVNotMatch,2004/5/12 8:12:03,SAT_22329,0.628722682,74.04077173,SAT_26601,2.941001957,86.31731213,SAT_15350,1.120161436,88.31829533
frame-r-004623-2-0368,1,No match,FALSE,N/A,inf,218.6110993,27.06776333,218.7467974,27.13770352,FOVNotMatch,2004/5/12 8:12:39,SAT_22329,0.628722682,73.60085807,SAT_26601,2.941001957,86.75722579,SAT_15350,1.120161436,88.75820898
frame-r-004628-6-0109,1,No match,FALSE,N/A,inf,231.1598099,24.7155635,231.2740724,24.74628727,FOVNotMatch,2004/5/13 7:21:58,SAT_15223,4.204539802,47.16734385,SAT_21217,5.509044651,49.1142808,SAT_24273,2.681459792,50.18137753
frame-r-004629-6-0130,1,No match,FALSE,N/A,inf,243.7111598,34.22479996,243.6683261,34.17574039,FOVNotMatch,2004/5/13 9:06:23,SAT_21958,4.117153418,22.30868239,SAT_23179,4.785043248,39.94309406,SAT_23486,4.380878714,65.92563196
frame-r-004629-6-0133,1,No match,FALSE,N/A,inf,243.7902138,34.6579549,243.7133759,34.51075214,FOVNotMatch,2004/5/13 9:08:10,SAT_21958,4.117153418,9.730372351,SAT_23179,4.785043248,27.36478402,SAT_23486,4.380878714,53.34732192
frame-r-004632-1-0024,1,No match,FALSE,N/A,inf,144.151756,24.60340504,144.0898486,24.82142291,FOVNotMatch,2004/5/14 3:25:15,SAT_16962,5.423136607,9.895773174,SAT_25593,0.068579218,12.14066266,SAT_14471,2.328981168,15.59884072
frame-r-004629-6-0258,1,No match,FALSE,N/A,inf,243.4486186,53.2617654,243.3943849,53.21612951,FOVNotMatch,2004/5/13 10:22:48,SAT_20025,3.134091253,5.753036627,SAT_21218,4.1010556,7.345707807,SAT_27620,5.958989941,9.511539348
frame-r-004629-6-0259,1,No match,FALSE,N/A,inf,243.3990894,53.52904811,243.2810006,53.43039827,FOVNotMatch,2004/5/13 10:23:24,SAT_20025,3.134091253,5.796411614,SAT_21218,4.1010556,7.389082794,SAT_27620,5.958989941,9.554914335
frame-r-004646-3-0094,1,No match,FALSE,N/A,inf,207.6987509,28.02995159,207.7744612,28.0396663,FOVNotMatch,2004/5/22 7:21:36,SAT_12320,0.111365556,59.87959921,SAT_22238,1.772384961,60.27644544,SAT_10485,13.52664263,N/A
frame-r-004649-6-0084,1,Success,TRUE,SAT_6117U,2.719854598,195.1209669,30.450743,195.0954362,30.53854448,,2004/5/23 6:23:42,SAT_6117U,5.634303122,2.719854598,SAT_06117,5.634144587,2.721960462,SAT_25621,3.865871364,41.15918921
frame-r-004649-1-0045,1,No match,FALSE,N/A,inf,188.1914665,28.70665443,188.3345168,28.91862551,FOVNotMatch,2004/5/23 6:00:25,SAT_23584,4.096088649,8.241776539,SAT_11015,2.587851972,12.47850084,SAT_9594U,1.703085168,37.01270372
frame-r-004646-3-0278,1,No match,FALSE,N/A,inf,236.5392946,19.59925155,236.4109244,19.69432006,FOVNotMatch,2004/5/22 9:11:28,SAT_23793,3.126057639,35.06954865,SAT_16267,4.304026712,41.44308314,SAT_19478,5.074310868,55.41417682
frame-r-004671-2-0011,1,No match,FALSE,N/A,inf,230.0890484,23.68935991,229.9074127,23.71401573,FOVNotMatch,2004/6/12 7:08:53,SAT_25943,0.015792373,28.81097096,SAT_15272,4.142704154,41.90359837,SAT_9829U,4.060489621,62.89347954
frame-r-004674-2-0168,1,No match,FALSE,N/A,inf,228.5844984,19.86893051,228.6220379,19.99854757,FOVNotMatch,2004/6/13 6:34:28,SAT_20026,1.78666415,6.066181194,SAT_21217,0.011791646,6.721630668,SAT_25327,2.704757339,31.64116291
frame-r-004678-1-0063,1,No match,FALSE,N/A,inf,210.2492423,21.79717834,210.2521321,21.8275227,FOVNotMatch,2004/6/14 4:10:34,SAT_24675,4.734552687,72.09900478,SAT_05015,10.22287327,N/A,SAT_22258,10.59500974,N/A
frame-r-004678-4-0064,1,No match,FALSE,N/A,inf,210.6971947,23.00007497,210.7209184,23.22342951,FOVNotMatch,2004/6/14 4:11:10,SAT_24675,4.734552687,71.57218974,SAT_05015,10.22287327,N/A,SAT_22258,10.59500974,N/A
frame-r-004678-6-0065,1,No match,FALSE,N/A,inf,211.1078588,23.78318601,211.1327317,24.00737752,FOVNotMatch,2004/6/14 4:11:46,SAT_24675,4.734552687,71.3597509,SAT_05015,10.22287327,N/A,SAT_22258,10.59500974,N/A
frame-r-004678-5-0055,1,No match,FALSE,N/A,inf,209.4153766,23.86813089,209.3282504,23.85789814,FOVNotMatch,2004/6/14 4:05:48,SAT_22258,6.437907004,N/A,SAT_18704,11.59116426,N/A,SAT_16527,12.84716922,N/A
frame-r-004679-1-0012,1,Success,TRUE,SAT_25850,4.128904286,229.7086823,61.59519096,229.9817915,61.60743745,,2004/6/14 7:06:58,SAT_25850,5.734471599,4.128904286,SAT_14277,0.625152299,15.95809256,SAT_13882,5.147580192,25.69505101
frame-r-004682-1-0039,1,Success,TRUE,SAT_23584,3.231404974,232.5315454,63.23778835,232.8074025,63.34470559,,2004/6/15 6:49:33,SAT_23584,4.640206712,3.231404974,SAT_22258,4.756045501,5.175814905,SAT_16527,4.269536681,11.63620007
frame-r-004682-1-0039,2,No match,FALSE,N/A,inf,232.5866572,63.24178987,232.4428667,63.35771948,FOVNotMatch,2004/6/15 6:49:33,SAT_13882,2.597421114,50.68537208,SAT_16527,4.269536681,66.72261809,SAT_21426,4.690695139,67.9072504
frame-r-004800-4-0094,1,No match,FALSE,N/A,inf,18.76929299,25.93100235,18.70571082,25.8611279,FOVNotMatch,2004/8/26 9:52:30,SAT_22597,1.966356763,22.27033189,SAT_02372,1.398557917,37.81142717,SAT_14900,3.529169935,61.20329032
frame-r-004800-4-0095,1,No match,FALSE,N/A,inf,18.75682641,26.17100898,18.71031528,26.11998297,FOVNotMatch,2004/8/26 9:53:06,SAT_22597,1.966356763,22.25903545,SAT_02372,1.398557917,37.80013073,SAT_14900,3.529169935,61.21458676
frame-r-004800-1-0097,1,Success,TRUE,SAT_22597,3.324928519,20.39393002,26.28943747,20.350526,26.12978748,,2004/8/26 9:54:18,SAT_22597,1.966356763,3.324928519,SAT_02372,1.398557917,12.21616676,SAT_15429,0.031943194,39.26033562
frame-r-004800-1-0098,1,Success,TRUE,SAT_22597,3.318528499,20.39795737,26.43992999,20.38144472,26.37932681,,2004/8/26 9:54:54,SAT_22597,1.966356763,3.318528499,SAT_02372,1.398557917,12.22256678,SAT_15429,0.031943194,39.26673564
frame-r-004822-5-0480,1,No match,FALSE,N/A,inf,352.9426887,30.94467987,352.9033942,30.93413489,FOVNotMatch,2004/9/12 9:11:16,SAT_26793,1.385263208,6.097952869,SAT_28115,2.06442209,50.23463197,SAT_14264,4.167964751,51.13641468
frame-r-004822-6-0490,1,Success,TRUE,SAT_03686,2.428071999,353.9041845,32.14278734,353.7991524,32.11644363,,2004/9/12 9:17:14,SAT_03686,5.910452363,2.428071999,SAT_28115,3.16585753,50.27110896,SAT_14264,4.580514969,51.19065496
frame-r-004829-2-0163,1,No match,FALSE,N/A,inf,21.24979101,33.18123345,21.10723818,33.27080163,FOVNotMatch,2004/9/15 9:43:15,SAT_24720,3.046239182,44.27616396,SAT_19231,0.169927787,52.40678952,SAT_19796,5.90222748,68.95612635
frame-r-004832-3-0062,1,Success,TRUE,SAT_20941,0.904897429,260.1033888,26.86754128,260.2144821,27.07200446,,2004/9/16 2:56:17,SAT_20941,5.563709118,0.904897429,SAT_20631,1.810570276,17.49624483,SAT_08591,0.069574984,48.35616699
frame-r-004849-5-0224,1,Success,TRUE,SAT_26352,3.872973834,325.4147363,0.820323797,325.5780833,0.831706463,,2004/9/22 4:13:57,SAT_26352,5.865584877,3.872973834,SAT_02934,0.114052885,13.31262052,SAT_14190,2.315444513,72.63843486
frame-r-004849-2-0443,1,No match,FALSE,N/A,inf,358.3366266,-0.625789748,358.3627449,-0.438815974,FOVNotMatch,2004/9/22 6:24:43,SAT_02009,2.527121173,16.85219934,SAT_28268,4.197822673,23.95284451,SAT_25869,5.522520069,25.91593363
frame-r-004849-6-0466,1,Success,TRUE,SAT_16657,0.693048759,1.80632993,1.245519932,1.642901729,1.257587302,,2004/9/22 6:38:27,SAT_16657,0.337858223,0.693048759,SAT_27446,5.23762388,3.677721588,SAT_04353,2.502505242,4.174875293
frame-r-004849-3-0611,1,Success,TRUE,SAT_07466,1.937798521,23.37554676,-0.053039752,23.5142405,-0.010409695,,2004/9/22 8:05:01,SAT_07466,4.572804795,1.937798521,SAT_04353,3.974021056,5.067645549,SAT_22930,5.278193548,17.09096259
frame-r-004849-6-0832,1,Success,TRUE,SAT_07466,2.127500563,56.53142696,1.135140833,56.43847802,1.12075038,,2004/9/22 10:16:59,SAT_07466,5.753037447,2.127500563,SAT_14050,5.552210486,2.233599085,SAT_18570,4.381048204,2.816947822
frame-r-004849-6-0833,1,Success,TRUE,SAT_07466,2.174870026,56.58858409,1.097864513,56.75184442,1.123002633,,2004/9/22 10:17:35,SAT_07466,5.753037447,2.174870026,SAT_14050,5.552210486,2.280968548,SAT_18570,4.381048204,2.864317284
frame-r-004858-2-0209,1,No match,FALSE,N/A,inf,338.1775943,-0.425255483,338.2241856,-0.401125758,FOVNotMatch,2004/9/24 6:16:48,SAT_27378,4.874781089,27.38884715,SAT_26724,5.419657291,27.39065187,SAT_28238,4.925534994,27.39602744
frame-r-004858-4-0255,1,No match,FALSE,N/A,inf,345.2261887,0.353806703,345.0645178,0.430184016,FOVNotMatch,2004/9/24 6:44:16,SAT_25558,5.67717657,25.25501929,SAT_28378,5.663571123,25.26634639,SAT_25913,5.733222756,25.26796439
frame-r-004858-2-0446,1,No match,FALSE,N/A,inf,13.70385918,-0.625546275,13.65881567,-0.446817932,FOVNotMatch,2004/9/24 8:38:18,SAT_05614,4.57467023,33.38988459,SAT_25558,4.853768905,75.83548993,SAT_28378,4.837387954,75.84011445
frame-r-004858-3-0489,1,No match,FALSE,N/A,inf,20.16862304,-0.206232931,20.09622652,-0.193695162,FOVNotMatch,2004/9/24 9:03:59,SAT_25558,5.273604945,9.809032074,SAT_28378,5.25657014,9.812004874,SAT_25913,5.330424436,9.821174383
frame-r-004858-3-0491,1,No match,FALSE,N/A,inf,20.55861281,-0.170189812,20.39524853,-0.142003345,FOVNotMatch,2004/9/24 9:05:10,SAT_25558,5.273604945,9.773158442,SAT_28378,5.25657014,9.776131242,SAT_25913,5.330424436,9.785300751
frame-r-004858-3-0492,1,No match,FALSE,N/A,inf,20.70847876,-0.144380284,20.54495786,-0.116330189,FOVNotMatch,2004/9/24 9:05:46,SAT_25558,5.273604945,9.717542175,SAT_28378,5.25657014,9.720514975,SAT_25913,5.330424436,9.729684484
frame-r-004858-5-0497,1,Success,TRUE,SAT_27894,2.801451687,21.29355757,0.736979145,21.33402679,0.855766371,,2004/9/24 9:08:45,SAT_27894,3.931337108,2.801451687,SAT_27742,2.118617355,4.945532935,SAT_11735,0.056072518,21.6000728
frame-r-004858-4-0498,1,Success,TRUE,SAT_27894,2.57432782,21.44373022,0.29312376,21.49224589,0.437411526,,2004/9/24 9:09:21,SAT_27894,3.931337108,2.57432782,SAT_27742,2.118617355,4.718409068,SAT_11735,0.056072518,21.37294893
frame-r-004858-4-0499,1,Success,TRUE,SAT_27894,2.589771563,21.71604921,0.213412489,21.7562628,0.332903906,,2004/9/24 9:09:57,SAT_27894,3.931337108,2.589771563,SAT_27742,2.118617355,4.733852811,SAT_11735,0.056072518,21.38839267
frame-r-004858-3-0635,1,Success,TRUE,SAT_16397,1.10423968,42.11798694,-0.18661292,42.04342546,0.018363899,,2004/9/24 10:31:09,SAT_16397,5.355243755,1.10423968,SAT_25800,1.410896744,6.600590519,SAT_04499,2.014406909,35.04950864
frame-r-004858-3-0678,1,No match,FALSE,N/A,inf,48.39358123,-0.08208159,48.41116643,0.017871221,FOVNotMatch,2004/9/24 10:56:50,SAT_00628,2.974714865,13.50824675,SAT_18615,3.625482661,13.52730519,SAT_23293,3.481118219,25.67589841
frame-r-004858-1-0688,1,No match,FALSE,N/A,inf,49.9943902,-0.874918384,49.93513089,-0.857804001,FOVNotMatch,2004/9/24 11:02:48,SAT_28360,5.04020933,7.17913928,SAT_28378,4.426118682,16.10901713,SAT_25558,4.44063095,16.11356884
frame-r-004868-5-0179,1,Success,TRUE,SAT_04823,1.233782591,355.7537853,0.679686319,355.5910502,0.693171851,,2004/10/8 6:41:12,SAT_04823,5.900771528,1.233782591,SAT_21169,4.674928554,4.053137394,SAT_12908,1.550408427,4.550062744
frame-r-004868-5-0187,1,Success,TRUE,SAT_27027,4.576127127,356.9515998,0.775121157,356.7900667,0.787970921,,2004/10/8 6:45:59,SAT_27027,2.56505925,4.576127127,SAT_26535,2.863299365,4.787888355,SAT_03292,0.918193134,10.6012091
frame-r-004868-5-0188,1,Success,TRUE,SAT_27027,4.538711099,357.1014197,0.786971617,356.9385569,0.799820118,,2004/10/8 6:46:34,SAT_27027,2.56505925,4.538711099,SAT_26535,2.863299365,4.750472327,SAT_03292,0.918193134,10.56379307
frame-r-004868-5-0189,1,Success,TRUE,SAT_27027,4.500290098,357.2506257,0.798690141,357.0892424,0.811313002,,2004/10/8 6:47:10,SAT_27027,2.56505925,4.500290098,SAT_26535,2.863299365,4.712051326,SAT_03292,0.918193134,10.52537207
frame-r-004868-2-0206,1,Success,TRUE,SAT_27027,1.35652062,359.7654023,-0.626705885,359.633809,-0.599557427,,2004/10/8 6:57:19,SAT_27027,1.792169809,1.35652062,SAT_26056,5.604994492,11.63156494,SAT_27378,4.895361769,11.64841893
frame-r-004868-1-0488,1,Success,TRUE,SAT_27667,2.159732693,41.9090334,-0.828951364,41.87958461,-0.822351456,,2004/10/8 9:45:42,SAT_27667,4.15393739,2.159732693,SAT_26490,4.116640375,4.18025737,SAT_03292,4.609696472,11.78111077
frame-r-004868-2-0498,1,Success,TRUE,SAT_26490,4.059785782,43.51222446,-0.510594365,43.34971902,-0.473561702,,2004/10/8 9:51:40,SAT_26490,4.690061997,4.059785782,SAT_03292,4.174151792,11.74076916,SAT_26056,5.629098397,12.83781922
frame-r-004868-2-0499,1,Success,TRUE,SAT_26490,4.081593951,43.66182227,-0.476382801,43.49955297,-0.439338791,,2004/10/8 9:52:16,SAT_26490,4.690061997,4.081593951,SAT_03292,4.174151792,11.76257732,SAT_26056,5.629098397,12.85962739
frame-r-004868-2-0500,1,Success,TRUE,SAT_26490,4.00994996,43.81179258,-0.442278248,43.64915734,-0.405364423,,2004/10/8 9:52:52,SAT_26490,4.690061997,4.00994996,SAT_03292,4.174151792,11.69093333,SAT_26056,5.629098397,12.7879834
frame-r-004868-2-0500,2,No match,FALSE,N/A,inf,43.76718501,-0.559720572,43.81129402,-0.619482356,FOVNotMatch,2004/10/8 9:52:52,SAT_25968,5.410850063,21.8254436,SAT_18688,2.102075223,34.96013522,SAT_26490,4.690061997,44.79280842
frame-r-004868-3-0508,1,Success,TRUE,SAT_26490,3.642194083,45.00900804,-0.170826243,44.84758509,-0.134290418,,2004/10/8 9:57:38,SAT_26490,5.327961987,3.642194083,SAT_03292,3.734941523,11.41168396,SAT_26056,5.992542494,12.75395097
frame-r-004868-1-0509,1,Success,TRUE,SAT_26490,3.660889842,45.15918201,-1.024652211,44.9976363,-0.988038704,,2004/10/8 9:58:14,SAT_26490,5.327961987,3.660889842,SAT_03292,3.734941523,11.43037972,SAT_26056,5.992542494,12.77264673
frame-r-004868-3-0509,1,Success,TRUE,SAT_26490,3.610010158,45.15885419,-0.136948246,44.99718306,-0.100451651,,2004/10/8 9:58:14,SAT_26490,5.327961987,3.610010158,SAT_03292,3.734941523,11.37950003,SAT_26056,5.992542494,12.72176704
frame-r-004868-3-0512,1,Success,TRUE,SAT_26490,3.524471852,45.60824976,-0.035952832,45.44574468,0.000477213,,2004/10/8 10:00:01,SAT_26490,5.327961987,3.524471852,SAT_03292,3.734941523,11.29396173,SAT_26056,5.992542494,12.63622874
frame-r-004868-3-0513,1,Success,TRUE,SAT_26490,3.49985434,45.75796299,-0.002476469,45.67218494,0.01671437,,2004/10/8 10:00:37,SAT_26490,5.327961987,3.49985434,SAT_03292,3.734941523,11.26934422,SAT_26056,5.992542494,12.61161122
frame-r-004868-4-0522,1,No match,FALSE,N/A,inf,47.10550003,0.298221622,46.94312046,0.334503053,FOVNotMatch,2004/10/8 10:06:00,SAT_03292,3.057049318,11.03484444,SAT_02863,5.87522544,17.49227341,SAT_01722,1.920527787,23.46567495
frame-r-004868-6-0546,1,Success,TRUE,SAT_06073,3.303695945,50.57292938,1.051019483,50.53535238,1.098661749,,2004/10/8 10:20:19,SAT_06073,0.406491082,3.303695945,SAT_07185,1.420051274,15.8238743,SAT_19549,5.82375159,16.61864788
frame-r-004868-6-0546,2,No match,FALSE,N/A,inf,50.69841236,1.084373381,50.53603054,1.119447354,FOVNotMatch,2004/10/8 10:20:19,SAT_03292,2.378583756,9.932699625,SAT_02863,5.861092566,16.12264866,SAT_19549,5.82375159,22.93161509
frame-r-004868-4-0524,1,No match,FALSE,N/A,inf,47.40457583,0.364818327,47.242683,0.400870844,FOVNotMatch,2004/10/8 10:07:11,SAT_03292,3.273905724,10.82490528,SAT_28238,5.692672175,12.59498234,SAT_27378,5.711830195,12.60205655
frame-r-004874-1-0602,1,Success,TRUE,SAT_28145,1.561072863,27.20610525,-1.037367046,27.04419438,-1.015380424,,2004/10/10 7:46:53,SAT_28145,5.224022677,1.561072863,SAT_24713,5.552855319,7.723686498,SAT_28378,5.009160503,7.726644117
frame-r-004874-1-0603,1,Success,TRUE,SAT_28145,1.544804164,27.35580347,-1.016711611,27.19425813,-0.994727777,,2004/10/10 7:47:28,SAT_28145,5.224022677,1.544804164,SAT_24713,5.552855319,7.739955198,SAT_28378,5.009160503,7.742912817
frame-r-004874-5-0674,1,Success,TRUE,SAT_19501,1.346825845,37.96824747,0.633091134,37.91874385,0.776573916,,2004/10/10 8:29:52,SAT_19501,5.212357306,1.346825845,SAT_23027,2.60619212,12.90445031,SAT_28243,2.588435577,42.6866776
frame-r-004874-2-0767,1,No match,FALSE,N/A,inf,51.88767399,-0.418730005,51.74629524,-0.402474846,FOVNotMatch,2004/10/10 9:25:24,SAT_25074,4.529636547,5.303957594,SAT_28378,5.262648667,6.56479249,SAT_26624,4.964884565,6.575221257
frame-r-004887-5-0240,1,No match,FALSE,N/A,inf,112.1696004,66.46160299,112.1025607,66.4896536,FOVNotMatch,2004/10/15 11:12:39,SAT_26970,2.967847278,12.88267531,SAT_25593,5.493977685,13.73949785,SAT_26629,5.070472345,16.40561749
frame-r-004887-1-0229,1,No match,FALSE,N/A,inf,108.8554307,64.78902437,108.7717944,64.87804313,FOVNotMatch,2004/10/15 11:06:05,SAT_14409,4.190826362,26.1421919,SAT_26970,2.96514744,36.11005897,SAT_26629,5.131022096,39.73903576
frame-r-004887-4-0250,1,No match,FALSE,N/A,inf,116.2390228,66.08750016,115.8608154,66.13755586,FOVNotMatch,2004/10/15 11:18:37,SAT_08195,0.049196167,9.006027517,SAT_13070,3.703099699,9.747449959,SAT_26970,2.456336017,16.57391602
frame-r-004887-4-0262,1,Success,TRUE,SAT_17144,2.806252198,120.4275843,66.24790102,120.3197308,66.21336114,,2004/10/15 11:25:47,SAT_17144,5.00623821,2.806252198,SAT_08018,1.201671947,4.233890265,SAT_09829,5.862550469,4.419529834
frame-r-004874-6-0891,1,No match,FALSE,N/A,inf,70.42724898,1.277039899,70.42359346,1.245269759,FOVNotMatch,2004/10/10 10:39:26,SAT_27464,0.087583667,13.56671497,SAT_21358,2.95593424,28.29691304,SAT_01328,5.636041129,53.89500042
frame-r-004894-1-0050,1,No match,FALSE,N/A,inf,333.3955984,-1.045078395,333.3556435,-1.018316277,FOVNotMatch,2004/10/16 4:52:02,SAT_22779,0.068595005,23.54427265,SAT_10521,3.860687162,30.27632087,SAT_15166,4.64369165,35.30357189
frame-r-004894-1-0090,1,No match,FALSE,N/A,inf,339.4186277,-1.044631791,339.3439456,-0.837085686,FOVNotMatch,2004/10/16 5:15:55,SAT_09978,4.963837834,5.048748822,SAT_06849,2.879066217,28.93886302,SAT_25594,0.043557655,39.66601402
frame-r-004894-1-0091,1,Success,TRUE,SAT_09978,4.907990965,339.6563956,-0.874086823,339.6370808,-0.820819469,,2004/10/16 5:16:31,SAT_09978,4.963837834,4.907990965,SAT_06849,2.879066217,29.07962087,SAT_25594,0.043557655,39.80677187
frame-r-004894-2-0091,1,No match,FALSE,N/A,inf,339.5655048,-0.624888864,339.4931732,-0.422882357,FOVNotMatch,2004/10/16 5:16:31,SAT_09978,4.963837834,5.136790052,SAT_06849,2.879066217,28.85082179,SAT_25594,0.043557655,39.57797278
frame-r-004894-2-0092,1,No match,FALSE,N/A,inf,339.8059677,-0.461600393,339.7842,-0.400649896,FOVNotMatch,2004/10/16 5:17:07,SAT_09978,4.963837834,5.183730598,SAT_06849,2.879066217,28.80388124,SAT_25594,0.043557655,39.53103224
frame-r-004894-3-0093,1,Success,TRUE,SAT_09978,4.974384075,339.9556767,-0.048225869,339.9318376,0.017764134,,2004/10/16 5:17:43,SAT_09978,4.963837834,4.974384075,SAT_06849,2.879066217,29.01322776,SAT_25594,0.043557655,39.74037876
frame-r-004894-5-0094,1,No match,FALSE,N/A,inf,340.0087059,0.632853564,339.9419079,0.818256968,FOVNotMatch,2004/10/16 5:18:18,SAT_09978,4.963837834,5.024891487,SAT_06849,2.879066217,28.96272035,SAT_25594,0.043557655,39.68987135
frame-r-004894-6-0096,1,No match,FALSE,N/A,inf,340.4040541,1.194452362,340.3743648,1.277153116,FOVNotMatch,2004/10/16 5:19:30,SAT_09978,4.963837834,5.092984028,SAT_06849,2.879066217,28.89462781,SAT_25594,0.043557655,39.62177881
frame-r-004895-3-0196,1,Success,TRUE,SAT_08832,1.879956959,23.9537611,-0.206700377,23.8790956,-0.188620925,,2004/10/16 8:42:53,SAT_08832,3.728437583,1.879956959,SAT_27567,1.722888297,11.88911454,SAT_21766,0.726653376,11.95079734
frame-r-004895-3-0419,1,No match,FALSE,N/A,inf,57.42908763,-0.181726808,57.39401979,-0.169750794,FOVNotMatch,2004/10/16 10:56:02,SAT_02221,1.47523958,15.00602848,SAT_17325,3.467440353,16.71069941,SAT_26721,5.794490548,18.55049918
frame-r-004895-1-0473,1,No match,FALSE,N/A,inf,65.42007017,-0.937325199,65.51404127,-0.88015437,FOVNotMatch,2004/10/16 11:28:16,SAT_20229,4.965664934,17.09399047,SAT_15386,4.62708526,20.32380078,SAT_18631,1.964365696,20.58441737
frame-r-004899-4-0183,1,Success,TRUE,SAT_10178,3.739294966,35.08892379,0.226508764,34.9255738,0.27597348,,2004/10/18 8:10:37,SAT_10178,5.795840088,3.739294966,SAT_28237,5.015709653,7.812858962,SAT_26724,5.681369024,16.82509991
frame-r-004899-2-0267,1,No match,FALSE,N/A,inf,47.57229401,-0.622712945,47.50275302,-0.556470284,FOVNotMatch,2004/10/18 9:00:46,SAT_26724,4.399751293,43.58182869,SAT_25558,5.15225445,43.58839443,SAT_23313,4.457777779,43.6039593
frame-r-004905-4-0220,1,Success,TRUE,SAT_26497,1.016686492,32.81176012,0.29025192,32.6492655,0.331325812,,2004/10/20 9:13:13,SAT_26497,4.327976073,1.016686492,SAT_27667,3.56302872,7.290139359,SAT_21766,1.477749191,8.98108685
frame-r-004905-4-0223,1,Success,TRUE,SAT_26497,1.042636834,33.26022921,0.403527496,33.11923112,0.439099325,,2004/10/20 9:15:00,SAT_26497,4.327976073,1.042636834,SAT_27667,3.56302872,7.264189018,SAT_21766,1.477749191,8.955136509
frame-r-004905-3-0209,1,Success,TRUE,SAT_26497,0.703484616,31.16223277,-0.127306586,31.00257194,-0.086322377,,2004/10/20 9:06:39,SAT_26497,3.541319729,0.703484616,SAT_28243,3.796466412,8.394328968,SAT_27667,2.789360829,8.440579606
frame-r-004905-2-0213,1,No match,FALSE,N/A,inf,31.7299982,-0.624639088,31.60131641,-0.527950151,FOVNotMatch,2004/10/20 9:09:02,SAT_28243,3.796466412,14.13078624,SAT_26497,3.541319729,23.22859982,SAT_27667,2.789360829,30.96569481
frame-r-004905-2-0145,1,No match,FALSE,N/A,inf,21.58294336,-0.520993798,21.46443749,-0.400360376,FOVNotMatch,2004/10/20 8:28:26,SAT_00750,5.823054396,5.792375508,SAT_22197,3.110307534,6.17305825,SAT_25136,5.274292128,26.37470215
frame-r-004905-5-0145,1,No match,FALSE,N/A,inf,21.45211283,0.633791838,21.42156997,0.652126692,FOVNotMatch,2004/10/20 8:28:26,SAT_25136,5.274292128,11.84199509,SAT_00750,5.823054396,20.32508257,SAT_22197,3.110307534,20.70576531
frame-r-004905-3-0121,1,Success,TRUE,SAT_21766,1.30859226,17.98727529,-0.120263317,17.8547284,-0.127824945,,2004/10/20 8:14:06,SAT_21766,4.520083586,1.30859226,SAT_27855,5.154794897,2.359464533,SAT_27667,0.292493964,2.805437956
frame-r-004905-6-0242,1,Success,TRUE,SAT_27667,4.953268058,35.94315052,1.15202612,36.1051738,1.112050009,,2004/10/20 9:26:21,SAT_27667,5.670844885,4.953268058,SAT_21766,2.264139004,6.662664758,SAT_21942,5.513764721,15.36760501
frame-r-004905-6-0243,1,No match,FALSE,N/A,inf,36.0923865,1.188923133,36.25558903,1.14839747,FOVNotMatch,2004/10/20 9:26:56,SAT_27667,5.670844885,5.038999016,SAT_21766,2.264139004,6.748395716,SAT_21942,5.513764721,15.45333597
frame-r-004905-6-0244,1,Success,TRUE,SAT_27667,4.998463247,36.24406336,1.225203088,36.40510214,1.185336159,,2004/10/20 9:27:32,SAT_27667,5.670844885,4.998463247,SAT_21766,2.264139004,6.707859946,SAT_21942,5.513764721,15.4128002
frame-r-004905-6-0246,1,Success,TRUE,SAT_27667,4.650809642,36.62535269,1.278331143,36.70293395,1.259624242,,2004/10/20 9:28:44,SAT_27667,5.670844885,4.650809642,SAT_21766,2.264139004,6.360206342,SAT_21942,5.513764721,15.0651466
frame-r-004905-5-0232,1,Success,TRUE,SAT_26497,3.009034394,34.44535895,0.781376034,34.60746969,0.741019525,,2004/10/20 9:20:22,SAT_26497,5.800877573,3.009034394,SAT_27667,4.605251421,6.010400869,SAT_21766,1.670914807,7.713710257
frame-r-004905-5-0436,1,No match,FALSE,N/A,inf,65.0304338,0.858860098,65.15103301,0.836598606,FOVNotMatch,2004/10/20 11:22:11,SAT_01863,5.386182222,10.69276546,SAT_23177,5.769819467,19.14245798,SAT_15630,5.433854756,19.32168551
frame-r-004905-6-0445,1,No match,FALSE,N/A,inf,66.33631209,1.111643404,66.49931194,1.082425603,FOVNotMatch,2004/10/20 11:27:33,SAT_24786,5.968619712,10.02188492,SAT_23016,5.221772969,10.16139437,SAT_22117,5.197444816,10.16702674
frame-r-004905-6-0446,1,No match,FALSE,N/A,inf,66.48592688,1.138531539,66.64892695,1.10931943,FOVNotMatch,2004/10/20 11:28:09,SAT_24786,5.968619712,10.02002263,SAT_23016,5.221772969,10.15953209,SAT_22117,5.197444816,10.16516445
frame-r-004905-6-0447,1,No match,FALSE,N/A,inf,66.63576629,1.165796443,66.7984072,1.136582699,FOVNotMatch,2004/10/20 11:28:45,SAT_24786,5.968619712,10.04264754,SAT_23016,5.221772969,10.18215699,SAT_22117,5.197444816,10.18778936
frame-r-004927-1-0402,1,No match,FALSE,N/A,inf,7.424729951,-0.843065322,7.461260825,-0.855042084,FOVNotMatch,2004/11/3 5:18:19,SAT_13971,3.952274088,17.64029149,SAT_23313,4.409696177,18.12438796,SAT_26724,4.36479217,18.14333695
frame-r-004927-1-0403,1,No match,FALSE,N/A,inf,7.64735133,-0.820228549,7.737033426,-0.847237672,FOVNotMatch,2004/11/3 5:18:55,SAT_23313,4.409696177,16.73277856,SAT_26724,4.36479217,16.75172755,SAT_25558,5.197377466,16.75770753
frame-r-004930-4-0261,1,No match,FALSE,N/A,inf,340.4580173,0.226552002,340.540568,0.002604268,FOVNotMatch,2004/11/4 3:44:16,SAT_26988,2.405824866,40.44056428,SAT_26992,0.027831948,40.47081895,SAT_26535,4.229868703,46.78161005
frame-r-004930-5-0381,1,No match,FALSE,N/A,inf,358.3657169,0.597056159,358.5156417,0.52469267,FOVNotMatch,2004/11/4 4:55:55,SAT_25881,5.250018031,14.40526662,SAT_02647,1.324063051,15.71127966,SAT_26488,4.551212634,22.04143895
frame-r-004933-1-0443,1,No match,FALSE,N/A,inf,12.02887541,-1.017000212,11.94124404,-0.829833752,FOVNotMatch,2004/11/5 5:38:05,SAT_21689,1.178521178,40.50813085,SAT_03038,4.710921246,57.09408794,SAT_23313,5.179109758,64.88539384
frame-r-004933-4-0567,1,No match,FALSE,N/A,inf,30.60961282,0.259847067,30.55329571,0.323622297,FOVNotMatch,2004/11/5 6:52:07,SAT_23511,2.930911472,19.89106549,SAT_00274,2.13851715,38.04427805,SAT_23538,3.188436204,40.01957489
frame-r-004948-2-0091,1,No match,FALSE,N/A,inf,22.26614897,-0.558928989,22.12478298,-0.526556586,FOVNotMatch,2004/11/10 6:01:03,SAT_26724,4.856046426,12.83809492,SAT_25558,4.836862478,12.90971231,SAT_25913,5.265688667,12.92142879
frame-r-004948-2-0137,1,No match,FALSE,N/A,inf,29.15245303,-0.463365193,28.99035614,-0.409574012,FOVNotMatch,2004/11/10 6:28:31,SAT_20947,4.373184468,17.92788665,SAT_26724,4.79656543,18.28550127,SAT_23313,5.861091653,18.37163302
frame-r-004948-2-0138,1,No match,FALSE,N/A,inf,29.30252089,-0.413886407,29.26098598,-0.400562347,FOVNotMatch,2004/11/10 6:29:07,SAT_20947,4.373184468,17.35541563,SAT_26724,4.79656543,17.71303024,SAT_23313,5.861091653,17.79916199
frame-r-004948-3-0142,1,No match,FALSE,N/A,inf,29.86930103,-0.205494527,29.73867351,-0.161973207,FOVNotMatch,2004/11/10 6:31:30,SAT_20947,4.373184468,17.99585289,SAT_26724,4.79656543,18.35346751,SAT_23313,5.861091653,18.43959925
frame-r-004948-3-0143,1,No match,FALSE,N/A,inf,30.05063172,-0.1665013,29.88825336,-0.112495418,FOVNotMatch,2004/11/10 6:32:06,SAT_20947,4.373184468,17.96598574,SAT_26724,4.79656543,18.32360035,SAT_23313,5.861091653,18.4097321
frame-r-004948-3-0144,1,Success,TRUE,SAT_25136,0.710488593,30.20044445,-0.117259611,30.11442878,-0.088651128,,2004/11/10 6:32:41,SAT_25136,5.862646315,0.710488593,SAT_02529,5.902488489,12.47218772,SAT_02222,2.442682482,19.02772329
frame-r-005037-3-0058,1,No match,FALSE,N/A,inf,122.0394911,15.66878589,122.1210269,15.82702672,FOVNotMatch,2004/12/11 9:35:59,SAT_22315,3.304329658,40.61161306,SAT_18116,3.874588957,41.6023991,SAT_01613,1.371472701,42.71700978
frame-r-005037-5-0085,1,No match,FALSE,N/A,inf,125.486789,18.37859923,125.3619803,18.57044276,FOVNotMatch,2004/12/11 9:52:06,SAT_22283,0.310801199,52.97776978,SAT_23879,3.288223223,55.33266864,SAT_27792,4.579345028,79.1777448
frame-r-004948-1-0248,1,No match,FALSE,N/A,inf,45.7702034,-0.854979158,45.6654912,-0.820274717,FOVNotMatch,2004/11/10 7:34:47,SAT_02222,3.495038325,16.59308524,SAT_26724,4.407641241,18.23955908,SAT_25558,4.409786039,18.36128609
frame-r-005038-5-0035,1,No match,FALSE,N/A,inf,130.8001963,21.04784073,130.9294366,21.16931179,FOVNotMatch,2004/12/11 11:00:01,SAT_25847,4.384520939,20.32663295,SAT_14129,3.895111514,45.4369246,SAT_14440,4.41443297,46.85837336
frame-r-005038-1-0109,1,No match,FALSE,N/A,inf,142.5553824,24.0280217,142.6141279,24.0846429,FOVNotMatch,2004/12/11 11:44:12,SAT_21426,1.786407439,20.26178464,SAT_23420,4.377989032,21.59268353,SAT_27792,5.418787221,41.45942796
frame-r-005038-6-0142,1,No match,FALSE,N/A,inf,146.8484388,27.64803571,146.936164,27.75603858,FOVNotMatch,2004/12/11 12:03:54,SAT_17536,5.156360996,21.03938024,SAT_18275,2.700037181,37.99268547,SAT_27792,3.454607916,51.52339386
frame-r-005042-4-0039,1,Success,TRUE,SAT_07281,4.445607198,23.70339415,0.2258268,23.74292699,0.067171835,,2004/12/12 3:03:41,SAT_07281,2.766744068,4.445607198,SAT_14509,3.863590011,6.799138426,SAT_17328,1.319072826,7.931591146
frame-r-005042-6-0171,1,Success,TRUE,SAT_18946,1.149043409,43.49386571,0.840288612,43.43154422,1.017206306,,2004/12/12 4:22:30,SAT_18946,5.515188255,1.149043409,SAT_04650,3.359841396,7.131400689,SAT_23027,5.671972496,12.40790095
frame-r-005043-3-0037,1,Success,TRUE,SAT_22563,3.597404339,32.79466483,-1.390721023,32.60533223,-1.333470833,,2004/12/12 5:57:04,SAT_22563,5.217852,3.597404339,SAT_27671,1.619855242,10.57559451,SAT_21766,1.23398359,15.29887721
frame-r-005042-2-0138,1,No match,FALSE,N/A,inf,38.45811728,-0.837610787,38.540699,-0.612807242,FOVNotMatch,2004/12/12 4:02:48,SAT_19250,5.835275153,6.136292575,SAT_18357,0.019737568,40.35165867,SAT_26565,2.686072137,40.68402033
frame-r-005042-1-0139,1,No match,FALSE,N/A,inf,38.60383581,-1.25661176,38.68623893,-1.033321947,FOVNotMatch,2004/12/12 4:03:24,SAT_19250,5.835275153,6.053225885,SAT_18357,0.019737568,40.43472536,SAT_26565,2.686072137,40.76708702
frame-r-005042-6-0134,1,No match,FALSE,N/A,inf,37.8777797,0.840522858,37.96064658,1.06517368,FOVNotMatch,2004/12/12 4:00:24,SAT_25449,5.200841614,11.68699819,SAT_18357,2.346916547,40.57789167,SAT_20025,5.351625845,40.81879921
frame-r-005047-4-0077,1,No match,FALSE,N/A,inf,124.4791607,15.85758788,124.3565131,16.0169131,FOVNotMatch,2004/12/12 11:59:21,SAT_25289,0.114744658,10.35209291,SAT_25772,1.689174708,18.83882654,SAT_10001,5.417352202,44.90947426
frame-r-005047-5-0078,1,No match,FALSE,N/A,inf,124.4945257,16.3312746,124.3531564,16.51454994,FOVNotMatch,2004/12/12 11:59:57,SAT_25289,0.114744658,10.3400027,SAT_25772,1.689174708,18.85091675,SAT_10001,5.417352202,44.92156446
frame-r-005061-4-0293,1,No match,FALSE,N/A,inf,158.3801737,27.52779944,158.3567063,27.49078599,FOVNotMatch,2004/12/13 10:51:52,SAT_16922,4.159320243,11.45564976,SAT_26970,13.62212167,N/A,SAT_17264,17.33976588,N/A
frame-r-005061-3-0392,1,No match,FALSE,N/A,inf,175.1461901,29.20779476,175.0581471,29.30138248,FOVNotMatch,2004/12/13 11:50:59,SAT_23590,4.787911105,48.47112393,SAT_06779,17.68019945,N/A,SAT_26483,8.096646535,N/A
frame-r-005061-3-0393,1,No match,FALSE,N/A,inf,175.416153,29.30930296,175.2904688,29.44283214,FOVNotMatch,2004/12/13 11:51:35,SAT_23590,4.787911105,48.48979091,SAT_06779,17.68019945,N/A,SAT_26483,8.096646535,N/A
frame-r-005061-3-0310,1,No match,FALSE,N/A,inf,161.3649013,27.65055092,161.2340789,27.5446928,FOVNotMatch,2004/12/13 11:02:01,SAT_06302,4.010258724,14.76309701,SAT_15789,4.66327753,17.40155757,SAT_02789,1.46168922,47.7161728
frame-r-005061-6-0326,1,No match,FALSE,N/A,inf,163.7463309,29.13381079,163.7956085,29.16720395,FOVNotMatch,2004/12/13 11:11:34,SAT_07059,3.711787462,20.05118618,SAT_26483,5.389194373,27.55960905,SAT_13149,3.684552052,62.29785844
frame-r-005061-6-0345,1,No match,FALSE,N/A,inf,166.8662878,29.6347709,166.9257783,29.67160332,FOVNotMatch,2004/12/13 11:22:55,SAT_26483,5.438702883,29.37315212,SAT_24959,5.707201653,44.70169622,SAT_18962,3.238062427,50.90482755
frame-r-005061-1-0345,1,No match,FALSE,N/A,inf,167.3131395,27.6763468,167.2089957,27.7265497,FOVNotMatch,2004/12/13 11:22:55,SAT_01244,2.486904941,30.13929783,SAT_18962,3.238062427,65.06132641,SAT_24959,5.707201653,71.26445774
frame-r-005061-6-0346,1,No match,FALSE,N/A,inf,167.1323812,29.63482053,167.220005,29.68903582,FOVNotMatch,2004/12/13 11:23:31,SAT_26483,5.438702883,29.3884352,SAT_24959,5.707201653,44.7169793,SAT_18962,3.238062427,50.92011063
frame-r-005052-2-0146,1,No match,FALSE,N/A,inf,5.687735324,-0.644338714,5.638252019,-0.610241382,FOVNotMatch,2004/12/13 3:01:52,SAT_15166,2.897761227,27.66246503,SAT_25773,4.262381752,27.75700708,SAT_26488,4.161340262,30.23583402
frame-r-005052-5-0039,1,No match,FALSE,N/A,inf,349.6214521,0.465948693,349.5073371,0.555768931,FOVNotMatch,2004/12/13 1:57:59,SAT_04140,0.925024743,11.93861805,SAT_26476,5.914164495,12.74144556,SAT_26729,5.545592441,22.88223055
frame-r-005064-4-0173,1,Success,TRUE,SAT_27534,2.844839924,3.534611029,-19.90037132,3.657295007,-19.8777613,,2004/12/14 2:47:33,SAT_27534,2.722970683,2.844839924,SAT_07131,4.560426796,5.781537371,SAT_19908,3.112269116,18.42180399
frame-r-005064-4-0174,1,Success,TRUE,SAT_27534,3.134213835,3.692850343,-19.93322434,3.866058347,-19.90045368,,2004/12/14 2:48:09,SAT_27534,2.722970683,3.134213835,SAT_07131,4.560426796,6.070911283,SAT_19908,3.112269116,18.7111779
frame-r-005064-4-0175,1,Success,TRUE,SAT_27534,3.144260938,3.851993877,-19.96521752,4.025893399,-19.93229285,,2004/12/14 2:48:45,SAT_27534,2.722970683,3.144260938,SAT_07131,4.560426796,6.080958386,SAT_19908,3.112269116,18.721225
frame-r-005064-4-0176,1,Success,TRUE,SAT_27534,3.301001761,4.092203255,-19.98223477,4.185224425,-19.96437666,,2004/12/14 2:49:21,SAT_27534,2.722970683,3.301001761,SAT_07131,4.560426796,6.237699209,SAT_19908,3.112269116,18.87796582
frame-r-005065-6-0075,1,Success,TRUE,SAT_19658,1.062836937,30.2284792,7.772153899,30.27274947,7.854879693,,2004/12/14 4:05:39,SAT_19658,1.28869318,1.062836937,SAT_25272,3.577977766,33.51525269,SAT_27146,3.035001125,39.35843074
frame-r-005065-3-0079,1,Success,TRUE,SAT_19658,1.041285827,30.75770018,6.438749922,30.82443631,6.563929546,,2004/12/14 4:08:03,SAT_19658,1.28869318,1.041285827,SAT_25272,3.577977766,33.49370158,SAT_27146,3.035001125,39.37998186
frame-r-005065-3-0080,1,Success,TRUE,SAT_19658,1.210048731,31.00814993,6.328358409,31.07387162,6.450789201,,2004/12/14 4:08:39,SAT_19658,1.28869318,1.210048731,SAT_25272,3.577977766,33.66246449,SAT_27146,3.035001125,39.21121895
frame-r-005064-4-0038,1,No match,FALSE,N/A,inf,342.1815786,-18.41328453,342.2908044,-18.31744799,FOVNotMatch,2004/12/14 1:26:57,SAT_25026,0.246859904,30.36770416,SAT_15952,4.123857286,31.6490562,SAT_08134,3.046364043,36.69585093
frame-r-005064-4-0039,1,No match,FALSE,N/A,inf,342.3781238,-18.55471471,342.5103818,-18.43874156,FOVNotMatch,2004/12/14 1:27:33,SAT_25026,0.246859904,30.37173393,SAT_15952,4.123857286,31.64502643,SAT_08134,3.046364043,36.69988069
frame-r-005065-3-0168,1,Success,TRUE,SAT_11256,0.235095289,44.13658966,5.410880044,44.28140012,5.458270445,,2004/12/14 5:01:11,SAT_11256,5.642580692,0.235095289,SAT_14394,4.241012517,5.275999362,SAT_10953,5.528617082,5.730612488
frame-r-005066-5-0095,1,Success,TRUE,SAT_05066,0.702251823,55.18384301,9.070010296,55.18727244,9.290293423,,2004/12/14 6:56:10,SAT_05066,5.086091463,0.702251823,SAT_19351,5.769730435,30.61354464,SAT_26898,1.737734292,60.56799987
frame-r-005069-5-0070,1,No match,FALSE,N/A,inf,30.73548405,-17.71487281,30.80298754,-17.47894895,FOVNotMatch,2004/12/15 4:17:47,SAT_19515,3.940121854,23.3306883,SAT_27757,4.67214572,35.52319824,SAT_10646,0.605205586,38.82754104
frame-r-005071-5-0379,1,Success,TRUE,SAT_01613,4.262033666,173.0886403,30.30820081,173.2100076,30.32598619,,2004/12/15 10:43:25,SAT_01613,0.124645343,4.262033666,SAT_26483,5.763849563,56.81112916,SAT_12326,3.403538423,82.97824166
frame-r-005071-5-0380,1,Success,TRUE,SAT_01613,3.896660733,173.3249011,30.32360669,173.4486496,30.3410382,,2004/12/15 10:44:01,SAT_01613,0.124645343,3.896660733,SAT_26483,5.763849563,57.1765021,SAT_12326,3.403538423,83.34361459
frame-r-005071-1-0462,1,No match,FALSE,N/A,inf,187.6198612,28.9175562,187.6622307,29.11151867,FOVNotMatch,2004/12/15 11:32:58,SAT_10091,4.082248132,20.62385071,SAT_10882,0.081896105,24.32402559,SAT_22537,3.459045481,37.88563192
frame-r-005072-6-0023,1,Success,TRUE,SAT_07155,1.303496385,199.6755637,30.39195267,199.716059,30.45499605,,2004/12/15 12:14:42,SAT_07155,4.595031569,1.303496385,SAT_22066,5.923239639,9.467268249,SAT_27663,3.024483162,11.13217287
frame-r-005087-6-0029,1,No match,FALSE,N/A,inf,153.9313266,24.89279984,153.9423557,25.0281265,FOVNotMatch,2004/12/21 9:27:10,SAT_16922,0.307618894,12.18273614,SAT_26987,5.092430145,25.1609666,SAT_15702,3.477072903,25.22846911
frame-r-005080-4-0168,1,No match,FALSE,N/A,inf,138.4473966,19.70614013,138.3415798,19.72501956,FOVNotMatch,2004/12/20 11:23:28,SAT_26525,3.745464187,22.74387917,SAT_08546,4.030745359,37.98318409,SAT_18472,4.091260114,88.00744518
frame-r-005087-4-0316,1,No match,FALSE,N/A,inf,201.8827054,26.47300844,201.8148061,26.7080637,FOVNotMatch,2004/12/21 12:18:31,SAT_01477,1.088567893,15.05648518,SAT_17800,4.812321839,58.43673166,SAT_16528,5.907700767,71.23248663
frame-r-005112-4-0362,1,No match,FALSE,N/A,inf,165.0331683,26.28017643,165.0540138,26.48658682,FOVNotMatch,2005/1/17 11:31:41,SAT_13762,0.150836563,29.4492421,SAT_01943,9.061345225,N/A,SAT_20583,12.67888715,N/A
frame-r-005112-1-0398,1,No match,FALSE,N/A,inf,171.0552649,25.74427699,171.0346435,25.79469728,FOVNotMatch,2005/1/17 11:53:11,SAT_10575,1.398902674,15.17793109,SAT_23587,3.305823882,37.33903551,SAT_01682,2.349275268,71.26879976
frame-r-005112-1-0398,2,No match,FALSE,N/A,inf,171.1935425,25.75839179,171.2113602,25.84081293,FOVNotMatch,2005/1/17 11:53:11,SAT_23587,3.305823882,6.105674604,SAT_10575,1.398902674,46.411292,SAT_01682,2.349275268,77.49783933
frame-r-005112-1-0399,1,No match,FALSE,N/A,inf,171.3858678,25.77733392,171.2952245,25.99452474,FOVNotMatch,2005/1/17 11:53:47,SAT_10575,1.398902674,14.81783798,SAT_23587,3.305823882,37.69912862,SAT_01682,2.349275268,70.90870665
frame-r-005112-3-0253,1,No match,FALSE,N/A,inf,147.6059255,22.24640432,147.5174007,22.31793375,FOVNotMatch,2005/1/17 10:26:36,SAT_04996,2.005463727,8.213609971,SAT_16291,4.476300801,35.52506448,SAT_25989,0.524091373,89.77915563
frame-r-005112-5-0444,1,Success,TRUE,SAT_06192,0.507613883,178.7245254,27.98512988,178.7506598,28.05898632,,2005/1/17 12:20:39,SAT_06192,5.822631373,0.507613883,SAT_23587,5.152744496,0.939337248,SAT_10925,1.787586157,8.661302702
frame-r-005116-5-0113,1,No match,FALSE,N/A,inf,186.7484653,25.80678592,186.9266918,25.71330393,FOVNotMatch,2005/1/18 11:29:03,SAT_23482,0.297506212,30.64165602,SAT_17213,3.690635533,75.46137631,SAT_20061,3.913882323,82.60477452
frame-r-005125-4-0197,1,No match,FALSE,N/A,inf,158.1462143,22.87230995,158.0005402,23.0013591,FOVNotMatch,2005/1/19 11:28:04,SAT_07048,1.068900426,12.22982252,SAT_26525,0.658891239,35.88045178,SAT_02362,3.023853474,37.56446237
frame-r-005125-6-0218,1,No match,FALSE,N/A,inf,161.2953829,24.20335102,161.2033548,24.39459232,FOVNotMatch,2005/1/19 11:40:36,SAT_20048,1.626039354,5.996281026,SAT_11692,0.829591357,28.71169671,SAT_18881,5.945623253,40.50836832
frame-r-005125-3-0218,1,Success,TRUE,SAT_14670,1.096990066,161.464433,23.1220127,161.5602566,23.16706944,,2005/1/19 11:40:36,SAT_14670,1.520784653,1.096990066,SAT_26525,0.113677195,36.93278979,SAT_01778,0.047631115,37.3129249
frame-r-005125-6-0171,1,No match,FALSE,N/A,inf,153.7539375,22.80746467,153.7707796,23.03989849,FOVNotMatch,2005/1/19 11:12:32,SAT_18881,1.919471295,12.23989787,SAT_15827,3.497718216,29.07883077,SAT_26188,0.618492524,47.49957565
frame-r-005125-4-0297,1,No match,FALSE,N/A,inf,174.2377409,24.8196557,174.2055641,24.82310309,FOVNotMatch,2005/1/19 12:27:46,SAT_26525,3.877076938,8.692481101,SAT_15618,3.315584587,55.33835775,SAT_27437,0.038085159,65.739209
frame-r-005137-6-0221,1,No match,FALSE,N/A,inf,145.9075312,20.85387912,145.8052472,20.84289007,FOVNotMatch,2005/2/4 5:48:58,SAT_04964,5.449173906,35.13656192,SAT_25884,2.825117981,61.38170608,SAT_13897,1.984274993,62.82623032
frame-r-005137-6-0222,1,No match,FALSE,N/A,inf,146.1271943,20.92413856,145.9740846,20.90690706,FOVNotMatch,2005/2/4 5:49:33,SAT_04964,5.449173906,34.82469758,SAT_25884,2.825117981,61.69357042,SAT_13897,1.984274993,62.51436598
frame-r-005140-4-0128,1,No match,FALSE,N/A,inf,171.1816264,24.61933328,171.0066586,24.57275177,FOVNotMatch,2005/2/4 9:45:58,SAT_25651,3.207204979,19.87926383,SAT_13957,0.066542307,21.24764414,SAT_25804,5.318230015,83.22156006
frame-r-005140-4-0155,1,No match,FALSE,N/A,inf,175.5092341,24.90407366,175.4730077,24.99352504,FOVNotMatch,2005/2/4 10:02:05,SAT_26816,5.94017407,38.56689954,SAT_20061,5.16303504,56.4748692,SAT_13957,2.643996105,61.61876271
frame-r-005140-6-0159,1,No match,FALSE,N/A,inf,176.1565306,25.87766722,176.0260744,25.96839824,FOVNotMatch,2005/2/4 10:04:28,SAT_13957,4.018878734,27.73091146,SAT_09722,5.707754877,80.90003181,SAT_20061,3.877372271,89.62089661
frame-r-005183-4-0270,1,Success,TRUE,SAT_15272,4.243810632,172.1654249,22.19832732,172.1466977,22.23179906,,2005/3/10 7:57:17,SAT_15272,5.876317884,4.243810632,SAT_00005,3.086044203,72.70874873,SAT_20646,15.60558655,N/A
frame-r-005183-3-0270,1,Success,TRUE,SAT_15272,4.046109927,172.3316611,21.9033376,172.271664,22.00986751,,2005/3/10 7:57:17,SAT_15272,5.876317884,4.046109927,SAT_00005,3.086044203,72.51104802,SAT_20646,15.60558655,N/A
frame-r-005183-5-0237,1,No match,FALSE,N/A,inf,166.9409442,22.19373065,166.8763078,22.21561674,FOVNotMatch,2005/3/10 7:37:34,SAT_10485,2.159313898,86.55662407,SAT_27636,10.79242796,N/A,SAT_20646,12.57830766,N/A
frame-r-005183-5-0418,1,No match,FALSE,N/A,inf,196.2577396,22.73504892,196.3105256,22.80750437,FOVNotMatch,2005/3/10 9:25:39,SAT_10768,1.752062732,15.5804446,SAT_21338,1.284411195,17.86706157,SAT_04377,5.945051553,36.1725902
frame-r-005183-5-0025,1,No match,FALSE,N/A,inf,134.1520046,15.31195984,133.9961131,15.4256908,FOVNotMatch,2005/3/10 5:31:00,SAT_08774,5.20668648,30.73810094,SAT_13010,5.943072517,33.40998821,SAT_23641,1.624304723,41.88032796
frame-r-005183-1-0394,1,No match,FALSE,N/A,inf,192.3325935,21.42434353,192.158906,21.45063618,FOVNotMatch,2005/3/10 9:11:19,SAT_15206,5.456924559,6.580551296,SAT_15832,0.055143118,13.23822897,SAT_04377,5.854165213,31.35885076
frame-r-005183-1-0395,1,No match,FALSE,N/A,inf,192.4939666,21.43367295,192.4139198,21.44594067,FOVNotMatch,2005/3/10 9:11:55,SAT_15206,5.456924559,6.693266162,SAT_15832,0.055143118,13.35094384,SAT_04377,5.854165213,31.47156563
frame-r-005182-1-0069,1,No match,FALSE,N/A,inf,125.3023263,10.92613409,125.1689074,10.80632391,FOVNotMatch,2005/3/10 3:47:46,SAT_21118,5.806096138,30.94204924,SAT_23309,5.339337831,32.13862333,SAT_18316,5.450654377,39.77679994
frame-r-005183-2-0532,1,No match,FALSE,N/A,inf,214.2399331,19.22622365,214.1056352,19.34285325,FOVNotMatch,2005/3/10 10:33:43,SAT_00732,0.963239873,32.94392967,SAT_04377,3.945890886,50.30168288,SAT_23092,1.428956474,53.65726642
frame-r-005183-2-0532,2,No match,FALSE,N/A,inf,214.236549,19.22708052,214.1052125,19.33745541,FOVNotMatch,2005/3/10 10:33:43,SAT_00732,0.963239873,33.87993789,SAT_04377,3.945890886,49.36567466,SAT_23092,1.428956474,54.59327463
frame-r-005183-2-0541,1,No match,FALSE,N/A,inf,215.5173956,19.13767188,215.5826004,19.20915408,FOVNotMatch,2005/3/10 10:39:05,SAT_04377,4.582115703,42.83515153,SAT_01915,1.020024919,45.03878526,SAT_08896,0.130388845,62.16910494
frame-r-005183-6-0678,1,No match,FALSE,N/A,inf,236.748327,15.531133,236.7899117,15.58513262,FOVNotMatch,2005/3/10 12:00:53,SAT_24921,0.314668914,5.188761484,SAT_10089,4.52236518,19.70747884,SAT_12980,2.355723236,20.15140265
frame-r-005194-4-0340,1,Success,TRUE,SAT_27436,4.516769296,165.0707398,21.27167295,165.1657932,21.37596524,,2005/3/12 6:16:59,SAT_27436,1.188651433,4.516769296,SAT_26383,1.3251723,33.16391625,SAT_07574,0.778764047,49.39118614
frame-r-005194-4-0421,1,No match,FALSE,N/A,inf,178.1487145,22.54367866,178.1836067,22.56105229,FOVNotMatch,2005/3/12 7:05:21,SAT_26383,2.991865093,17.92264811,SAT_00548,0.217283028,18.8773457,SAT_13608,3.424984031,23.0570267
frame-r-005194-1-0610,1,No match,FALSE,N/A,inf,208.2778562,19.74118174,208.3288945,19.70451882,FOVNotMatch,2005/3/12 8:58:12,SAT_15206,5.897764278,26.6286478,SAT_21182,1.216729035,77.98397212,SAT_19891,16.2099316,N/A
frame-r-005194-1-0611,1,No match,FALSE,N/A,inf,208.6044496,19.68662867,208.5236479,19.74489978,FOVNotMatch,2005/3/12 8:58:47,SAT_15206,5.897764278,26.73576308,SAT_21182,1.216729035,77.87685684,SAT_19891,16.2099316,N/A
frame-r-005194-2-0648,1,No match,FALSE,N/A,inf,214.4482938,19.06853681,214.2819689,19.09011194,FOVNotMatch,2005/3/12 9:20:53,SAT_12766,5.354760982,77.79406992,SAT_20770,7.515155758,N/A,SAT_22952,13.7065002,N/A
frame-r-005194-2-0648,2,No match,FALSE,N/A,inf,214.4495894,19.07104002,214.282004,19.0942116,FOVNotMatch,2005/3/12 9:20:53,SAT_12766,5.354760982,77.28574463,SAT_20770,7.515155758,N/A,SAT_22952,13.7065002,N/A
frame-r-005194-6-0649,1,No match,FALSE,N/A,inf,214.7590247,20.65563702,214.9050106,20.78774486,FOVNotMatch,2005/3/12 9:21:29,SAT_12766,5.354760982,50.33616127,SAT_20770,7.515155758,N/A,SAT_22952,13.7065002,N/A
frame-r-005194-6-0650,1,No match,FALSE,N/A,inf,215.0476599,20.57575225,215.0903829,20.61425743,FOVNotMatch,2005/3/12 9:22:04,SAT_12766,5.354760982,50.47601922,SAT_20770,7.515155758,N/A,SAT_22952,13.7065002,N/A
frame-r-005224-2-0172,1,No match,FALSE,N/A,inf,179.2605318,24.1908391,179.15898,24.10748994,FOVNotMatch,2005/4/2 3:56:18,SAT_19608,3.74878719,32.59893335,SAT_26370,16.01787511,N/A,SAT_21429,13.73940673,N/A
frame-r-005224-3-0079,1,No match,FALSE,N/A,inf,163.9691935,23.09602299,163.9143165,23.16689016,FOVNotMatch,2005/4/2 3:00:47,SAT_20308,3.09606516,42.99608538,SAT_17585,2.644987124,56.04129741,SAT_20805,1.015562708,64.84885873
frame-r-005224-1-0086,1,No match,FALSE,N/A,inf,165.3445269,22.52679749,165.170533,22.51172959,FOVNotMatch,2005/4/2 3:04:57,SAT_00053,2.459716118,24.40137896,SAT_18693,2.510678534,53.17873287,SAT_26483,4.343316995,62.71129227
frame-r-005224-3-0053,1,No match,FALSE,N/A,inf,159.8359384,22.45523172,159.7533003,22.66965514,FOVNotMatch,2005/4/2 2:45:15,SAT_10754,2.717754659,18.85383607,SAT_08143,0.047662561,19.43481006,SAT_12781,2.295003779,51.01451734
frame-r-005224-4-0054,1,No match,FALSE,N/A,inf,160.0004636,22.90918947,159.917061,23.12369992,FOVNotMatch,2005/4/2 2:45:51,SAT_10754,2.717754659,18.95309729,SAT_08143,0.047662561,19.53407129,SAT_12781,2.295003779,51.11377857
frame-r-005224-6-0054,1,No match,FALSE,N/A,inf,159.6872799,23.7098628,159.663536,23.77059186,FOVNotMatch,2005/4/2 2:45:51,SAT_10754,2.717754659,18.95532959,SAT_08143,0.047662561,19.53630358,SAT_12781,2.295003779,51.11601086
frame-r-005224-3-0057,1,No match,FALSE,N/A,inf,160.4797546,22.56234083,160.4498305,22.78574807,FOVNotMatch,2005/4/2 2:47:38,SAT_10754,2.717754659,6.308789224,SAT_08143,0.047662561,6.889763216,SAT_12781,2.295003779,38.46947049
frame-r-005194-2-0879,1,No match,FALSE,N/A,inf,248.6984858,9.504340681,248.7956665,9.577975939,FOVNotMatch,2005/3/12 11:38:48,SAT_19884,3.844640035,21.48276483,SAT_13904,3.053684468,31.32592171,SAT_26383,0.968998077,68.02297476
frame-r-005237-5-0054,1,No match,FALSE,N/A,inf,216.2388204,22.19386826,216.177208,22.40495809,FOVNotMatch,2005/4/9 7:50:28,SAT_08344,3.173055128,19.67633281,SAT_15387,5.202361054,72.86073073,SAT_23045,13.72620928,N/A
frame-r-005225-1-0105,1,No match,FALSE,N/A,inf,180.1983702,18.99099431,180.308888,19.03794915,FOVNotMatch,2005/4/2 7:50:08,SAT_13007,4.131560756,20.40165851,SAT_20764,0.776179872,26.46535381,SAT_13909,5.846664985,42.65691474
frame-r-005308-2-0128,1,No match,FALSE,N/A,inf,211.2827865,17.48402174,211.1067822,17.46642217,FOVNotMatch,2005/5/9 8:03:49,SAT_19884,5.887115651,16.17534458,SAT_24293,1.117463629,73.71339378,SAT_20434,12.62789501,N/A
frame-r-005308-2-0129,1,No match,FALSE,N/A,inf,211.3998123,17.4195402,211.4309755,17.42237875,FOVNotMatch,2005/5/9 8:04:24,SAT_19884,5.887115651,16.70675729,SAT_24293,1.117463629,73.18198107,SAT_20434,12.62789501,N/A
frame-r-005308-5-0280,1,No match,FALSE,N/A,inf,234.5401735,13.94188919,234.5241294,13.98785543,FOVNotMatch,2005/5/9 9:34:34,SAT_16295,1.697729114,49.78902069,SAT_01328,0.722422957,72.66455153,SAT_26353,1.824250208,73.56748189
frame-r-005308-6-0260,1,No match,FALSE,N/A,inf,231.6449625,15.16348443,231.799732,15.30696119,FOVNotMatch,2005/5/9 9:22:37,SAT_16293,5.779425462,18.08316153,SAT_00120,0.423751654,26.27920268,SAT_12679,1.597158363,40.08947813
frame-r-005312-6-0042,1,No match,FALSE,N/A,inf,137.9821377,15.1465324,137.9729914,15.24558275,FOVNotMatch,2005/5/10 3:22:01,SAT_26001,2.820627084,10.56973795,SAT_23396,3.555500064,17.47073534,SAT_22512,0.395099761,18.46606487
frame-r-005312-2-0046,1,No match,FALSE,N/A,inf,139.0106621,13.67234363,139.0019512,13.76928892,FOVNotMatch,2005/5/10 3:24:25,SAT_26001,2.820627084,10.67329051,SAT_23396,3.555500064,17.5742879,SAT_22512,0.395099761,18.56961743
frame-r-005312-3-0131,1,No match,FALSE,N/A,inf,151.8411135,16.74385445,151.9179643,16.97163308,FOVNotMatch,2005/5/10 4:15:10,SAT_09984,1.645232325,51.9480527,SAT_15832,3.96659684,58.96838813,SAT_00202,2.008913109,79.5745947
frame-r-005312-5-0056,1,No match,FALSE,N/A,inf,140.3810597,15.17041101,140.3776238,15.21876763,FOVNotMatch,2005/5/10 3:30:23,SAT_03235,1.927184302,5.670120597,SAT_22512,1.336085196,18.72549327,SAT_13603,0.860950915,18.95155382
frame-r-005314-4-0049,1,No match,FALSE,N/A,inf,184.0396488,20.16032139,183.8666987,20.05856994,FOVNotMatch,2005/5/10 7:19:15,SAT_18103,3.502647545,39.24799325,SAT_15832,1.941303395,39.94094829,SAT_26383,3.468702238,45.88524952
frame-r-005314-3-0054,1,No match,FALSE,N/A,inf,184.8215604,19.71282571,184.6646392,19.79081376,FOVNotMatch,2005/5/10 7:22:14,SAT_26383,3.468702238,14.01942089,SAT_15832,1.941303395,19.96372212,SAT_12857,2.486304564,26.99171023
frame-r-005314-1-0038,1,No match,FALSE,N/A,inf,182.1369387,18.82562935,182.2753232,18.9437432,FOVNotMatch,2005/5/10 7:12:41,SAT_18103,3.08083136,29.4472778,SAT_15832,3.405935464,48.84241735,SAT_26383,4.577366955,55.02888483
frame-r-005314-6-0194,1,No match,FALSE,N/A,inf,207.1327104,19.48821148,207.0704278,19.52750594,FOVNotMatch,2005/5/10 8:45:50,SAT_26383,4.815460326,10.42448296,SAT_25469,0.213875393,33.66273775,SAT_27710,4.821861575,40.69559995
frame-r-005314-2-0240,1,No match,FALSE,N/A,inf,213.8737495,16.83536461,214.0573128,17.02739802,FOVNotMatch,2005/5/10 9:13:18,SAT_23511,1.404451518,20.62347574,SAT_20024,3.152228601,21.26757982,SAT_04298,3.947308218,31.64932297
frame-r-005314-6-0275,1,No match,FALSE,N/A,inf,219.7788774,17.63802516,219.6595694,17.52452446,FOVNotMatch,2005/5/10 9:34:12,SAT_04298,5.250537762,31.22338175,SAT_23486,5.980258919,32.42832428,SAT_01964,3.602453125,36.08366336
frame-r-005314-4-0352,1,No match,FALSE,N/A,inf,231.1655502,14.34841633,231.1209252,14.32021386,FOVNotMatch,2005/5/10 10:20:10,SAT_10831,5.399470642,58.65568996,SAT_12693,0.071945828,82.94212394,SAT_03827,2.126900519,83.73415943
frame-r-005314-4-0334,1,No match,FALSE,N/A,inf,228.5131472,14.94088768,228.4185275,14.97245816,FOVNotMatch,2005/5/10 10:09:25,SAT_02017,0.08255361,9.712025893,SAT_00121,5.278150773,27.1296185,SAT_21419,4.335917781,31.73173337
frame-r-005317-6-0022,1,No match,FALSE,N/A,inf,227.1483525,16.12715057,226.9791337,16.14620885,FOVNotMatch,2005/5/11 4:50:19,SAT_15832,0.028910315,13.34435076,SAT_19826,3.848953602,64.82992882,SAT_07276,1.905033546,80.00661162
frame-r-005318-1-0066,1,No match,FALSE,N/A,inf,211.5860265,14.71607537,211.5459974,14.7128668,FOVNotMatch,2005/5/11 7:10:02,SAT_03373,0.767555178,5.722997475,SAT_21978,4.594199276,66.32052848,SAT_18540,0.756765284,66.63215176
frame-r-005318-1-0067,1,No match,FALSE,N/A,inf,211.8669389,14.67330974,211.7636308,14.66553898,FOVNotMatch,2005/5/11 7:10:38,SAT_03373,0.767555178,5.431515473,SAT_21978,4.594199276,66.02904648,SAT_18540,0.756765284,66.34066976
frame-r-005323-6-0111,1,Success,TRUE,SAT_22606,0.280020643,245.1912522,14.14098714,245.1384995,14.21704511,,2005/5/12 10:11:28,SAT_22606,2.201823022,0.280020643,SAT_25342,1.794744006,11.34091055,SAT_20760,1.073926709,54.43310179
frame-r-005326-1-0283,1,No match,FALSE,N/A,inf,242.3681021,8.581514918,242.1930235,8.394827896,FOVNotMatch,2005/5/13 9:08:46,SAT_01576,4.155965083,19.00992119,SAT_10167,3.823220151,29.40752317,SAT_08183,4.38702217,35.6028047
frame-r-005360-6-0175,1,No match,FALSE,N/A,inf,172.4196981,17.94514923,172.4250352,18.17048229,FOVNotMatch,2005/6/1 4:49:02,SAT_03338,0.031810041,13.08532586,SAT_08311,5.262294471,36.34880531,SAT_15223,9.883969422,N/A
frame-r-005360-1-0090,1,No match,FALSE,N/A,inf,159.441425,14.78176612,159.3270563,14.74313202,FOVNotMatch,2005/6/1 3:58:17,SAT_18106,2.16000417,52.74707207,SAT_09598,3.209922694,77.35470174,SAT_25834,5.852634033,82.92885192
frame-r-005360-2-0124,1,No match,FALSE,N/A,inf,164.6883973,15.71904713,164.5531495,15.69342632,FOVNotMatch,2005/6/1 4:18:35,SAT_18106,5.708290114,60.54367256,SAT_08154,0.785033468,61.25173075,SAT_20578,0.280279539,76.51970247
frame-r-005360-2-0322,1,Success,TRUE,SAT_27652,3.998624983,195.4785971,16.61016948,195.3952334,16.58566123,,2005/6/1 6:16:49,SAT_27652,2.824667348,3.998624983,SAT_20764,3.697982135,32.99523947,SAT_26194,4.052056799,64.83526135
frame-r-005360-6-0325,1,Success,TRUE,SAT_26194,0.599533936,196.0983744,18.15531774,195.9926571,18.26369285,,2005/6/1 6:18:36,SAT_26194,4.052056799,0.599533936,SAT_20764,3.697982135,31.24048795,SAT_27652,2.824667348,68.2343524
frame-r-005362-4-0129,1,No match,FALSE,N/A,inf,250.2871186,53.7289838,250.1791684,53.87924364,FOVNotMatch,2005/6/1 8:20:35,SAT_22741,3.635185275,10.94549772,SAT_23420,4.278224564,12.85272786,SAT_25850,0.075675363,13.89655984
frame-r-005362-4-0130,1,No match,FALSE,N/A,inf,250.4395679,53.60870355,250.3330257,53.75928925,FOVNotMatch,2005/6/1 8:21:11,SAT_22741,3.635185275,11.20060461,SAT_23420,4.278224564,13.10783475,SAT_25850,0.075675363,14.15166672
frame-r-005362-4-0131,1,No match,FALSE,N/A,inf,250.5917816,53.48760371,250.5042931,53.61254195,FOVNotMatch,2005/6/1 8:21:47,SAT_22741,3.635185275,11.34621568,SAT_23420,4.278224564,13.25344582,SAT_25850,0.075675363,14.2972778
frame-r-005381-6-0041,1,No match,FALSE,N/A,inf,159.705066,16.96764147,159.7699338,17.20147746,FOVNotMatch,2005/6/5 3:41:17,SAT_24126,0.947921425,32.42599019,SAT_07822,0.048873854,45.47455842,SAT_07058,2.358405763,46.1627733
frame-r-005381-2-0047,1,No match,FALSE,N/A,inf,160.9685222,15.43009394,160.9566943,15.65326593,FOVNotMatch,2005/6/5 3:44:52,SAT_24126,0.947921425,14.65183095,SAT_07822,0.048873854,27.70039918,SAT_07058,2.358405763,28.38861406
frame-r-005381-6-0083,1,Success,TRUE,SAT_23830,0.559049225,166.2278248,17.67478353,166.2134737,17.73335698,,2005/6/5 4:06:22,SAT_23830,1.700787154,0.559049225,SAT_07210,3.878231247,19.90359713,SAT_16528,2.497511257,60.96041126
frame-r-005381-6-0083,2,No match,FALSE,N/A,inf,166.2659902,17.77307248,166.2089638,17.7724651,FOVNotMatch,2005/6/5 4:06:22,SAT_28452,0.204154808,12.22998734,SAT_16528,2.497511257,16.54236455,SAT_24720,3.783731738,27.56353208
frame-r-005381-1-0186,1,No match,FALSE,N/A,inf,182.4924913,16.58604771,182.4473669,16.57680742,FOVNotMatch,2005/6/5 5:07:52,SAT_00011,0.060900749,22.84254896,SAT_23613,15.88493956,N/A,SAT_18103,13.26910943,N/A
frame-r-005382-4-0088,1,No match,FALSE,N/A,inf,194.8151832,17.31961086,194.7491372,17.26375494,FOVNotMatch,2005/6/5 6:17:39,SAT_26783,4.957118953,22.0657946,SAT_16457,5.54711959,49.61859373,SAT_23229,5.046151856,50.3687536
frame-r-005385-1-0029,1,No match,FALSE,N/A,inf,230.9196173,54.51429549,230.9477279,54.62012286,FOVNotMatch,2005/6/5 9:47:34,SAT_27617,1.549993506,20.93941327,SAT_21722,3.504276734,32.73939763,SAT_21290,3.661017465,45.15532438
frame-r-005392-1-0017,1,No match,FALSE,N/A,inf,255.4234691,-5.398828955,255.3259308,-5.413161549,FOVNotMatch,2005/6/6 8:29:55,SAT_17254,0.025309116,7.223035871,SAT_28252,5.929266506,8.406076355,SAT_26056,1.871972005,8.423848996
frame-r-005401-1-0015,1,No match,FALSE,N/A,inf,153.5993277,59.96269767,153.4891166,59.9601014,FOVNotMatch,2005/6/8 3:42:15,SAT_08437,4.44115678,9.55975114,SAT_26486,5.668560633,10.06381558,SAT_27805,4.913197384,26.04115331
frame-r-005396-6-0129,1,No match,FALSE,N/A,inf,254.8819866,-8.7452104,254.7853923,-8.595451669,FOVNotMatch,2005/6/7 5:51:40,SAT_21012,0.97438428,11.11230934,SAT_12376,3.9507865,46.25640598,SAT_12384,5.758026243,46.27209537
frame-r-005402-1-0011,1,No match,FALSE,N/A,inf,183.3150942,4.177667008,183.2121193,4.168237788,FOVNotMatch,2005/6/8 4:28:04,SAT_20762,5.429984175,6.09105724,SAT_22314,5.35577919,8.015187801,SAT_20041,3.28007581,9.532302607
frame-r-005402-1-0017,1,No match,FALSE,N/A,inf,184.2761173,4.101525404,184.1137602,4.086200885,FOVNotMatch,2005/6/8 4:31:39,SAT_20762,5.429984175,6.251107086,SAT_22314,5.35577919,8.175237647,SAT_20041,3.28007581,9.692352453
frame-r-005402-1-0019,1,No match,FALSE,N/A,inf,184.5757605,4.073325456,184.4139004,4.057834113,FOVNotMatch,2005/6/8 4:32:50,SAT_19122,5.828090883,5.715685022,SAT_20762,5.451206124,6.404984199,SAT_22314,5.394242132,8.368146265
frame-r-005402-1-0020,1,No match,FALSE,N/A,inf,184.7258201,4.059116047,184.5635844,4.044145858,FOVNotMatch,2005/6/8 4:33:26,SAT_19122,5.828090883,5.911281938,SAT_20762,5.451206124,6.209387284,SAT_22314,5.394242132,8.17254935
frame-r-005402-1-0021,1,No match,FALSE,N/A,inf,184.8762496,4.044992277,184.7131495,4.029692588,FOVNotMatch,2005/6/8 4:34:02,SAT_19122,5.828090883,5.824187997,SAT_20762,5.451206124,6.296481224,SAT_22314,5.394242132,8.25964329
frame-r-005402-1-0023,1,No match,FALSE,N/A,inf,185.176205,4.01660652,185.0129849,4.001255568,FOVNotMatch,2005/6/8 4:35:14,SAT_19122,5.828090883,5.810419167,SAT_20762,5.451206124,6.310250054,SAT_22314,5.394242132,8.27341212
frame-r-005402-1-0024,1,No match,FALSE,N/A,inf,185.326486,4.00237729,185.1633792,3.9869522,FOVNotMatch,2005/6/8 4:35:49,SAT_19122,5.828090883,5.780915034,SAT_20762,5.451206124,6.339754188,SAT_22314,5.394242132,8.302916254
frame-r-005402-1-0025,1,No match,FALSE,N/A,inf,185.4767555,3.988124869,185.3141449,3.972849202,FOVNotMatch,2005/6/8 4:36:25,SAT_19122,5.828090883,5.816890563,SAT_20762,5.451206124,6.303778658,SAT_22314,5.394242132,8.266940724
frame-r-005402-1-0026,1,No match,FALSE,N/A,inf,185.6264154,3.97371332,185.4635532,3.958111226,FOVNotMatch,2005/6/8 4:37:01,SAT_19122,5.628451094,5.363535584,SAT_20762,5.469278152,6.478211129,SAT_22314,5.428168421,8.474808395
frame-r-005402-4-0030,1,No match,FALSE,N/A,inf,186.1533953,5.212888751,186.1058206,5.285178334,FOVNotMatch,2005/6/8 4:39:24,SAT_21979,2.52333714,8.814889035,SAT_14050,5.767978116,44.54402594,SAT_19683,2.408043991,46.88009778
frame-r-005408-4-0108,1,No match,FALSE,N/A,inf,168.9737081,59.3768812,169.1343097,59.46029913,FOVNotMatch,2005/6/9 4:09:33,SAT_24640,5.126739871,10.01776676,SAT_25030,5.250225589,21.18515998,SAT_21458,1.278358975,83.08664058
frame-r-005408-6-0131,1,No match,FALSE,N/A,inf,175.736875,60.71951528,175.7843956,60.80371844,FOVNotMatch,2005/6/9 4:23:17,SAT_18106,5.756873546,10.07296156,SAT_28164,5.929918098,29.36268297,SAT_24640,5.347166378,41.89820333
frame-r-005402-2-0039,1,No match,FALSE,N/A,inf,187.5543893,4.370384284,187.5791352,4.459006434,FOVNotMatch,2005/6/8 4:44:47,SAT_26675,3.032300637,5.179290557,SAT_00702,3.582544243,23.04899899,SAT_27489,2.194620921,47.55664124
frame-r-005598-2-0096,1,No match,FALSE,N/A,inf,357.1185658,6.591574997,357.1496146,6.697477195,FOVNotMatch,2005/9/12 7:23:39,SAT_03029,5.346185009,62.29862795,SAT_08746,10.70758488,N/A,SAT_08808,13.16601982,N/A
frame-r-005598-2-0051,1,No match,FALSE,N/A,inf,350.398449,6.527885753,350.2676695,6.615538736,FOVNotMatch,2005/9/12 6:56:47,SAT_04069,4.506329226,14.43192021,SAT_00327,5.027565921,16.54063847,SAT_12981,4.63496734,22.17959651
frame-r-005598-2-0051,2,Success,TRUE,SAT_27706,4.919221412,350.236244,6.485148088,350.2836977,6.519233459,,2005/9/12 6:56:47,SAT_27706,4.871998313,4.919221412,SAT_25485,1.080296559,34.26492382,SAT_06058,4.349442912,35.78519146
frame-r-005641-6-0056,1,No match,FALSE,N/A,inf,8.943880125,8.532843402,8.932660508,8.756558585,FOVNotMatch,2005/9/26 5:35:39,SAT_26037,4.709106327,10.1914723,SAT_10627,3.919766326,88.32823155,SAT_28704,14.91589534,N/A
frame-r-005711-3-0030,1,No match,FALSE,N/A,inf,22.70447731,6.940419341,22.84713358,7.072938225,FOVNotMatch,2005/10/11 9:10:07,SAT_00831,1.817936546,22.3574561,SAT_08366,4.306272108,28.79161393,SAT_03431,4.545412525,34.03979343
frame-r-005711-3-0030,2,No match,FALSE,N/A,inf,22.793123,6.936659531,22.68201068,7.028619039,FOVNotMatch,2005/10/11 9:10:07,SAT_18356,4.218830866,27.87848792,SAT_03432,3.099184038,47.38593973,SAT_03431,4.545412525,48.88633472
frame-r-005711-3-0039,1,Success,TRUE,SAT_12078,3.871051812,24.0682679,6.884443485,24.1228392,7.107239368,,2005/10/11 9:15:29,SAT_12078,4.984620171,3.871051812,SAT_23308,0.695771929,32.25172485,SAT_00051,2.113500871,36.67290826
frame-r-005711-2-0040,1,Success,TRUE,SAT_12078,3.87506886,24.29763127,6.577292706,24.32219788,6.677636153,,2005/10/11 9:16:05,SAT_12078,4.984620171,3.87506886,SAT_23308,0.695771929,32.2557419,SAT_00051,2.113500871,36.66889121
frame-r-005711-2-0087,1,No match,FALSE,N/A,inf,31.35072154,6.298736427,31.24956288,6.314490512,FOVNotMatch,2005/10/11 9:44:09,SAT_02207,5.999299757,7.716485953,SAT_02215,5.39653042,8.063338997,SAT_03432,1.816771352,14.93498468
frame-r-005711-2-0088,1,No match,FALSE,N/A,inf,31.56307591,6.295132637,31.40006528,6.320504144,FOVNotMatch,2005/10/11 9:44:44,SAT_02207,5.999299757,7.711266618,SAT_02215,5.39653042,8.058119662,SAT_03432,1.816771352,14.92976534
frame-r-005657-2-0031,1,Success,TRUE,SAT_27946,2.069368069,33.23814771,-2.639621044,33.02749894,-2.662695699,,2005/9/28 7:53:43,SAT_27946,2.067875959,2.069368069,SAT_21149,5.592003875,3.45988883,SAT_20873,5.451319768,4.554603687
frame-r-005714-3-0059,1,No match,FALSE,N/A,inf,27.9269913,6.705334552,27.83532514,6.82582392,FOVNotMatch,2005/10/12 9:20:22,SAT_14590,4.098062597,14.76471682,SAT_14591,3.594898305,15.29696077,SAT_02367,1.512869483,25.32915925
frame-r-005714-1-0033,1,No match,FALSE,N/A,inf,24.04330309,6.096532603,23.97419277,6.108144833,FOVNotMatch,2005/10/12 9:04:51,SAT_14135,5.810063826,15.6845875,SAT_03432,5.282314149,16.46650605,SAT_02863,2.140021571,16.67552745
frame-r-005714-5-0147,1,No match,FALSE,N/A,inf,41.28835006,6.727078618,41.1296847,6.80667432,FOVNotMatch,2005/10/12 10:12:55,SAT_14135,5.816070077,6.80879544,SAT_03432,5.098169542,30.32408611,SAT_02863,1.906355168,30.47140968
frame-r-005714-5-0148,1,No match,FALSE,N/A,inf,41.44328421,6.777030002,41.28535404,6.856157259,FOVNotMatch,2005/10/12 10:13:31,SAT_14135,5.816070077,6.835419577,SAT_03432,5.098169542,30.29746197,SAT_02863,1.906355168,30.44478554
frame-r-005714-5-0259,1,No match,FALSE,N/A,inf,58.08987496,5.314041021,57.92812786,5.338928063,FOVNotMatch,2005/10/12 11:19:47,SAT_02863,5.454522403,8.677166874,SAT_03431,4.987995342,11.34036975,SAT_08366,5.352535608,16.23302887
frame-r-005714-5-0260,1,No match,FALSE,N/A,inf,58.24005508,5.305585523,58.07965142,5.330243438,FOVNotMatch,2005/10/12 11:20:23,SAT_02863,5.454522403,8.669190295,SAT_03431,4.987995342,11.33239317,SAT_08366,5.352535608,16.22505229
frame-r-005815-2-0085,1,No match,FALSE,N/A,inf,135.3676749,14.36175264,135.2693885,14.56642193,FOVNotMatch,2005/11/3 11:39:35,SAT_19822,0.039354171,15.67585048,SAT_13669,5.482041345,58.3810298,SAT_12112,0.378529603,58.74735473
frame-r-005824-6-0097,1,No match,FALSE,N/A,inf,130.5963358,11.26979371,130.7118229,11.43244626,FOVNotMatch,2005/11/6 10:29:12,SAT_23488,3.669094839,49.67585336,SAT_05987,3.392707132,52.78453954,SAT_15825,5.762260665,53.19550808
frame-r-005867-1-0243,1,No match,FALSE,N/A,inf,153.7794608,14.20539458,153.7430652,14.25260707,FOVNotMatch,2005/11/12 12:15:28,SAT_05977,4.284806069,25.37135159,SAT_17026,5.785787383,40.03120234,SAT_23587,4.63828592,49.01554223
frame-r-005867-1-0186,1,No match,FALSE,N/A,inf,145.1146389,12.53494628,145.124208,12.60577005,FOVNotMatch,2005/11/12 11:41:26,SAT_26992,2.587278731,28.42823068,SAT_07780,5.260459911,30.41478186,SAT_20959,3.491974473,37.39141524
frame-r-005933-6-0027,1,No match,FALSE,N/A,inf,21.400051,-8.540816128,21.46321938,-8.312582421,FOVNotMatch,2005/12/6 5:18:04,SAT_11134,0.566655582,6.243306253,SAT_26605,5.818935492,14.62333458,SAT_26500,1.213875258,27.90615117
frame-r-005933-4-0029,1,No match,FALSE,N/A,inf,21.77048824,-9.36245441,21.83323817,-9.134555355,FOVNotMatch,2005/12/6 5:19:17,SAT_11134,0.566655582,6.135531986,SAT_26605,5.818935492,14.73110884,SAT_26500,1.213875258,28.01392544
frame-r-005933-1-0045,1,Success,TRUE,SAT_26737,4.994582536,24.39450243,-10.48354595,24.23513427,-10.2675682,,2005/12/6 5:28:50,SAT_26737,4.352781089,4.994582536,SAT_07142,4.510845573,9.435591895,SAT_20044,3.909171448,15.01042484
frame-r-005933-3-0048,1,Success,TRUE,SAT_26737,4.995914949,24.70941842,-9.625061018,24.63075088,-9.518181159,,2005/12/6 5:30:37,SAT_26737,4.352781089,4.995914949,SAT_07142,4.510845573,9.434259482,SAT_20044,3.909171448,15.00909243
frame-r-005935-1-0028,1,No match,FALSE,N/A,inf,121.1714329,7.889006242,121.301405,8.020765163,FOVNotMatch,2005/12/6 9:30:15,SAT_18952,4.928268438,40.57163356,SAT_22883,5.671304243,40.86840435,SAT_16597,1.223774049,43.3599919
frame-r-005935-5-0220,1,No match,FALSE,N/A,inf,149.3147293,16.89580879,149.1842031,17.02640216,FOVNotMatch,2005/12/6 11:24:53,SAT_26205,3.309703422,9.641450308,SAT_15053,1.649263143,10.60245043,SAT_08563,2.378069312,64.65053599
frame-r-005973-1-0075,1,No match,FALSE,N/A,inf,177.4387987,-0.70341855,177.2791759,-0.560534068,FOVNotMatch,2006/1/6 11:43:09,SAT_15643,3.721258863,25.15632004,SAT_13092,0.01491005,25.78973228,SAT_10953,1.461791683,26.34699508
frame-r-005976-6-0142,1,No match,FALSE,N/A,inf,172.1614064,-5.424388582,172.0357867,-5.22121702,FOVNotMatch,2006/1/7 11:36:15,SAT_04902,4.21629896,43.20139388,SAT_04353,2.722692377,44.15781965,SAT_25788,5.63117749,50.60301955
frame-r-005976-6-0103,1,No match,FALSE,N/A,inf,169.3063661,-10.45972471,169.1442135,-10.28547595,FOVNotMatch,2006/1/7 11:12:57,SAT_04902,4.088187498,32.08145071,SAT_04250,3.338816791,33.60592323,SAT_25822,5.399084583,33.78029602
frame-r-005976-6-0241,1,No match,FALSE,N/A,inf,179.4246727,7.600599263,179.3597287,7.538660259,FOVNotMatch,2006/1/7 12:35:21,SAT_18946,3.298146467,22.88538661,SAT_18115,0.063007069,31.50032188,SAT_11168,1.64189733,47.16402138
frame-r-005976-3-0201,1,No match,FALSE,N/A,inf,177.5112481,1.899485817,177.4101773,1.854801626,FOVNotMatch,2006/1/7 12:11:28,SAT_16229,0.134979165,6.437707076,SAT_26745,3.427690821,24.2079941,SAT_26101,3.158920718,24.31394006
frame-r-006005-6-0081,1,Success,TRUE,SAT_04250,0.150585654,189.9758713,-12.25927412,189.8705968,-12.23695783,,2006/1/31 10:54:36,SAT_04250,1.289397844,0.150585654,SAT_05587,2.561681262,1.467948612,SAT_04902,3.822903202,1.823354016
frame-r-006005-6-0216,1,No match,FALSE,N/A,inf,190.9864341,7.893747763,190.9547059,7.829445948,FOVNotMatch,2006/1/31 12:15:12,SAT_28514,0.643811312,6.00343376,SAT_23087,3.844741442,57.84621293,SAT_26193,0.191188069,63.67358307
frame-r-006005-4-0097,1,No match,FALSE,N/A,inf,190.9576003,-9.978791242,190.8598821,-9.996300051,FOVNotMatch,2006/1/31 11:04:08,SAT_20169,3.176059305,8.673581573,SAT_26624,4.80911589,10.28701074,SAT_28446,4.586364314,10.29054684
frame-r-006074-1-0054,1,No match,FALSE,N/A,inf,75.81727493,81.45748372,75.92272299,81.50664356,FOVNotMatch,2006/3/25 4:01:40,SAT_16594,3.726469318,40.38787144,SAT_01570,0.335150466,57.96923229,SAT_21109,4.585629813,59.82504583
frame-r-006103-5-0099,1,No match,FALSE,N/A,inf,173.1858298,75.53671707,173.7374111,75.46635748,FOVNotMatch,2006/4/21 5:55:02,SAT_27921,4.419274403,20.44953226,SAT_25836,5.671267127,36.39179662,SAT_21220,0.049399173,43.31200865
frame-r-006121-6-0117,1,No match,FALSE,N/A,inf,190.0795267,-6.630466257,190.044343,-6.657635911,FOVNotMatch,2006/5/1 6:41:29,SAT_22797,1.503198812,32.02734129,SAT_28252,4.697225225,37.83194964,SAT_25922,2.634176832,37.86504394
frame-r-006161-6-0046,1,No match,FALSE,N/A,inf,254.655938,42.21122687,254.9247285,42.15412075,FOVNotMatch,2006/5/24 4:29:16,SAT_28190,4.931754644,48.28628401,SAT_19230,2.776781866,61.08520909,SAT_26837,4.730610647,61.75022584
frame-r-006161-4-0055,1,No match,FALSE,N/A,inf,254.5613435,40.51897761,254.7842811,40.57075533,FOVNotMatch,2006/5/24 4:34:38,SAT_12627,0.023786112,25.49946468,SAT_20100,5.859363575,32.29702512,SAT_07094,1.791275142,32.62963348
frame-r-006161-1-0108,1,No match,FALSE,N/A,inf,258.0747719,33.09899806,258.1970493,33.08209924,FOVNotMatch,2006/5/24 5:06:17,SAT_17582,0.119813388,69.19687563,SAT_12889,2.95677022,89.5371239,SAT_00932,8.778727611,N/A
frame-r-006122-4-0117,1,No match,FALSE,N/A,inf,253.8784392,63.7447603,253.5808427,63.78155232,FOVNotMatch,2006/5/1 8:59:16,SAT_11085,4.748655533,6.805634944,SAT_17328,5.640664439,6.908389202,SAT_18946,4.399303722,19.46243599
frame-r-006162-3-0076,1,No match,FALSE,N/A,inf,240.486585,61.35371787,240.1069086,61.40345248,FOVNotMatch,2006/5/24 6:24:57,SAT_20649,5.521827643,19.80649017,SAT_26407,5.293136558,22.24433537,SAT_20742,4.192315832,38.80523828
frame-r-006162-3-0077,1,No match,FALSE,N/A,inf,240.7087416,61.5264438,240.4440179,61.56145427,FOVNotMatch,2006/5/24 6:25:33,SAT_20649,5.521827643,19.5880993,SAT_26407,5.293136558,22.46272624,SAT_20742,4.192315832,39.02362916
frame-r-006160-5-0048,1,No match,FALSE,N/A,inf,163.9146367,9.9718807,163.8543191,9.99216087,FOVNotMatch,2006/5/24 3:47:33,SAT_21824,5.847847638,14.87070629,SAT_28360,1.954595314,41.1310961,SAT_02327,0.118899182,41.30965293
frame-r-006162-5-0112,1,No match,FALSE,N/A,inf,250.8298942,64.01873905,250.6411058,64.22880796,FOVNotMatch,2006/5/24 6:46:27,SAT_06679,0.069093883,7.789758485,SAT_03848,2.342327527,27.11064791,SAT_20649,5.297566545,28.43203567
frame-r-006166-2-0070,1,No match,FALSE,N/A,inf,202.8660197,5.038734182,202.9490379,4.956612824,FOVNotMatch,2006/5/25 4:02:01,SAT_25398,0.147788371,13.63031464,SAT_08311,2.307859851,25.69191754,SAT_14176,3.407362465,32.30059153
frame-r-006166-6-0239,1,No match,FALSE,N/A,inf,214.9778442,-17.4317478,215.1016887,-17.21708013,FOVNotMatch,2006/5/25 5:42:55,SAT_21336,0.179190053,14.24257837,SAT_28558,4.44726366,16.78400691,SAT_27542,5.98140848,19.94435914
frame-r-006166-5-0134,1,No match,FALSE,N/A,inf,208.0600272,-3.197060727,207.9745247,-3.148773269,FOVNotMatch,2006/5/25 4:40:14,SAT_19483,1.950312344,14.92324433,SAT_13631,0.002018941,17.74879032,SAT_13035,5.758029247,18.52368975
frame-r-006166-5-0191,1,Success,TRUE,SAT_03554,4.690555433,211.4322623,-11.1022438,211.576807,-10.8711099,,2006/5/25 5:14:16,SAT_03554,3.65117039,4.690555433,SAT_00107,0.906099301,45.058604,SAT_24741,3.988984693,45.83930624
frame-r-006174-4-0037,1,No match,FALSE,N/A,inf,202.357294,8.9834921,202.3101074,9.042667536,FOVNotMatch,2006/5/26 3:50:55,SAT_19576,2.919260893,35.77478166,SAT_17333,2.004932769,58.7555501,SAT_13901,5.380890673,61.93983794
frame-r-006177-4-0283,1,Success,TRUE,SAT_27878,1.866824899,323.7911091,17.26131942,323.8234761,17.25070916,,2006/5/27 9:19:01,SAT_27878,4.258374545,1.866824899,SAT_25650,0.156698746,42.74289081,SAT_19796,4.123910745,87.15911879
frame-r-006174-4-0199,1,No match,FALSE,N/A,inf,212.1793435,-13.20151438,212.299509,-13.06345043,FOVNotMatch,2006/5/26 5:27:38,SAT_13912,1.396729885,14.83611972,SAT_23867,2.756972745,37.29971887,SAT_26721,0.593944747,38.56773378
frame-r-006174-6-0239,1,Success,TRUE,SAT_13899,2.578429459,215.7178647,-18.22867816,215.5706781,-18.18373075,,2006/5/26 5:51:31,SAT_13899,5.657723835,2.578429459,SAT_26471,5.313428723,4.241146196,SAT_26610,4.475413589,5.136737611
frame-r-006177-4-0333,1,No match,FALSE,N/A,inf,329.4770817,12.17059792,329.4669106,12.36276389,FOVNotMatch,2006/5/27 9:48:53,SAT_26629,4.652630641,20.97963942,SAT_09723,2.461607167,46.80393089,SAT_27878,1.935881263,63.62665347
frame-r-006174-6-0144,1,No match,FALSE,N/A,inf,209.596897,-5.197262825,209.6548061,-5.132352173,FOVNotMatch,2006/5/26 4:54:48,SAT_25838,4.386735843,27.85599953,SAT_26899,0.872845362,29.85438588,SAT_12707,2.721834226,34.1864319
frame-r-006182-2-0232,1,Success,TRUE,SAT_02123,0.29490526,336.4885289,37.02418462,336.6738782,37.03590474,,2006/5/30 9:39:06,SAT_02123,2.900337805,0.29490526,SAT_26795,0.360614552,17.66306828,SAT_09610,0.093908637,20.46964937
frame-r-006366-1-0046,1,No match,FALSE,N/A,inf,341.5761431,29.38722805,341.5501296,29.41839784,FOVNotMatch,2006/9/18 2:30:06,SAT_22238,3.385498045,13.21681822,SAT_25980,0.022369479,13.40727894,SAT_26188,5.210048013,36.3279102
frame-r-006177-1-0370,1,No match,FALSE,N/A,inf,332.62637,7.456662644,332.625397,7.489046898,FOVNotMatch,2006/5/27 10:10:58,SAT_23309,5.329173047,8.22652333,SAT_06157,1.028225881,10.6550124,SAT_18603,2.563588035,12.80361304
frame-r-006366-2-0122,1,No match,FALSE,N/A,inf,347.9331101,19.6230357,348.0691553,19.50531811,FOVNotMatch,2006/9/18 3:15:29,SAT_15644,0.694822451,35.93235141,SAT_05042,2.580401624,39.01412869,SAT_21032,1.152986687,57.73203377
frame-r-006366-1-0126,1,Success,TRUE,SAT_15260,2.05689323,347.9254296,18.75953162,347.9877201,18.86983812,,2006/9/18 3:17:52,SAT_15260,4.840427692,2.05689323,SAT_21032,1.152986687,17.83260428,SAT_05042,2.580401624,36.55050937
frame-r-006354-2-0320,1,No match,FALSE,N/A,inf,356.3350161,3.499899227,356.383549,3.545588423,FOVNotMatch,2006/9/16 7:00:55,SAT_29056,3.260106966,16.42654528,SAT_05587,5.891005775,28.25527525,SAT_04902,5.649630862,28.47092805
frame-r-006372-6-0013,1,No match,FALSE,N/A,inf,356.7593023,6.841268443,356.8038598,6.934818317,FOVNotMatch,2006/9/19 6:50:50,SAT_26309,2.731737425,39.69900234,SAT_03029,5.734049667,53.96338415,SAT_28155,1.602088085,69.40263679
frame-r-006361-6-0111,1,No match,FALSE,N/A,inf,7.235839448,-15.40021231,7.3518285,-15.26503097,FOVNotMatch,2006/9/17 7:29:35,SAT_15474,3.440086204,27.89309638,SAT_27717,4.404197464,35.87179155,SAT_19483,3.639218339,37.17175468
frame-r-006371-4-0112,1,No match,FALSE,N/A,inf,357.4137328,2.960994194,357.5106805,3.020438894,FOVNotMatch,2006/9/19 6:06:03,SAT_03899,0.24893111,45.17833815,SAT_10114,3.552506111,51.67082519,SAT_24713,12.57249342,N/A
frame-r-006361-2-0091,1,Success,TRUE,SAT_15385,0.752180464,4.298175343,-13.4486652,4.366430472,-13.4447644,,2006/9/17 7:17:38,SAT_15385,2.593378704,0.752180464,SAT_16276,2.164116804,0.778782254,SAT_21149,3.858984296,0.840591458
frame-r-006413-5-0043,1,Success,TRUE,SAT_25152,0.844448819,4.706875919,-10.73747618,4.861180139,-10.73993736,,2006/9/29 5:06:13,SAT_25152,5.524011475,0.844448819,SAT_11353,4.594424999,0.87755153,SAT_13624,5.076928409,0.879239601
frame-r-006413-2-0080,1,No match,FALSE,N/A,inf,6.038737087,-16.29716508,6.030459118,-16.27983375,FOVNotMatch,2006/9/29 5:28:19,SAT_03551,4.756307606,58.83495994,SAT_28904,3.345301458,60.7520532,SAT_25540,3.706635701,64.85277405
frame-r-006413-2-0081,1,No match,FALSE,N/A,inf,6.175068684,-16.5589307,6.107571998,-16.4107454,FOVNotMatch,2006/9/29 5:28:54,SAT_03551,4.756307606,59.87042456,SAT_28904,3.345301458,61.78751782,SAT_25540,3.706635701,65.88823867
frame-r-006413-2-0082,1,No match,FALSE,N/A,inf,6.252203564,-16.68838254,6.223744825,-16.62689888,FOVNotMatch,2006/9/29 5:29:30,SAT_03551,4.756307606,59.54994393,SAT_28904,3.345301458,61.46703719,SAT_25540,3.706635701,65.56775803
frame-r-001302-6-0314,1,Success,TRUE,SAT_17328,2.183336266,163.0687792,64.52283298,162.7026531,64.49550039,,2000/3/30 8:14:28,SAT_17328,5.412002885,2.183336266,SAT_07276,2.135717421,11.1820982,SAT_18949,0.007462374,20.1498966
frame-r-001302-2-0303,1,No match,FALSE,N/A,inf,160.8563582,62.23631711,160.7005125,62.22182641,FOVNotMatch,2000/3/30 8:07:54,SAT_07276,3.855815261,12.04528414,SAT_18949,1.673164182,20.18307242,SAT_22309,2.842009102,21.47223432
frame-r-001302-2-0303,2,No match,FALSE,N/A,inf,160.9052719,62.24514278,160.8708924,62.28072537,FOVNotMatch,2000/3/30 8:07:54,SAT_07228,1.554086985,22.7335822,SAT_21011,2.080724204,26.65784254,SAT_01244,3.308130702,28.72011111
frame-r-001302-2-0304,1,No match,FALSE,N/A,inf,161.326182,62.33473098,160.977279,62.30292461,FOVNotMatch,2000/3/30 8:08:30,SAT_07276,3.855815261,12.22844864,SAT_18949,1.673164182,20.36623692,SAT_22309,2.842009102,21.65539882
frame-r-001241-2-0186,1,No match,FALSE,N/A,inf,166.193964,-3.198826965,166.1522503,-3.163282831,FOVNotMatch,2000/3/4 8:37:11,SAT_08366,5.316416703,25.46281479,SAT_13023,4.68019632,26.83226936,SAT_15994,3.688102912,39.66793858
frame-r-001302-2-0366,1,No match,FALSE,N/A,inf,181.6052486,64.45360836,181.2181117,64.51412604,FOVNotMatch,2000/3/30 8:45:31,SAT_19904,4.130523915,6.560122893,SAT_15429,1.309761087,7.884642676,SAT_20646,5.044257568,16.50401648
frame-r-001241-3-0181,1,Success,TRUE,SAT_19425,0.643002015,165.4788321,-2.595102668,165.497782,-2.545282582,,2000/3/4 8:34:12,SAT_19425,1.805666416,0.643002015,SAT_12032,5.678087684,9.319181854,SAT_13380,2.29438465,12.07712244
frame-r-001345-6-0052,1,No match,FALSE,N/A,inf,115.7225253,39.29255544,115.5251868,39.26327229,FOVNotMatch,2000/4/5 3:11:36,SAT_25818,4.034439083,49.44933246,SAT_09985,2.391469673,58.8641722,SAT_21733,0.076662051,80.17042366
frame-r-001345-6-0053,1,No match,FALSE,N/A,inf,115.7540512,39.52079454,115.6776172,39.50943599,FOVNotMatch,2000/4/5 3:12:12,SAT_25818,4.034439083,49.5008421,SAT_09985,2.391469673,58.91568183,SAT_21733,0.076662051,80.2219333
frame-r-001339-4-0015,1,Success,TRUE,SAT_11896,0.596053849,253.9572794,64.24111138,254.1047139,64.23200988,,2000/4/4 10:27:54,SAT_11896,2.63349328,0.596053849,SAT_24960,4.935269996,15.33046,SAT_00253,0.12888897,16.71802543
frame-r-001339-6-0061,1,No match,FALSE,N/A,inf,260.4802615,58.05597356,260.6520016,58.00036112,FOVNotMatch,2000/4/4 10:55:22,SAT_07297,0.164563865,11.38915127,SAT_02758,4.940037904,35.81983498,SAT_15265,3.862578955,58.66039626
frame-r-001334-3-0027,1,No match,FALSE,N/A,inf,200.7781711,-0.164051659,200.6710808,-0.207024079,FOVNotMatch,2000/4/4 8:07:50,SAT_23301,5.021308174,10.8866522,SAT_25776,1.467808833,15.22718629,SAT_23244,3.604567085,16.45371882
frame-r-001345-2-0116,1,No match,FALSE,N/A,inf,125.1709664,46.10650685,125.1178388,46.11609556,FOVNotMatch,2000/4/5 3:49:49,SAT_08744,0.194079682,42.97993302,SAT_19445,3.998219619,83.51424697,SAT_18946,17.3081879,N/A
frame-r-001345-6-0083,1,Success,TRUE,SAT_25621,2.686419896,119.1590127,43.11297726,118.9101874,43.24395016,,2000/4/5 3:30:06,SAT_25621,0.060147887,2.686419896,SAT_19445,5.118322189,74.1829147,SAT_13608,12.95764107,N/A
frame-r-001345-6-0182,1,No match,FALSE,N/A,inf,133.4216814,54.61660207,133.3337133,54.60125106,FOVNotMatch,2000/4/5 4:29:13,SAT_11543,2.223634402,23.71576734,SAT_20646,3.754094096,31.30025042,SAT_17328,0.671032435,35.41127722
frame-r-001345-6-0183,1,No match,FALSE,N/A,inf,133.7216251,54.81733211,133.4160891,54.76325761,FOVNotMatch,2000/4/5 4:29:49,SAT_11543,2.223634402,23.41974992,SAT_20646,3.754094096,31.004233,SAT_17328,0.671032435,35.1152598
frame-r-001345-6-0184,1,No match,FALSE,N/A,inf,133.807676,54.97932784,133.7118543,54.96269134,FOVNotMatch,2000/4/5 4:30:25,SAT_11543,2.223634402,23.65459282,SAT_20646,3.754094096,31.2390759,SAT_17328,0.671032435,35.3501027
frame-r-001345-2-0217,1,Success,TRUE,SAT_19445,0.407699421,142.2291332,56.85986398,142.2776571,56.91231928,,2000/4/5 4:50:07,SAT_19445,5.597234183,0.407699421,SAT_17328,2.412626194,13.87224701,SAT_20646,3.7976775,18.3232646
frame-r-001345-2-0219,1,Success,TRUE,SAT_19445,1.311526937,142.9349148,57.05247016,142.9723879,57.09124595,,2000/4/5 4:51:19,SAT_19445,5.597234183,1.311526937,SAT_17328,2.412626194,12.96841949,SAT_20646,3.7976775,17.41943709
frame-r-001345-1-0203,1,Success,TRUE,SAT_11079,0.505767086,140.0919318,55.25190992,139.9395672,55.32093168,,2000/4/5 4:41:45,SAT_11079,5.285676161,0.505767086,SAT_08607,1.271982868,13.71974246,SAT_21305,2.334568102,30.25026278
frame-r-001345-6-0193,1,No match,FALSE,N/A,inf,135.3678669,55.81640958,135.3189449,55.79638076,FOVNotMatch,2000/4/5 4:35:47,SAT_20646,3.063482733,11.01667434,SAT_17328,0.000766623,15.23341857,SAT_22250,0.495449032,27.36318267
frame-r-001345-6-0194,1,No match,FALSE,N/A,inf,135.7243067,56.00992111,135.4875201,55.9146549,FOVNotMatch,2000/4/5 4:36:23,SAT_20646,3.063482733,11.38166785,SAT_17328,0.000766623,15.59841209,SAT_22250,0.495449032,26.99818916
frame-r-001345-6-0195,1,No match,FALSE,N/A,inf,135.8944559,56.1275297,135.8156023,56.09618617,FOVNotMatch,2000/4/5 4:36:59,SAT_20646,3.063482733,11.60470137,SAT_17328,0.000766623,15.82144561,SAT_22250,0.495449032,26.77515564
frame-r-001345-6-0371,1,No match,FALSE,N/A,inf,188.2243598,66.22225818,188.1312403,66.21019863,FOVNotMatch,2000/4/5 6:22:04,SAT_07376,4.697425045,23.96945004,SAT_14264,5.024849067,62.85556002,SAT_21905,7.947358874,N/A
frame-r-001345-6-0372,1,No match,FALSE,N/A,inf,188.4907835,66.14622294,188.8987888,66.19724112,FOVNotMatch,2000/4/5 6:22:40,SAT_07376,4.697425045,23.36428499,SAT_14264,5.024849067,62.25039498,SAT_21905,7.947358874,N/A
frame-r-001345-6-0373,1,No match,FALSE,N/A,inf,189.138918,66.11727422,189.2605297,66.1317603,FOVNotMatch,2000/4/5 6:23:16,SAT_07376,4.697425045,22.56529136,SAT_14264,5.024849067,61.45140135,SAT_21905,7.947358874,N/A
frame-r-001345-2-0615,1,No match,FALSE,N/A,inf,245.7708853,45.27344776,245.9689575,45.30586414,FOVNotMatch,2000/4/5 8:47:45,SAT_22197,3.86677002,27.18502397,SAT_02669,5.33903349,36.01259645,SAT_22071,0.057895041,49.00139794
frame-r-001345-5-0758,1,No match,FALSE,N/A,inf,261.6065264,28.01118356,261.7596023,27.94095953,FOVNotMatch,2000/4/5 10:13:08,SAT_00965,0.198491996,79.68503685,SAT_18788,0.568863595,82.54318389,SAT_09634,1.381300241,83.14951268
frame-r-001345-5-0759,1,No match,FALSE,N/A,inf,261.6484427,27.80100736,261.782409,27.73988738,FOVNotMatch,2000/4/5 10:13:44,SAT_00965,0.198491996,79.85820947,SAT_18788,0.568863595,82.71635651,SAT_09634,1.381300241,82.97634006
frame-r-001345-2-0772,1,No match,FALSE,N/A,inf,261.3504435,25.51022059,261.455549,25.47074422,FOVNotMatch,2000/4/5 10:21:30,SAT_09822,0.048934015,73.57818467,SAT_18591,0.111440541,89.86993404,SAT_08163,6.30814551,N/A
frame-r-001350-6-0053,1,Success,TRUE,SAT_04084,2.086954393,113.2717688,39.25575169,113.2021114,39.21627752,,2000/4/6 3:17:19,SAT_04084,0.187219507,2.086954393,SAT_08395,4.862683977,45.43887707,SAT_23460,5.624319078,58.05482944
frame-r-001350-6-0080,1,No match,FALSE,N/A,inf,116.1564915,42.6946875,115.8314063,42.72709971,FOVNotMatch,2000/4/6 3:33:26,SAT_23460,2.850676892,20.75479442,SAT_07147,1.093316779,37.28933197,SAT_20670,1.703633877,44.79832501
frame-r-001350-6-0080,2,No match,FALSE,N/A,inf,115.8704366,42.68584986,115.9550764,42.83419953,FOVNotMatch,2000/4/6 3:33:26,SAT_21025,0.113876351,23.45271589,SAT_21109,4.799359299,46.23727332,SAT_12818,2.018223099,60.14341594
frame-r-001350-2-0223,1,No match,FALSE,N/A,inf,139.6022079,58.5295783,139.5498384,58.51038198,FOVNotMatch,2000/4/6 4:58:49,SAT_20646,2.605068738,7.647537528,SAT_17328,0.065878621,12.32964553,SAT_22309,5.924419199,22.23431754
frame-r-001350-6-0348,1,No match,FALSE,N/A,inf,176.1672384,68.18285749,176.5608157,68.27780319,FOVNotMatch,2000/4/6 6:13:27,SAT_14998,1.664916916,30.89833294,SAT_07376,1.013420754,38.35543534,SAT_15223,3.541132016,42.89062412
frame-r-001350-1-0420,1,No match,FALSE,N/A,inf,203.0938165,65.13482862,203.5368216,65.29997245,FOVNotMatch,2000/4/6 6:56:26,SAT_24960,3.042006702,5.339474686,SAT_22597,2.996942408,5.830696201,SAT_14520,3.081670675,6.95633938
frame-r-001350-5-0413,1,Success,TRUE,SAT_15223,2.002963959,202.286548,67.16904814,202.0935043,67.20058637,,2000/4/6 6:52:16,SAT_15223,1.988270666,2.002963959,SAT_19716,3.997693466,8.699777924,SAT_23642,5.398467898,15.6050809
frame-r-001356-1-0031,1,Success,TRUE,SAT_00741,0.215015963,257.0162499,64.15486189,257.1631455,64.12544544,,2000/4/6 9:07:23,SAT_00741,5.952221147,0.215015963,SAT_16125,3.006351775,2.52736658,SAT_25379,2.658085552,11.90051188
frame-r-001363-2-0085,1,No match,FALSE,N/A,inf,119.4017223,43.73773414,119.1589905,43.7943476,FOVNotMatch,2000/4/7 3:58:54,SAT_23490,0.075724938,31.12373082,SAT_08073,2.859304223,39.30331111,SAT_20599,5.499429145,51.0731671
frame-r-001363-2-0086,1,No match,FALSE,N/A,inf,119.4515946,44.03020638,119.3200802,44.06119786,FOVNotMatch,2000/4/7 3:59:30,SAT_23490,0.075724938,30.87077208,SAT_08073,2.859304223,39.05035237,SAT_20599,5.499429145,50.82020836
frame-r-001359-1-0110,1,No match,FALSE,N/A,inf,262.9801597,52.51937753,263.0872142,52.49044511,FOVNotMatch,2000/4/6 11:30:37,SAT_16220,0.105479684,75.9330021,SAT_13070,4.579881722,78.37976532,SAT_14442,7.747118654,N/A
frame-r-001363-3-0095,1,No match,FALSE,N/A,inf,120.1256409,45.30282705,119.9279709,45.23844299,FOVNotMatch,2000/4/7 4:04:52,SAT_03598,3.588358877,22.13773416,SAT_16451,0.071242168,64.82763168,SAT_19112,0.86502687,65.8951263
frame-r-001365-6-0084,1,No match,FALSE,N/A,inf,170.4928876,68.12841265,170.3975565,68.07532763,FOVNotMatch,2000/4/7 6:27:57,SAT_19445,5.444981613,15.34358929,SAT_12273,5.518786101,20.26474285,SAT_20646,4.910870265,32.17234622
frame-r-001365-3-0105,1,No match,FALSE,N/A,inf,179.2614981,67.35721096,178.9491659,67.31922084,FOVNotMatch,2000/4/7 6:40:29,SAT_15223,0.075025261,24.14008203,SAT_07376,1.477482887,32.15745543,SAT_20944,1.19676879,51.62281247
frame-r-001412-2-0043,1,No match,FALSE,N/A,inf,144.0324659,60.43981257,143.8790002,60.66439884,FOVNotMatch,2000/4/27 4:35:36,SAT_21630,3.437411977,43.11289221,SAT_19445,4.827721581,50.11381533,SAT_22312,5.982365123,57.04458613
frame-r-001412-2-0061,1,No match,FALSE,N/A,inf,148.4138262,62.0177634,148.3243453,62.17813102,FOVNotMatch,2000/4/27 4:46:21,SAT_10141,1.622888756,25.02708012,SAT_16205,0.117060533,36.28122515,SAT_09797,1.253864675,41.41416846
frame-r-001412-2-0065,1,No match,FALSE,N/A,inf,149.5233895,62.31825688,149.4799122,62.4477673,FOVNotMatch,2000/4/27 4:48:45,SAT_10141,1.622888756,30.81551316,SAT_09797,1.253864675,35.62573541,SAT_16205,0.117060533,42.0696582
frame-r-001412-3-0172,1,No match,FALSE,N/A,inf,186.0281376,67.30268007,186.3982209,67.35369407,FOVNotMatch,2000/4/27 5:52:38,SAT_17333,3.931676072,9.97628117,SAT_00116,3.276056538,12.56864442,SAT_25828,5.873002984,19.49580879
frame-r-001412-2-0185,1,No match,FALSE,N/A,inf,191.0504702,66.73932498,191.145676,66.95944558,FOVNotMatch,2000/4/27 6:00:23,SAT_22463,2.444670757,49.93359215,SAT_17333,2.537769359,52.63601573,SAT_07129,3.753466077,58.84819333
frame-r-001412-1-0185,1,No match,FALSE,N/A,inf,190.8997633,66.5483005,190.8369537,66.52282059,FOVNotMatch,2000/4/27 6:00:23,SAT_17333,2.537769359,17.82026647,SAT_07376,0.824550887,69.46880572,SAT_15429,5.167902574,78.55027686
frame-r-001412-1-0185,2,No match,FALSE,N/A,inf,190.9696451,66.54526506,190.8778914,66.3234903,FOVNotMatch,2000/4/27 6:00:23,SAT_22463,2.444670757,49.67518478,SAT_17333,2.537769359,52.8944231,SAT_07129,3.753466077,58.58978596
frame-r-001412-1-0186,1,No match,FALSE,N/A,inf,191.6197879,66.50765578,191.1737941,66.33059,FOVNotMatch,2000/4/27 6:00:59,SAT_17333,2.537769359,17.06874518,SAT_07376,0.824550887,68.71728443,SAT_15429,5.167902574,77.79875556
frame-r-001412-1-0268,1,Success,TRUE,SAT_03606,3.013163746,218.8179597,62.47191026,218.4978146,62.54011085,,2000/4/27 6:49:57,SAT_03606,4.03202664,3.013163746,SAT_13591,5.129947724,7.66936282,SAT_18153,2.119312936,10.09640534
frame-r-001412-2-0272,1,No match,FALSE,N/A,inf,219.983009,62.42289701,220.1143797,62.53812764,FOVNotMatch,2000/4/27 6:52:20,SAT_14736,2.626621234,8.069625899,SAT_12933,3.799143829,17.9743796,SAT_07219,4.257372079,20.88370852
frame-r-001412-1-0283,1,Success,TRUE,SAT_10513,1.986377297,222.4479185,61.16385533,222.6970357,61.22334658,,2000/4/27 6:58:54,SAT_10513,5.144730262,1.986377297,SAT_24963,5.417160814,5.261892672,SAT_11896,4.370579619,6.789613391
frame-r-001450-6-0091,1,No match,FALSE,N/A,inf,130.7928338,56.42491504,130.7748626,56.36914594,FOVNotMatch,2000/5/3 6:01:23,SAT_01590,2.310936468,38.42009216,SAT_18678,3.143082369,45.23102144,SAT_16453,4.066077346,69.94403872
frame-r-001453-6-0109,1,No match,FALSE,N/A,inf,256.3333717,40.18489936,256.3760425,40.25434591,FOVNotMatch,2000/5/3 9:49:56,SAT_02121,0.245268874,64.23800571,SAT_22741,9.055573709,N/A,SAT_18983,13.78347073,N/A
frame-r-001453-6-0116,1,No match,FALSE,N/A,inf,256.9397794,39.24582112,256.730916,39.29239382,FOVNotMatch,2000/5/3 9:54:07,SAT_08435,0.974441799,34.50759654,SAT_21566,3.733194632,41.20055378,SAT_21861,4.674660298,84.41564816
frame-r-001458-3-0191,1,No match,FALSE,N/A,inf,153.3340845,2.034399962,153.3829285,2.149154804,FOVNotMatch,2000/5/4 4:43:00,SAT_10314,0.188278423,51.85164901,SAT_07665,5.552092807,53.157623,SAT_08286,0.424619157,53.23651734
frame-r-001458-3-0192,1,No match,FALSE,N/A,inf,153.5859333,1.929931824,153.6461764,2.071201455,FOVNotMatch,2000/5/4 4:43:36,SAT_10314,0.188278423,51.81158929,SAT_07665,5.552092807,53.19768272,SAT_08286,0.424619157,53.27657706
frame-r-001458-1-0283,1,Success,TRUE,SAT_26351,4.04601302,167.224371,1.45780733,167.1584622,1.561015649,,2000/5/4 5:37:56,SAT_26351,1.357586603,4.04601302,SAT_21820,3.826408265,27.22928185,SAT_13901,3.251027799,28.90301151
frame-r-001458-1-0296,1,Success,TRUE,SAT_26232,1.549881851,169.2371438,1.379355804,169.1007848,1.574765771,,2000/5/4 5:45:42,SAT_26232,3.131567651,1.549881851,SAT_26269,0.681121129,3.728786224,SAT_26295,2.793921746,6.000705348
frame-r-001458-1-0425,1,No match,FALSE,N/A,inf,188.475272,1.453450347,188.5279096,1.676717716,FOVNotMatch,2000/5/4 7:02:43,SAT_16854,1.480068399,5.643105072,SAT_21492,3.588497524,44.37719537,SAT_23426,5.019129359,76.85238026
frame-r-001458-3-0604,1,No match,FALSE,N/A,inf,215.2693085,1.95669869,215.3733188,2.132309545,FOVNotMatch,2000/5/4 8:49:36,SAT_14796,1.620325636,12.04155792,SAT_05060,0.477031495,30.99365591,SAT_20947,4.69518231,53.0669909
frame-r-001458-6-0608,1,No match,FALSE,N/A,inf,215.9588088,3.200010745,215.8943907,3.42581274,FOVNotMatch,2000/5/4 8:51:59,SAT_21785,2.64496291,9.04424669,SAT_21369,0.161235493,13.06043178,SAT_10647,5.868590175,22.39624453
frame-r-001458-5-0642,1,Success,TRUE,SAT_20185,2.993054086,221.0805785,2.656739611,221.0209147,2.766832395,,2000/5/4 9:12:17,SAT_20185,1.148253228,2.993054086,SAT_05958,5.032094131,5.073166147,SAT_22741,5.085043591,49.78419663
frame-r-001462-3-0444,1,Success,TRUE,SAT_13585,0.76907415,191.8179041,2.187077314,191.8293012,2.215969491,,2000/5/5 7:38:12,SAT_13585,1.596431819,0.76907415,SAT_20721,2.438349533,24.81322538,SAT_15561,4.622839624,71.00382117
frame-r-001462-2-0445,1,Success,TRUE,SAT_13585,1.162030122,191.9658946,1.809368563,191.9920729,1.874435224,,2000/5/5 7:38:48,SAT_13585,1.596431819,1.162030122,SAT_20721,2.438349533,25.20618136,SAT_15561,4.622839624,70.61086519
frame-r-001478-2-0081,1,No match,FALSE,N/A,inf,220.2155912,3.35177791,220.1283556,3.483900635,FOVNotMatch,2000/5/10 9:14:06,SAT_11221,2.896966496,14.52635986,SAT_15390,0.644313776,26.4946136,SAT_20533,13.21735048,N/A
frame-r-001473-3-0033,1,Success,TRUE,SAT_18729,1.006261245,147.9378209,-0.243513165,147.9707039,-0.086532444,,2000/5/7 3:24:13,SAT_18729,3.296150428,1.006261245,SAT_23210,2.283875471,8.400829025,SAT_00579,4.53284529,19.2721125
frame-r-006481-2-0072,1,No match,FALSE,N/A,inf,124.5694305,41.9457319,124.40971,42.13778645,FOVNotMatch,2006/10/22 11:35:57,SAT_19754,2.153770479,6.519313144,SAT_21011,2.364286283,7.147975725,SAT_10485,3.61951018,57.36487873
frame-r-006485-3-0019,1,No match,FALSE,N/A,inf,49.79582122,3.257992338,49.6187298,3.399269199,FOVNotMatch,2006/10/23 9:59:00,SAT_26850,1.970114766,34.43546047,SAT_02653,5.261065281,36.52172674,SAT_27052,5.547702548,39.83847252
frame-r-006572-3-0034,1,Success,TRUE,SAT_11792,1.847723666,24.09984854,-19.70516894,23.94085131,-19.66301795,,2006/11/18 4:10:23,SAT_11792,1.939099079,1.847723666,SAT_23847,0.648452172,6.225808428,SAT_08331,5.205320465,10.85050054
frame-r-006572-3-0039,1,No match,FALSE,N/A,inf,24.6138695,-19.11682677,24.55351853,-19.15041403,FOVNotMatch,2006/11/18 4:13:22,SAT_21450,5.518073557,18.30702334,SAT_23847,0.648452172,40.00045492,SAT_21270,5.672535327,41.52670088
frame-r-006572-2-0063,1,Success,TRUE,SAT_25246,4.11123775,27.74649679,-17.32688852,27.79759646,-17.19120588,,2006/11/18 4:27:42,SAT_25246,1.29039614,4.11123775,SAT_26115,3.130763455,4.879601392,SAT_16455,5.549696226,6.13510626
frame-r-006573-4-0206,1,No match,FALSE,N/A,inf,113.8242279,41.11706782,113.9314527,41.20497468,FOVNotMatch,2006/11/18 8:20:39,SAT_17536,5.246130417,45.9178045,SAT_28509,15.52778887,N/A,SAT_10485,11.15143461,N/A
frame-r-006572-5-0126,1,No match,FALSE,N/A,inf,34.14993725,-10.11448925,34.16591462,-10.04934125,FOVNotMatch,2006/11/18 5:05:18,SAT_21543,5.950480009,5.528576003,SAT_18513,1.070516334,7.094199757,SAT_21819,4.517411607,17.55507539
frame-r-006572-4-0130,1,No match,FALSE,N/A,inf,34.90895723,-9.906377316,34.88168029,-10.01990006,FOVNotMatch,2006/11/18 5:07:42,SAT_21543,5.950480009,5.789082795,SAT_18513,1.070516334,7.354706549,SAT_21819,4.517411607,17.2945686
frame-r-006572-4-0132,1,No match,FALSE,N/A,inf,35.26672523,-9.889817182,35.293187,-9.778738866,FOVNotMatch,2006/11/18 5:08:53,SAT_21543,5.950480009,5.893740159,SAT_18513,1.070516334,7.459363913,SAT_21819,4.517411607,17.18991124
frame-r-006572-2-0175,1,No match,FALSE,N/A,inf,40.49510672,-6.06780897,40.55630648,-5.939936402,FOVNotMatch,2006/11/18 5:34:34,SAT_10019,0.791787998,9.205348251,SAT_26015,4.800324753,32.22061133,SAT_19483,5.66784189,49.74352127
frame-r-006574-3-0013,1,Success,TRUE,SAT_15098,1.342060206,121.0203072,-8.672028203,121.0436881,-8.603287853,,2006/11/18 9:17:19,SAT_15098,4.849022341,1.342060206,SAT_13080,4.140294243,2.834898544,SAT_07053,0.566760688,7.095015096
frame-r-006591-6-0030,1,No match,FALSE,N/A,inf,20.81487513,-20.21962029,20.74113096,-20.3121791,FOVNotMatch,2006/11/22 5:18:26,SAT_21426,5.88551319,14.010631,SAT_25465,3.597004318,33.04101569,SAT_24724,5.170870773,34.85038068
frame-r-006574-1-0175,1,Success,TRUE,SAT_07229,0.194171428,142.363221,3.089619557,142.3006659,3.103933237,,2006/11/18 10:54:03,SAT_07229,5.049679738,0.194171428,SAT_08366,1.474167647,0.378413321,SAT_11569,2.086109718,0.383317763
frame-r-006591-6-0041,1,Success,TRUE,SAT_28354,0.917373488,22.21772302,-19.34772957,22.26665411,-19.20992076,,2006/11/22 5:25:00,SAT_28354,0.627199429,0.917373488,SAT_21426,2.75535362,2.199446629,SAT_29444,0.117765636,10.15215542
frame-r-006591-3-0061,1,Success,TRUE,SAT_12534,2.676763734,25.58418499,-18.36696017,25.41589626,-18.38444262,,2006/11/22 5:36:57,SAT_12534,1.807459064,2.676763734,SAT_25919,4.630349305,8.706670123,SAT_28660,4.526026652,9.242336527
frame-r-006728-5-0092,1,Success,TRUE,SAT_04882,4.09228227,122.4244297,20.5216578,122.3759126,20.53794737,,2007/2/21 7:43:05,SAT_04882,5.211850692,4.09228227,SAT_20411,0.800821842,18.98720004,SAT_04664,5.987194468,55.09242451
frame-r-006708-2-0082,1,No match,FALSE,N/A,inf,75.50368958,-4.225703628,75.60493349,-4.111588335,FOVNotMatch,2007/2/7 2:25:00,SAT_12332,5.990626755,12.13624065,SAT_23622,4.252419768,21.71569135,SAT_23267,1.364148418,39.12519365
frame-r-006708-2-0082,2,No match,FALSE,N/A,inf,75.62819979,-4.112689512,75.60882099,-4.109128766,FOVNotMatch,2007/2/7 2:25:00,SAT_29642,1.832792113,7.741453395,SAT_28936,0.798475618,9.330721223,SAT_24315,4.54030376,10.42689977
frame-r-006708-2-0083,1,No match,FALSE,N/A,inf,75.66174,-4.202151078,75.77697771,-4.071611107,FOVNotMatch,2007/2/7 2:25:36,SAT_12332,5.990626755,11.99509251,SAT_23622,4.252419768,21.57454321,SAT_23267,1.364148418,39.26634179
frame-r-006708-2-0084,1,No match,FALSE,N/A,inf,75.81975743,-4.178243232,75.93499917,-4.04803259,FOVNotMatch,2007/2/7 2:26:12,SAT_12332,5.990626755,12.06872864,SAT_23622,4.252419768,21.64817934,SAT_23267,1.364148418,39.19270566
frame-r-006753-3-0012,1,No match,FALSE,N/A,inf,213.2328739,64.51654497,213.095,64.61179545,FOVNotMatch,2007/3/14 8:58:09,SAT_29671,2.381967886,7.04312831,SAT_23621,0.091898515,9.821477408,SAT_29673,2.425882787,16.15175663
frame-r-006753-3-0012,2,No match,FALSE,N/A,inf,212.8959616,64.58968087,213.2474297,64.58041801,FOVNotMatch,2007/3/14 8:58:09,SAT_17328,3.614108834,12.76937148,SAT_10925,1.059065611,32.45748016,SAT_26483,3.344516431,32.64258249
frame-r-006753-3-0013,1,No match,FALSE,N/A,inf,213.1520828,64.4696201,213.556286,64.45792438,FOVNotMatch,2007/3/14 8:58:45,SAT_17328,3.614108834,12.44334038,SAT_10925,1.059065611,32.13144906,SAT_08861,5.08396521,32.44416119
frame-r-006751-3-0036,1,No match,FALSE,N/A,inf,200.5457206,7.801301127,200.5231716,7.827938656,FOVNotMatch,2007/3/14 6:52:01,SAT_27620,5.472626536,62.13486718,SAT_20024,4.100155337,63.95431232,SAT_10585,1.261914131,71.46736831
frame-r-006749-3-0187,1,No match,FALSE,N/A,inf,143.3700597,4.975222357,143.290632,4.83343642,FOVNotMatch,2007/3/14 5:48:02,SAT_10338,1.114019776,50.50426019,SAT_14985,0.055732343,60.03832387,SAT_15873,2.508764595,61.92924474
frame-r-006782-1-0048,1,No match,FALSE,N/A,inf,210.996011,-0.400604232,210.9603153,-0.340012189,FOVNotMatch,2007/4/15 6:05:39,SAT_02580,2.238965522,43.34412496,SAT_24800,4.015009861,43.36061791,SAT_14050,5.524760863,45.53106218
frame-r-006782-2-0052,1,No match,FALSE,N/A,inf,211.6430053,-0.520829,211.6070022,-0.459631605,FOVNotMatch,2007/4/15 6:08:03,SAT_02580,2.238965522,43.30947253,SAT_24800,4.015009861,43.32596548,SAT_14050,5.524760863,45.56571461
frame-r-006782-4-0117,1,No match,FALSE,N/A,inf,220.255939,-5.372992602,220.1854938,-5.188298307,FOVNotMatch,2007/4/15 6:46:51,SAT_10832,2.974241286,7.55717547,SAT_18534,5.246155227,27.56046155,SAT_13215,4.988845297,33.36066574
frame-r-006794-2-0172,1,No match,FALSE,N/A,inf,235.5770316,-16.32508528,235.467034,-16.18544571,FOVNotMatch,2007/4/20 8:41:04,SAT_02403,1.395292996,33.21374288,SAT_11144,3.338523548,38.89211839,SAT_10953,4.501389222,41.53219359
frame-r-007178-6-0011,1,No match,FALSE,N/A,inf,69.49783482,-5.328975854,69.58206076,-5.20421048,FOVNotMatch,2007/11/19 9:17:34,SAT_17216,4.558913825,20.07668201,SAT_17974,5.051619714,23.11812644,SAT_24278,2.096684265,30.16548268
frame-r-007178-6-0012,1,No match,FALSE,N/A,inf,69.66803836,-5.329071372,69.77165006,-5.175679541,FOVNotMatch,2007/11/19 9:18:10,SAT_17216,4.558913825,20.09285256,SAT_17974,5.051619714,23.134297,SAT_24278,2.096684265,30.18165323
frame-r-007178-6-0013,1,No match,FALSE,N/A,inf,69.84520326,-5.319051178,69.94189391,-5.175586833,FOVNotMatch,2007/11/19 9:18:45,SAT_17216,4.558913825,20.03406897,SAT_17974,5.051619714,23.07551341,SAT_24278,2.096684265,30.12286964
frame-r-007210-6-0061,1,No match,FALSE,N/A,inf,8.761418978,37.07296541,8.581992332,37.06484068,FOVNotMatch,2007/12/4 2:00:28,SAT_07019,0.051041662,12.33493696,SAT_28950,5.372826259,27.18306783,SAT_25847,8.063067648,N/A
frame-r-007210-4-0027,1,No match,FALSE,N/A,inf,5.793078455,32.41128465,5.762357417,32.44315691,FOVNotMatch,2007/12/4 1:40:10,SAT_11550,2.070061816,20.91056318,SAT_22571,0.135468382,32.52247319,SAT_16798,2.217931717,42.43438421
frame-r-007210-2-0029,1,No match,FALSE,N/A,inf,6.793953951,32.28542421,6.72580908,32.35732589,FOVNotMatch,2007/12/4 1:41:22,SAT_11550,2.070061816,20.47079851,SAT_22571,0.135468382,32.96223785,SAT_16798,2.217931717,41.99461955
frame-r-007183-5-0228,1,No match,FALSE,N/A,inf,40.90130835,0.464466887,40.80038209,0.563149017,FOVNotMatch,2007/11/20 6:46:16,SAT_23671,4.26819454,38.76621144,SAT_25558,5.520754153,44.35588691,SAT_31102,5.433531305,44.37844909
frame-r-007183-2-0260,1,No match,FALSE,N/A,inf,45.52996919,-0.736851663,45.60769448,-0.729532665,FOVNotMatch,2007/11/20 7:05:22,SAT_27378,4.626251706,5.329286874,SAT_29520,5.371624049,5.355906068,SAT_31102,4.600575952,5.358045182
frame-r-007264-5-0037,1,No match,FALSE,N/A,inf,29.61340036,-13.89781727,29.60247366,-13.68094296,FOVNotMatch,2008/1/1 3:38:22,SAT_19291,0.169665474,23.00644883,SAT_09824,4.26914945,27.03959728,SAT_01573,4.915024587,40.09100482
frame-r-007183-6-0350,1,Success,TRUE,SAT_12237,4.522636371,59.09402443,0.879637464,59.00261064,1.036279658,,2007/11/20 7:59:07,SAT_12237,3.771403415,4.522636371,SAT_11057,4.22419425,11.87361338,SAT_16102,5.64496131,27.17907185
frame-r-007264-6-0078,1,Success,TRUE,SAT_30239,0.869266718,34.00231603,-9.41672073,34.03210013,-9.280972694,,2008/1/1 4:02:51,SAT_30239,1.445023492,0.869266718,SAT_23487,2.509949137,9.903397576,SAT_13016,2.027716299,11.52610042
frame-r-007264-4-0082,1,No match,FALSE,N/A,inf,35.04553904,-9.65016701,35.1363587,-9.593700676,FOVNotMatch,2008/1/1 4:05:14,SAT_18351,2.205863901,20.03225027,SAT_20193,1.54648986,25.12507632,SAT_19689,4.357240405,27.32420737
frame-r-007264-3-0129,1,No match,FALSE,N/A,inf,40.67487808,-5.255080934,40.68056616,-5.177055163,FOVNotMatch,2008/1/1 4:33:18,SAT_16996,5.402498777,16.80821581,SAT_24715,4.900560339,68.6929155,SAT_12445,5.457682415,72.39654285
frame-r-007264-3-0129,2,No match,FALSE,N/A,inf,40.6954378,-5.236055391,40.6984035,-5.195980699,FOVNotMatch,2008/1/1 4:33:18,SAT_16996,5.402498777,16.74554539,SAT_24715,4.900560339,68.63024508,SAT_19397,4.902721268,72.44506746
frame-r-007264-2-0130,1,No match,FALSE,N/A,inf,40.8697666,-5.399377792,40.87396475,-5.337494911,FOVNotMatch,2008/1/1 4:33:53,SAT_16996,5.402498777,17.09645179,SAT_24715,4.900560339,68.98115148,SAT_12445,5.457682415,72.10830687
frame-r-007264-2-0152,1,Success,TRUE,SAT_24715,0.243800332,43.40698293,-3.044404384,43.30711016,-3.073477895,,2008/1/1 4:47:01,SAT_24715,4.490155033,0.243800332,SAT_14839,5.802229141,0.476389777,SAT_10630,0.358180514,2.12561979
frame-r-007674-4-0065,1,No match,FALSE,N/A,inf,5.807123575,-0.026547481,5.784998745,0.12179295,FOVNotMatch,2008/9/6 8:28:00,SAT_27918,2.182094436,7.259446796,SAT_18231,4.456213188,24.2000862,SAT_28876,3.12709403,49.28035123
frame-r-007674-3-0066,1,No match,FALSE,N/A,inf,6.061990676,-0.105955612,6.053912614,-0.054472731,FOVNotMatch,2008/9/6 8:28:36,SAT_27918,2.182094436,6.825085016,SAT_18231,4.456213188,24.63444798,SAT_28876,3.12709403,48.84598945
frame-r-007674-4-0039,1,No match,FALSE,N/A,inf,3.123288385,-2.725776708,3.008289,-2.686819472,FOVNotMatch,2008/9/6 8:12:29,SAT_19106,0.573328431,14.83983448,SAT_29106,5.241762762,18.0583457,SAT_08882,2.972546289,18.67834095
frame-r-007698-2-0040,1,Success,TRUE,SAT_26762,1.882388621,320.7733545,-17.00787447,320.711816,-16.99632496,,2008/9/24 3:54:55,SAT_26762,5.773539806,1.882388621,SAT_21803,3.589517166,8.99029382,SAT_19217,5.273256747,9.104423037
frame-r-007698-4-0113,1,No match,FALSE,N/A,inf,319.7029166,-6.040575908,319.6776758,-6.111572492,FOVNotMatch,2008/9/24 4:38:31,SAT_25577,0.18225629,24.84262205,SAT_00902,2.622448556,27.82117393,SAT_21049,4.728906724,34.99023383
frame-r-007709-6-0052,1,No match,FALSE,N/A,inf,29.73745117,24.09315926,29.70896304,24.12715018,FOVNotMatch,2008/10/1 10:59:56,SAT_29036,2.172736242,7.957410499,SAT_16141,2.67462182,18.512178,SAT_32954,4.576649825,27.11430615
frame-r-007709-1-0084,1,No match,FALSE,N/A,inf,34.33795153,21.07310633,34.42405097,21.13676632,FOVNotMatch,2008/10/1 11:19:03,SAT_23756,4.225119297,50.27637599,SAT_05986,4.465195181,52.21574768,SAT_10864,0.028944289,81.30091675
frame-r-007709-1-0085,1,No match,FALSE,N/A,inf,34.62488916,20.99102644,34.6696498,21.02443593,FOVNotMatch,2008/10/1 11:19:38,SAT_23756,4.225119297,50.52217267,SAT_05986,4.465195181,52.46154437,SAT_10864,0.028944289,81.05512006
frame-r-007709-4-0141,1,No match,FALSE,N/A,inf,43.55081645,20.2532183,43.72368484,20.41865878,FOVNotMatch,2008/10/1 11:53:05,SAT_24703,3.96683329,33.1185255,SAT_26076,3.861250669,35.43558877,SAT_04907,1.650891572,39.63980918
frame-r-007709-3-0148,1,No match,FALSE,N/A,inf,44.47842884,19.57741947,44.67051668,19.64829996,FOVNotMatch,2008/10/1 11:57:16,SAT_26076,3.768575484,13.35716551,SAT_00530,1.20834004,24.33404941,SAT_23756,3.071920691,38.81765349
frame-r-007713-4-0309,1,No match,FALSE,N/A,inf,12.35472235,17.57456428,12.33751215,17.62838753,FOVNotMatch,2008/10/2 9:41:21,SAT_26899,1.179162796,44.52526225,SAT_23590,0.877765649,67.64613693,SAT_23756,5.13290931,76.53241828
frame-r-007712-3-0425,1,No match,FALSE,N/A,inf,14.32484597,2.259715449,14.25494336,2.341458447,FOVNotMatch,2008/10/2 6:03:35,SAT_21318,0.850953887,35.44982709,SAT_32426,3.078953105,36.15960762,SAT_19290,0.947924927,36.96207047
frame-r-007718-5-0093,1,No match,FALSE,N/A,inf,15.64808317,5.547066525,15.68047466,5.76991958,FOVNotMatch,2008/10/3 9:22:15,SAT_19595,5.293242608,55.06171262,SAT_11570,4.848719769,66.18875334,SAT_26519,1.817472808,68.81353447
frame-r-007718-4-0093,1,No match,FALSE,N/A,inf,15.60823705,5.271881918,15.61967535,5.351430337,FOVNotMatch,2008/10/3 9:22:15,SAT_19595,5.293242608,55.14410582,SAT_11570,4.848719769,66.27114654,SAT_26519,1.817472808,68.89592767
frame-r-007718-2-0094,1,No match,FALSE,N/A,inf,15.7662222,4.28651879,15.79873688,4.510089125,FOVNotMatch,2008/10/3 9:22:51,SAT_19595,5.293242608,55.04125068,SAT_11570,4.848719769,66.16829141,SAT_26519,1.817472808,68.79307253
frame-r-007718-3-0094,1,No match,FALSE,N/A,inf,15.82700823,4.704807417,15.85919602,4.927894216,FOVNotMatch,2008/10/3 9:22:51,SAT_19595,5.293242608,55.11035612,SAT_11570,4.848719769,66.23739684,SAT_26519,1.817472808,68.86217797
frame-r-007718-1-0095,1,No match,FALSE,N/A,inf,16.03398071,4.053039216,16.03836758,4.08641326,FOVNotMatch,2008/10/3 9:23:27,SAT_19595,5.293242608,55.82226821,SAT_11570,4.848719769,66.94930894,SAT_26519,1.817472808,69.57409006
frame-r-007717-6-0543,N/A,Failed,FALSE,N/A,N/A,N/A,N/A,N/A,N/A,JSON file error,N/A,N/A,N/A,N/A,N/A,N/A,N/A,N/A,N/A,N/A
frame-r-007717-3-0501,1,No match,FALSE,N/A,inf,25.75272821,1.925157063,25.62921008,2.13525381,FOVNotMatch,2008/10/3 6:59:36,SAT_29422,1.86244983,28.54885977,SAT_10652,2.569556058,56.53560292,SAT_02215,5.812539924,59.50735543
frame-r-007717-6-0537,1,No match,FALSE,N/A,inf,31.07330536,3.088414898,31.20887773,3.305912534,FOVNotMatch,2008/10/3 7:21:06,SAT_14115,1.706030443,44.05474263,SAT_08132,4.407018276,44.98126739,SAT_07082,2.109918904,44.98474825
frame-r-007717-1-0557,1,No match,FALSE,N/A,inf,34.06313087,0.929254344,33.99767961,1.049467099,FOVNotMatch,2008/10/3 7:33:02,SAT_21275,3.272337643,10.01755598,SAT_31680,1.725130238,11.76321781,SAT_07823,4.169847164,15.03144702
frame-r-007717-1-0558,1,No match,FALSE,N/A,inf,34.30964144,1.019501925,34.23875504,1.149303717,FOVNotMatch,2008/10/3 7:33:38,SAT_21275,3.272337643,10.08973291,SAT_31680,1.725130238,11.83539474,SAT_07823,4.169847164,15.10362395
frame-r-007727-6-0112,1,No match,FALSE,N/A,inf,6.883416394,6.017507785,6.805597359,6.031771598,FOVNotMatch,2008/10/8 8:54:28,SAT_25743,4.608796382,8.508833604,SAT_03431,5.309011215,19.60480808,SAT_20799,4.78817692,24.92858028
frame-r-007727-4-0118,1,No match,FALSE,N/A,inf,7.782361496,5.030690698,7.703994852,5.046567889,FOVNotMatch,2008/10/8 8:58:03,SAT_25743,4.608796382,7.45554201,SAT_03431,5.309011215,20.65809967,SAT_20799,4.78817692,25.98187187
frame-r-007718-5-0207,1,No match,FALSE,N/A,inf,32.91722994,5.239015002,32.75542313,5.272183953,FOVNotMatch,2008/10/3 10:30:19,SAT_04297,5.107646672,17.16975601,SAT_25983,1.295660498,21.27992556,SAT_29014,5.789544149,23.16951578
frame-r-007718-1-0262,1,No match,FALSE,N/A,inf,41.08893972,3.203129263,40.92681014,3.224921762,FOVNotMatch,2008/10/3 11:03:09,SAT_25025,4.154410446,13.36201226,SAT_15574,1.475509771,20.93562241,SAT_14333,3.755188182,21.0910383
frame-r-007718-1-0263,1,No match,FALSE,N/A,inf,41.23978689,3.207797378,41.15673733,3.218952871,FOVNotMatch,2008/10/3 11:03:45,SAT_25025,4.154410446,13.35689069,SAT_15574,1.475509771,20.93050083,SAT_14333,3.755188182,21.08591673
frame-r-007729-2-0108,1,No match,FALSE,N/A,inf,7.164505148,6.736279204,7.000431603,6.845055196,FOVNotMatch,2008/10/9 9:13:05,SAT_19176,5.376619739,40.12855628,SAT_32263,1.362660609,40.14856135,SAT_03431,4.544159438,42.20602182
frame-r-007729-2-0109,1,No match,FALSE,N/A,inf,7.315813248,6.834021533,7.254973342,6.874519573,FOVNotMatch,2008/10/9 9:13:41,SAT_19176,5.376619739,40.23883565,SAT_32263,1.362660609,40.25884072,SAT_03431,4.544159438,42.31630119
frame-r-007729-3-0068,N/A,Failed,FALSE,N/A,N/A,N/A,N/A,N/A,N/A,JSON file error,N/A,N/A,N/A,N/A,N/A,N/A,N/A,N/A,N/A,N/A
frame-r-007729-3-0069,1,No match,FALSE,N/A,inf,1.280768463,7.203220622,1.121601651,7.289541456,FOVNotMatch,2008/10/9 8:49:48,SAT_00406,2.108423128,13.37482684,SAT_28556,4.058951945,29.20655944,SAT_21029,5.366805958,35.98122
frame-r-007757-6-0184,1,No match,FALSE,N/A,inf,26.74017669,26.86856472,26.74535577,27.09565914,FOVNotMatch,2008/10/25 9:29:15,SAT_10444,1.568822032,8.264696858,SAT_29929,0.827155142,12.18322347,SAT_04755,5.494675476,16.38119875
frame-r-007757-1-0207,1,No match,FALSE,N/A,inf,29.97652952,24.31225748,30.1109116,24.25886892,FOVNotMatch,2008/10/25 9:42:59,SAT_06939,3.530608425,27.89419271,SAT_21091,2.419183466,38.54872487,SAT_00005,4.152693814,45.76670104
frame-r-007754-1-0049,1,No match,FALSE,N/A,inf,320.2795903,2.58244133,320.2091794,2.728202614,FOVNotMatch,2008/10/25 2:00:09,SAT_12445,5.235854075,42.71673148,SAT_29747,0.095686894,51.2911692,SAT_08747,5.03930626,52.3477955
frame-r-007754-4-0078,1,No match,FALSE,N/A,inf,324.5989463,4.02382798,324.6086544,4.076708881,FOVNotMatch,2008/10/25 2:17:28,SAT_23802,3.091745638,8.69851175,SAT_10934,2.57711329,14.0782405,SAT_21256,0.154337943,25.77873236
frame-r-007754-4-0287,1,No match,FALSE,N/A,inf,355.8150123,5.317163233,355.8679331,5.372422853,FOVNotMatch,2008/10/25 4:22:15,SAT_19595,5.252186232,13.91693318,SAT_15246,3.316935495,28.59534778,SAT_04902,5.88455252,32.60603542
frame-r-007754-5-0329,1,No match,FALSE,N/A,inf,2.268174063,5.794737487,2.230194818,5.84881378,FOVNotMatch,2008/10/25 4:47:20,SAT_23837,1.640652698,39.59419739,SAT_29016,5.251471135,54.99414684,SAT_04902,4.947276656,55.01271951
frame-r-007754-3-0227,1,No match,FALSE,N/A,inf,346.947016,4.546331027,346.9752226,4.635196039,FOVNotMatch,2008/10/25 3:46:26,SAT_32277,1.652545566,38.17070536,SAT_26564,0.084455918,38.21954853,SAT_19501,0.222498386,38.33719191
frame-r-007754-1-0228,1,No match,FALSE,N/A,inf,346.9868738,3.733531843,347.0501625,3.933821042,FOVNotMatch,2008/10/25 3:47:02,SAT_32277,1.652545566,38.11275738,SAT_26564,0.084455918,38.16160056,SAT_19501,0.222498386,38.27924393
frame-r-007759-3-0023,1,Success,TRUE,SAT_18153,2.055723143,334.0468106,6.113172265,334.0177091,6.16112375,,2008/10/26 4:52:45,SAT_18153,0.153983673,2.055723143,SAT_23511,2.536135545,8.235107901,SAT_20028,4.135837292,8.772527617
frame-r-007754-1-0361,N/A,Failed,FALSE,N/A,N/A,N/A,N/A,N/A,N/A,JSON file error,N/A,N/A,N/A,N/A,N/A,N/A,N/A,N/A,N/A,N/A
frame-r-007754-1-0362,1,No match,FALSE,N/A,inf,7.251049405,4.118788075,7.165622002,4.173443292,FOVNotMatch,2008/10/25 5:07:02,SAT_32051,5.409087414,14.23076743,SAT_10252,4.419808542,30.58779914,SAT_28556,2.327921022,35.04227229
frame-r-007759-6-0157,1,No match,FALSE,N/A,inf,354.1090617,8.205485098,354.0597527,8.233616674,FOVNotMatch,2008/10/26 6:12:46,SAT_27867,2.272381062,56.74846778,SAT_10516,13.79307791,N/A,SAT_22231,12.52781133,N/A
frame-r-007760-3-0084,1,Success,TRUE,SAT_18911,0.225823422,19.86824333,6.996341136,19.81563809,7.002519824,,2008/10/26 7:15:39,SAT_18911,3.789755642,0.225823422,SAT_10207,5.838507716,6.708971365,SAT_04068,3.042696498,15.76541593
frame-r-007760-3-0086,1,Success,TRUE,SAT_18911,0.450045086,20.13890905,7.016158389,20.28192018,6.99879795,,2008/10/26 7:16:51,SAT_18911,3.789755642,0.450045086,SAT_10207,5.838507716,6.484749701,SAT_04068,3.042696498,15.9896376
frame-r-007767-4-0091,1,Success,TRUE,SAT_02867,2.958853711,23.44242627,9.827952459,23.49821786,9.83575206,,2008/10/28 8:44:34,SAT_02867,5.907231904,2.958853711,SAT_08170,4.098480813,3.239640922,SAT_04881,4.219752314,4.285457706
frame-r-007767-1-0084,1,Success,TRUE,SAT_04881,1.284533903,22.42973047,8.502896079,22.47329832,8.511476936,,2008/10/28 8:40:23,SAT_04881,3.235508285,1.284533903,SAT_31794,0.629717745,1.528789112,SAT_17728,3.490932807,2.782838493
frame-r-007770-2-0095,1,Success,TRUE,SAT_22468,1.874190302,326.6748661,7.107126394,326.6064211,7.250229937,,2008/10/29 2:20:25,SAT_22468,1.312094557,1.874190302,SAT_07194,5.256473975,5.146018132,SAT_01583,0.061731393,41.20995284
frame-r-007773-5-0332,1,No match,FALSE,N/A,inf,3.429350242,13.29858546,3.364780037,13.35172515,FOVNotMatch,2008/10/29 8:01:29,SAT_32764,0.791888273,29.79332687,SAT_20669,4.147840443,40.01540109,SAT_26090,2.825611673,41.57628586
frame-r-007778-5-0236,1,No match,FALSE,N/A,inf,347.8647465,-1.612790097,348.0128749,-1.633282853,FOVNotMatch,2008/10/30 5:20:01,SAT_32254,5.402284456,5.22818139,SAT_27954,3.788328328,7.855901066,SAT_28252,4.356777779,7.861551209
frame-r-007778-1-0238,1,No match,FALSE,N/A,inf,348.1902032,-3.361217634,348.2902717,-3.395868394,FOVNotMatch,2008/10/30 5:21:13,SAT_32254,5.402284456,16.47879417,SAT_27954,3.788328328,19.10651385,SAT_28252,4.356777779,19.11216399
frame-r-007778-3-0498,1,Success,TRUE,SAT_19686,0.778552474,27.09832979,-2.316671434,27.19178777,-2.29541707,,2008/10/30 7:56:28,SAT_19686,5.38401154,0.778552474,SAT_17972,1.061334119,1.103044821,SAT_25025,1.47663979,1.368843554
frame-r-007778-3-0499,1,Success,TRUE,SAT_19686,0.700708109,27.37884421,-2.316232384,27.41137329,-2.308788141,,2008/10/30 7:57:03,SAT_19686,5.38401154,0.700708109,SAT_17972,1.061334119,1.025200457,SAT_25025,1.47663979,1.446687918
frame-r-007778-5-0548,1,Success,TRUE,SAT_25025,1.699989045,34.61864559,-1.437996856,34.71636014,-1.425416322,,2008/10/30 8:26:19,SAT_25025,1.156780498,1.699989045,SAT_19622,5.564285111,4.531852606,SAT_14365,5.446893856,5.159615747
frame-r-007778-3-0592,1,No match,FALSE,N/A,inf,41.30928605,-2.219262972,41.2591767,-2.085235466,FOVNotMatch,2008/10/30 8:52:35,SAT_13066,2.35985176,12.2658797,SAT_31467,4.961388419,22.00842186,SAT_32777,3.459848748,30.50626431
frame-r-007780-6-0031,1,Success,TRUE,SAT_19686,2.873489683,19.27722886,-1.485131503,19.44012348,-1.454413296,,2008/10/31 7:15:46,SAT_19686,5.730660436,2.873489683,SAT_08132,5.939754611,2.917269806,SAT_08697,3.470823201,3.589006863
frame-r-007784-3-0245,1,No match,FALSE,N/A,inf,7.403711738,9.707426346,7.501179075,9.766366941,FOVNotMatch,2008/11/1 8:08:12,SAT_21589,5.941545704,13.04671941,SAT_30603,2.638526354,17.66388829,SAT_02436,1.786072232,22.34347133
frame-r-007784-2-0259,1,Success,TRUE,SAT_14839,0.123187646,9.547990165,9.357811995,9.622356049,9.339517703,,2008/11/1 8:16:34,SAT_14839,4.292548677,0.123187646,SAT_01361,5.153460021,12.08172111,SAT_25097,0.241155362,17.81800874
frame-r-007787-2-0306,1,Success,TRUE,SAT_25309,4.03636932,16.01627343,11.66471384,16.07588852,11.62445281,,2008/11/2 8:31:44,SAT_25309,5.087301432,4.03636932,SAT_06992,3.807013607,24.83521799,SAT_19106,5.294677341,34.81151037
frame-r-007814-4-0027,1,No match,FALSE,N/A,inf,341.5060869,9.397219324,341.525194,9.622984097,FOVNotMatch,2008/11/19 4:21:21,SAT_10444,1.818556413,7.948106166,SAT_06822,2.292624309,10.19256861,SAT_00274,5.866260804,14.29437229
frame-r-007812-3-0091,1,No match,FALSE,N/A,inf,321.8533005,-2.239204982,321.9949717,-2.018857628,FOVNotMatch,2008/11/18 2:02:06,SAT_28556,3.595279204,38.20191123,SAT_27717,5.137945624,49.52961314,SAT_02651,1.697500049,53.85495688
frame-r-007824-4-0051,1,Success,TRUE,SAT_28900,3.353779405,320.1351655,-3.259548813,320.296987,-3.293509694,,2008/11/20 3:06:02,SAT_28900,5.042757402,3.353779405,SAT_26495,4.45481871,11.85039615,SAT_26639,2.694713517,11.87274993
frame-r-007824-4-0056,1,Success,TRUE,SAT_28900,3.222977416,320.8904614,-3.196597077,321.0521541,-3.2301484,,2008/11/20 3:09:01,SAT_28900,5.042757402,3.222977416,SAT_26495,4.45481871,11.71959416,SAT_26639,2.694713517,11.74194794
frame-r-007824-6-0379,1,No match,FALSE,N/A,inf,9.344440967,-3.760373728,9.508542255,-3.83046368,FOVNotMatch,2008/11/20 6:21:53,SAT_01857,2.749317556,18.61682925,SAT_21223,5.057252325,22.15347322,SAT_26352,5.911983053,23.13411148
frame-r-007845-5-0093,1,Success,TRUE,SAT_16070,2.971581504,22.58103139,17.15500269,22.61459334,17.37647304,,2008/12/4 7:24:35,SAT_16070,5.422164358,2.971581504,SAT_02530,1.024220642,21.19387974,SAT_30545,5.667581495,24.96283497
frame-r-007845-6-0105,1,No match,FALSE,N/A,inf,24.61504647,17.53772977,24.61442015,17.61463807,FOVNotMatch,2008/12/4 7:31:44,SAT_31647,2.121087759,10.05735076,SAT_32326,2.926175229,17.26587624,SAT_10949,3.561302192,28.45214377
frame-r-007880-2-0031,1,No match,FALSE,N/A,inf,358.2897055,9.303196197,358.3099576,9.350376256,FOVNotMatch,2008/12/30 2:07:26,SAT_20793,4.478877282,50.36477354,SAT_07029,0.154125763,56.71731071,SAT_13160,3.943882035,76.36417917
frame-r-007865-1-0100,1,Success,TRUE,SAT_26115,0.48287209,27.86987199,-5.554563959,27.89809073,-5.429301425,,2008/12/22 4:57:27,SAT_26115,4.566874042,0.48287209,SAT_32776,5.257895076,2.5183051,SAT_23587,5.850201178,2.83399711
frame-r-007865-1-0147,1,No match,FALSE,N/A,inf,34.83829401,-5.307669003,35.00337975,-5.331624647,FOVNotMatch,2008/12/22 5:25:31,SAT_25913,4.874079682,8.315668414,SAT_26495,2.959224005,8.321820597,SAT_26352,1.110057104,8.323104436
frame-r-007865-2-0162,1,No match,FALSE,N/A,inf,37.07117082,-4.785794168,37.23614877,-4.808741741,FOVNotMatch,2008/12/22 5:34:28,SAT_26495,1.766611259,7.977066867,SAT_26352,0.013575015,7.978215392,SAT_33453,2.932478184,7.98247486
frame-r-007865-3-0182,1,No match,FALSE,N/A,inf,40.12267857,-4.101639849,40.20923919,-4.112587009,FOVNotMatch,2008/12/22 5:46:25,SAT_25913,5.017594449,7.249455233,SAT_26495,3.119673732,7.259322818,SAT_26352,1.52060011,7.260077234
frame-r-007865-2-0164,1,No match,FALSE,N/A,inf,37.36856851,-4.716089738,37.53371015,-4.73885504,FOVNotMatch,2008/12/22 5:35:40,SAT_25913,4.914388341,7.898995768,SAT_26495,2.992330144,7.906960425,SAT_26352,1.214728983,7.907988148
frame-r-007865-2-0165,1,No match,FALSE,N/A,inf,37.51752654,-4.681538079,37.68248042,-4.7041446,FOVNotMatch,2008/12/22 5:36:16,SAT_25913,4.914388341,7.853156474,SAT_26495,2.992330144,7.861121131,SAT_26352,1.214728983,7.862148855
frame-r-007865-3-0175,1,No match,FALSE,N/A,inf,39.00415435,-4.33405232,39.12039664,-4.349399067,FOVNotMatch,2008/12/22 5:42:14,SAT_25913,5.008839062,7.565709424,SAT_26495,3.100772549,7.574839256,SAT_26352,1.48321543,7.575700176
frame-r-007865-3-0178,1,No match,FALSE,N/A,inf,39.45011297,-4.230092217,39.61499186,-4.251709034,FOVNotMatch,2008/12/22 5:44:01,SAT_25913,5.008839062,7.512967921,SAT_26495,3.100772549,7.522097752,SAT_26352,1.48321543,7.522958672
frame-r-001484-6-0031,1,Success,TRUE,SAT_02498,0.214488568,193.8906185,55.90947705,193.6129859,55.88295285,,2000/5/11 5:15:44,SAT_02498,1.839879813,0.214488568,SAT_14520,5.294620003,29.11051274,SAT_25261,3.160352229,50.03793623
frame-r-001484-3-0036,1,No match,FALSE,N/A,inf,194.6090996,54.55403947,194.6913043,54.61416776,FOVNotMatch,2000/5/11 5:18:43,SAT_14520,5.294620003,12.83073625,SAT_02498,1.839879813,41.72676042,SAT_03244,3.045670764,50.52796542
frame-r-001484-3-0037,1,No match,FALSE,N/A,inf,194.9213719,54.36897278,195.1479948,54.53216296,FOVNotMatch,2000/5/11 5:19:19,SAT_14520,5.294620003,12.30228024,SAT_02498,1.839879813,41.19830442,SAT_03244,3.045670764,51.05642142
frame-r-001481-3-0081,1,No match,FALSE,N/A,inf,168.2797413,-0.109464641,168.2318548,-0.086262295,FOVNotMatch,2000/5/11 3:49:15,SAT_07229,4.435117537,9.399164961,SAT_08882,5.601540666,12.58742734,SAT_13636,5.132473295,18.17100168
frame-r-001663-5-0068,1,Success,TRUE,SAT_10246,3.527598943,25.42225588,-8.783345191,25.25658147,-8.76814133,,2000/9/4 11:09:53,SAT_10246,3.077664743,3.527598943,SAT_21906,3.633454989,5.27167796,SAT_23877,4.615635585,5.282011408
frame-r-001663-5-0069,1,Success,TRUE,SAT_10246,3.493364205,25.57216693,-8.751064958,25.43939373,-8.738958501,,2000/9/4 11:10:29,SAT_10246,3.077664743,3.493364205,SAT_21906,3.633454989,5.237443221,SAT_23877,4.615635585,5.24777667
frame-r-001663-3-0075,1,Success,TRUE,SAT_11144,0.164529051,26.53593869,-9.682953559,26.37999884,-9.725223928,,2000/9/4 11:14:03,SAT_11144,4.021824794,0.164529051,SAT_09862,3.375561117,2.708665411,SAT_13636,2.489543311,3.760440845
frame-r-001663-3-0076,1,Success,TRUE,SAT_11144,0.034529305,26.69651889,-9.70255034,26.63571833,-9.718884956,,2000/9/4 11:14:39,SAT_11144,4.021824794,0.034529305,SAT_09862,3.375561117,2.578665665,SAT_13636,2.489543311,3.630441098
frame-r-001666-2-0185,1,No match,FALSE,N/A,inf,359.0616209,-10.69607086,358.8971561,-10.63298516,FOVNotMatch,2000/9/5 10:01:36,SAT_15788,5.288934307,12.34713781,SAT_26466,3.175732438,20.63372911,SAT_08132,3.111452838,21.26582861
frame-r-001666-3-0186,1,No match,FALSE,N/A,inf,359.2227561,-10.15450011,359.1431105,-10.13123212,FOVNotMatch,2000/9/5 10:02:11,SAT_15788,5.288934307,7.55520561,SAT_26466,3.175732438,15.8417969,SAT_08132,3.111452838,16.4738964
frame-r-001666-2-0186,1,No match,FALSE,N/A,inf,359.214521,-10.64313579,359.0505889,-10.58060516,FOVNotMatch,2000/9/5 10:02:11,SAT_15788,5.288934307,12.23547025,SAT_26466,3.175732438,20.52206155,SAT_08132,3.111452838,21.15416105
frame-r-001666-2-0187,1,No match,FALSE,N/A,inf,359.3678051,-10.59088803,359.268907,-10.55302066,FOVNotMatch,2000/9/5 10:02:47,SAT_15788,5.288934307,12.30638695,SAT_26466,3.175732438,20.59297825,SAT_08132,3.111452838,21.22507775
frame-r-001666-4-0191,1,No match,FALSE,N/A,inf,359.9680629,-9.949540997,359.8238412,-9.906751273,FOVNotMatch,2000/9/5 10:05:11,SAT_15788,5.288934307,7.787805057,SAT_26466,3.175732438,16.07439635,SAT_08132,3.111452838,16.70649585
frame-r-001666-6-0139,1,No match,FALSE,N/A,inf,352.12901,-8.681002474,352.0702504,-8.712727212,FOVNotMatch,2000/9/5 9:34:08,SAT_08132,1.286861879,12.43990595,SAT_11568,2.787651029,12.45845181,SAT_08366,5.845561096,12.47108453
frame-r-001666-2-0145,1,No match,FALSE,N/A,inf,352.9680993,-10.58401657,352.80552,-10.53548926,FOVNotMatch,2000/9/5 9:37:43,SAT_26402,5.338359681,16.84108764,SAT_22117,3.788617286,16.84959425,SAT_23016,3.548920175,16.86031276
frame-r-001666-1-0178,1,No match,FALSE,N/A,inf,357.9871593,-11.06303872,357.8228772,-10.99918176,FOVNotMatch,2000/9/5 9:57:25,SAT_00202,0.192128667,16.88430321,SAT_15144,2.183450659,21.56973133,SAT_23016,5.791547255,21.57521633
frame-r-001666-4-0192,1,Success,TRUE,SAT_24786,0.000662277,0.131225953,-9.914810344,359.9896344,-9.866667349,,2000/9/5 10:05:46,SAT_24786,5.548550806,0.000662277,SAT_26381,5.699241152,0.004124847,SAT_23016,4.598048521,0.007680709
frame-r-001666-4-0194,1,No match,FALSE,N/A,inf,0.443447555,-9.919935944,0.279573422,-9.877690848,FOVNotMatch,2000/9/5 10:06:58,SAT_26466,4.271158202,13.44620342,SAT_10143,0.067558858,14.61409346,SAT_22117,4.760021432,14.62318247
frame-r-001666-4-0194,2,No match,FALSE,N/A,inf,0.444409663,-9.834300875,0.281033762,-9.786320226,FOVNotMatch,2000/9/5 10:06:58,SAT_26466,4.271158202,15.37775823,SAT_10143,0.067558858,16.54564827,SAT_22117,4.760021432,16.55473728
frame-r-001666-4-0195,1,No match,FALSE,N/A,inf,0.59557033,-9.88545002,0.548230738,-9.873328809,FOVNotMatch,2000/9/5 10:07:34,SAT_26466,4.271158202,13.35052299,SAT_10143,0.067558858,14.51841303,SAT_22117,4.760021432,14.52750204
frame-r-001666-4-0195,2,No match,FALSE,N/A,inf,0.596442144,-9.794438186,0.433311211,-9.746399771,FOVNotMatch,2000/9/5 10:07:34,SAT_26466,4.271158202,15.4183219,SAT_10143,0.067558858,16.58621194,SAT_22117,4.760021432,16.59530095
frame-r-001666-4-0196,1,No match,FALSE,N/A,inf,0.749549868,-9.754161005,0.683228476,-9.734965569,FOVNotMatch,2000/9/5 10:08:10,SAT_26466,4.271158202,15.14736144,SAT_10143,0.067558858,16.31525148,SAT_22117,4.760021432,16.32434049
frame-r-001666-2-0168,1,No match,FALSE,N/A,inf,356.3913496,-10.70687805,356.3067014,-10.67229971,FOVNotMatch,2000/9/5 9:51:27,SAT_09821,3.959820052,14.70553975,SAT_21833,5.729338658,21.50361697,SAT_22117,5.522227033,22.53215266
frame-r-001666-2-0168,2,No match,FALSE,N/A,inf,356.4514056,-10.71709488,356.3062958,-10.67351141,FOVNotMatch,2000/9/5 9:51:27,SAT_09821,3.959820052,9.128663948,SAT_22117,5.522227033,16.95527685,SAT_23016,5.364895778,16.96683147
frame-r-001666-2-0169,1,No match,FALSE,N/A,inf,356.6181467,-10.683514,356.458812,-10.63633955,FOVNotMatch,2000/9/5 9:52:03,SAT_09821,3.959820052,8.898468403,SAT_22117,5.522227033,16.72508131,SAT_23016,5.364895778,16.73663592
frame-r-001666-2-0169,2,No match,FALSE,N/A,inf,356.6227143,-10.68485054,356.4698724,-10.62244406,FOVNotMatch,2000/9/5 9:52:03,SAT_09821,3.959820052,14.69382212,SAT_21833,5.729338658,21.5153346,SAT_22117,5.522227033,22.52043503
frame-r-001666-2-0147,1,No match,FALSE,N/A,inf,353.275707,-10.51623636,353.1426272,-10.47634245,FOVNotMatch,2000/9/5 9:38:54,SAT_22448,3.240066072,8.780561847,SAT_22117,5.443943255,16.91487873,SAT_23016,5.269704775,16.92583437
frame-r-001666-5-0201,1,No match,FALSE,N/A,inf,1.500614277,-9.549676864,1.347455553,-9.505483459,FOVNotMatch,2000/9/5 10:11:09,SAT_01000,0.253541042,14.58852285,SAT_12351,0.43243843,16.25786345,SAT_22117,5.254187268,16.26692219
frame-r-001666-5-0204,1,No match,FALSE,N/A,inf,1.968150306,-9.431658149,1.804147057,-9.384528294,FOVNotMatch,2000/9/5 10:12:56,SAT_01000,0.253541042,14.52027158,SAT_12351,0.43243843,16.18961217,SAT_22117,5.254187268,16.19867092
frame-r-001666-5-0205,1,No match,FALSE,N/A,inf,2.120531076,-9.391085023,1.955668537,-9.344015307,FOVNotMatch,2000/9/5 10:13:32,SAT_01000,0.253541042,14.41871721,SAT_12351,0.43243843,16.08805781,SAT_22117,5.254187268,16.09711656
frame-r-001666-5-0206,1,No match,FALSE,N/A,inf,2.272142303,-9.350577759,2.206311207,-9.331686137,FOVNotMatch,2000/9/5 10:14:08,SAT_01000,0.253541042,14.49587098,SAT_12351,0.43243843,16.16521158,SAT_22117,5.254187268,16.17427032
frame-r-001666-3-0233,1,Success,TRUE,SAT_21833,2.093765608,6.276299342,-10.22288917,6.232474768,-10.1799518,,2000/9/5 10:30:15,SAT_21833,4.568997559,2.093765608,SAT_00862,5.943240012,26.50225983,SAT_23866,5.073572768,35.00357189
frame-r-001666-5-0241,1,Success,TRUE,SAT_01477,0.657974995,7.583627868,-9.399542635,7.418639714,-9.35991669,,2000/9/5 10:35:02,SAT_01477,2.869229695,0.657974995,SAT_23866,4.598521874,3.57340026,SAT_10184,5.275643155,6.150558642
frame-r-001666-6-0284,1,No match,FALSE,N/A,inf,13.94872132,-9.02889579,13.95779756,-8.804871369,FOVNotMatch,2000/9/5 11:00:42,SAT_07714,0.080796319,11.26171913,SAT_00195,0.148970077,15.62507403,SAT_11783,5.5197341,25.45206368
frame-r-001666-3-0285,1,No match,FALSE,N/A,inf,14.20514718,-10.28112984,14.21343801,-10.05663757,FOVNotMatch,2000/9/5 11:01:18,SAT_07714,0.080796319,11.05154733,SAT_00195,0.148970077,15.41490224,SAT_11783,5.5197341,25.24189188
frame-r-001729-3-0044,1,Success,TRUE,SAT_07902,0.547759251,354.1257574,-10.10003708,354.0344014,-10.04342445,,2000/9/26 6:49:15,SAT_07902,0.178855331,0.547759251,SAT_00862,3.823462016,18.01772906,SAT_23564,0.411624565,26.09300061
frame-r-001729-1-0079,1,No match,FALSE,N/A,inf,359.3385047,-11.1111119,359.4197755,-11.01143516,FOVNotMatch,2000/9/26 7:10:09,SAT_10000,1.725548755,35.20657112,SAT_24654,1.681880365,35.37300884,SAT_11353,4.412590832,37.31841954
frame-r-001729-1-0080,1,No match,FALSE,N/A,inf,359.5695444,-11.2066621,359.6576162,-11.09898253,FOVNotMatch,2000/9/26 7:10:45,SAT_10000,1.725548755,35.12758748,SAT_24654,1.681880365,35.2940252,SAT_11353,4.412590832,37.2394359
frame-r-001729-3-0325,1,No match,FALSE,N/A,inf,36.86426573,-8.910372875,36.81193451,-8.936593165,FOVNotMatch,2000/9/26 9:37:02,SAT_11964,4.607977635,12.5204368,SAT_08838,4.34989604,13.06103726,SAT_14394,4.637142625,13.41449202
frame-r-001729-1-0398,1,No match,FALSE,N/A,inf,47.92666721,-8.400514453,47.89074164,-8.396502931,FOVNotMatch,2000/9/26 10:20:37,SAT_22911,4.345544372,6.409761084,SAT_22930,3.898584797,6.41330579,SAT_23313,3.222240071,6.415135353
frame-r-001729-1-0413,1,No match,FALSE,N/A,inf,50.16602977,-8.349140253,50.09716517,-8.224653123,FOVNotMatch,2000/9/26 10:29:34,SAT_06985,2.10934727,7.409340618,SAT_26002,1.571512135,17.25443018,SAT_25998,1.523137171,17.27645216
frame-r-001729-2-0469,1,No match,FALSE,N/A,inf,58.51657553,-6.7026697,58.45714469,-6.69359116,FOVNotMatch,2000/9/26 11:03:00,SAT_22911,3.01625549,8.722218563,SAT_22930,2.388260442,8.722606049,SAT_23313,1.458089772,8.724637148
frame-r-001739-6-0261,1,No match,FALSE,N/A,inf,353.6153437,15.81459222,353.5242358,15.76153076,FOVNotMatch,2000/9/27 7:30:38,SAT_12709,1.136201175,19.16467902,SAT_23002,2.58645179,21.01907858,SAT_10626,4.335354612,33.25270362
frame-r-001737-3-0086,1,Success,TRUE,SAT_21640,4.142388569,320.1733972,-7.340424633,320.1140342,-7.314826484,,2000/9/27 3:13:30,SAT_21640,4.251841568,4.142388569,SAT_00862,1.097677291,17.25654854,SAT_16650,4.841719426,21.82051984
frame-r-001740-6-0029,1,No match,FALSE,N/A,inf,1.139077503,-8.859938826,0.998966224,-8.783133428,FOVNotMatch,2000/9/27 8:31:01,SAT_15199,3.403284664,23.614734,SAT_25843,1.639037474,26.50138679,SAT_25493,2.050958242,28.7918292
frame-r-001740-6-0030,1,No match,FALSE,N/A,inf,1.314734079,-8.793650611,1.217213835,-8.740002436,FOVNotMatch,2000/9/27 8:31:37,SAT_15199,3.403284664,23.69748792,SAT_25843,1.639037474,26.58414071,SAT_25493,2.050958242,28.87458311
frame-r-001740-6-0131,1,Success,TRUE,SAT_12546,1.269257228,16.60946418,-8.606889272,16.44450131,-8.587472652,,2000/9/27 9:31:55,SAT_12546,2.432128957,1.269257228,SAT_25843,2.096305605,1.409767639,SAT_25154,4.780864008,3.840071482
frame-r-001740-4-0047,1,Success,TRUE,SAT_10000,2.298931635,3.787201531,-9.714268632,3.721534021,-9.736858525,,2000/9/27 8:41:46,SAT_10000,1.006480695,2.298931635,SAT_08366,5.411344523,2.645357464,SAT_22254,4.479944355,3.764852021
frame-r-001741-3-0015,1,No match,FALSE,N/A,inf,23.08058063,-9.571317814,23.11315646,-9.558945161,FOVNotMatch,2000/9/27 10:10:19,SAT_22849,0.121521247,5.08499719,SAT_15946,3.58348553,9.840165565,SAT_16214,2.22992795,10.41908689
frame-r-001741-3-0016,1,Success,TRUE,SAT_22849,4.945100495,23.23489192,-9.612136499,23.39637963,-9.55035773,,2000/9/27 10:10:55,SAT_22849,0.121521247,4.945100495,SAT_15946,3.58348553,9.980062261,SAT_16214,2.22992795,10.55898359
frame-r-001742-6-0028,1,No match,FALSE,N/A,inf,65.11931197,0.945859851,65.06356367,1.17018232,FOVNotMatch,2000/9/27 11:05:05,SAT_13298,4.485041405,24.89811431,SAT_23458,0.155914542,31.80379905,SAT_26109,4.118640282,66.28986287
frame-r-001752-6-0042,1,No match,FALSE,N/A,inf,27.19747155,1.131499965,27.14652803,1.197960709,FOVNotMatch,2000/10/1 8:13:28,SAT_16860,5.660624582,13.69139145,SAT_14179,3.879559875,21.87899144,SAT_08747,3.098140238,40.23472257
frame-r-001752-5-0044,1,Success,TRUE,SAT_02647,2.909909974,27.52025537,0.857194859,27.443125,0.774946337,,2000/10/1 8:14:40,SAT_02647,0.162836512,2.909909974,SAT_16327,4.886364664,4.173021091,SAT_11570,4.993512205,29.92586369
frame-r-001752-1-0133,1,Success,TRUE,SAT_08747,0.811093519,40.73464062,-1.044444389,40.68258561,-1.031136769,,2000/10/1 9:07:48,SAT_08747,2.912095698,0.811093519,SAT_26352,4.455912037,14.15729134,SAT_22911,5.003843496,14.30451848
frame-r-001752-1-0134,1,Success,TRUE,SAT_08747,0.637592572,40.99445053,-1.034503985,40.83193677,-0.993481597,,2000/10/1 9:08:24,SAT_08747,2.912095698,0.637592572,SAT_26352,4.455912037,13.98379039,SAT_22911,5.003843496,14.13101753
frame-r-001752-1-0135,1,Success,TRUE,SAT_08747,0.675608323,41.14415569,-0.996870254,40.98249879,-0.955949594,,2000/10/1 9:09:00,SAT_08747,2.912095698,0.675608323,SAT_26352,4.455912037,14.02180615,SAT_22911,5.003843496,14.16903328
frame-r-001752-1-0136,1,Success,TRUE,SAT_08747,0.641174425,41.29385548,-0.959136784,41.13171603,-0.918197184,,2000/10/1 9:09:36,SAT_08747,2.912095698,0.641174425,SAT_26352,4.455912037,13.98737225,SAT_22911,5.003843496,14.13459939
frame-r-001752-1-0137,1,Success,TRUE,SAT_08747,0.659499606,41.44318484,-0.921521449,41.280494,-0.880386837,,2000/10/1 9:10:12,SAT_08747,2.912095698,0.659499606,SAT_26352,4.455912037,14.00569743,SAT_22911,5.003843496,14.15292457
frame-r-001752-2-0145,1,Success,TRUE,SAT_08747,0.365730873,42.64087152,-0.622056228,42.47919734,-0.581864769,,2000/10/1 9:14:58,SAT_08747,3.82204873,0.365730873,SAT_21588,5.724340074,9.205320972,SAT_26352,4.85111092,13.77171016
frame-r-001752-2-0148,1,Success,TRUE,SAT_08747,0.42008497,43.09039646,-0.510571667,42.92753389,-0.469715358,,2000/10/1 9:16:46,SAT_08747,3.184964555,0.42008497,SAT_26352,4.856385304,13.88898725,SAT_22911,5.381241767,14.04669931
frame-r-001752-2-0150,1,Success,TRUE,SAT_08747,0.418872308,43.3894404,-0.436299733,43.24722523,-0.400625951,,2000/10/1 9:17:57,SAT_08747,3.184964555,0.418872308,SAT_26352,4.856385304,13.88777458,SAT_22911,5.381241767,14.04548665
frame-r-001752-3-0156,1,Success,TRUE,SAT_08747,0.215236497,44.25344758,-0.205532094,44.12548004,-0.173767885,,2000/10/1 9:21:32,SAT_08747,3.54852925,0.215236497,SAT_26352,5.258029413,13.74128868,SAT_22911,5.763374661,13.90449574
frame-r-001752-6-0159,1,Success,TRUE,SAT_26352,3.20784964,44.73647779,1.204371055,44.57468616,1.214000644,,2000/10/1 9:23:20,SAT_26352,5.258029413,3.20784964,SAT_22911,5.763374661,3.371056703,SAT_23846,5.284311628,3.371665055
frame-r-001752-1-0282,1,Success,TRUE,SAT_18106,3.64673225,63.14913681,-1.044425376,63.06909204,-0.820384125,,2000/10/1 10:36:46,SAT_18106,5.207881125,3.64673225,SAT_23642,0.015531323,39.43402944,SAT_26109,0.813503705,60.73760398
frame-r-001752-4-0359,1,Success,TRUE,SAT_15560,0.835437971,74.61556942,0.438731864,74.51815732,0.424545831,,2000/10/1 11:22:45,SAT_15560,2.923178241,0.835437971,SAT_13631,2.725623778,0.880499748,SAT_14532,4.813412536,0.968142031
frame-r-001755-5-0457,1,Success,TRUE,SAT_11049,0.265714474,12.09797291,0.404308924,12.10152375,0.43986761,,2000/10/2 9:16:13,SAT_11049,4.764284033,0.265714474,SAT_11698,4.362697606,0.525419804,SAT_10167,5.785490038,6.163021452
frame-r-001755-1-0599,1,Success,TRUE,SAT_24786,2.733464489,33.46575616,-1.112189154,33.30558263,-1.104190442,,2000/10/2 10:41:00,SAT_24786,5.563952584,2.733464489,SAT_22096,5.741605586,2.815259914,SAT_20945,5.989875197,2.842615632
frame-r-001755-1-0602,1,Success,TRUE,SAT_23248,1.912334862,33.90781853,-1.224056963,33.7525221,-1.189591646,,2000/10/2 10:42:47,SAT_23248,2.512776867,1.912334862,SAT_24786,5.563952584,12.38975532,SAT_22096,5.741605586,12.47155075
frame-r-001755-1-0602,2,Success,TRUE,SAT_24786,2.408197961,33.91379048,-1.090790767,33.75324925,-1.083686885,,2000/10/2 10:42:47,SAT_24786,5.563952584,2.408197961,SAT_22096,5.741605586,2.489993387,SAT_20945,5.989875197,2.517349105
frame-r-001755-1-0573,1,Success,TRUE,SAT_22849,2.242010912,29.41297422,-1.259177382,29.48677399,-1.220836645,,2000/10/2 10:25:28,SAT_22849,2.87380232,2.242010912,SAT_23835,5.892653476,8.685406679,SAT_07324,2.51774833,12.31619009
frame-r-001755-1-0584,1,Success,TRUE,SAT_23238,1.888597699,31.21987982,-1.238129544,31.05725994,-1.227958281,,2000/10/2 10:32:03,SAT_23238,4.300920535,1.888597699,SAT_24786,3.897292982,3.459427167,SAT_22117,5.35976766,3.528181028
frame-r-001755-1-0588,1,Success,TRUE,SAT_23238,2.129266023,31.81894692,-1.201236952,31.6614203,-1.192048078,,2000/10/2 10:34:26,SAT_23238,4.300920535,2.129266023,SAT_24786,3.897292982,3.218758843,SAT_22117,5.35976766,3.287512704
frame-r-001855-6-0097,1,No match,FALSE,N/A,inf,359.4852902,-8.80536909,359.3216874,-8.751420784,FOVNotMatch,2000/11/17 4:19:30,SAT_15199,5.643072259,15.53484425,SAT_19169,1.91943706,16.88328069,SAT_06974,0.933124741,18.3949285
frame-r-001855-6-0098,1,No match,FALSE,N/A,inf,359.637746,-8.760931651,359.4736419,-8.707414293,FOVNotMatch,2000/11/17 4:20:06,SAT_15199,5.643072259,15.34307574,SAT_19169,1.91943706,16.69151217,SAT_06974,0.933124741,18.20315998
frame-r-001855-5-0090,1,No match,FALSE,N/A,inf,358.4187207,-9.113455043,358.2874167,-9.069949043,FOVNotMatch,2000/11/17 4:15:19,SAT_20502,2.366712219,18.53408092,SAT_24748,4.035404141,18.5492489,SAT_26402,3.907387495,18.5492736
frame-r-001855-6-0095,1,No match,FALSE,N/A,inf,359.1752182,-8.891760684,359.01717,-8.839734966,FOVNotMatch,2000/11/17 4:18:18,SAT_20502,2.366712219,18.41056904,SAT_24748,4.035404141,18.42573702,SAT_26402,3.907387495,18.42576172
frame-r-001855-1-0123,1,No match,FALSE,N/A,inf,3.264442135,-11.03540706,3.252571068,-10.97389987,FOVNotMatch,2000/11/17 4:35:01,SAT_16849,4.748199579,5.160436595,SAT_23821,5.128175275,10.54280351,SAT_13999,2.353481224,22.01022933
frame-r-001855-1-0124,1,No match,FALSE,N/A,inf,3.566224445,-11.02219452,3.557465441,-10.97537039,FOVNotMatch,2000/11/17 4:35:37,SAT_16849,4.748199579,5.483143742,SAT_23821,5.128175275,10.22009636,SAT_13999,2.353481224,21.68752218
frame-r-001863-3-0067,1,Success,TRUE,SAT_08746,1.148078534,55.16621446,-0.116711722,55.0364504,-0.087394613,,2000/11/18 6:16:33,SAT_08746,4.080280047,1.148078534,SAT_23241,2.509409664,9.672248164,SAT_02649,5.599197243,11.75043194
frame-r-001863-4-0073,1,Success,TRUE,SAT_08746,1.204821771,55.96517101,0.107736238,55.90165313,0.122020488,,2000/11/18 6:20:08,SAT_08746,4.080280047,1.204821771,SAT_23241,2.509409664,9.615504927,SAT_02649,5.599197243,11.6936887
frame-r-001863-4-0075,1,Success,TRUE,SAT_08746,1.328764668,56.36332388,0.152566209,56.20119052,0.188734139,,2000/11/18 6:21:19,SAT_08746,4.764104554,1.328764668,SAT_23241,3.134722539,9.256445897,SAT_02649,5.220483467,11.3473096
frame-r-001869-2-0112,1,Success,TRUE,SAT_25525,2.397630968,42.14381149,-8.592769077,42.04120975,-8.631938624,,2000/11/20 7:19:39,SAT_25525,5.128206451,2.397630968,SAT_16497,4.295429513,9.802804507,SAT_03494,3.927633856,10.18935699
frame-r-001886-2-0074,1,Success,TRUE,SAT_23246,0.81197639,36.68540907,-8.99014981,36.51796401,-8.958168839,,2000/11/26 3:59:25,SAT_23246,5.243564378,0.81197639,SAT_23741,5.581280327,10.92251682,SAT_24936,5.282676636,10.92921565
frame-r-001886-2-0075,1,Success,TRUE,SAT_23246,0.881011422,36.83210314,-8.933678713,36.77307437,-8.922476026,,2000/11/26 4:00:00,SAT_23246,5.243564378,0.881011422,SAT_23741,5.581280327,10.85348179,SAT_24936,5.282676636,10.86018062
frame-r-001887-6-0054,1,No match,FALSE,N/A,inf,37.37968616,1.106473441,37.22477725,1.09559564,FOVNotMatch,2000/11/26 5:26:03,SAT_25001,5.38895936,6.436426492,SAT_07229,4.502428628,9.376004826,SAT_10953,4.734847643,10.03613114
frame-r-001887-5-0090,1,Success,TRUE,SAT_17216,1.902667827,42.63967639,0.633452494,42.60692996,0.764573384,,2000/11/26 5:47:33,SAT_17216,3.801645833,1.902667827,SAT_19244,0.255225066,14.12375753,SAT_00233,4.22604757,18.26751192
frame-r-001891-6-0053,1,No match,FALSE,N/A,inf,353.0247029,-8.730642008,353.0451151,-8.506938496,FOVNotMatch,2000/11/27 1:46:34,SAT_18083,3.19353587,7.425448055,SAT_07037,3.38676708,15.09967386,SAT_21254,4.589974413,22.71367919
frame-r-001892-4-0016,1,Success,TRUE,SAT_23429,2.091248575,349.6163073,-9.419970605,349.5262445,-9.415844367,,2000/11/27 2:31:59,SAT_23429,1.68995441,2.091248575,SAT_22927,0.643906191,2.645560142,SAT_22930,5.521089531,2.663100683
frame-r-001892-4-0016,2,Success,TRUE,SAT_19017,0.494323351,349.6164218,-9.412271663,349.4993943,-9.422558641,,2000/11/27 2:31:59,SAT_19017,5.781292783,0.494323351,SAT_12855,4.145094747,1.62373237,SAT_13431,3.977172964,1.772402132
frame-r-001892-4-0016,3,Success,TRUE,SAT_19017,0.017305328,349.6164015,-9.410069542,349.4852505,-9.422763519,,2000/11/27 2:31:59,SAT_19017,5.781292783,0.017305328,SAT_12855,4.145094747,1.112103691,SAT_13431,3.977172964,2.28403081
frame-r-001892-4-0016,4,Success,TRUE,SAT_22044,0.649996123,349.6165827,-9.408854934,349.5132584,-9.412557118,,2000/11/27 2:31:59,SAT_22044,1.541022714,0.649996123,SAT_21648,3.060693858,1.177445193,SAT_13431,3.977172964,1.239342358
frame-r-001892-4-0016,5,Success,TRUE,SAT_22044,0.510924592,349.6161936,-9.398687202,349.5143741,-9.402091453,,2000/11/27 2:31:59,SAT_22044,1.541022714,0.510924592,SAT_21648,3.060693858,1.316516724,SAT_13431,3.977172964,1.378413889
frame-r-001892-4-0016,6,No match,FALSE,N/A,inf,349.6140017,-9.403111726,349.5797522,-9.395919675,FOVNotMatch,2000/11/27 2:31:59,SAT_23429,1.68995441,11.4482408,SAT_22927,0.643906191,12.00255236,SAT_22930,5.521089531,12.0200929
frame-r-001892-4-0016,7,No match,FALSE,N/A,inf,349.6149664,-9.416852127,349.5602717,-9.377906479,FOVNotMatch,2000/11/27 2:31:59,SAT_23429,1.68995441,35.25184292,SAT_22927,0.643906191,35.80615448,SAT_22930,5.521089531,35.82369502
frame-r-001892-4-0016,8,Success,TRUE,SAT_22044,0.176169836,349.6144692,-9.42477816,349.5201458,-9.426814809,,2000/11/27 2:31:59,SAT_22044,1.541022714,0.176169836,SAT_25913,5.388154252,1.215895339,SAT_25558,4.89787011,1.236281757
frame-r-001892-4-0016,9,Success,TRUE,SAT_19017,0.373070859,349.6126624,-9.426285353,349.5820326,-9.429042166,,2000/11/27 2:31:59,SAT_19017,5.781292783,0.373070859,SAT_12855,4.145094747,1.502479879,SAT_13431,3.977172964,1.893654623
frame-r-001892-4-0016,10,Success,TRUE,SAT_12855,0.78448501,349.6149471,-9.430425265,349.6065891,-9.431510753,,2000/11/27 2:31:59,SAT_12855,4.145094747,0.78448501,SAT_19017,5.781292783,1.91389403,SAT_13431,3.977172964,4.180619512
frame-r-001892-4-0016,11,Success,TRUE,SAT_23429,2.789137773,349.6116355,-9.4296625,349.5914811,-9.428496311,,2000/11/27 2:31:59,SAT_23429,1.68995441,2.789137773,SAT_22927,0.643906191,3.34344934,SAT_22930,5.521089531,3.360989881
frame-r-001892-4-0016,12,Success,TRUE,SAT_19017,0.862791788,349.5664386,-9.428450167,349.5971807,-9.425944415,,2000/11/27 2:31:59,SAT_19017,5.781292783,0.862791788,SAT_13431,3.977172964,1.403933694,SAT_21648,3.060693858,1.465830859
frame-r-001892-4-0016,13,No match,FALSE,N/A,inf,349.6099911,-9.398770613,349.54431,-9.390381565,FOVNotMatch,2000/11/27 2:31:59,SAT_23429,1.68995441,6.808784375,SAT_22927,0.643906191,7.363095942,SAT_22930,5.521089531,7.380636483
frame-r-001892-4-0016,14,No match,FALSE,N/A,inf,349.6173606,-9.384432744,349.5585688,-9.377216943,FOVNotMatch,2000/11/27 2:31:59,SAT_23429,1.68995441,6.523353675,SAT_22927,0.643906191,7.077665242,SAT_22930,5.521089531,7.095205783
frame-r-001892-4-0016,15,Success,TRUE,SAT_19017,0.063016223,349.6178029,-9.375036719,349.4865356,-9.387847562,,2000/11/27 2:31:59,SAT_19017,5.781292783,0.063016223,SAT_12855,4.145094747,1.066392797,SAT_13431,3.977172964,2.329741705
frame-r-001892-4-0016,16,No match,FALSE,N/A,inf,349.6103094,-9.378852081,349.5469169,-9.364086557,FOVNotMatch,2000/11/27 2:31:59,SAT_23429,1.68995441,12.71509221,SAT_22927,0.643906191,13.26940378,SAT_22930,5.521089531,13.28694432
frame-r-001892-4-0016,17,Success,TRUE,SAT_19017,0.078120411,349.6174429,-9.369517274,349.4957661,-9.381424307,,2000/11/27 2:31:59,SAT_19017,5.781292783,0.078120411,SAT_12855,4.145094747,1.051288609,SAT_13431,3.977172964,2.344845893
frame-r-001892-4-0016,18,Success,TRUE,SAT_19017,0.410185538,349.6172587,-9.36816368,349.5771468,-9.372320775,,2000/11/27 2:31:59,SAT_19017,5.781292783,0.410185538,SAT_12855,4.145094747,0.719223482,SAT_13431,3.977172964,2.67691102
frame-r-001892-4-0016,19,Success,TRUE,SAT_23429,4.555646581,349.609302,-9.368656049,349.5347406,-9.362060075,,2000/11/27 2:31:59,SAT_23429,1.68995441,4.555646581,SAT_22927,0.643906191,5.109958149,SAT_22930,5.521089531,5.127498689
frame-r-001892-4-0016,20,Success,TRUE,SAT_22044,0.356982568,349.6177068,-9.358645621,349.5171532,-9.361741083,,2000/11/27 2:31:59,SAT_22044,1.541022714,0.356982568,SAT_21648,3.060693858,1.470458749,SAT_13431,3.977172964,1.532355914
frame-r-001892-4-0016,21,Success,TRUE,SAT_19017,0.154883884,349.4733688,-9.370120115,349.618676,-9.356488707,,2000/11/27 2:31:59,SAT_19017,5.781292783,0.154883884,SAT_12855,4.145094747,1.284292904,SAT_13431,3.977172964,2.111841598
frame-r-001892-4-0016,22,Success,TRUE,SAT_19017,0.003379224,349.4900779,-9.354992151,349.6202865,-9.342418457,,2000/11/27 2:31:59,SAT_19017,5.781292783,0.003379224,SAT_12855,4.145094747,1.126029796,SAT_13431,3.977172964,2.270104706
frame-r-001892-4-0016,23,Success,TRUE,SAT_19017,0.218698822,349.493129,-9.348162061,349.6202881,-9.335406377,,2000/11/27 2:31:59,SAT_19017,5.781292783,0.218698822,SAT_12855,4.145094747,0.910710198,SAT_13431,3.977172964,2.485424304
frame-r-001892-4-0016,24,Success,TRUE,SAT_19017,0.146893524,349.471592,-9.342278088,349.6209087,-9.327485951,,2000/11/27 2:31:59,SAT_19017,5.781292783,0.146893524,SAT_12855,4.145094747,0.982515496,SAT_13431,3.977172964,2.413619006
frame-r-001892-4-0016,25,Success,TRUE,SAT_19017,0.126469169,349.4821184,-9.337260159,349.6199736,-9.323652268,,2000/11/27 2:31:59,SAT_19017,5.781292783,0.126469169,SAT_12855,4.145094747,1.00293985,SAT_13431,3.977172964,2.393194652
frame-r-001892-4-0016,26,Success,TRUE,SAT_19017,0.152207834,349.5039377,-9.329337626,349.6203442,-9.318410775,,2000/11/27 2:31:59,SAT_19017,5.781292783,0.152207834,SAT_12855,4.145094747,1.281616854,SAT_13431,3.977172964,2.114517648
frame-r-001892-4-0016,27,Success,TRUE,SAT_22044,0.499934619,349.6204074,-9.317068482,349.5215487,-9.318652266,,2000/11/27 2:31:59,SAT_22044,1.541022714,0.499934619,SAT_25913,5.388154252,0.892130556,SAT_25558,4.89787011,0.912516974
frame-r-001892-4-0016,28,Success,TRUE,SAT_19017,0.450158686,349.5100767,-9.32533989,349.6208098,-9.313785066,,2000/11/27 2:31:59,SAT_19017,5.781292783,0.450158686,SAT_12855,4.145094747,0.679250333,SAT_13431,3.977172964,2.716884168
frame-r-001892-4-0016,29,Success,TRUE,SAT_19017,0.083461882,349.5045646,-9.318727159,349.6208496,-9.307672432,,2000/11/27 2:31:59,SAT_19017,5.781292783,0.083461882,SAT_12855,4.145094747,1.212870902,SAT_13431,3.977172964,2.1832636
frame-r-001892-4-0016,30,Success,TRUE,SAT_19017,0.021076317,349.4977175,-9.314131831,349.6208549,-9.302291959,,2000/11/27 2:31:59,SAT_19017,5.781292783,0.021076317,SAT_12855,4.145094747,1.150485336,SAT_13431,3.977172964,2.245649166
frame-r-001892-4-0016,31,Success,TRUE,SAT_19017,0.251123307,349.4819393,-9.312304494,349.6219158,-9.298182608,,2000/11/27 2:31:59,SAT_19017,5.781292783,0.251123307,SAT_12855,4.145094747,0.878285712,SAT_13431,3.977172964,2.51784879
frame-r-001892-4-0016,32,Success,TRUE,SAT_23429,4.468181494,349.5397761,-9.294909312,349.6200064,-9.301886321,,2000/11/27 2:31:59,SAT_23429,1.68995441,4.468181494,SAT_22927,0.643906191,5.022493061,SAT_22930,5.521089531,5.040033602
frame-r-001892-4-0016,33,Success,TRUE,SAT_23429,2.900534194,349.6212338,-9.2942382,349.5338582,-9.289012146,,2000/11/27 2:31:59,SAT_23429,1.68995441,2.900534194,SAT_22927,0.643906191,3.454845761,SAT_22930,5.521089531,3.472386301
frame-r-001892-4-0016,34,No match,FALSE,N/A,inf,349.6225619,-9.287083832,349.5459187,-9.277703815,FOVNotMatch,2000/11/27 2:31:59,SAT_23429,1.68995441,6.501396385,SAT_22927,0.643906191,7.055707952,SAT_22930,5.521089531,7.073248493
frame-r-001892-4-0016,35,Success,TRUE,SAT_13431,0.721958222,349.6210687,-9.279311393,349.5131401,-9.286836889,,2000/11/27 2:31:59,SAT_13431,3.977172964,0.721958222,SAT_21648,3.060693858,0.783855387,SAT_19017,5.781292783,1.54476726
frame-r-001892-4-0016,36,No match,FALSE,N/A,inf,349.6221499,-9.277404172,349.5539397,-9.249578327,FOVNotMatch,2000/11/27 2:31:59,SAT_23429,1.68995441,21.88923232,SAT_22927,0.643906191,22.44354388,SAT_22930,5.521089531,22.46108442
frame-r-001892-4-0016,37,Success,TRUE,SAT_13431,1.034292595,349.6227787,-9.266671477,349.5115927,-9.275025787,,2000/11/27 2:31:59,SAT_13431,3.977172964,1.034292595,SAT_21648,3.060693858,1.096189761,SAT_19017,5.781292783,1.232432887
frame-r-001892-4-0016,38,Success,TRUE,SAT_23429,3.535966707,349.623371,-9.264619625,349.5353069,-9.258383782,,2000/11/27 2:31:59,SAT_23429,1.68995441,3.535966707,SAT_22927,0.643906191,4.090278274,SAT_22930,5.521089531,4.107818815
frame-r-001892-4-0016,39,No match,FALSE,N/A,inf,349.6131657,-9.278705594,349.565987,-9.272632294,FOVNotMatch,2000/11/27 2:31:59,SAT_23429,1.68995441,6.863721137,SAT_22927,0.643906191,7.418032704,SAT_22930,5.521089531,7.435573245
frame-r-001892-4-0016,40,No match,FALSE,N/A,inf,349.6229589,-9.254939969,349.5451925,-9.245874996,FOVNotMatch,2000/11/27 2:31:59,SAT_23429,1.68995441,6.167859489,SAT_22927,0.643906191,6.722171056,SAT_22930,5.521089531,6.739711597
frame-r-001892-4-0016,41,Success,TRUE,SAT_13431,0.834849039,349.6244157,-9.242410778,349.5141261,-9.250317287,,2000/11/27 2:31:59,SAT_13431,3.977172964,0.834849039,SAT_21648,3.060693858,0.896746204,SAT_19017,5.781292783,1.431876443
frame-r-001892-4-0016,42,Success,TRUE,SAT_19017,0.185948129,349.6247919,-9.237047257,349.477875,-9.251705264,,2000/11/27 2:31:59,SAT_19017,5.781292783,0.185948129,SAT_12855,4.145094747,0.943460891,SAT_13431,3.977172964,2.452673611
frame-r-001892-4-0016,43,Success,TRUE,SAT_19017,0.054987979,349.6242566,-9.232620401,349.4758636,-9.247087755,,2000/11/27 2:31:59,SAT_19017,5.781292783,0.054987979,SAT_12855,4.145094747,1.074421041,SAT_13431,3.977172964,2.321713461
frame-r-001892-4-0016,44,No match,FALSE,N/A,inf,349.6248577,-9.23301473,349.551309,-9.221330866,FOVNotMatch,2000/11/27 2:31:59,SAT_23429,1.68995441,8.575138992,SAT_22927,0.643906191,9.129450559,SAT_22930,5.521089531,9.1469911
frame-r-001892-4-0016,45,No match,FALSE,N/A,inf,349.6248263,-9.236315098,349.572753,-9.205108311,FOVNotMatch,2000/11/27 2:31:59,SAT_23429,1.68995441,30.69549628,SAT_22927,0.643906191,31.24980785,SAT_22930,5.521089531,31.26734839
frame-r-001892-4-0016,46,No match,FALSE,N/A,inf,349.6243344,-9.233602264,349.5974426,-9.206239255,FOVNotMatch,2000/11/27 2:31:59,SAT_23429,1.68995441,45.30229627,SAT_22927,0.643906191,45.85660784,SAT_22930,5.521089531,45.87414838
frame-r-001892-4-0016,47,Success,TRUE,SAT_23429,4.137463286,349.6253972,-9.221544234,349.5425715,-9.214815214,,2000/11/27 2:31:59,SAT_23429,1.68995441,4.137463286,SAT_22927,0.643906191,4.691774853,SAT_22930,5.521089531,4.709315394
frame-r-001892-4-0016,48,Success,TRUE,SAT_19017,0.247800712,349.6262758,-9.208132619,349.495425,-9.221329662,,2000/11/27 2:31:59,SAT_19017,5.781292783,0.247800712,SAT_12855,4.145094747,0.881608308,SAT_13431,3.977172964,2.514526194
frame-r-001892-4-0016,49,Success,TRUE,SAT_23429,3.671162088,349.6252986,-9.213101807,349.5403442,-9.206886353,,2000/11/27 2:31:59,SAT_23429,1.68995441,3.671162088,SAT_22927,0.643906191,4.225473655,SAT_22930,5.521089531,4.243014196
frame-r-001892-4-0035,1,No match,FALSE,N/A,inf,352.3741113,-9.546034005,352.3397144,-9.343531804,FOVNotMatch,2000/11/27 2:43:19,SAT_12113,1.081525956,24.35504615,SAT_04552,5.558842344,58.60854988,SAT_26530,3.68176518,66.04625483
frame-r-001892-4-0036,1,No match,FALSE,N/A,inf,352.6538868,-9.420464385,352.6385518,-9.331643864,FOVNotMatch,2000/11/27 2:43:55,SAT_12113,1.081525956,24.51036357,SAT_04552,5.558842344,58.45323246,SAT_26530,3.68176518,66.20157225
frame-r-001892-2-0051,1,No match,FALSE,N/A,inf,354.7337919,-10.44712093,354.8226059,-10.24338452,FOVNotMatch,2000/11/27 2:52:53,SAT_10751,4.689573391,7.906861948,SAT_26530,5.793633199,33.72320724,SAT_15619,3.519488605,46.31690036
frame-r-001892-1-0052,1,No match,FALSE,N/A,inf,354.9337268,-10.69690779,354.9463305,-10.66734234,FOVNotMatch,2000/11/27 2:53:28,SAT_10751,4.689573391,7.4246296,SAT_26530,5.793633199,34.20543958,SAT_15619,3.519488605,45.83466801
frame-r-001892-2-0052,1,No match,FALSE,N/A,inf,355.0300225,-10.4745699,355.0527532,-10.42243388,FOVNotMatch,2000/11/27 2:53:28,SAT_10751,4.689573391,7.903047602,SAT_26530,5.793633199,33.72702158,SAT_15619,3.519488605,46.31308601
frame-r-001895-5-0354,1,No match,FALSE,N/A,inf,174.0702971,62.69972543,174.1143748,62.73403519,FOVNotMatch,2000/11/27 9:49:46,SAT_21686,2.669227497,18.43262602,SAT_06938,2.648360238,21.01027297,SAT_23608,2.314713641,22.5724246
frame-r-001895-5-0354,2,No match,FALSE,N/A,inf,174.090372,62.86592645,174.1430707,62.93273049,FOVNotMatch,2000/11/27 9:49:46,SAT_21686,2.669227497,29.15925086,SAT_06938,2.648360238,31.73689781,SAT_23608,2.314713641,33.29904944
frame-r-001894-6-0149,1,Success,TRUE,SAT_08747,0.755251532,53.46294369,0.851664157,53.30092496,0.889286862,,2000/11/27 5:51:55,SAT_08747,4.914082798,0.755251532,SAT_08746,5.513690154,0.834431231,SAT_21149,5.928162447,14.10316835
frame-r-001894-6-0152,1,Success,TRUE,SAT_08747,0.863486784,53.91243678,0.953563808,53.74956157,0.991060228,,2000/11/27 5:53:42,SAT_08747,4.914082798,0.863486784,SAT_08746,5.513690154,0.942666483,SAT_21149,5.928162447,13.9949331
frame-r-001894-6-0152,2,No match,FALSE,N/A,inf,53.86405021,0.877815542,53.91207135,0.999744453,FOVNotMatch,2000/11/27 5:53:42,SAT_10492,5.470582613,12.29681685,SAT_19981,2.775707133,20.3033446,SAT_20970,3.632895686,46.30871519
frame-r-001894-1-0061,1,Success,TRUE,SAT_08746,0.447377139,40.28936131,-1.078330691,40.12795761,-1.038758186,,2000/11/27 4:59:22,SAT_08746,2.058469382,0.447377139,SAT_08747,0.572805609,0.707757574,SAT_26072,5.992102634,13.46077635
frame-r-001894-4-0126,1,Success,TRUE,SAT_08747,0.46746655,50.02013746,0.058838157,49.85824658,0.096953989,,2000/11/27 5:38:11,SAT_08747,3.280506417,0.46746655,SAT_08746,3.960743734,0.590941726,SAT_23248,4.905338336,2.394778152
frame-r-001894-4-0127,1,Success,TRUE,SAT_08747,0.595654053,50.16909888,0.093904752,50.00820914,0.131405124,,2000/11/27 5:38:47,SAT_08747,3.280506417,0.595654053,SAT_08746,3.960743734,0.719129229,SAT_23248,4.905338336,2.522965656
frame-r-001894-5-0142,1,Success,TRUE,SAT_08747,0.899273501,52.41500712,0.61315606,52.2747394,0.645281693,,2000/11/27 5:47:44,SAT_08747,4.256635883,0.899273501,SAT_08746,4.875860759,0.992203057,SAT_23598,5.888158745,12.87308441
frame-r-001896-6-0157,1,No match,FALSE,N/A,inf,181.2496243,63.37789395,181.4070892,63.50574624,FOVNotMatch,2000/11/27 11:35:39,SAT_13950,2.381087133,13.40287081,SAT_13432,2.429093731,30.39040554,SAT_15261,0.070484976,63.99052281
frame-r-001896-5-0160,1,No match,FALSE,N/A,inf,182.5603978,62.8855171,182.6518631,62.95650568,FOVNotMatch,2000/11/27 11:37:27,SAT_13950,2.381087133,11.85008663,SAT_13432,2.429093731,28.83762136,SAT_15261,0.070484976,65.543307
frame-r-001896-4-0173,1,No match,FALSE,N/A,inf,186.9057776,62.54030494,186.7631687,62.53154197,FOVNotMatch,2000/11/27 11:45:12,SAT_22986,0.120469498,21.16731689,SAT_13432,2.502687703,21.23745835,SAT_24764,0.646770317,23.02760169
frame-r-001904-3-0106,1,No match,FALSE,N/A,inf,353.0484228,14.66161652,353.2139199,14.70954922,FOVNotMatch,2000/11/30 4:38:03,SAT_05300,4.572973946,70.85882463,SAT_22416,1.920901146,78.77096556,SAT_22192,4.826941169,89.93412264
frame-r-001904-4-0347,1,Success,TRUE,SAT_19716,0.557142942,30.33805039,13.8283673,30.4389918,14.04381256,,2000/11/30 7:01:56,SAT_19716,5.867195178,0.557142942,SAT_23194,2.651321944,2.037238592,SAT_23401,5.848924944,4.894721356
frame-r-001908-3-0032,1,Success,TRUE,SAT_04741,0.095698455,152.4922268,-0.299262814,152.4748653,-0.24159398,,2000/11/30 12:12:16,SAT_04741,2.155120976,0.095698455,SAT_18755,5.334488777,2.843650577,SAT_23294,5.00213084,6.379563322
frame-r-001908-3-0033,1,Success,TRUE,SAT_04741,0.315439958,152.7871973,-0.286144843,152.7256969,-0.084664061,,2000/11/30 12:12:51,SAT_04741,2.155120976,0.315439958,SAT_18755,5.334488777,2.623909074,SAT_23294,5.00213084,6.159821819
frame-r-001908-3-0033,2,No match,FALSE,N/A,inf,152.6673428,-0.308273675,152.6745038,-0.084669464,FOVNotMatch,2000/11/30 12:12:51,SAT_07769,2.694693082,6.289342415,SAT_15027,5.025462348,16.12045188,SAT_04741,2.155120976,18.49314331
frame-r-001908-4-0034,1,Success,TRUE,SAT_04741,0.416679538,152.9372755,0.199815434,152.8956177,0.335430684,,2000/11/30 12:13:27,SAT_04741,2.155120976,0.416679538,SAT_18755,5.334488777,2.522669494,SAT_23294,5.00213084,6.058582239
frame-r-001908-4-0057,1,No match,FALSE,N/A,inf,156.3549157,0.196639096,156.3807008,0.20812566,FOVNotMatch,2000/11/30 12:27:11,SAT_15677,3.482093276,22.78838072,SAT_22796,4.437455388,22.99992388,SAT_23581,5.860422733,23.82039034
frame-r-001992-6-0124,1,No match,FALSE,N/A,inf,168.4435799,3.447834217,168.5205298,3.520393998,FOVNotMatch,2000/12/23 11:45:41,SAT_13364,4.500930205,7.835183247,SAT_04996,2.275996458,22.95508069,SAT_21706,4.030962607,29.28340855
frame-r-001992-3-0119,1,No match,FALSE,N/A,inf,167.6638998,2.178931752,167.7120725,2.403547892,FOVNotMatch,2000/12/23 11:42:42,SAT_20413,1.975139361,12.40707276,SAT_16205,1.482178293,23.07199174,SAT_21959,1.973351259,27.93095664
frame-r-002029-1-0243,1,Success,TRUE,SAT_21709,1.833254022,181.7683979,-1.151353063,181.8284175,-0.927903103,,2001/1/14 11:17:59,SAT_21709,4.958539978,1.833254022,SAT_23630,2.942415466,2.045598501,SAT_19810,4.231373514,3.775314623
frame-r-002029-6-0252,1,Success,TRUE,SAT_21709,1.636863356,183.1223741,1.129352341,183.1338957,1.170528269,,2001/1/14 11:23:21,SAT_21709,3.59571238,1.636863356,SAT_23630,1.564559385,1.713405478,SAT_17316,2.350098831,2.845855056
frame-r-002029-3-0267,1,No match,FALSE,N/A,inf,185.306579,-0.1565836,185.4686454,-0.10672012,FOVNotMatch,2001/1/14 11:32:19,SAT_26497,5.630297104,10.54834595,SAT_10262,0.356460284,11.66032432,SAT_23671,4.106049749,11.96013753
frame-r-002029-3-0268,1,No match,FALSE,N/A,inf,185.4567652,-0.202277255,185.618343,-0.152552746,FOVNotMatch,2001/1/14 11:32:54,SAT_26497,5.630297104,10.55205267,SAT_10262,0.356460284,11.66403104,SAT_23671,4.106049749,11.96384425
frame-r-002029-3-0270,1,No match,FALSE,N/A,inf,185.7559109,-0.294291632,185.9182249,-0.24406498,FOVNotMatch,2001/1/14 11:34:06,SAT_23671,2.57013918,12.29448543,SAT_25954,5.164262518,17.18532177,SAT_23192,5.265496237,17.18601312
frame-r-002029-3-0271,1,No match,FALSE,N/A,inf,185.9970326,-0.312245759,186.0684258,-0.290249615,FOVNotMatch,2001/1/14 11:34:42,SAT_23671,2.57013918,12.2243053,SAT_25954,5.164262518,17.11514164,SAT_23192,5.265496237,17.11583298
frame-r-002029-2-0276,1,No match,FALSE,N/A,inf,186.6544249,-0.570441599,186.8170047,-0.520214875,FOVNotMatch,2001/1/14 11:37:41,SAT_23671,2.57013918,12.26860551,SAT_25954,5.164262518,17.15944185,SAT_23192,5.265496237,17.16013319
frame-r-002065-1-0069,1,No match,FALSE,N/A,inf,170.502286,62.97164667,170.4120403,62.98927717,FOVNotMatch,2001/1/24 11:25:41,SAT_20646,0.973570464,8.893808239,SAT_17328,5.729300616,9.783025956,SAT_12156,4.228029757,24.85511948
frame-r-002065-1-0070,1,No match,FALSE,N/A,inf,171.0872673,63.04913218,170.800176,63.1052383,FOVNotMatch,2001/1/24 11:26:17,SAT_20646,0.973570464,8.817456829,SAT_17328,5.729300616,9.859377366,SAT_12156,4.228029757,24.93147089
frame-r-002065-2-0122,1,No match,FALSE,N/A,inf,188.3770821,64.27022365,188.1465292,64.29678595,FOVNotMatch,2001/1/24 11:57:20,SAT_12156,2.444931387,8.484223472,SAT_20646,5.182375489,28.59704045,SAT_21847,5.992380374,36.51304336
frame-r-002065-2-0189,1,Success,TRUE,SAT_13012,1.946468655,209.9842359,61.85052994,210.2030992,61.93601242,,2001/1/24 12:37:20,SAT_13012,5.162332585,1.946468655,SAT_07780,3.490073946,2.109922944,SAT_26483,4.175656022,2.136773217
frame-r-002029-2-0277,1,No match,FALSE,N/A,inf,186.8037576,-0.616756689,186.9663018,-0.56628899,FOVNotMatch,2001/1/14 11:38:17,SAT_23671,2.085009502,12.56328804,SAT_25954,4.749797878,17.24103745,SAT_23192,4.856886045,17.24116459
frame-r-002029-2-0279,1,No match,FALSE,N/A,inf,187.1043345,-0.708774772,187.2654346,-0.659036776,FOVNotMatch,2001/1/14 11:39:28,SAT_23671,2.085009502,12.47226793,SAT_25954,4.749797878,17.15001734,SAT_23192,4.856886045,17.15014448
frame-r-002029-2-0280,1,No match,FALSE,N/A,inf,187.3310268,-0.731511364,187.4151199,-0.705610909,FOVNotMatch,2001/1/14 11:40:04,SAT_23671,2.085009502,12.43353891,SAT_25954,4.749797878,17.11128832,SAT_23192,4.856886045,17.11141547
frame-r-002073-3-0058,1,Success,TRUE,SAT_26090,4.159810837,34.08516744,-8.842658531,33.91924828,-8.829250813,,2001/1/26 3:17:57,SAT_26090,2.156260945,4.159810837,SAT_23016,5.369823839,4.676907029,SAT_21392,3.953678223,4.67789454
frame-r-002073-3-0059,1,Success,TRUE,SAT_26090,4.090933377,34.2343594,-8.805020405,34.17076075,-8.799804545,,2001/1/26 3:18:33,SAT_26090,2.156260945,4.090933377,SAT_23016,5.369823839,4.745784489,SAT_21392,3.953678223,4.746772
frame-r-002076-4-0148,1,No match,FALSE,N/A,inf,125.5811969,44.84495359,125.5581479,44.66621891,FOVNotMatch,2001/1/26 9:09:07,SAT_12892,2.9786499,13.02784357,SAT_22615,0.406327426,49.10950403,SAT_08546,3.254672664,63.40640126
frame-r-002076-4-0149,1,No match,FALSE,N/A,inf,125.8333221,44.91032279,125.8252607,44.85194898,FOVNotMatch,2001/1/26 9:09:43,SAT_12892,2.9786499,12.67125564,SAT_22615,0.406327426,49.46609197,SAT_08546,3.254672664,63.04981333
frame-r-002124-5-0036,1,No match,FALSE,N/A,inf,65.22406712,0.530466654,65.2561016,0.598269269,FOVNotMatch,2001/2/20 2:55:51,SAT_22349,3.642296133,8.348717779,SAT_02861,5.512723813,24.98133771,SAT_07076,4.119825801,51.70586627
frame-r-002124-4-0037,1,No match,FALSE,N/A,inf,65.34900235,0.156329749,65.40605416,0.278653253,FOVNotMatch,2001/2/20 2:56:26,SAT_22349,3.642296133,8.064856511,SAT_02861,5.512723813,24.69747644,SAT_07076,4.119825801,51.422005
frame-r-002125-4-0191,1,No match,FALSE,N/A,inf,147.3741973,4.177513442,147.4697232,4.189921355,FOVNotMatch,2001/2/20 5:21:01,SAT_23330,5.692062201,5.621750112,SAT_21641,1.262273562,5.847986828,SAT_15994,5.383876911,6.35031595
frame-r-002127-4-0067,1,Success,TRUE,SAT_04745,3.0849177,196.4349491,64.57773462,196.0781474,64.64170847,,2001/2/20 12:06:42,SAT_04745,0.81328697,3.0849177,SAT_18946,5.849166536,15.83553003,SAT_24963,2.972674464,21.30292687
frame-r-002126-5-0329,1,Success,TRUE,SAT_23968,3.56915174,168.4813009,5.562051374,168.5478613,5.604976926,,2001/2/20 10:06:58,SAT_23968,5.555679273,3.56915174,SAT_15166,5.896477687,36.67505379,SAT_19931,5.188151082,37.77545936
frame-r-002126-4-0333,1,No match,FALSE,N/A,inf,169.1048142,5.024403493,169.0055609,5.24605448,FOVNotMatch,2001/2/20 10:09:21,SAT_20359,1.270065274,8.495822487,SAT_11684,2.967319184,51.91353766,SAT_11669,5.102542535,54.61432678
frame-r-002126-6-0335,1,No match,FALSE,N/A,inf,169.3329984,5.869048483,169.2881087,5.970168487,FOVNotMatch,2001/2/20 10:10:33,SAT_20359,1.270065274,8.283508354,SAT_11684,2.967319184,52.12585179,SAT_11669,5.102542535,54.82664091
frame-r-002126-6-0394,1,No match,FALSE,N/A,inf,178.3034954,6.019705433,178.3223539,6.050196173,FOVNotMatch,2001/2/20 10:45:46,SAT_05987,5.546006611,31.67258501,SAT_00869,0.107173386,64.54459667,SAT_16186,16.33297424,N/A
frame-r-002134-4-0244,1,No match,FALSE,N/A,inf,247.9302763,44.65881507,247.8527264,44.66506076,FOVNotMatch,2001/2/21 11:09:52,SAT_03900,4.556502819,49.10875257,SAT_24155,4.587534494,54.04649133,SAT_23743,1.435015714,57.49789959
frame-r-002134-4-0245,1,No match,FALSE,N/A,inf,248.1288022,44.4210533,247.7932255,44.44828905,FOVNotMatch,2001/2/21 11:10:28,SAT_03900,4.556502819,49.13317757,SAT_24155,4.587534494,54.07091634,SAT_23743,1.435015714,57.52232459
frame-r-002134-1-0182,1,No match,FALSE,N/A,inf,237.7029188,50.90638357,237.6159537,50.90734156,FOVNotMatch,2001/2/21 10:32:51,SAT_08027,3.903084194,31.33332698,SAT_23837,3.778236475,81.97746849,SAT_12641,0.113803075,89.24321758
frame-r-002138-4-0085,1,Success,TRUE,SAT_09696,3.59435618,162.7228154,58.47720901,162.5288217,58.27517727,,2001/2/22 5:56:45,SAT_09696,3.30866338,3.59435618,SAT_04772,0.678421427,7.280341345,SAT_25379,4.706935726,22.53062756
frame-r-002138-2-0122,1,No match,FALSE,N/A,inf,173.3610273,58.84823362,173.2307631,58.86414049,FOVNotMatch,2001/2/22 6:18:50,SAT_07376,5.161182341,27.8643489,SAT_19749,4.389268178,40.03768672,SAT_14260,4.894341733,43.19912144
frame-r-002143-3-0013,1,Success,TRUE,SAT_22309,4.30127951,221.3825012,42.90248267,221.175391,43.09382862,,2001/2/22 12:04:12,SAT_22309,5.617538659,4.30127951,SAT_12745,13.7470762,N/A,SAT_09829,9.399859676,N/A
frame-r-002167-6-0172,1,No match,FALSE,N/A,inf,167.9178552,59.93156226,167.8570182,59.71810021,FOVNotMatch,2001/3/12 4:39:59,SAT_23841,1.612653087,14.79094491,SAT_01573,3.728194695,33.56571207,SAT_13446,5.216677019,35.49973993
frame-r-002189-3-0062,1,Success,TRUE,SAT_16402,3.779445744,172.5153919,64.34945041,172.2153795,64.35785937,,2001/3/19 6:11:59,SAT_16402,4.480705651,3.779445744,SAT_12156,2.243031365,6.252958555,SAT_22275,4.33007446,12.52690139
frame-r-002189-6-0076,1,No match,FALSE,N/A,inf,176.7462367,65.95558758,176.6190196,65.99507386,FOVNotMatch,2001/3/19 6:20:20,SAT_07439,5.292261749,5.731950082,SAT_19168,4.614703414,6.074656917,SAT_16402,4.339825838,26.93810652
