fits_file,streak_id,status,matched,satellite_name,min_angle_error,start_ra,start_dec,end_ra,end_dec,error,obs_time,candidate_1_name,candidate_1_separation,candidate_1_angle_error,candidate_2_name,candidate_2_separation,candidate_2_angle_error,candidate_3_name,candidate_3_separation,candidate_3_angle_error
frame-z-007907-4-0018,1,No match,FALSE,,inf,351.9160183,-2.364374298,352.0032094,-2.20608909,FOVNotMatch,2009/1/16 1:29:34,SAT_21678,0.83651131,26.06888564,SAT_09009,5.88521315,45.55898984,SAT_00733,0.140299991,46.83539732
frame-z-007907-4-0019,1,No match,FALSE,,inf,352.1815972,-2.429093293,352.2289072,-2.343344568,FOVNotMatch,2009/1/16 1:30:10,SAT_21678,0.83651131,26.10578987,SAT_09009,5.88521315,45.52208561,SAT_00733,0.140299991,46.79849309
frame-z-007885-3-0016,1,Success,TRUE,SAT_25667,2.574193433,20.22806681,-7.354673279,20.39338925,-7.380773666,,2009/1/1 4:34:24,SAT_25667,4.593386557,2.574193433,SAT_26110,5.513843343,8.621333964,SAT_02215,5.319466488,8.70702478
frame-z-007885-3-0018,1,Success,TRUE,SAT_25667,2.62098035,20.52722031,-7.285556208,20.69302336,-7.311874246,,2009/1/1 4:35:35,SAT_25667,4.593386557,2.62098035,SAT_26110,5.513843343,8.668120881,SAT_02215,5.319466488,8.753811698
frame-z-007881-5-0325,1,No match,FALSE,,inf,45.48018583,-3.375196554,45.40493204,-3.312129128,FOVNotMatch,2008/12/30 6:25:28,SAT_11984,5.63204956,10.89102445,SAT_05129,0.278327732,22.67282322,SAT_21249,5.668910679,25.59670246
frame-z-007881-5-0326,1,No match,FALSE,,inf,45.7184392,-3.307103303,45.62065859,-3.224577181,FOVNotMatch,2008/12/30 6:26:04,SAT_11984,5.63204956,11.08785517,SAT_05129,0.278327732,22.47599249,SAT_21249,5.668910679,25.39987173
frame-z-007885-2-0159,1,Success,TRUE,SAT_27500,3.852614158,41.79496774,-6.62893805,41.83979917,-6.611989295,,2009/1/1 5:59:47,SAT_27500,3.186453232,3.852614158,SAT_19215,3.485299157,7.206875804,SAT_19765,5.896665598,7.393947813
frame-z-007907-2-0077,1,No match,FALSE,,inf,0.754128128,-3.28771376,0.906792916,-3.325561925,FOVNotMatch,2009/1/16 2:04:48,SAT_28138,3.135753291,6.780861116,SAT_11715,1.365781209,8.712546462,SAT_28394,0.110451366,13.79145296
frame-z-007907-5-0048,1,Success,TRUE,SAT_17802,1.968383033,356.4137481,-2.005707299,356.5767601,-2.041774985,,2009/1/16 1:47:29,SAT_17802,5.756841436,1.968383033,SAT_28138,4.205788507,6.373287866,SAT_11715,1.878920539,7.656411109
frame-z-007907-5-0051,1,Success,TRUE,SAT_17802,1.876541225,356.863989,-1.9126184,357.0268404,-1.948378995,,2009/1/16 1:49:17,SAT_17802,5.756841436,1.876541225,SAT_28138,4.205788507,6.281446058,SAT_11715,1.878920539,7.564569301
frame-z-007907-6-0061,1,No match,FALSE,,inf,358.3631226,-1.608253124,358.5050257,-1.638165986,FOVNotMatch,2009/1/16 1:55:15,SAT_28138,4.629328213,5.34035289,SAT_11715,2.429246192,6.893499633,SAT_33453,4.798842809,11.87432577
frame-z-007907-6-0064,1,No match,FALSE,,inf,358.8128891,-1.518842538,358.9757479,-1.552791812,FOVNotMatch,2009/1/16 1:57:02,SAT_28138,4.629328213,5.211425976,SAT_11715,2.429246192,6.764572719,SAT_33453,4.798842809,11.74539885
frame-z-007907-3-0085,1,No match,FALSE,,inf,2.075531911,-2.71747497,2.118072752,-2.685477844,FOVNotMatch,2009/1/16 2:09:35,SAT_25175,4.265431651,5.482872702,SAT_28461,2.892411148,18.11143844,SAT_14948,3.534000723,20.2362713
frame-z-007907-4-0126,1,Success,TRUE,SAT_26110,0.654675045,8.099763231,-2.403757493,8.221113364,-2.39462966,,2009/1/16 2:34:03,SAT_26110,2.381867299,0.654675045,SAT_28253,1.864057079,1.311889849,SAT_01317,4.268837302,2.463090081
frame-z-007907-4-0130,1,Success,TRUE,SAT_24892,0.112341754,8.755680577,-2.446588132,8.862301561,-2.419823488,,2009/1/16 2:36:27,SAT_24892,3.937778191,0.112341754,SAT_30229,4.813802981,0.904566066,SAT_14913,2.784954188,0.942394339
frame-z-007907-1-0166,1,Success,TRUE,SAT_26110,2.950793338,14.10103454,-3.519786558,14.26454297,-3.505234611,,2009/1/16 2:57:56,SAT_26110,0.178757964,2.950793338,SAT_01317,5.288064536,3.918382248,SAT_03286,2.818523773,3.948526518
frame-z-007907-3-0117,1,Success,TRUE,SAT_25175,3.878214026,6.751535423,-2.813601442,6.881040636,-2.72535436,,2009/1/16 2:28:41,SAT_25175,5.108641951,3.878214026,SAT_14948,1.522409848,17.51563237,SAT_15141,1.612487939,17.9539173
frame-z-007907-3-0118,1,Success,TRUE,SAT_25175,3.860915165,6.952635639,-2.880510883,7.064513712,-2.804329424,,2009/1/16 2:29:17,SAT_25175,5.108641951,3.860915165,SAT_14948,1.522409848,17.49833351,SAT_15141,1.612487939,17.93661844
frame-z-007907-6-0196,1,No match,FALSE,,inf,18.58050897,-1.528058926,18.74414714,-1.572699828,FOVNotMatch,2009/1/16 3:15:51,SAT_02220,5.884573587,14.6550488,SAT_02207,2.569289855,14.81616546,SAT_02216,1.011008531,14.87980289
frame-z-007907-6-0197,1,No match,FALSE,,inf,18.73015542,-1.48426668,18.89347135,-1.52870974,FOVNotMatch,2009/1/16 3:16:27,SAT_02220,5.884573587,14.61883757,SAT_02207,2.569289855,14.77995423,SAT_02216,1.011008531,14.84359167
frame-z-007907-6-0198,1,No match,FALSE,,inf,18.87945078,-1.440303671,19.04271251,-1.484755099,FOVNotMatch,2009/1/16 3:17:03,SAT_02220,5.884573587,14.62610509,SAT_02207,2.569289855,14.78722175,SAT_02216,1.011008531,14.85085918
frame-z-007907-4-0176,1,No match,FALSE,,inf,15.5924548,-2.411623966,15.72658445,-2.449120945,FOVNotMatch,2009/1/16 3:03:55,SAT_11715,4.503970194,9.293513892,SAT_27667,5.82769831,9.796007612,SAT_27402,5.916528745,13.63970647
frame-z-007907-4-0177,1,No match,FALSE,,inf,15.74181178,-2.367299701,15.9055263,-2.412918931,FOVNotMatch,2009/1/16 3:04:30,SAT_11715,4.503970194,9.244846356,SAT_27667,5.82769831,9.747340075,SAT_27402,5.916528745,13.59103893
frame-z-007907-5-0186,1,Success,TRUE,SAT_28138,2.508326786,17.08725811,-1.968786949,17.2505775,-2.013804306,,2009/1/16 3:09:53,SAT_28138,5.656147502,2.508326786,SAT_27667,4.808377543,8.17575912,SAT_11715,4.69388656,8.998762206
frame-z-007907-5-0189,1,Success,TRUE,SAT_28138,2.422578374,17.53517845,-1.836178534,17.69885945,-1.881035728,,2009/1/16 3:11:40,SAT_28138,5.656147502,2.422578374,SAT_27667,4.808377543,8.090010708,SAT_11715,4.69388656,8.913013793
frame-z-007907-5-0190,1,Success,TRUE,SAT_28138,2.433235634,17.68460777,-1.792010551,17.84826435,-1.836894875,,2009/1/16 3:12:16,SAT_28138,5.656147502,2.433235634,SAT_27667,4.808377543,8.100667968,SAT_11715,4.69388656,8.923671053
frame-z-007907-5-0191,1,Success,TRUE,SAT_28138,2.415540554,17.97054118,-1.785597177,17.99766019,-1.793025916,,2009/1/16 3:12:52,SAT_28138,5.656147502,2.415540554,SAT_27667,4.808377543,8.082972888,SAT_11715,4.69388656,8.905975974
frame-z-007912-1-0038,1,No match,FALSE,,inf,341.7765662,15.07464137,341.7420965,15.11337536,FOVNotMatch,2009/1/17 1:43:10,SAT_21847,2.609709291,21.08620072,SAT_19299,4.341641312,26.35772334,SAT_25115,0.048886213,33.02536158
frame-z-007912-3-0063,1,Success,TRUE,SAT_03488,2.986593188,345.3791725,16.27970915,345.4330032,16.28212542,,2009/1/17 1:58:06,SAT_03488,2.160346679,2.986593188,SAT_01646,0.174738987,2.992873216,SAT_00204,2.785105546,4.547693942
frame-z-007912-1-0122,1,Success,TRUE,SAT_00635,2.788668766,354.737726,16.13007056,354.7236053,16.19365747,,2009/1/17 2:33:19,SAT_00635,3.970781425,2.788668766,SAT_29260,2.853044249,3.84446257,SAT_04519,5.105948622,11.4432784
frame-z-007912-1-0026,1,Success,TRUE,SAT_14735,0.931845793,339.8208724,14.65649424,339.8526021,14.88619773,,2009/1/17 1:36:00,SAT_14735,5.298980665,0.931845793,SAT_16103,4.455296249,2.126409781,SAT_04259,2.970702762,11.85767841
frame-z-007912-2-0026,1,Success,TRUE,SAT_14735,0.782744037,339.88042,15.08747423,339.8906367,15.15987934,,2009/1/17 1:36:00,SAT_14735,5.298980665,0.782744037,SAT_16103,4.455296249,1.977308025,SAT_04259,2.970702762,12.00678016
frame-z-007912-1-0133,1,No match,FALSE,,inf,356.4709061,16.05984388,356.4994556,16.11435025,FOVNotMatch,2009/1/17 2:39:53,SAT_00631,5.003567443,35.31615367,SAT_21229,4.099588967,47.49299308,SAT_31342,2.071397503,48.04428396
frame-z-007912-1-0149,1,No match,FALSE,,inf,358.9529934,16.15077605,358.9650555,16.37375383,FOVNotMatch,2009/1/17 2:49:26,SAT_29569,2.153255627,71.30421902,SAT_21229,3.73378892,72.0674332,SAT_29790,3.099865454,73.40135001
frame-z-007912-6-0184,1,No match,FALSE,,inf,4.363820673,18.33936429,4.419225323,18.43728213,FOVNotMatch,2009/1/17 3:10:20,SAT_21229,3.963058567,48.36474443,SAT_00871,2.268691476,48.57097406,SAT_00899,0.11366846,50.38438273
frame-z-007912-5-0185,1,No match,FALSE,,inf,4.490571784,18.00617512,4.568648223,18.14457221,FOVNotMatch,2009/1/17 3:10:56,SAT_21229,3.963058567,48.39277352,SAT_00871,2.268691476,48.59900315,SAT_00899,0.11366846,50.41241182
frame-z-007912-1-0195,1,No match,FALSE,,inf,6.000027921,16.2751117,6.067297255,16.46479419,FOVNotMatch,2009/1/17 3:16:54,SAT_05553,4.729911205,24.67090686,SAT_13474,1.695812089,56.14460772,SAT_21229,3.353889881,58.30252127
frame-z-007912-1-0196,1,No match,FALSE,,inf,6.299951446,16.23988825,6.325697292,16.31207749,FOVNotMatch,2009/1/17 3:17:30,SAT_05553,4.729911205,24.77791863,SAT_13474,1.695812089,56.03759596,SAT_21229,3.353889881,58.19550951
frame-z-007907-6-0199,1,No match,FALSE,,inf,19.02834263,-1.396501268,19.19198531,-1.440768491,FOVNotMatch,2009/1/16 3:17:39,SAT_11715,5.5694654,8.599008767,SAT_02207,2.902843367,14.62772571,SAT_02216,1.332743056,14.69030553
frame-z-007907-6-0200,1,No match,FALSE,,inf,19.1805944,-1.353501404,19.34126145,-1.396850543,FOVNotMatch,2009/1/16 3:18:14,SAT_11715,5.5694654,8.56112959,SAT_02207,2.902843367,14.58984653,SAT_02216,1.332743056,14.65242635
frame-z-007908-2-0092,1,No match,FALSE,,inf,35.58462329,-7.224797829,35.7485293,-7.276794606,FOVNotMatch,2009/1/16 4:24:22,SAT_27402,3.481040876,8.277881658,SAT_26110,3.855735576,15.04301533,SAT_02216,5.677717175,16.25992691
frame-z-007913-5-0115,1,No match,FALSE,,inf,24.98774731,19.6312924,25.02824142,19.74275601,FOVNotMatch,2009/1/17 4:54:25,SAT_13377,5.194733867,32.22587732,SAT_02378,1.811219999,35.98299456,SAT_11042,0.425620072,37.97055084
frame-z-007913-5-0116,1,No match,FALSE,,inf,25.30283798,19.5944887,25.32171601,19.64613045,FOVNotMatch,2009/1/17 4:55:01,SAT_13377,5.194733867,32.34243844,SAT_02378,1.811219999,36.09955567,SAT_11042,0.425620072,38.08711195
frame-z-007917-4-0040,1,No match,FALSE,,inf,349.6210249,21.98167171,349.6710942,22.09092829,FOVNotMatch,2009/1/18 2:25:44,SAT_18758,1.036523802,41.56175549,SAT_31031,2.924059881,55.24737167,SAT_03417,2.55756158,58.80524237
frame-z-007917-2-0117,1,No match,FALSE,,inf,1.964999238,22.05003457,2.1412512,22.03129187,FOVNotMatch,2009/1/18 3:11:43,SAT_01000,0.052592466,5.894970928,SAT_19595,3.264655378,6.436331481,SAT_16137,4.93230842,7.28223354
frame-z-007923-1-0099,1,No match,FALSE,,inf,346.9953624,17.8824374,347.0378237,17.92337804,FOVNotMatch,2009/1/21 2:22:59,SAT_32290,5.64808139,29.63774654,SAT_09569,1.902323765,31.95814787,SAT_31029,1.698775644,32.60012166
frame-z-007923-4-0139,1,No match,FALSE,,inf,353.2889513,19.61939113,353.3368468,19.72362009,FOVNotMatch,2009/1/21 2:46:52,SAT_32495,3.542907728,14.40610838,SAT_00879,5.43585633,27.27443034,SAT_16952,0.558134992,53.94001234
frame-z-007923-3-0222,1,No match,FALSE,,inf,6.524177643,19.57862598,6.541828943,19.60115453,FOVNotMatch,2009/1/21 3:36:26,SAT_13958,5.145590569,31.16539398,SAT_30201,4.425500555,40.0487531,SAT_30296,2.177145726,45.65816686
frame-z-007923-5-0229,1,No match,FALSE,,inf,7.54064434,20.40612509,7.639797513,20.61390413,FOVNotMatch,2009/1/21 3:40:37,SAT_13958,4.888403013,43.86676597,SAT_01508,0.074596973,55.53667705,SAT_10566,5.061130302,56.2015187
frame-z-007923-2-0128,1,No match,FALSE,,inf,351.5019349,18.77412044,351.5546705,18.87978905,FOVNotMatch,2009/1/21 2:40:18,SAT_00879,4.019074996,29.33053754,SAT_21403,4.228896579,32.33421661,SAT_29580,0.20200557,51.56375756
frame-z-008038-6-0156.fits.bz2,,Failed,FALSE,,,,,,,No valid TLE files in window,,,,,,,,,,
frame-z-008038-2-0167.fits.bz2,,Failed,FALSE,,,,,,,No valid TLE files in window,,,,,,,,,,
frame-z-008039-6-0079.fits.bz2,,Failed,FALSE,,,,,,,No valid TLE files in window,,,,,,,,,,
frame-z-008039-3-0087.fits.bz2,,Failed,FALSE,,,,,,,No valid TLE files in window,,,,,,,,,,
frame-z-007932-2-0049,1,No match,FALSE,,inf,6.147158877,21.79892902,6.270591296,21.7759738,FOVNotMatch,2009/1/26 3:33:07,SAT_16528,0.010302345,10.89854303,SAT_17425,0.774055329,11.19706373,SAT_13535,0.791789965,17.36475934
frame-z-007932-2-0050,1,No match,FALSE,,inf,6.326134355,21.82338398,6.483656614,21.79380316,FOVNotMatch,2009/1/26 3:33:43,SAT_16528,0.010302345,11.00776859,SAT_17425,0.774055329,11.3062893,SAT_13535,0.791789965,17.4739849
frame-z-007932-5-0112,1,No match,FALSE,,inf,16.38596817,22.64840286,16.55620463,22.56226019,FOVNotMatch,2009/1/26 4:10:44,SAT_22620,5.94238372,24.588589,SAT_21935,0.086361808,31.11278232,SAT_08306,3.950890383,36.38452806
frame-z-007937-3-0048,1,No match,FALSE,,inf,359.4645263,27.3445579,359.511235,27.40880432,FOVNotMatch,2009/1/29 3:04:53,SAT_00750,1.740709129,20.25354799,SAT_27561,3.655441981,42.6778432,SAT_17807,0.392788708,43.63106353
frame-z-007937-3-0136,1,No match,FALSE,,inf,14.316003,26.98343244,14.43639405,27.08208,FOVNotMatch,2009/1/29 3:57:26,SAT_06063,4.808783083,24.9865917,SAT_25636,0.846074361,29.73962831,SAT_29835,1.323472974,31.5995118
frame-z-007937-4-0020,1,No match,FALSE,,inf,354.7011402,27.52598474,354.8905406,27.47098565,FOVNotMatch,2009/1/29 2:48:10,SAT_15362,4.625352434,28.47783774,SAT_13653,4.896133054,29.16985044,SAT_19904,4.859377256,29.1956542
frame-z-007937-4-0021,1,No match,FALSE,,inf,354.9629335,27.57195615,355.0531342,27.54599547,FOVNotMatch,2009/1/29 2:48:46,SAT_15362,4.625352434,28.33672756,SAT_13653,4.896133054,29.02874025,SAT_19904,4.859377256,29.05454402
frame-z-007937-6-0156,1,No match,FALSE,,inf,17.82657424,27.97032009,17.94147837,28.18513476,FOVNotMatch,2009/1/29 4:09:22,SAT_11883,0.096495713,40.70094095,SAT_27840,0.17792177,51.44783524,SAT_13803,4.369201218,52.48344776
frame-z-008049-5-0079,1,No match,FALSE,,inf,12.04267832,7.999590434,11.89496645,8.096367746,FOVNotMatch,2009/9/23 11:18:24,SAT_14756,1.21832484,18.79650308,SAT_21012,2.869988955,30.51411192,SAT_21052,4.920127714,41.80247458
frame-z-008049-1-0124,1,Success,TRUE,SAT_19611,0.057431646,18.69962318,6.03585854,18.75888104,6.258757667,,2009/9/23 11:45:16,SAT_19611,4.74022487,0.057431646,SAT_13090,2.131636504,8.219553305,SAT_00738,0.548133456,22.67285996
frame-z-008049-3-0101,1,No match,FALSE,,inf,15.19411393,7.043434165,15.22149397,7.100217585,FOVNotMatch,2009/9/23 11:31:32,SAT_19611,4.193246919,10.97989728,SAT_31692,3.381969817,39.43234515,SAT_17911,3.762287509,48.12787247
frame-z-008049-2-0103,1,No match,FALSE,,inf,15.57185902,6.560866848,15.65258377,6.728515264,FOVNotMatch,2009/9/23 11:32:44,SAT_19611,4.193246919,10.96881238,SAT_31692,3.381969817,39.42126025,SAT_17911,3.762287509,48.13895737
frame-z-008049-2-0103,2,Success,TRUE,SAT_33438,0.206264469,15.48866739,6.739883377,15.57553535,6.747711461,,2009/9/23 11:32:44,SAT_33438,2.021294532,0.206264469,SAT_25623,3.186422819,0.752642621,SAT_21052,4.25743132,2.525301374
frame-z-008049-2-0104,1,Success,TRUE,SAT_33438,0.167422277,15.64572329,6.719698363,15.80355392,6.733814601,,2009/9/23 11:33:20,SAT_33438,2.021294532,0.167422277,SAT_25623,3.186422819,0.791484814,SAT_21052,4.25743132,2.564143566
frame-z-008049-1-0092,1,No match,FALSE,,inf,13.86593642,6.27122816,13.82004628,6.290076089,FOVNotMatch,2009/9/23 11:26:10,SAT_14756,3.736301826,5.050585998,SAT_27575,4.836723673,13.60213401,SAT_01668,1.70931392,25.06308309
frame-z-008056-4-0073,1,No match,FALSE,,inf,20.9330802,26.72079188,21.0418631,26.71973116,FOVNotMatch,2009/9/26 10:44:56,SAT_34263,5.71196395,34.74346744,SAT_24764,4.06839584,65.9412961,SAT_06302,14.22095813,
frame-z-008062-3-0015,1,Success,TRUE,SAT_22315,4.550608879,17.75617334,2.359468887,17.91900684,2.291101502,,2009/9/27 9:17:14,SAT_22315,2.654324544,4.550608879,SAT_26779,4.61570814,12.79713805,SAT_23845,2.986340467,14.896551
frame-z-008062-3-0016,1,Success,TRUE,SAT_22315,4.496645642,18.00004859,2.379967325,18.06945074,2.350752052,,2009/9/27 9:17:50,SAT_22315,2.654324544,4.496645642,SAT_26779,4.61570814,12.74317481,SAT_23845,2.986340467,14.95051424
frame-z-008062-2-0017,1,Success,TRUE,SAT_34942,0.038817817,18.05192906,1.906405133,18.15491725,1.901010964,,2009/9/27 9:18:26,SAT_34942,3.989549127,0.038817817,SAT_32998,3.673582622,0.394190231,SAT_03286,5.122064738,4.072212367
frame-z-008062-2-0019,1,Success,TRUE,SAT_34942,0.003902666,18.35160592,1.916150543,18.51463062,1.907512342,,2009/9/27 9:19:37,SAT_34942,3.989549127,0.003902666,SAT_32998,3.673582622,0.35927508,SAT_03286,5.122064738,4.107127518
frame-z-008062-2-0021,1,Success,TRUE,SAT_34942,0.055785538,18.65164996,1.925471453,18.81434084,1.916998632,,2009/9/27 9:20:49,SAT_34942,3.989549127,0.055785538,SAT_32998,3.673582622,0.411157952,SAT_03286,5.122064738,4.055244646
frame-z-008062-3-0103,1,No match,FALSE,,inf,30.960831,2.177054769,30.98120374,2.039297683,FOVNotMatch,2009/9/27 10:09:47,SAT_29328,0.5166458,16.53270526,SAT_17216,0.054638832,19.07401208,SAT_30710,1.229897957,20.37417088
frame-z-008062-2-0026,1,Success,TRUE,SAT_34942,0.570545356,19.48295002,1.943931244,19.56358686,1.940013275,,2009/9/27 9:23:48,SAT_34942,3.192307301,0.570545356,SAT_32998,3.222240006,1.141192484,SAT_02653,5.747048223,3.101338955
frame-z-008066-1-0074,1,No match,FALSE,,inf,349.604952,-6.037008762,349.7080351,-6.072385279,FOVNotMatch,2009/9/28 8:48:34,SAT_15199,3.793466387,9.806651036,SAT_27855,2.567581284,12.17374224,SAT_10314,0.22625895,17.43478974
frame-z-008066-6-0089,1,Success,TRUE,SAT_27855,0.725853392,351.9135954,-3.965173221,352.0678164,-3.987348055,,2009/9/28 8:57:31,SAT_27855,4.738605856,0.725853392,SAT_00701,3.138068595,5.840477076,SAT_26639,5.452113755,8.172416973
frame-z-008067-6-0020,1,Success,TRUE,SAT_15308,0.524991874,7.596815858,-6.404563182,7.760309091,-6.374505741,,2009/9/28 9:52:26,SAT_15308,5.762502954,0.524991874,SAT_15235,5.511806313,1.17301136,SAT_21904,4.389460024,1.197179158
frame-z-008067-2-0022,1,Success,TRUE,SAT_27866,2.897723346,7.934393826,-8.109185333,8.0018003,-8.064977739,,2009/9/28 9:53:37,SAT_27866,5.07094533,2.897723346,SAT_13983,3.1177668,17.80187587,SAT_14128,2.245141827,19.10322856
frame-z-008067-1-0112,1,No match,FALSE,,inf,21.52246193,-8.050654868,21.69131341,-8.162850388,FOVNotMatch,2009/9/28 10:47:21,SAT_28379,2.80765598,23.1690928,SAT_33462,3.293806779,25.70768059,SAT_25928,3.963878524,26.28328148
frame-z-008067-2-0112,1,No match,FALSE,,inf,21.51217009,-7.771215029,21.57832224,-7.588084262,FOVNotMatch,2009/9/28 10:47:21,SAT_14790,4.291934855,7.995393463,SAT_10653,5.765316794,19.12088103,SAT_23433,3.700588377,20.97022654
frame-z-008067-2-0113,1,No match,FALSE,,inf,21.79840881,-7.802853789,21.82615676,-7.726174039,FOVNotMatch,2009/9/28 10:47:57,SAT_14790,4.291934855,8.023895374,SAT_10653,5.765316794,19.14938294,SAT_23433,3.700588377,20.99872846
frame-z-008067-1-0133,1,Success,TRUE,SAT_30634,3.64026555,24.84818984,-8.099789705,24.82140808,-7.876611704,,2009/9/28 10:59:54,SAT_30634,3.361780085,3.64026555,SAT_24647,4.113891154,5.864298469,SAT_30709,0.653163239,7.89390283
frame-z-008067-2-0133,1,Success,TRUE,SAT_30634,3.620881091,24.79805123,-7.681371813,24.77142318,-7.45861021,,2009/9/28 10:59:54,SAT_30634,3.361780085,3.620881091,SAT_24647,4.113891154,5.883682927,SAT_30709,0.653163239,7.874518372
frame-z-008083-2-0150,1,Success,TRUE,SAT_22196,3.864047487,335.0462037,-5.065073516,335.1691814,-4.951100487,,2009/10/10 3:31:49,SAT_22196,3.269837636,3.864047487,SAT_28887,5.304681106,27.42347805,SAT_20799,5.581307918,27.47776133
frame-z-008095-3-0020,1,No match,FALSE,,inf,317.851184,-5.309031479,317.9512581,-5.328135964,FOVNotMatch,2009/10/15 1:55:03,SAT_20674,5.58634281,7.273511947,SAT_25126,2.940908178,8.779535831,SAT_28466,5.257341105,8.909282318
frame-z-008095-4-0034,1,No match,FALSE,,inf,319.9034419,-5.299019785,319.9806466,-5.313160588,FOVNotMatch,2009/10/15 2:03:25,SAT_20674,3.809962992,6.032385099,SAT_33909,2.327866858,7.802736368,SAT_15199,5.107740623,7.982962793
frame-z-008095-4-0045,1,Success,TRUE,SAT_01805,3.200607283,321.5639873,-5.30055054,321.7260296,-5.329707706,,2009/10/15 2:09:59,SAT_01805,0.221378546,3.200607283,SAT_20674,2.689034451,5.436553577,SAT_27793,1.118787959,7.407891951
frame-z-008095-4-0072,1,Success,TRUE,SAT_34662,2.307849677,325.6065615,-5.682583233,325.7034329,-5.588870608,,2009/10/15 2:26:06,SAT_34662,3.155394188,2.307849677,SAT_20799,5.394341504,29.28601637,SAT_04353,5.448951478,31.58548779
frame-z-008095-3-0127,1,Success,TRUE,SAT_20799,0.977364332,333.8363666,-6.678194153,333.9838852,-6.634777739,,2009/10/15 2:58:56,SAT_20799,1.457600249,0.977364332,SAT_27625,5.955662415,1.190391914,SAT_12003,5.378140788,1.58178905
frame-z-008095-1-0173,1,No match,FALSE,,inf,340.7857537,-8.009888666,340.8425444,-7.97810863,FOVNotMatch,2009/10/15 3:26:24,SAT_10002,3.318476256,11.07107848,SAT_20799,0.81660935,13.56480139,SAT_12003,3.072536827,13.75298411
frame-z-008095-6-0195,1,No match,FALSE,,inf,344.1289476,-6.129818214,344.2413182,-6.173460881,FOVNotMatch,2009/10/15 3:39:32,SAT_25282,1.696115156,7.372622344,SAT_25823,4.597673412,8.571429983,SAT_26039,2.668063993,11.68448763
frame-z-008095-6-0197,1,No match,FALSE,,inf,344.4344259,-6.043066602,344.5957548,-6.105190052,FOVNotMatch,2009/10/15 3:40:44,SAT_25282,1.696115156,7.204226137,SAT_25823,4.597673412,8.403033775,SAT_26039,2.668063993,11.51609143
frame-z-008095-5-0301,1,Success,TRUE,SAT_22282,4.38951782,0.084976158,-6.846547932,0.24886395,-6.883490308,,2009/10/15 4:42:50,SAT_22282,5.629896946,4.38951782,SAT_25282,5.449746986,4.895433381,SAT_17253,1.879963339,6.46319281
frame-z-008095-6-0373,1,Success,TRUE,SAT_17253,3.463654592,10.93824649,-6.600937743,11.08421872,-6.613418818,,2009/10/15 5:25:49,SAT_17253,4.023476041,3.463654592,SAT_10144,1.306654192,4.466417375,SAT_25126,3.083921083,4.467924017
frame-z-008095-6-0374,1,Success,TRUE,SAT_17253,3.727019702,11.15396618,-6.58979643,11.25265186,-6.597780807,,2009/10/15 5:26:25,SAT_17253,4.023476041,3.727019702,SAT_10144,1.306654192,4.203052266,SAT_25126,3.083921083,4.204558907
frame-z-008095-5-0407,1,No match,FALSE,,inf,16.14556252,-6.710797996,16.19242242,-6.74888361,FOVNotMatch,2009/10/15 5:46:07,SAT_09330,3.78255783,21.784729,SAT_25503,1.969127598,28.03631062,SAT_17253,4.776095283,29.96965685
frame-z-008095-6-0427,1,No match,FALSE,,inf,19.22577621,-6.397264544,19.17406516,-6.204916794,FOVNotMatch,2009/10/15 5:58:04,SAT_02372,4.873071015,18.95559994,SAT_18704,5.74343267,25.45140928,SAT_35494,4.832767776,51.43572781
frame-z-008095-6-0445,1,Success,TRUE,SAT_09330,0.037766564,21.86088998,-6.186784936,21.77459334,-6.158098381,,2009/10/15 6:08:49,SAT_09330,4.219297209,0.037766564,SAT_35494,5.547855126,5.369920942,SAT_25503,1.223070276,6.457267711
frame-z-008100-1-0033,1,Success,TRUE,SAT_02219,0.591504238,316.7012966,-6.046234847,316.8664772,-6.040253022,,2009/10/16 1:41:49,SAT_02219,4.058981589,0.591504238,SAT_29645,3.432115506,0.814380133,SAT_33278,2.451418077,1.055663824
frame-z-008100-1-0034,1,Success,TRUE,SAT_02219,0.430819916,316.9246126,-6.078257093,317.0143256,-6.074757898,,2009/10/16 1:42:25,SAT_02219,4.058981589,0.430819916,SAT_29645,3.432115506,0.653695811,SAT_33278,2.451418077,0.894979502
frame-z-008100-3-0060,1,Success,TRUE,SAT_33278,0.01718668,320.8298239,-5.535782061,320.9696397,-5.527990753,,2009/10/16 1:57:57,SAT_33278,2.8776731,0.01718668,SAT_25881,3.254928729,0.354686549,SAT_02219,3.870607094,0.65250716
frame-z-008100-6-0084,1,Success,TRUE,SAT_09798,1.892341666,324.6136296,-4.538189201,324.7010288,-4.560171682,,2009/10/16 2:12:16,SAT_09798,1.259897925,1.892341666,SAT_28447,4.657220628,3.344584393,SAT_26681,2.450443521,5.313977629
frame-z-008100-4-0104,1,Success,TRUE,SAT_28447,4.41017805,327.4591297,-5.69525199,327.597398,-5.728429769,,2009/10/16 2:24:13,SAT_28447,4.38966023,4.41017805,SAT_27793,2.745350671,9.809475702,SAT_25126,1.411023431,11.64496044
frame-z-008100-5-0092,1,Success,TRUE,SAT_08828,4.797313162,325.7558883,-5.186654864,325.7114541,-4.958555149,,2009/10/16 2:17:03,SAT_08828,2.075602903,4.797313162,SAT_29927,3.330338665,6.406338513,SAT_06271,0.382171361,33.22549981
frame-z-008100-1-0182,1,No match,FALSE,,inf,339.1767706,-7.579621158,339.2532784,-7.610528738,FOVNotMatch,2009/10/16 3:10:47,SAT_25881,5.338752729,17.8905487,SAT_24712,5.731696781,18.69930894,SAT_29645,4.494294318,20.52160944
frame-z-008100-3-0147,1,Success,TRUE,SAT_20799,0.97254466,333.8955633,-6.429263235,333.9410212,-6.415880593,,2009/10/16 2:49:53,SAT_20799,3.547729945,0.97254466,SAT_03431,1.689271558,5.260013729,SAT_32763,2.01544945,10.43403465
frame-z-008100-5-0213,1,No match,FALSE,,inf,344.0202896,-6.303655111,343.8639884,-6.24296669,FOVNotMatch,2009/10/16 3:29:18,SAT_25881,3.554128124,15.4401838,SAT_24712,5.820424807,16.46146122,SAT_25126,1.37693208,19.86138363
frame-z-008100-6-0220,1,No match,FALSE,,inf,344.932525,-5.939365075,345.0941714,-6.001302051,FOVNotMatch,2009/10/16 3:33:29,SAT_15166,5.461637892,14.37208584,SAT_25881,3.09589435,14.82066456,SAT_24712,5.990251259,15.90157477
frame-z-008103-3-0133,1,No match,FALSE,,inf,6.392405214,27.21219019,6.32766519,27.29622888,FOVNotMatch,2009/10/16 9:20:01,SAT_34241,0.149478264,23.61277702,SAT_34252,4.91283483,56.14804087,SAT_09593,3.205347679,66.44229372
frame-z-008105-1-0105,1,No match,FALSE,,inf,25.37368085,27.38999659,25.41334371,27.39970577,FOVNotMatch,2009/10/16 10:59:51,SAT_32712,2.199890301,20.32456851,SAT_22196,3.067009772,32.31792032,SAT_26398,0.766861976,35.5882308
frame-z-008105-1-0106,1,Success,TRUE,SAT_16409,0.644424071,25.63267303,27.32001868,25.72178553,27.34137572,,2009/10/16 11:00:27,SAT_16409,0.228954466,0.644424071,SAT_35471,0.631305899,1.588175149,SAT_04842,3.809641651,2.48541
frame-z-008105-4-0110,1,Success,TRUE,SAT_33652,4.240425024,26.49390741,28.64600523,26.57061255,28.67550388,,2009/10/16 11:02:50,SAT_33652,0.271554438,4.240425024,SAT_13261,4.678740072,5.360986919,SAT_35471,0.631305899,6.980515722
frame-z-008105-1-0152,1,No match,FALSE,,inf,33.13886454,26.08080561,33.23219069,26.1153907,FOVNotMatch,2009/10/16 11:27:55,SAT_34978,2.651089108,7.743952004,SAT_02940,4.988314361,10.99060611,SAT_21512,1.5522836,11.33301003
frame-z-008108-5-0028,1,No match,FALSE,,inf,326.0307112,18.34953394,326.1396232,18.38162715,FOVNotMatch,2009/10/17 1:56:47,SAT_24675,0.049998811,6.709399365,SAT_13971,2.102476417,32.3003078,SAT_23968,3.421191219,38.80377797
frame-z-008108-1-0022,1,No match,FALSE,,inf,325.5572021,16.45275186,325.699017,16.57621482,FOVNotMatch,2009/10/17 1:53:12,SAT_35512,4.960694313,27.44981047,SAT_24675,0.016603309,31.28270289,SAT_13971,1.652850961,56.10476413
frame-z-008109-4-0127,1,No match,FALSE,,inf,342.81227,25.91877735,342.8528318,25.96430591,FOVNotMatch,2009/10/17 5:37:01,SAT_28890,3.021971276,30.88243977,SAT_01815,5.352701172,31.03608922,SAT_12866,3.726556848,36.23599326
frame-z-008100-4-0318,1,Success,TRUE,SAT_21941,0.847925763,359.6707345,-7.143177415,359.8353121,-7.117942127,,2009/10/16 4:32:00,SAT_21941,0.465294977,0.847925763,SAT_25661,4.8404888,0.986803356,SAT_25910,4.566045225,1.997279408
frame-z-008100-5-0323,1,Success,TRUE,SAT_25881,1.678213677,0.531745574,-6.843022264,0.430562467,-6.820204367,,2009/10/16 4:34:59,SAT_25881,2.541866727,1.678213677,SAT_15166,5.551718818,3.009512679,SAT_17353,2.947249294,3.356988683
frame-z-008100-4-0351,1,Success,TRUE,SAT_21499,1.139245037,4.649931249,-7.136073618,4.814205492,-7.099656135,,2009/10/16 4:51:42,SAT_21499,1.605289353,1.139245037,SAT_27625,1.742125765,1.673242397,SAT_12472,3.347144731,2.667747974
frame-z-008111-2-0042,1,Success,TRUE,SAT_29336,0.412032255,353.3220498,31.1999702,353.3973189,31.11867502,,2009/10/17 8:49:38,SAT_29336,2.990984939,0.412032255,SAT_21012,3.10562517,1.0067785,SAT_11079,5.21811686,12.7332325
frame-z-008112-3-0083,1,No match,FALSE,,inf,24.9542627,30.70529781,25.15522945,30.83796706,FOVNotMatch,2009/10/17 11:19:04,SAT_24529,5.37027534,18.00025757,SAT_34753,3.935971615,23.331992,SAT_22187,1.507100534,28.8485483
frame-z-008112-3-0083,2,No match,FALSE,,inf,24.98499593,30.70035413,24.94137691,30.74633762,FOVNotMatch,2009/10/17 11:19:04,SAT_22187,1.507100534,59.49220603,SAT_34753,3.935971615,65.00876233,SAT_24529,5.37027534,70.34049676
frame-z-008115-2-0107,1,No match,FALSE,,inf,335.8071397,28.36369781,335.7097391,28.41569006,FOVNotMatch,2009/10/18 2:34:00,SAT_18357,5.014027941,35.56111238,SAT_20235,2.857422159,64.4367047,SAT_14182,0.086448994,88.77745779
frame-z-008142-3-0116,1,No match,FALSE,,inf,340.5067141,27.66685894,340.5301999,27.72852018,FOVNotMatch,2009/11/10 2:09:34,SAT_06990,1.634798532,38.08130912,SAT_29317,5.802602874,38.35865081,SAT_32047,0.101039754,62.4183108
frame-z-008149-3-0092,1,Success,TRUE,SAT_28382,1.855567943,332.2962187,27.97056595,332.2611638,28.19404222,,2009/11/16 1:54:11,SAT_28382,1.289602686,1.855567943,SAT_01729,0.264603212,39.03263638,SAT_25904,5.576809889,88.61571104
frame-z-008149-3-0118,1,No match,FALSE,,inf,336.5604749,29.0343407,336.6474435,29.09974312,FOVNotMatch,2009/11/16 2:09:42,SAT_02017,0.075614839,37.71806929,SAT_25363,2.351435772,40.67605439,SAT_29332,7.327151798,
frame-z-008149-1-0135,1,No match,FALSE,,inf,339.6328917,28.99419956,339.5871623,29.06347057,FOVNotMatch,2009/11/16 2:19:51,SAT_30212,0.968059739,7.93481731,SAT_29596,4.811321147,17.21072242,SAT_22488,0.259172096,39.41093813
frame-z-008149-2-0135,1,No match,FALSE,,inf,339.4706799,29.2401596,339.3828635,29.37310806,FOVNotMatch,2009/11/16 2:19:51,SAT_30212,0.968059739,7.987754397,SAT_29596,4.811321147,17.26365951,SAT_22488,0.259172096,39.46387522
frame-z-008149-3-0136,1,No match,FALSE,,inf,339.5542272,29.68859289,339.4982649,29.77283244,FOVNotMatch,2009/11/16 2:20:27,SAT_30212,0.968059739,7.94964447,SAT_29596,4.811321147,17.22554958,SAT_22488,0.259172096,39.42576529
frame-z-008150-2-0077,1,No match,FALSE,,inf,7.035485379,31.84938117,7.075254881,31.84506253,FOVNotMatch,2009/11/16 4:38:54,SAT_28857,1.00030668,20.8002809,SAT_32787,5.586116877,33.99854351,SAT_32776,16.44675826,
frame-z-008155-3-0164,1,No match,FALSE,,inf,343.8152251,32.80788956,343.6747173,32.90766527,FOVNotMatch,2009/11/17 2:30:47,SAT_13539,1.701429868,24.7225882,SAT_12949,0.631396391,24.77253985,SAT_33684,4.277382257,26.44412155
frame-z-008158-5-0107,1,No match,FALSE,,inf,12.67971458,35.18923354,12.48202128,35.21615763,FOVNotMatch,2009/11/17 7:48:30,SAT_02997,4.554349295,63.07473614,SAT_21933,3.946893997,67.07782716,SAT_17333,13.39160931,
frame-z-000094-5-0020,1,Success,TRUE,SAT_23177,3.050943023,337.9411055,0.729023926,337.7875887,0.773344976,,1998/9/19 5:44:16,SAT_23177,2.000835504,3.050943023,SAT_10257,5.001473235,18.11182293,SAT_07146,3.976312671,49.86963512
frame-z-000094-1-0312,1,Success,TRUE,SAT_07324,0.918678537,21.61872216,-0.80606981,21.57865661,-0.819029141,,1998/9/19 8:38:35,SAT_07324,2.839147393,0.918678537,SAT_04902,0.034847898,1.227133651,SAT_07298,3.403663812,1.644731798
frame-z-000109-2-0051,1,Success,TRUE,SAT_23794,3.675064273,42.37324128,-0.59655365,42.22903761,-0.79939511,,1998/9/22 9:49:40,SAT_23794,4.233653978,3.675064273,SAT_24879,4.876818025,8.463864881,SAT_04793,4.312826137,14.25197185
frame-z-000094-2-0546,1,Success,TRUE,SAT_19359,2.201525166,56.50807196,-0.613084739,56.50231728,-0.503651736,,1998/9/19 10:58:17,SAT_19359,1.18828535,2.201525166,SAT_23815,0.239985878,7.56124853,SAT_13610,4.102425563,22.53507179
frame-z-000094-1-0546,1,Success,TRUE,SAT_19359,2.488084405,56.53324778,-1.03248375,56.5203076,-0.80785861,,1998/9/19 10:58:17,SAT_19359,1.18828535,2.488084405,SAT_23815,0.239985878,7.847807769,SAT_13610,4.102425563,22.82163103
frame-z-000109-3-0194,1,No match,FALSE,N/A,inf,63.76430135,-0.346172143,63.63182974,-0.272573068,FOVNotMatch,1998/9/22 11:15:02,SAT_08746,2.381838785,13.8115278,SAT_08747,2.47241826,13.82982324,SAT_23581,5.271843459,28.82647944
frame-z-000109-6-0177,1,No match,FALSE,N/A,inf,61.16710701,0.857006548,61.18522534,1.028785209,FOVNotMatch,1998/9/22 11:04:54,SAT_18086,3.544851563,5.60560734,SAT_00635,5.708823626,9.533029459,SAT_13114,5.822706158,10.88822697
frame-z-000109-3-0178,1,No match,FALSE,N/A,inf,61.34511425,-0.270194734,61.35515597,-0.178845305,FOVNotMatch,1998/9/22 11:05:29,SAT_18086,3.544851563,5.352714203,SAT_00635,5.708823626,9.785922596,SAT_13114,5.822706158,11.1411201
frame-z-000109-6-0140,1,No match,FALSE,N/A,inf,55.58206778,0.857368667,55.56141991,1.081058896,FOVNotMatch,1998/9/22 10:42:49,SAT_15398,0.124834966,12.97660265,SAT_05359,4.760316295,19.3255613,SAT_20399,2.131545781,32.82131544
frame-z-000109-6-0141,1,No match,FALSE,N/A,inf,55.86435039,1.037882006,55.86057661,1.081736677,FOVNotMatch,1998/9/22 10:43:25,SAT_15398,0.124834966,12.62102997,SAT_05359,4.760316295,19.68113398,SAT_20399,2.131545781,33.17688812
frame-z-000125-2-0091,1,No match,FALSE,N/A,inf,2.436225179,-0.784017266,2.538221313,-0.596908016,FOVNotMatch,1998/9/25 6:59:06,SAT_19230,3.083222302,20.69508242,SAT_04250,4.965466702,44.69178882,SAT_04353,5.611622198,44.99764928
frame-z-000125-2-0092,1,No match,FALSE,N/A,inf,2.715144738,-0.820042154,2.748732995,-0.758480422,FOVNotMatch,1998/9/25 6:59:41,SAT_19230,3.083222302,20.7160717,SAT_04250,4.965466702,44.67079954,SAT_04353,5.611622198,44.97665999
frame-z-000125-4-0337,1,No match,FALSE,N/A,inf,39.26033172,0.018640123,39.23886741,0.095362184,FOVNotMatch,1998/9/25 9:25:53,SAT_08746,3.931164236,61.59549269,SAT_08747,3.988421028,61.60834781,SAT_23581,5.643700742,74.21820665
frame-z-000125-5-0351,1,Success,TRUE,SAT_08747,2.032382248,41.49403882,0.549144851,41.33433084,0.580304054,,1998/9/25 9:34:15,SAT_08747,3.20793262,2.032382248,SAT_08746,3.130043205,2.045109122,SAT_23846,5.923411997,11.01060168
frame-z-000125-5-0352,1,Success,TRUE,SAT_08747,2.205006653,41.64543854,0.577636201,41.58440556,0.589353002,,1998/9/25 9:34:51,SAT_08747,3.20793262,2.205006653,SAT_08746,3.130043205,2.217733527,SAT_23846,5.923411997,10.83797728
frame-z-000125-3-0452,1,Success,TRUE,SAT_08747,2.494952059,56.60643561,-0.288638651,56.44317733,-0.253117206,,1998/9/25 10:34:31,SAT_08747,1.5526949,2.494952059,SAT_08746,1.332114647,2.509119394,SAT_23581,5.299900648,12.06783954
frame-z-000125-2-0437,1,Success,TRUE,SAT_08747,1.877838722,54.36141801,-0.785042455,54.19978853,-0.748653353,,1998/9/25 10:25:34,SAT_08747,1.071198312,1.877838722,SAT_08746,0.867430458,1.891488331,SAT_23581,5.898859865,12.48845824
frame-z-000125-2-0439,1,Success,TRUE,SAT_08747,2.074155566,54.66107088,-0.71849417,54.49891847,-0.682570065,,1998/9/25 10:26:46,SAT_08747,1.071198312,2.074155566,SAT_08746,0.867430458,2.087805176,SAT_23581,5.898859865,12.2921414
frame-z-000125-2-0440,1,Success,TRUE,SAT_08747,1.890909096,54.81056271,-0.685292127,54.64806409,-0.648745492,,1998/9/25 10:27:22,SAT_08747,1.071198312,1.890909096,SAT_08746,0.867430458,1.904558706,SAT_23581,5.898859865,12.47538787
frame-z-000125-2-0441,1,Success,TRUE,SAT_08747,1.98209073,54.96028508,-0.652101906,54.7973676,-0.615733102,,1998/9/25 10:27:57,SAT_08747,1.071198312,1.98209073,SAT_08746,0.867430458,1.995740339,SAT_23581,5.898859865,12.38420623
frame-z-000125-2-0442,1,Success,TRUE,SAT_08747,2.305076909,55.11015409,-0.618498431,55.01234997,-0.597243131,,1998/9/25 10:28:33,SAT_08747,1.071198312,2.305076909,SAT_08746,0.867430458,2.318726518,SAT_23581,5.898859865,12.06122006
frame-z-000125-4-0465,1,Success,TRUE,SAT_08747,2.666894253,58.55085069,0.134884725,58.38871433,0.1700865,,1998/9/25 10:42:16,SAT_08747,1.857785356,2.666894253,SAT_08746,1.664771286,2.681563657,SAT_23581,5.694421894,12.03708343
frame-z-000125-4-0466,1,Success,TRUE,SAT_08747,2.710906335,58.70046189,0.167401038,58.53840308,0.202455584,,1998/9/25 10:42:52,SAT_08747,1.857785356,2.710906335,SAT_08746,1.664771286,2.72557574,SAT_23581,5.694421894,11.99307135
frame-z-000125-4-0467,1,Success,TRUE,SAT_08747,2.751204551,58.85071805,0.199368797,58.68854435,0.234328747,,1998/9/25 10:43:28,SAT_08747,1.857785356,2.751204551,SAT_08746,1.664771286,2.765873955,SAT_23581,5.694421894,11.95277313
frame-z-000125-6-0487,1,Success,TRUE,SAT_08747,3.33591646,61.75278526,0.855465461,61.67981241,0.870694995,,1998/9/25 10:55:24,SAT_08747,3.137016562,3.33591646,SAT_08746,3.0126081,3.351601155,SAT_13907,5.966669732,5.789373573
frame-z-000125-6-0489,1,Success,TRUE,SAT_08747,3.300331734,62.14241808,0.899195796,61.9795329,0.933295237,,1998/9/25 10:56:35,SAT_08747,3.137016562,3.300331734,SAT_08746,3.0126081,3.316016429,SAT_13907,5.966669732,5.753788847
frame-z-000125-6-0490,1,Success,TRUE,SAT_08747,3.110224991,62.29152602,0.930455204,62.12938947,0.964959484,,1998/9/25 10:57:11,SAT_08747,3.137016562,3.110224991,SAT_08746,3.0126081,3.125909686,SAT_13907,5.966669732,5.563682104
frame-z-000125-6-0493,1,Success,TRUE,SAT_08747,3.373247363,62.73977589,1.024499885,62.57822785,1.058103631,,1998/9/25 10:58:59,SAT_08747,3.137016562,3.373247363,SAT_08746,3.0126081,3.388932057,SAT_13907,5.966669732,5.826704476
frame-z-000125-1-0443,1,Success,TRUE,SAT_12242,4.529788874,55.09661902,-1.157928824,55.2591196,-1.085520656,,1998/9/25 10:29:09,SAT_12242,2.954887153,4.529788874,SAT_20406,2.724914114,8.524378307,SAT_10516,4.702555217,10.02355353
frame-z-000125-3-0448,1,Success,TRUE,SAT_08747,2.140287555,55.92630576,-0.402755353,55.84458232,-0.384610309,,1998/9/25 10:32:08,SAT_08747,1.866507463,2.140287555,SAT_08746,1.704122374,2.154149949,SAT_01002,0.01466979,11.61409728
frame-z-000125-3-0449,1,Success,TRUE,SAT_08747,2.209483044,56.15689796,-0.387477501,55.99433501,-0.351589515,,1998/9/25 10:32:44,SAT_08747,1.866507463,2.209483044,SAT_08746,1.704122374,2.223345438,SAT_01002,0.01466979,11.68329277
frame-z-000125-5-0475,1,Success,TRUE,SAT_08747,2.871546254,60.04741718,0.456119172,59.88607963,0.49084178,,1998/9/25 10:48:15,SAT_08747,2.405586954,2.871546254,SAT_08746,2.250756205,2.886652185,SAT_09864,5.664635692,5.262272098
frame-z-000125-5-0477,1,Success,TRUE,SAT_08747,3.00861355,60.34631104,0.520235343,60.18474684,0.554602201,,1998/9/25 10:49:26,SAT_08747,2.405586954,3.00861355,SAT_08746,2.250756205,3.023719481,SAT_09864,5.664635692,5.399339394
frame-z-000125-5-0479,1,Success,TRUE,SAT_08747,2.947364545,60.64572934,0.583665526,60.48397867,0.618252438,,1998/9/25 10:50:38,SAT_08747,2.405586954,2.947364545,SAT_08746,2.250756205,2.962470476,SAT_09864,5.664635692,5.338090389
frame-z-000125-5-0480,1,Success,TRUE,SAT_08747,3.008924792,60.79514475,0.615581247,60.63336378,0.649992713,,1998/9/25 10:51:14,SAT_08747,2.405586954,3.008924792,SAT_08746,2.250756205,3.024030723,SAT_09864,5.664635692,5.399650636
frame-z-000125-5-0481,1,Success,TRUE,SAT_08747,3.193519935,60.94497209,0.647306471,60.88076683,0.660747078,,1998/9/25 10:51:50,SAT_08747,2.405586954,3.193519935,SAT_08746,2.250756205,3.208625866,SAT_09864,5.664635692,5.584245779
frame-z-000125-6-0589,1,Success,TRUE,SAT_09330,4.95239242,77.10328306,1.034664471,76.94394305,1.0598492,,1998/9/25 11:56:16,SAT_09330,4.198885774,4.95239242,SAT_23168,5.798906264,9.963720318,SAT_13631,4.086497898,15.17385063
frame-z-000240-2-0043,1,No match,FALSE,N/A,inf,20.07210734,-0.759032749,20.04639426,-0.609190358,FOVNotMatch,1998/11/15 4:48:35,SAT_17037,0.061557177,19.34234458,SAT_25225,2.621697763,26.75569999,SAT_14528,4.054950472,76.85339658
frame-z-000240-1-0073,1,Success,TRUE,SAT_12156,2.438840598,24.60239688,-1.252296055,24.57869892,-1.183532144,,1998/11/15 5:06:29,SAT_12156,1.733570742,2.438840598,SAT_17037,3.998537408,28.7237683,SAT_07629,4.335512843,29.22033657
frame-z-000240-5-0147,1,No match,FALSE,N/A,inf,35.69889452,0.456431494,35.63849078,0.51944524,FOVNotMatch,1998/11/15 5:50:40,SAT_05357,1.579559476,20.23789017,SAT_24934,5.479158819,33.65493224,SAT_08747,4.028029963,34.0379624
frame-z-000241-5-0111,1,No match,FALSE,N/A,inf,58.1511754,0.526931383,57.98914775,0.587975412,FOVNotMatch,1998/11/15 7:20:14,SAT_08747,2.3286376,5.769733291,SAT_08746,1.629137989,5.78396204,SAT_20946,5.871537115,20.60049969
frame-z-000250-6-0350,1,No match,FALSE,N/A,inf,66.09054191,1.171733798,66.06746165,1.293035268,FOVNotMatch,1998/11/16 7:48:29,SAT_14313,5.748679985,9.540018046,SAT_02361,0.872058423,10.02957608,SAT_00900,2.40433603,17.30232884
frame-z-000259-1-0181,1,Success,TRUE,SAT_08747,3.936147684,33.81618642,-1.034398806,33.66875473,-0.99240425,,1998/11/17 5:35:18,SAT_08747,5.847190054,3.936147684,SAT_08746,5.772363625,4.021961037,SAT_20946,4.419118603,15.8849021
frame-z-000259-1-0182,1,Success,TRUE,SAT_08747,4.048637989,33.98125143,-0.996274216,33.88168739,-0.967702617,,1998/11/17 5:35:54,SAT_08747,5.847190054,4.048637989,SAT_08746,5.772363625,4.134451341,SAT_20946,4.419118603,15.99739241
frame-z-000259-4-0293,1,Success,TRUE,SAT_06058,1.448254338,50.50046815,0.230976221,50.5931902,0.289112143,,1998/11/17 6:42:10,SAT_06058,4.70380446,1.448254338,SAT_14193,3.739545338,18.00949099,SAT_10953,4.718365117,19.24151368
frame-z-000259-4-0440,1,No match,FALSE,N/A,inf,72.59801909,0.235041017,72.4346876,0.262677406,FOVNotMatch,1998/11/17 8:09:56,SAT_08747,5.452454168,5.778576627,SAT_08746,5.110385749,5.812085236,SAT_20946,5.679673201,9.550195794
frame-z-000273-6-0031,1,Success,TRUE,SAT_21955,0.787091769,14.53351477,0.852009772,14.5973667,1.07419321,,1998/11/19 4:10:56,SAT_21955,2.616883309,0.787091769,SAT_22877,5.203033145,13.68372503,SAT_22597,0.151562486,32.10309937
frame-z-000273-5-0032,1,Success,TRUE,SAT_21955,0.785758912,14.71258381,0.432161469,14.77703832,0.656443597,,1998/11/19 4:11:33,SAT_21955,2.616883309,0.785758912,SAT_22877,5.203033145,13.68239217,SAT_22597,0.151562486,32.10443223
frame-z-000273-4-0033,1,Success,TRUE,SAT_21955,0.739338689,14.89083634,0.012556225,14.95554349,0.237041753,,1998/11/19 4:12:09,SAT_21955,2.616883309,0.739338689,SAT_22877,5.203033145,13.63597195,SAT_22597,0.151562486,32.15085245
frame-z-000273-3-0033,1,Success,TRUE,SAT_21955,0.723881598,14.79419895,-0.324509024,14.83499667,-0.183115772,,1998/11/19 4:12:09,SAT_21955,2.616883309,0.723881598,SAT_22877,5.203033145,13.62051485,SAT_22597,0.151562486,32.16630954
frame-z-000273-2-0034,1,Success,TRUE,SAT_21955,0.870724753,15.01391039,-0.602229735,14.94977903,-0.82663323,,1998/11/19 4:12:44,SAT_21955,2.616883309,0.870724753,SAT_22877,5.203033145,13.76735801,SAT_22597,0.151562486,32.01946639
frame-z-000273-3-0034,1,Success,TRUE,SAT_21955,0.601553882,15.06979477,-0.406566989,15.1072978,-0.277627395,,1998/11/19 4:12:45,SAT_21955,2.616883309,0.601553882,SAT_22877,5.203033145,13.49818714,SAT_22597,0.151562486,32.28863726
frame-z-000273-2-0035,1,Success,TRUE,SAT_21955,0.912445884,15.24933848,-0.826038609,15.25678677,-0.799904724,,1998/11/19 4:13:20,SAT_21955,2.616883309,0.912445884,SAT_22877,5.203033145,13.80907914,SAT_22597,0.151562486,31.97774525
frame-z-000273-1-0035,1,Success,TRUE,SAT_21955,1.00615104,15.19349944,-1.021355518,15.12984503,-1.246072953,,1998/11/19 4:13:20,SAT_21955,2.616883309,1.00615104,SAT_22877,5.203033145,13.9027843,SAT_22597,0.151562486,31.8840401
frame-z-000273-5-0170,1,No match,FALSE,N/A,inf,35.30130207,0.432316474,35.36189773,0.491290393,FOVNotMatch,1998/11/19 5:33:56,SAT_10730,0.916993056,8.572170697,SAT_04881,4.527664807,28.24801513,SAT_04902,2.627336485,29.16068123
frame-z-000273-6-0335,1,Success,TRUE,SAT_04790,3.63795774,60.13000368,0.849884152,60.15761018,0.890436932,,1998/11/19 7:12:26,SAT_04790,4.62343337,3.63795774,SAT_14260,1.574871271,14.63817559,SAT_13603,1.408363094,14.65269411
frame-z-000297-3-0018,1,Success,TRUE,SAT_20946,1.222337214,62.19875433,-0.24829098,62.34069465,-0.251401587,,1998/11/22 7:09:27,SAT_20946,5.159478471,1.222337214,SAT_24315,5.953725855,1.239481464,SAT_23846,5.112051705,1.248729749
frame-z-000297-3-0116,1,No match,FALSE,N/A,inf,77.00167461,-0.198116996,76.96727711,-0.067950721,FOVNotMatch,1998/11/22 8:07:58,SAT_15246,2.026819743,40.75198945,SAT_08840,2.096122322,78.54686817,SAT_13970,0.91894623,78.94110306
frame-z-000297-4-0117,1,No match,FALSE,N/A,inf,77.17940677,0.260766099,77.1561063,0.351872889,FOVNotMatch,1998/11/22 8:08:33,SAT_15246,2.026819743,41.20881784,SAT_08840,2.096122322,78.09003978,SAT_13970,0.91894623,79.39793146
frame-z-000745-5-0261,1,Success,TRUE,SAT_16125,4.866840721,197.8185242,0.628556868,197.9158658,0.832998017,,1999/3/20 8:26:07,SAT_16125,3.214424629,4.866840721,SAT_23000,1.704236844,19.75574661,SAT_15642,4.366584337,65.06378087
frame-z-000745-3-0142,1,No match,FALSE,N/A,inf,179.9533443,-0.007438668,180.0150243,0.013050098,FOVNotMatch,1999/3/20 7:15:05,SAT_21727,4.558979399,18.27055069,SAT_23846,5.188972968,18.32974441,SAT_15642,3.449648786,18.34960232
frame-z-000745-3-0143,1,No match,FALSE,N/A,inf,180.174896,-0.034279884,180.2643981,-0.003137209,FOVNotMatch,1999/3/20 7:15:41,SAT_21727,4.558979399,19.08072148,SAT_23846,5.188972968,19.13991521,SAT_15642,3.449648786,19.15977312
frame-z-000745-6-0380,1,No match,FALSE,N/A,inf,215.711165,1.046645916,215.6259577,1.271282478,FOVNotMatch,1999/3/20 9:37:09,SAT_12032,4.906859792,31.60155837,SAT_11896,0.01637629,41.58455754,SAT_19483,2.623358612,59.26830948
frame-z-000745-3-0357,1,No match,FALSE,N/A,inf,212.2573779,-0.211426097,212.2847351,-0.191641479,FOVNotMatch,1999/3/20 9:23:25,SAT_15388,3.28207619,26.00899802,SAT_09963,0.28560985,27.27348976,SAT_21222,5.284333525,35.84587975
frame-z-000745-1-0447,1,Success,TRUE,SAT_08425,0.232364291,225.6856334,-1.049992062,225.7517246,-0.873809201,,1999/3/20 10:17:08,SAT_08425,5.707424065,0.232364291,SAT_12708,2.20634137,10.02011257,SAT_16962,3.652233283,39.87358119
frame-z-000745-1-0467,1,No match,FALSE,N/A,inf,228.5812042,-1.034454406,228.6487781,-0.842040048,FOVNotMatch,1999/3/20 10:29:04,SAT_10779,5.330834397,38.61355609,SAT_19165,0.032615225,38.64719635,SAT_21855,2.206235617,38.93479322
frame-z-000745-1-0468,1,No match,FALSE,N/A,inf,228.87508,-1.049847097,228.893735,-0.995727388,FOVNotMatch,1999/3/20 10:29:40,SAT_19165,0.032615225,38.31502189,SAT_21855,2.206235617,38.60261877,SAT_15697,1.886754213,38.60363405
frame-z-000745-2-0502,1,No match,FALSE,N/A,inf,233.9265102,-0.630249299,233.8524777,-0.406260472,FOVNotMatch,1999/3/20 10:49:57,SAT_22543,2.781991006,5.259447391,SAT_22633,0.458009485,36.51707472,SAT_08308,0.046836711,37.99856939
frame-z-000745-5-0596,1,Success,TRUE,SAT_20255,4.511001759,247.9751485,0.629169498,247.9105381,0.852927525,,1999/3/20 11:46:04,SAT_20255,1.97581019,4.511001759,SAT_07150,4.99155254,34.39441811,SAT_12326,0.082590731,34.72297393
frame-z-000745-1-0552,1,Success,TRUE,SAT_00574,4.304489957,241.2998123,-0.890691618,241.3061308,-0.825088406,,1999/3/20 11:19:48,SAT_00574,2.58279044,4.304489957,SAT_08419,0.092028045,13.00236563,SAT_20338,1.513383843,26.25946013
frame-z-000745-1-0553,1,Success,TRUE,SAT_00574,4.480009235,241.5831489,-1.048996868,241.6053853,-0.825309935,,1999/3/20 11:20:24,SAT_00574,2.58279044,4.480009235,SAT_08419,0.092028045,13.17788491,SAT_20338,1.513383843,26.43497941
frame-z-000745-4-0556,1,No match,FALSE,N/A,inf,241.8983809,0.259374906,241.9219424,0.324114822,FOVNotMatch,1999/3/20 11:22:11,SAT_10881,1.431039558,15.9324069,SAT_00574,2.58279044,18.80201154,SAT_08419,0.092028045,27.49988721
frame-z-000745-3-0557,1,No match,FALSE,N/A,inf,242.0479412,-0.150771962,242.1079045,0.013256453,FOVNotMatch,1999/3/20 11:22:47,SAT_10881,1.431039558,15.85000208,SAT_00574,2.58279044,18.88441636,SAT_08419,0.092028045,27.58229203
frame-z-000752-4-0160,1,Success,TRUE,SAT_15642,3.950879776,167.6057418,0.080498646,167.4448778,0.068228744,,1999/3/21 6:21:15,SAT_15642,3.708443809,3.950879776,SAT_15677,2.981843356,4.18989429,SAT_23846,5.412422612,4.307384037
frame-z-002194-5-0321,1,No match,FALSE,N/A,inf,158.3675238,-1.649329867,158.2489443,-1.680846465,FOVNotMatch,2001/3/20 5:02:16,SAT_23232,2.359590242,14.57670454,SAT_26469,5.78594863,14.79898279,SAT_25086,3.787603696,14.84452608
frame-z-002190-3-0228,1,No match,FALSE,N/A,inf,216.1491513,4.192568414,216.0862423,4.17107586,FOVNotMatch,2001/3/19 9:39:25,SAT_16483,3.702900217,14.68206755,SAT_25629,5.227543183,17.66347192,SAT_00058,1.65375083,24.58101611
frame-z-002190-3-0229,1,No match,FALSE,N/A,inf,216.3990269,4.162080615,216.2334418,4.106111194,FOVNotMatch,2001/3/19 9:40:00,SAT_16483,3.702900217,14.87023717,SAT_25629,5.227543183,17.47530229,SAT_00058,1.65375083,24.39284648
frame-z-002190-3-0230,1,No match,FALSE,N/A,inf,216.5467117,4.09732103,216.4936432,4.079550735,FOVNotMatch,2001/3/19 9:40:36,SAT_16483,3.702900217,15.03391598,SAT_25629,5.227543183,17.31162349,SAT_00058,1.65375083,24.22916767
frame-z-002194-5-0056,1,No match,FALSE,N/A,inf,118.7151802,-0.566128002,118.5567072,-0.454039018,FOVNotMatch,2001/3/20 2:24:02,SAT_09998,5.939091651,24.0191129,SAT_19951,3.008610407,24.31307101,SAT_21149,3.247896722,34.64569057
frame-z-002194-5-0057,1,No match,FALSE,N/A,inf,118.8685394,-0.475194701,118.7104881,-0.363786471,FOVNotMatch,2001/3/20 2:24:38,SAT_09998,5.939091651,23.92626748,SAT_19951,3.008610407,24.22022558,SAT_21149,3.247896722,34.55284514
frame-z-002194-5-0011,1,No match,FALSE,N/A,inf,111.9340617,-0.257986886,111.919289,-0.083782149,FOVNotMatch,2001/3/20 1:57:10,SAT_23793,0.132743432,16.56752057,SAT_09956,1.306148687,21.50923222,SAT_25776,4.963864887,72.97353991
frame-z-002194-6-0274,1,Success,TRUE,SAT_03431,0.667563092,151.2541932,-1.11182517,151.1887062,-1.095951232,,2001/3/20 4:34:12,SAT_03431,2.774902196,0.667563092,SAT_02868,1.502329714,0.732946682,SAT_05587,4.757434735,0.962616947
frame-z-002206-1-0254,1,Success,TRUE,SAT_05786,3.266990566,254.2032387,38.39957576,254.2144826,38.4531074,,2001/3/23 8:35:17,SAT_05786,4.856416395,3.266990566,SAT_22312,3.556933089,39.2157106,SAT_14934,12.12229728,N/A
frame-z-002206-2-0271,1,No match,FALSE,N/A,inf,256.195501,36.24102453,256.0456647,36.36040294,FOVNotMatch,2001/3/23 8:45:26,SAT_07040,0.124085746,57.15779555,SAT_25363,5.99282239,59.62715705,SAT_21279,1.817706216,67.82166249
frame-z-002206-5-0074,1,No match,FALSE,N/A,inf,229.6496921,60.47918391,229.6092923,60.48766601,FOVNotMatch,2001/3/23 6:47:49,SAT_19544,5.546698593,50.65949503,SAT_13124,5.828876563,55.15544309,SAT_22636,4.695045691,68.96695466
frame-z-002206-5-0074,2,No match,FALSE,N/A,inf,229.4485139,60.52056019,229.3908829,60.53132098,FOVNotMatch,2001/3/23 6:47:49,SAT_19544,5.546698593,48.35930967,SAT_13124,5.828876563,52.85525773,SAT_22636,4.695045691,66.66676931
frame-z-002206-1-0309,1,Success,TRUE,SAT_10990,2.501775584,258.9205145,31.00404277,259.1043541,31.18768211,,2001/3/23 9:08:08,SAT_10990,0.58906566,2.501775584,SAT_07851,3.995695433,3.42361014,SAT_19137,2.21935721,26.02147726
frame-z-002206-2-0335,1,Success,TRUE,SAT_05361,3.832391985,261.5207642,27.93689552,261.4230802,27.92374392,,2001/3/23 9:23:39,SAT_05361,1.563123189,3.832391985,SAT_02669,3.011231829,40.23300607,SAT_19196,0.851660948,41.97872695
frame-z-002206-3-0335,1,Success,TRUE,SAT_05361,3.520672257,262.0126734,28.00172107,261.7515129,27.96786047,,2001/3/23 9:23:39,SAT_05361,1.563123189,3.520672257,SAT_02669,3.011231829,40.5447258,SAT_19196,0.851660948,42.29044667
frame-z-002207-2-0133,1,No match,FALSE,N/A,inf,256.9876174,35.43571973,256.8009687,35.5308243,FOVNotMatch,2001/3/23 11:15:23,SAT_22231,3.325995996,21.87483379,SAT_26016,0.628991963,57.80641444,SAT_08073,0.14753187,62.1096348
frame-z-002243-5-0103,1,No match,FALSE,N/A,inf,130.0830965,45.44901213,129.8137167,45.53845512,FOVNotMatch,2001/4/15 3:20:46,SAT_18114,0.15166217,33.12199848,SAT_26605,1.743524795,70.99677767,SAT_22275,4.606513019,74.80624997
frame-z-002194-1-0386,1,No match,FALSE,N/A,inf,167.9680058,-3.583065282,168.0898555,-3.556876028,FOVNotMatch,2001/3/20 5:41:04,SAT_26469,4.86050901,12.06576966,SAT_25086,2.127215173,12.11195003,SAT_23192,4.568691737,12.11918658
frame-z-002243-6-0213,1,No match,FALSE,N/A,inf,150.4719125,55.97385315,150.0885625,56.05511046,FOVNotMatch,2001/4/15 4:26:27,SAT_24276,0.229383185,31.45018681,SAT_11135,0.041697403,79.39992089,SAT_20745,4.201462785,80.17360241
frame-z-002243-4-0227,1,Success,TRUE,SAT_24276,2.509379284,154.459068,56.14800115,154.1982348,56.32644534,,2001/4/15 4:34:48,SAT_24276,1.843814115,2.509379284,SAT_20234,0.117401573,16.32292884,SAT_20185,5.626399317,38.35147834
frame-z-002243-5-0228,1,Success,TRUE,SAT_24276,2.53195989,154.4542093,56.6138344,154.1906125,56.79182774,,2001/4/15 4:35:24,SAT_24276,1.843814115,2.53195989,SAT_20234,0.117401573,16.34550945,SAT_20185,5.626399317,38.32889774
frame-z-002243-5-0247,1,No match,FALSE,N/A,inf,159.0662388,57.73709422,158.9484915,57.95270078,FOVNotMatch,2001/4/15 4:46:45,SAT_10291,4.164374229,7.567383346,SAT_23194,5.982008624,12.78455943,SAT_11132,0.872111102,16.88084458
frame-z-002244-3-0014,1,No match,FALSE,N/A,inf,253.7044846,40.79327318,253.7192549,40.88332935,FOVNotMatch,2001/4/15 6:48:51,SAT_21497,1.609598919,16.08830022,SAT_15773,3.984159858,51.34980237,SAT_13075,8.271021623,N/A
frame-z-002243-6-0269,1,Success,TRUE,SAT_23401,4.800616801,164.8387896,59.43449633,164.7470338,59.49115223,,2001/4/15 4:59:53,SAT_23401,1.270142523,4.800616801,SAT_14999,5.521756079,5.207718914,SAT_19102,1.308062404,8.349499832
frame-z-002243-2-0284,1,No match,FALSE,N/A,inf,169.87503,58.4353366,169.5832036,58.37464477,FOVNotMatch,2001/4/15 5:08:50,SAT_14313,4.070917054,12.43287683,SAT_00341,0.098307946,19.62374768,SAT_08425,5.622068264,21.48353535
frame-z-002243-1-0393,1,No match,FALSE,N/A,inf,200.842596,57.82924945,200.7804273,57.93182657,FOVNotMatch,2001/4/15 6:13:55,SAT_03618,5.959602685,6.506912046,SAT_26115,2.254177564,9.797881041,SAT_12156,4.780197293,36.30554762
frame-z-002243-1-0394,1,No match,FALSE,N/A,inf,201.3412792,57.83508448,201.3102446,57.88772288,FOVNotMatch,2001/4/15 6:14:31,SAT_03618,5.959602685,6.059477409,SAT_26115,2.254177564,9.350446404,SAT_12156,4.780197293,36.75298226
frame-z-002247-6-0151,1,Success,TRUE,SAT_11684,4.535912041,183.4342908,5.935934788,183.3179888,5.978157295,,2001/4/16 4:07:58,SAT_11684,5.951317868,4.535912041,SAT_20843,3.129898835,38.78482095,SAT_26203,4.665133734,73.59801231
frame-z-002247-2-0033,1,No match,FALSE,N/A,inf,165.7258628,3.88238127,165.7765363,3.943817862,FOVNotMatch,2001/4/16 2:57:31,SAT_22448,3.751205788,16.38913371,SAT_21706,4.575106049,23.73743657,SAT_20347,5.790668175,35.0985357
frame-z-002247-3-0037,1,No match,FALSE,N/A,inf,166.2013272,4.404421423,166.3637093,4.45563082,FOVNotMatch,2001/4/16 2:59:54,SAT_22448,3.751205788,16.60773463,SAT_22984,5.583316259,17.08116792,SAT_22624,3.675056922,17.59774455
frame-z-002247-2-0193,1,No match,FALSE,N/A,inf,189.6567151,4.146329563,189.7379409,4.280834367,FOVNotMatch,2001/4/16 4:33:03,SAT_22624,4.890875909,61.11066333,SAT_20926,5.297778981,63.74280338,SAT_08546,2.332142736,70.22878744
frame-z-002247-2-0294,1,No match,FALSE,N/A,inf,204.80283,3.899417155,204.946318,4.050983146,FOVNotMatch,2001/4/16 5:33:21,SAT_13011,2.782930682,40.52791435,SAT_22624,5.457167926,49.97652104,SAT_19163,2.116441163,62.13652711
frame-z-002267-1-0094,1,Success,TRUE,SAT_05000,1.686901035,148.6367696,-3.268189425,148.5508166,-3.041977962,,2001/4/24 3:31:47,SAT_05000,0.54617424,1.686901035,SAT_06235,2.569405196,1.833624862,SAT_04857,3.03386077,12.96581407
frame-z-002259-6-0097,1,No match,FALSE,N/A,inf,135.3243663,-0.648495365,135.3547563,-0.550770268,FOVNotMatch,2001/4/17 3:52:22,SAT_22691,0.095987467,31.75766754,SAT_23330,3.944814194,70.7790084,SAT_21762,4.362176652,70.91976143
frame-z-002259-6-0098,1,No match,FALSE,N/A,inf,135.5842037,-0.783003771,135.6378171,-0.611473974,FOVNotMatch,2001/4/17 3:52:58,SAT_22691,0.095987467,31.84017329,SAT_23330,3.944814194,70.69650266,SAT_21762,4.362176652,70.83725568
frame-z-002259-3-0061,1,Success,TRUE,SAT_02222,0.556027849,129.9407598,-1.84779587,129.8901119,-1.837791176,,2001/4/17 3:30:53,SAT_02222,5.47442119,0.556027849,SAT_01883,0.845132067,0.672024641,SAT_25111,2.601407712,6.544573215
frame-z-002259-2-0140,1,No match,FALSE,N/A,inf,141.8642185,-2.629692117,141.7060933,-2.571703833,FOVNotMatch,2001/4/17 4:18:03,SAT_02222,5.076649962,9.373964917,SAT_25111,2.023332728,10.27972876,SAT_25538,3.996250011,10.85190747
frame-z-002259-2-0141,1,No match,FALSE,N/A,inf,142.0187983,-2.585532604,141.9240359,-2.551073238,FOVNotMatch,2001/4/17 4:18:39,SAT_02222,5.076649962,9.21744859,SAT_25111,2.023332728,10.12321243,SAT_25538,3.996250011,10.69539115
frame-z-002259-6-0168,1,Success,TRUE,SAT_23330,2.751718744,146.0413379,-0.876042241,146.0074199,-0.878410094,,2001/4/17 4:34:46,SAT_23330,3.651301324,2.751718744,SAT_16274,5.117426229,2.997644546,SAT_21762,3.255317774,3.318005281
frame-z-002259-2-0122,1,Success,TRUE,SAT_23203,3.770861991,139.0122406,-2.415995645,139.0319987,-2.348432599,,2001/4/17 4:07:18,SAT_23203,4.902926226,3.770861991,SAT_23625,5.510175636,4.023011475,SAT_08180,3.09683836,5.763164685
frame-z-002259-1-0123,1,Success,TRUE,SAT_23203,3.90992385,139.1463224,-2.995458999,139.2106157,-2.773697631,,2001/4/17 4:07:54,SAT_23203,4.902926226,3.90992385,SAT_23625,5.510175636,4.162073334,SAT_08180,3.09683836,5.624102826
frame-z-002259-1-0124,1,Success,TRUE,SAT_23203,3.619079554,139.4456301,-3.004934865,139.4586189,-2.960974061,,2001/4/17 4:08:30,SAT_23203,4.902926226,3.619079554,SAT_23625,5.510175636,3.871229038,SAT_08180,3.09683836,5.914947122
frame-z-002299-4-0275,1,No match,FALSE,N/A,inf,239.6437441,48.31867844,239.6740299,48.45330272,FOVNotMatch,2001/5/17 7:16:18,SAT_23793,2.224518806,17.74317526,SAT_15808,5.282472307,24.40099936,SAT_11896,4.702656191,46.13410005
frame-z-002299-6-0019,1,Success,TRUE,SAT_03758,4.483941305,172.9665576,63.17519176,172.864867,63.24733316,,2001/5/17 4:43:27,SAT_03758,1.814897916,4.483941305,SAT_3758U,1.802572204,4.52335992,SAT_15938,5.598690599,13.77199557
frame-z-002299-5-0065,1,Success,TRUE,SAT_13012,1.9996683,188.2899955,63.12751126,188.1001033,63.08236346,,2001/5/17 5:10:55,SAT_13012,4.744001464,1.9996683,SAT_8701U,3.388161055,7.426202712,SAT_21706,5.604370087,9.056585823
frame-z-002304-3-0016,1,No match,FALSE,N/A,inf,137.2723633,51.96614661,136.8975464,52.06262889,FOVNotMatch,2001/5/18 2:51:40,SAT_21961,0.265696629,53.89983785,SAT_20742,5.695130891,73.46597982,SAT_8195U,17.44874575,N/A
frame-z-002304-4-0020,1,No match,FALSE,N/A,inf,137.4857489,52.79837424,137.1894955,52.75741889,FOVNotMatch,2001/5/18 2:54:04,SAT_21961,0.265696629,18.32997928,SAT_20742,5.695130891,37.89612125,SAT_8195U,17.44874575,N/A
frame-z-002299-5-0063,1,Success,TRUE,SAT_13012,2.464811856,187.2744984,63.22765196,187.6399145,63.31624558,,2001/5/17 5:09:43,SAT_13012,5.915046089,2.464811856,SAT_8701U,3.030942247,8.507465777,SAT_7373U,2.290218685,13.98277236
frame-z-002304-5-0024,1,No match,FALSE,N/A,inf,137.8962029,53.43014143,137.5953804,53.38979851,FOVNotMatch,2001/5/18 2:56:27,SAT_20742,4.869758566,37.46500085,SAT_07718,0.664997804,52.02428507,SAT_7718U,0.663303174,52.02481686
frame-z-002305-2-0146,1,No match,FALSE,N/A,inf,257.9544237,28.29996934,258.0182651,28.51535738,FOVNotMatch,2001/5/18 7:41:07,SAT_3338U,1.287564024,11.92357994,SAT_03338,1.281728149,11.93818173,SAT_25379,5.613574294,39.61521587
frame-z-002304-6-0197,1,No match,FALSE,N/A,inf,184.76493,63.75829328,184.6699863,63.60589279,FOVNotMatch,2001/5/18 4:39:44,SAT_21706,4.620500369,32.37361077,SAT_22438,5.034754821,34.85774546,SAT_07373,0.640574416,36.55794865
frame-z-002304-6-0198,1,No match,FALSE,N/A,inf,185.3740914,63.65510108,185.2957163,63.53325822,FOVNotMatch,2001/5/18 4:40:20,SAT_21706,4.620500369,31.84971072,SAT_22438,5.034754821,34.33384541,SAT_07373,0.640574416,36.0340486
frame-z-002322-5-0011,1,No match,FALSE,N/A,inf,170.9782042,62.19983036,171.1325403,62.25822618,FOVNotMatch,2001/5/22 6:04:59,SAT_274U0,17.15670954,N/A,SAT_10293,10.22975537,N/A,SAT_15182,14.70663859,N/A
frame-z-002304-4-0265,1,Success,TRUE,SAT_18946,1.321008982,206.4152618,61.00197848,206.1332604,61.10491944,,2001/5/18 5:20:21,SAT_18946,5.63477356,1.321008982,SAT_7373U,5.821137201,63.36073056,SAT_07373,5.822105722,63.37687928
frame-z-002322-2-0022,1,Success,TRUE,SAT_23736,2.146514427,174.7310007,61.25687427,174.9792951,61.45815244,,2001/5/22 6:11:33,SAT_23736,2.872563203,2.146514427,SAT_12933,4.295239391,4.726909494,SAT_18725,4.499938088,54.95460156
frame-z-002322-4-0143,1,Success,TRUE,SAT_20302,1.95906121,212.0441628,59.87699892,212.1922122,59.89874934,,2001/5/22 7:23:48,SAT_20302,5.173933604,1.95906121,SAT_15182,2.03876927,19.10103376,SAT_22068,3.899120309,22.19246791
frame-z-002322-4-0144,1,Success,TRUE,SAT_20302,1.730027325,212.3176454,59.71543281,212.6219736,59.75967988,,2001/5/22 7:24:24,SAT_20302,5.173933604,1.730027325,SAT_15182,2.03876927,19.33006765,SAT_22068,3.899120309,22.42150179
frame-z-002326-2-0041,1,No match,FALSE,N/A,inf,177.1657209,61.42250949,177.4740654,61.56152065,FOVNotMatch,2001/5/23 4:15:32,SAT_21176,0.125265807,8.028138311,SAT_18946,3.214230472,66.61741973,SAT_23645,5.837780886,85.75850563
frame-z-002326-3-0267,1,No match,FALSE,N/A,inf,236.0666417,49.8707954,236.3501505,49.82585533,FOVNotMatch,2001/5/23 6:30:28,SAT_22231,5.099188996,31.66661998,SAT_11896,5.291442122,36.04830879,SAT_25379,5.47372016,45.78548059
frame-z-002326-3-0268,1,No match,FALSE,N/A,inf,236.3094545,49.67848445,236.4245616,49.65990518,FOVNotMatch,2001/5/23 6:31:04,SAT_22231,5.099188996,31.47409611,SAT_11896,5.291442122,35.85578492,SAT_25379,5.47372016,45.59295672
frame-z-002326-5-0195,1,No match,FALSE,N/A,inf,222.6383034,57.16616566,222.7082894,57.26745913,FOVNotMatch,2001/5/23 5:47:29,SAT_15188,1.9515656,23.34143166,SAT_13070,0.062321593,25.20120112,SAT_25485,5.950421804,31.05562487
frame-z-002326-5-0196,1,No match,FALSE,N/A,inf,223.1307956,57.04772166,223.2484047,57.21578725,FOVNotMatch,2001/5/23 5:48:05,SAT_15188,1.9515656,23.05704002,SAT_13070,0.062321593,24.91680947,SAT_25485,5.950421804,30.77123323
frame-z-002326-2-0133,1,Success,TRUE,SAT_26483,1.708705619,205.5395263,60.03431039,205.8181545,60.12975983,,2001/5/23 5:10:28,SAT_26483,5.705908057,1.708705619,SAT_21706,4.33075287,2.093053395,SAT_16220,5.001419101,4.473280547
frame-z-002326-6-0139,1,No match,FALSE,N/A,inf,208.3662342,61.3260644,208.6676498,61.51111333,FOVNotMatch,2001/5/23 5:14:03,SAT_19189,3.764546233,8.041862501,SAT_16220,3.70713483,13.89174389,SAT_26483,4.4282138,16.92822601
frame-z-002326-6-0059,1,No match,FALSE,N/A,inf,182.8805211,63.30829375,182.6680328,63.37834265,FOVNotMatch,2001/5/23 4:26:17,SAT_01808,3.590482077,6.885358308,SAT_1808U,3.577891452,7.00033513,SAT_22309,4.828569431,7.121778292
frame-z-002334-1-0014,1,No match,FALSE,N/A,inf,197.9390132,-3.442992981,197.9034213,-3.456893697,FOVNotMatch,2001/5/24 5:26:13,SAT_22670,2.644030064,16.79582379,SAT_26480,3.078599024,21.24887051,SAT_21906,2.506581797,21.35570013
frame-z-002334-1-0015,1,No match,FALSE,N/A,inf,198.2144796,-3.449725644,198.1453907,-3.47800137,FOVNotMatch,2001/5/24 5:26:49,SAT_22670,2.644030064,17.72138641,SAT_26480,3.078599024,22.17443313,SAT_21906,2.506581797,22.28126275
frame-z-002333-6-0095,1,No match,FALSE,N/A,inf,211.0520566,-1.403590068,210.9985819,-1.31860619,FOVNotMatch,2001/5/24 4:47:09,SAT_23603,3.61227965,39.29089082,SAT_10953,5.140622558,43.12229611,SAT_19483,2.815538671,46.61168362
frame-z-002333-6-0096,1,No match,FALSE,N/A,inf,211.3097931,-1.332149105,211.2646376,-1.260447263,FOVNotMatch,2001/5/24 4:47:45,SAT_23603,3.61227965,39.31354383,SAT_10953,5.140622558,43.09964309,SAT_19483,2.815538671,46.5890306
frame-z-002334-3-0226,1,No match,FALSE,N/A,inf,229.7154579,-1.793251505,229.6485767,-1.877416133,FOVNotMatch,2001/5/24 7:32:48,SAT_12787,3.540894562,18.1549308,SAT_8134U,4.772214123,45.22495467,SAT_26480,4.203613998,50.89700316
frame-z-002334-3-0227,1,No match,FALSE,N/A,inf,229.960305,-1.851579006,229.8591275,-1.977928986,FOVNotMatch,2001/5/24 7:33:24,SAT_12787,3.540894562,17.9417613,SAT_8134U,4.772214123,45.01178517,SAT_26480,4.203613998,50.68383366
frame-z-002346-6-0058,1,No match,FALSE,N/A,inf,241.9485882,1.057178051,241.8827074,1.044585275,FOVNotMatch,2001/5/30 7:51:57,SAT_23687,3.075524257,11.5141169,SAT_16274,5.567761664,13.17433203,SAT_22097,0.036345244,21.83617909
frame-z-002346-6-0059,1,No match,FALSE,N/A,inf,242.1949718,1.046789591,242.0322323,1.015294415,FOVNotMatch,2001/5/30 7:52:33,SAT_23687,3.075524257,11.64592562,SAT_16274,5.567761664,13.30614075,SAT_22097,0.036345244,21.96798781
frame-z-002347-4-0018,1,No match,FALSE,N/A,inf,246.3427349,0.111324935,246.3918898,0.238846335,FOVNotMatch,2001/5/30 9:24:00,SAT_25574,5.835135605,61.68870854,SAT_26495,5.531412289,68.90199157,SAT_26639,5.379899657,68.91173927
frame-z-002346-6-0092,1,Success,TRUE,SAT_9892U,2.602245473,247.0497768,0.947576281,247.0973396,1.171792027,,2001/5/30 8:12:15,SAT_9892U,4.650674845,2.602245473,SAT_22997,4.789815108,69.02305961,SAT_24748,5.731944985,78.01954608
frame-z-002347-4-0033,1,No match,FALSE,N/A,inf,248.5245994,0.301715922,248.4918597,0.309780494,FOVNotMatch,2001/5/30 9:32:57,SAT_20771,4.265857578,11.30300739,SAT_22205,5.54780809,13.31864775,SAT_26639,5.379590193,13.8450166
frame-z-002347-4-0034,1,No match,FALSE,N/A,inf,248.8043188,0.306254623,248.6881345,0.335336558,FOVNotMatch,2001/5/30 9:33:33,SAT_20771,4.265857578,11.51805467,SAT_22205,5.54780809,13.53369504,SAT_26639,5.379590193,14.06006388
frame-z-002347-6-0036,1,No match,FALSE,N/A,inf,248.9496049,1.076764385,248.9968914,1.173387599,FOVNotMatch,2001/5/30 9:34:45,SAT_9595U,4.030004979,21.42093429,SAT_2706U,1.008970241,24.20916607,SAT_02706,1.011340975,24.21350939
frame-z-002348-4-0071,1,Success,TRUE,SAT_8751U,2.793180487,252.7693592,2.928644855,252.655117,2.908802319,,2001/5/30 10:38:36,SAT_8751U,4.254772907,2.793180487,SAT_08751,4.25598888,2.793517841,SAT_00506,0.473554767,47.25235158
frame-z-002348-4-0072,1,Success,TRUE,SAT_8751U,2.872912359,252.8826771,3.123587943,252.771167,3.104383015,,2001/5/30 10:39:12,SAT_8751U,4.254772907,2.872912359,SAT_08751,4.25598888,2.873249713,SAT_00506,0.473554767,47.17261971
frame-z-002348-1-0034,1,No match,FALSE,N/A,inf,249.6714033,-1.937133722,249.5398383,-1.785088791,FOVNotMatch,2001/5/30 10:16:31,SAT_14469,2.973044528,13.35760627,SAT_21171,0.137451928,13.54118306,SAT_18807,4.626395572,14.88967414
frame-z-002348-2-0034,1,No match,FALSE,N/A,inf,249.4092039,-1.634574882,249.2719741,-1.475806328,FOVNotMatch,2001/5/30 10:16:31,SAT_14469,2.973044528,13.33050162,SAT_21171,0.137451928,13.51407841,SAT_18807,4.626395572,14.86256949
frame-z-002348-1-0035,1,No match,FALSE,N/A,inf,249.8966979,-1.741055607,249.7662728,-1.590621931,FOVNotMatch,2001/5/30 10:17:07,SAT_14469,2.973044528,13.41592802,SAT_21171,0.137451928,13.59950481,SAT_18807,4.626395572,14.94799588
frame-z-002385-6-0050,1,No match,FALSE,N/A,inf,313.358788,1.057233689,313.2354064,1.267339422,FOVNotMatch,2001/6/15 7:58:16,SAT_24985,5.841770204,35.29934264,SAT_25259,0.857799921,39.79917271,SAT_10150,1.654364249,48.17692777
frame-z-002385-6-0039,1,Success,TRUE,SAT_10150,4.621160297,311.5634442,1.176665222,311.6054954,1.279185626,,2001/6/15 7:51:42,SAT_10150,2.852514856,4.621160297,SAT_21289,1.817975637,5.069789486,SAT_3126U,0.32135803,9.358433168
frame-z-002385-6-0040,1,Success,TRUE,SAT_21289,4.658449599,311.8116395,1.056290656,311.8756678,1.209258544,,2001/6/15 7:52:18,SAT_21289,1.817975637,4.658449599,SAT_10150,2.852514856,5.032500183,SAT_3126U,0.32135803,8.947093282
frame-z-002379-4-0190,1,No match,FALSE,N/A,inf,237.5563807,-1.349258979,237.6475812,-1.28829701,FOVNotMatch,2001/6/15 5:30:51,SAT_8746U,3.87496494,20.31368527,SAT_26299,1.415728737,29.70994776,SAT_20946,5.953064029,33.74840686
frame-z-002379-4-0191,1,No match,FALSE,N/A,inf,237.7429461,-1.410512569,237.8667436,-1.330322732,FOVNotMatch,2001/6/15 5:31:27,SAT_8746U,3.87496494,19.48699277,SAT_26299,1.415728737,28.88325527,SAT_20946,5.953064029,32.92171437
frame-z-002391-6-0177,1,No match,FALSE,N/A,inf,233.7097737,5.901786778,233.7832924,6.028513032,FOVNotMatch,2001/6/16 5:30:31,SAT_22178,0.103346627,9.272920017,SAT_13301,2.806110809,29.35232677,SAT_14135,4.386794226,39.46977583
frame-z-002392-1-0063,1,Success,TRUE,SAT_6192U,1.840368409,256.0620321,71.12746682,256.3235449,71.28689573,,2001/6/16 7:01:15,SAT_6192U,1.324404915,1.840368409,SAT_18881,5.947561264,14.12642211,SAT_9829U,5.439673765,35.70112587
frame-z-002392-1-0064,1,Success,TRUE,SAT_6192U,2.283472495,256.5992482,70.98732127,256.7480173,71.07714184,,2001/6/16 7:01:51,SAT_6192U,1.324404915,2.283472495,SAT_18881,5.947561264,13.68331802,SAT_9829U,5.439673765,35.25802179
frame-z-002392-5-0220,1,No match,FALSE,N/A,inf,270.240712,48.63628826,270.249004,48.60716663,FOVNotMatch,2001/6/16 8:34:59,SAT_13012,5.846110192,26.72125236,SAT_26505,1.6248025,31.47878002,SAT_13910,5.779100468,38.98245583
frame-z-002507-5-0164,1,No match,FALSE,N/A,inf,341.6011841,14.29651199,341.5183403,14.45226155,FOVNotMatch,2001/8/23 7:26:11,SAT_21990,3.122109692,45.88075601,SAT_10618,4.75587707,52.82723547,SAT_16229,5.018815106,54.87473626
frame-z-002566-4-0260,1,No match,FALSE,N/A,inf,352.4082057,14.71170637,352.5734591,14.76470936,FOVNotMatch,2001/9/18 6:24:02,SAT_4882U,0.069780159,6.769389055,SAT_04882,0.069464222,6.770052279,SAT_24937,1.960387192,28.15926071
frame-z-002566-5-0303,1,No match,FALSE,N/A,inf,359.1038752,15.34051618,359.0520441,15.38659187,FOVNotMatch,2001/9/18 6:49:42,SAT_24937,3.020847232,31.07284053,SAT_12908,4.836265588,43.77436613,SAT_19716,2.795710966,66.72026774
frame-z-002566-5-0304,1,No match,FALSE,N/A,inf,359.3758474,15.38239171,359.3107352,15.43907122,FOVNotMatch,2001/9/18 6:50:18,SAT_24937,3.020847232,30.48038643,SAT_12908,4.836265588,43.18191204,SAT_19716,2.795710966,67.31272183
frame-z-002570-3-0240,1,No match,FALSE,N/A,inf,44.12241886,-0.031030846,44.02896232,-0.005622099,FOVNotMatch,2001/9/18 10:38:11,SAT_19884,2.826367225,14.42097689,SAT_23313,5.282086232,15.18084183,SAT_22930,5.604166177,15.18545912
frame-z-002570-3-0241,1,No match,FALSE,N/A,inf,44.34093152,-0.009173583,44.24929741,0.015378547,FOVNotMatch,2001/9/18 10:38:47,SAT_19884,2.826367225,14.63145341,SAT_23313,5.282086232,14.97036531,SAT_22930,5.604166177,14.9749826
frame-z-002570-3-0301,1,No match,FALSE,N/A,inf,53.28499317,-0.208812209,53.16091724,-0.182108952,FOVNotMatch,2001/9/18 11:14:36,SAT_23313,4.847296914,12.12168815,SAT_22930,5.330937351,12.12619333,SAT_25913,5.220488232,12.12622062
frame-z-002570-3-0302,1,No match,FALSE,N/A,inf,53.47381297,-0.185123582,53.31120025,-0.150547975,FOVNotMatch,2001/9/18 11:15:12,SAT_23313,4.847296914,11.97967996,SAT_22930,5.330937351,11.98418514,SAT_25913,5.220488232,11.98421243
frame-z-002570-3-0303,1,No match,FALSE,N/A,inf,53.62318543,-0.152842559,53.46068355,-0.11806288,FOVNotMatch,2001/9/18 11:15:48,SAT_23313,4.847296914,12.05643147,SAT_22930,5.330937351,12.06093665,SAT_25913,5.220488232,12.06096394
frame-z-002570-3-0304,1,No match,FALSE,N/A,inf,53.77313504,-0.120635344,53.6101029,-0.085573021,FOVNotMatch,2001/9/18 11:16:24,SAT_23313,4.847296914,12.11324911,SAT_22930,5.330937351,12.11775428,SAT_25913,5.220488232,12.11778157
frame-z-002570-3-0305,1,No match,FALSE,N/A,inf,53.92327627,-0.089100297,53.76071238,-0.054070454,FOVNotMatch,2001/9/18 11:17:00,SAT_23313,4.847296914,12.13621951,SAT_22930,5.330937351,12.14072469,SAT_25913,5.220488232,12.14075198
frame-z-002570-3-0306,1,No match,FALSE,N/A,inf,54.07276085,-0.05684513,53.91011189,-0.021915004,FOVNotMatch,2001/9/18 11:17:35,SAT_23313,4.847296914,12.09646854,SAT_22930,5.330937351,12.10097372,SAT_25913,5.220488232,12.10100101
frame-z-002570-3-0307,1,No match,FALSE,N/A,inf,54.22198274,-0.02474179,54.05959643,0.010208533,FOVNotMatch,2001/9/18 11:18:11,SAT_23313,4.847296914,12.12229938,SAT_22930,5.330937351,12.12680456,SAT_25913,5.220488232,12.12683185
frame-z-002570-6-0295,1,No match,FALSE,N/A,inf,52.39634918,1.053622865,52.26414043,1.072569106,FOVNotMatch,2001/9/18 11:11:01,SAT_12472,2.343906253,19.66248553,SAT_14943,1.435566871,20.37183421,SAT_12851,2.434558437,20.61728293
frame-z-002570-6-0296,1,No match,FALSE,N/A,inf,52.57555814,1.070549737,52.47205095,1.08545047,FOVNotMatch,2001/9/18 11:11:37,SAT_12472,2.343906253,19.69918469,SAT_14943,1.435566871,20.40853338,SAT_12851,2.434558437,20.65398209
frame-z-002570-3-0308,1,No match,FALSE,N/A,inf,54.37219823,0.007542134,54.33420128,0.015473875,FOVNotMatch,2001/9/18 11:18:47,SAT_23313,5.286979121,11.76743639,SAT_25913,5.510709649,11.77148935,SAT_22930,5.605835347,11.77192135
frame-z-002570-3-0312,1,No match,FALSE,N/A,inf,54.86837384,-0.202314495,54.80850198,-0.172156284,FOVNotMatch,2001/9/18 11:21:10,SAT_19884,2.694205448,5.944807123,SAT_23313,5.286979121,26.71154184,SAT_25913,5.510709649,26.7155948
frame-z-002570-3-0313,1,No match,FALSE,N/A,inf,55.12098841,-0.178705757,54.95800991,-0.097380042,FOVNotMatch,2001/9/18 11:21:46,SAT_19884,2.694205448,6.160797389,SAT_23313,5.286979121,26.49555157,SAT_25913,5.510709649,26.49960453
frame-z-002570-4-0314,1,No match,FALSE,N/A,inf,55.21320172,0.2106646,55.10738553,0.233157489,FOVNotMatch,2001/9/18 11:22:22,SAT_23313,5.286979121,11.97703277,SAT_25913,5.510709649,11.98108574,SAT_22930,5.605835347,11.98151773
frame-z-002570-3-0314,1,No match,FALSE,N/A,inf,55.2704742,-0.104307504,55.10774396,-0.023244608,FOVNotMatch,2001/9/18 11:22:22,SAT_19884,2.694205448,6.200028905,SAT_23313,5.286979121,26.45632005,SAT_25913,5.510709649,26.46037302
frame-z-002570-1-0287,1,No match,FALSE,N/A,inf,51.22736997,-0.898784461,51.06585372,-0.874777127,FOVNotMatch,2001/9/18 11:06:15,SAT_26352,5.822628971,8.263481529,SAT_23313,4.427085372,8.430077364,SAT_22930,4.952067494,8.434618475
frame-z-002570-1-0123,1,No match,FALSE,N/A,inf,26.67385227,-0.884554681,26.62362277,-0.824195731,FOVNotMatch,2001/9/18 9:28:20,SAT_25667,5.697489383,42.71375769,SAT_26352,5.593567487,50.11775284,SAT_23313,4.436809293,50.20051984
frame-z-002570-2-0125,1,No match,FALSE,N/A,inf,26.97208477,-0.434829702,26.81515873,-0.517132539,FOVNotMatch,2001/9/18 9:29:31,SAT_10002,4.620849993,9.6794152,SAT_12851,1.987438871,12.58184255,SAT_22609,4.852981494,14.35897536
frame-z-002570-4-0315,1,No match,FALSE,N/A,inf,55.42011896,0.230077141,55.25905603,0.264288331,FOVNotMatch,2001/9/18 11:22:58,SAT_23313,5.705270592,11.96905676,SAT_25913,5.911296005,11.97262881,SAT_21222,5.681653916,11.99119117
frame-z-002570-3-0315,1,No match,FALSE,N/A,inf,55.41984689,-0.029841711,55.32882201,0.015114235,FOVNotMatch,2001/9/18 11:22:58,SAT_19884,3.555285081,6.686193351,SAT_23313,5.705270592,26.26118614,SAT_25913,5.911296005,26.26475819
frame-z-002570-4-0316,1,No match,FALSE,N/A,inf,55.5698525,0.261811313,55.4073439,0.296288665,FOVNotMatch,2001/9/18 11:23:34,SAT_23313,5.705270592,11.95528451,SAT_25913,5.911296005,11.95885656,SAT_21222,5.681653916,11.97741892
frame-z-002570-4-0317,1,No match,FALSE,N/A,inf,55.71945305,0.293455754,55.55767955,0.327901914,FOVNotMatch,2001/9/18 11:24:09,SAT_23313,5.705270592,11.99759694,SAT_25913,5.911296005,12.00116899,SAT_21222,5.681653916,12.01973135
frame-z-002570-4-0318,1,No match,FALSE,N/A,inf,55.86928808,0.325270694,55.70666792,0.359779048,FOVNotMatch,2001/9/18 11:24:45,SAT_23313,5.705270592,11.95782735,SAT_25913,5.911296005,11.9613994,SAT_21222,5.681653916,11.97996176
frame-z-002570-4-0319,1,No match,FALSE,N/A,inf,56.01840006,0.357050744,55.85638414,0.391126633,FOVNotMatch,2001/9/18 11:25:21,SAT_23313,5.705270592,11.85486831,SAT_25913,5.911296005,11.85844036,SAT_21222,5.681653916,11.87700272
frame-z-002570-4-0320,1,No match,FALSE,N/A,inf,56.16863147,0.38820099,56.00647069,0.422558322,FOVNotMatch,2001/9/18 11:25:57,SAT_23313,5.705270592,11.93980637,SAT_25913,5.911296005,11.94337842,SAT_21222,5.681653916,11.96194078
frame-z-002570-4-0321,1,No match,FALSE,N/A,inf,56.31858548,0.41975141,56.2457679,0.43513168,FOVNotMatch,2001/9/18 11:26:33,SAT_23313,5.705270592,11.90388424,SAT_25913,5.911296005,11.90745629,SAT_21222,5.681653916,11.92601865
frame-z-002574-3-0180,1,No match,FALSE,N/A,inf,268.5617514,39.21909301,268.4460272,39.31122955,FOVNotMatch,2001/9/19 4:25:28,SAT_4637U,1.888330752,29.10521301,SAT_04637,1.901039239,29.17370709,SAT_21217,0.013337729,68.73734574
frame-z-002574-3-0182,1,No match,FALSE,N/A,inf,268.6343746,38.9755998,268.5239611,39.06348979,FOVNotMatch,2001/9/19 4:26:40,SAT_4637U,1.888330752,29.2110938,SAT_04637,1.901039239,29.27958788,SAT_21217,0.013337729,68.84322653
frame-z-002574-3-0184,1,No match,FALSE,N/A,inf,268.4057439,38.69119829,268.4438503,38.73859029,FOVNotMatch,2001/9/19 4:27:51,SAT_23512,0.225520602,7.456557798,SAT_21217,0.013337729,7.565671983,SAT_04637,1.901039239,47.12931064
frame-z-002574-3-0138,1,No match,FALSE,N/A,inf,266.7220442,45.3960124,267.0301998,45.4481521,FOVNotMatch,2001/9/19 4:00:23,SAT_23587,4.611137651,46.53406008,SAT_18704,3.351413728,50.72672991,SAT_20623,4.584317156,51.0078035
frame-z-002574-4-0138,1,No match,FALSE,N/A,inf,267.3027528,45.49383393,267.6130055,45.54467928,FOVNotMatch,2001/9/19 4:00:23,SAT_23587,4.611137651,46.92295951,SAT_18704,3.351413728,51.11562933,SAT_20623,4.584317156,51.39670292
frame-z-002570-5-0327,1,No match,FALSE,N/A,inf,57.1116755,0.629825152,57.05460481,0.641681698,FOVNotMatch,2001/9/18 11:30:08,SAT_20926,5.963982654,19.2492064,SAT_13069,5.524249686,20.00110888,SAT_19884,4.873393712,21.72319734
frame-z-002570-5-0328,1,No match,FALSE,N/A,inf,57.3663632,0.638939669,57.2048346,0.672780591,FOVNotMatch,2001/9/18 11:30:44,SAT_20926,5.963982654,19.34546931,SAT_13069,5.524249686,20.09737179,SAT_19884,4.873393712,21.62693443
frame-z-002570-5-0329,1,No match,FALSE,N/A,inf,57.51585451,0.67011443,57.35418263,0.704032851,FOVNotMatch,2001/9/18 11:31:19,SAT_20926,5.963982654,19.36166282,SAT_13069,5.524249686,20.1135653,SAT_19884,4.873393712,21.61074092
frame-z-002570-5-0330,1,No match,FALSE,N/A,inf,57.66634714,0.701314171,57.50357146,0.735217365,FOVNotMatch,2001/9/18 11:31:55,SAT_20926,5.963982654,19.27849795,SAT_13069,5.524249686,20.03040043,SAT_19884,4.873393712,21.69390579
frame-z-002570-5-0331,1,No match,FALSE,N/A,inf,57.81591625,0.73220388,57.65356485,0.766290508,FOVNotMatch,2001/9/18 11:32:31,SAT_20926,5.963982654,19.37048853,SAT_13069,5.524249686,20.12239101,SAT_19884,4.873393712,21.60191521
frame-z-002570-5-0332,1,No match,FALSE,N/A,inf,57.96555261,0.7630765,57.80313756,0.79715538,FOVNotMatch,2001/9/18 11:33:07,SAT_20926,5.963982654,19.36343763,SAT_13069,5.524249686,20.11534011,SAT_19884,4.873393712,21.60896611
frame-z-002570-5-0333,1,No match,FALSE,N/A,inf,58.11534828,0.7944668,57.9525053,0.827936216,FOVNotMatch,2001/9/18 11:33:43,SAT_20926,5.963982654,19.12764431,SAT_13069,5.524249686,19.87954679,SAT_19884,4.873393712,21.84475943
frame-z-002570-5-0334,1,Success,TRUE,SAT_22176,1.602909335,58.26486163,0.825297893,58.12432052,0.85422021,,2001/9/18 11:34:18,SAT_22176,3.912656995,1.602909335,SAT_20926,5.826678675,19.14007276,SAT_13069,5.375134852,19.88489325
frame-z-002574-1-0098,1,No match,FALSE,N/A,inf,263.9066475,51.13295708,263.8408527,51.23593113,FOVNotMatch,2001/9/19 3:36:30,SAT_17535,0.102458442,10.59553559,SAT_26840,0.321500429,13.65920221,SAT_3391U,2.35508514,20.52328373
frame-z-002576-1-0154,1,No match,FALSE,N/A,inf,344.5509055,-10.63296415,344.4855291,-10.43490304,FOVNotMatch,2001/9/19 7:06:21,SAT_25154,0.710267602,60.72975552,SAT_26612,3.87551094,62.10621984,SAT_20413,1.395243157,63.69857215
frame-z-002576-1-0155,1,No match,FALSE,N/A,inf,344.8004988,-10.48694543,344.7788358,-10.42142827,FOVNotMatch,2001/9/19 7:06:56,SAT_25154,0.710267602,60.69665597,SAT_26612,3.87551094,62.07312028,SAT_20413,1.395243157,63.73167171
frame-z-002578-6-0135,1,No match,FALSE,N/A,inf,48.64398674,1.052618112,48.75151877,1.241481369,FOVNotMatch,2001/9/19 9:25:50,SAT_25827,3.975101821,22.56222023,SAT_15626,3.236252262,46.67042601,SAT_10143,4.251585497,46.92775103
frame-z-002579-2-0092,1,Success,TRUE,SAT_19445,0.493636887,49.62211047,-0.834303818,49.67184532,-0.618464101,,2001/9/19 11:15:16,SAT_19445,2.062316562,0.493636887,SAT_10946,5.459028108,0.829662433,SAT_10708,1.275999568,1.551427198
frame-z-002579-2-0092,2,No match,FALSE,N/A,inf,49.56346882,-0.734743043,49.60868071,-0.610884688,FOVNotMatch,2001/9/19 11:15:16,SAT_10708,1.275999568,5.525970525,SAT_19445,2.062316562,7.57103461,SAT_10946,5.459028108,7.907060157
frame-z-002579-1-0094,1,No match,FALSE,N/A,inf,49.98464759,-1.224646565,50.02658365,-1.109169812,FOVNotMatch,2001/9/19 11:16:28,SAT_19445,3.069821117,7.441688621,SAT_10946,4.523143841,7.785101422,SAT_03392,0.53071949,32.57592762
frame-z-002582-4-0164,1,Success,TRUE,SAT_23734,0.622697492,264.8955554,64.5889935,265.0817745,64.55038006,,2001/9/20 3:41:27,SAT_23734,5.840768146,0.622697492,SAT_26150,2.312502824,1.574492932,SAT_5088U,1.758486884,7.222956027
frame-z-002579-1-0140,1,Success,TRUE,SAT_26745,4.454716193,56.91297939,-1.179524396,56.7510594,-1.164975362,,2001/9/19 11:43:56,SAT_26745,4.630800175,4.454716193,SAT_21726,5.074063474,5.110768722,SAT_25558,4.250492772,5.113232026
frame-z-002589-4-0301,1,No match,FALSE,N/A,inf,60.23241222,0.214282501,60.19540348,0.375148684,FOVNotMatch,2001/9/21 9:37:57,SAT_19557,3.536633324,5.602695705,SAT_20233,1.960427341,16.14195253,SAT_22312,0.073235387,26.00793187
frame-z-002589-3-0301,1,No match,FALSE,N/A,inf,60.32861406,-0.204955346,60.27767239,0.018914505,FOVNotMatch,2001/9/21 9:37:57,SAT_19557,3.536633324,5.739139411,SAT_20233,1.960427341,16.00550882,SAT_22312,0.073235387,25.87148816
frame-z-002589-4-0302,1,No match,FALSE,N/A,inf,60.50811626,0.316661652,60.4800159,0.438705817,FOVNotMatch,2001/9/21 9:38:33,SAT_19557,3.536633324,5.592556807,SAT_20233,1.960427341,16.15209143,SAT_22312,0.073235387,26.01807077
frame-z-002589-5-0302,1,No match,FALSE,N/A,inf,60.43435289,0.634167624,60.38273216,0.858320389,FOVNotMatch,2001/9/21 9:38:33,SAT_19557,3.536633324,5.590892115,SAT_20233,1.960427341,16.15375612,SAT_22312,0.073235387,26.01973546
frame-z-002591-3-0018,1,No match,FALSE,N/A,inf,43.42668906,-0.364082033,43.26443317,-0.323660547,FOVNotMatch,2001/9/21 10:13:04,SAT_26352,4.998535359,13.8274708,SAT_23313,5.908309534,13.95903536,SAT_22930,5.049057339,13.96122773
frame-z-002591-3-0019,1,No match,FALSE,N/A,inf,43.57617496,-0.327184946,43.41388386,-0.286780112,FOVNotMatch,2001/9/21 10:13:39,SAT_26352,4.998535359,13.81896996,SAT_23313,5.908309534,13.95053453,SAT_22930,5.049057339,13.95272689
frame-z-002591-3-0020,1,No match,FALSE,N/A,inf,43.7259089,-0.289927085,43.56400202,-0.250113833,FOVNotMatch,2001/9/21 10:14:15,SAT_26352,4.998535359,13.65355055,SAT_23313,5.908309534,13.78511511,SAT_22930,5.049057339,13.78730748
frame-z-002591-2-0011,1,Success,TRUE,SAT_08746,0.36410207,42.37879403,-0.623808943,42.3261503,-0.610902706,,2001/9/21 10:08:53,SAT_08746,5.854441946,0.36410207,SAT_8746U,5.854004721,0.364125106,SAT_22176,0.085145575,4.521953762
frame-z-002591-3-0016,1,Success,TRUE,SAT_08746,0.742005914,43.03684787,-0.41610868,42.96461873,-0.397894414,,2001/9/21 10:11:52,SAT_08746,5.854441946,0.742005914,SAT_8746U,5.854004721,0.74202895,SAT_22176,0.085145575,4.899857607
frame-z-002591-3-0017,1,Success,TRUE,SAT_08746,0.413669156,43.27735266,-0.40112283,43.11405424,-0.360937044,,2001/9/21 10:12:28,SAT_08746,5.854441946,0.413669156,SAT_8746U,5.854004721,0.413692192,SAT_22176,0.085145575,4.571520849
frame-z-002591-4-0028,1,No match,FALSE,N/A,inf,44.92431646,0.004172483,44.76146633,0.044345498,FOVNotMatch,2001/9/21 10:19:02,SAT_13906,3.353835304,8.380162863,SAT_26352,5.411300166,13.69150339,SAT_22930,5.469472675,13.83015243
frame-z-002591-5-0071,1,Success,TRUE,SAT_18946,4.571786127,51.27804807,0.422567807,51.36249281,0.61172989,,2001/9/21 10:44:43,SAT_18946,1.551298103,4.571786127,SAT_12981,3.968494888,7.61498349,SAT_25403,0.554126127,8.543394366
frame-z-002650-5-0047,1,No match,FALSE,N/A,inf,10.71080099,0.825471197,10.63212017,0.859080134,FOVNotMatch,2001/10/14 8:22:30,SAT_14565,4.481370429,21.02573899,SAT_24786,5.811665592,23.08491179,SAT_22096,5.994318537,23.1033104
frame-z-002659-2-0143,1,No match,FALSE,N/A,inf,322.5991272,-0.625448444,322.6407888,-0.587342797,FOVNotMatch,2001/10/15 3:59:37,SAT_15039,5.338767931,27.0355276,SAT_20630,3.189892259,29.94322493,SAT_3292U,4.212918993,30.95904378
frame-z-002650-6-0059,1,No match,FALSE,N/A,inf,12.4447019,1.0542077,12.34465746,1.140708392,FOVNotMatch,2001/10/14 8:29:40,SAT_22691,2.209947544,34.87277214,SAT_24786,5.813615968,40.79934475,SAT_22096,5.995313659,40.82447046
frame-z-002650-6-0060,1,No match,FALSE,N/A,inf,12.65694034,1.128964491,12.57593817,1.19872896,FOVNotMatch,2001/10/14 8:30:16,SAT_22691,2.209947544,34.98234224,SAT_24786,5.813615968,40.68977465,SAT_22096,5.995313659,40.71490037
frame-z-002662-3-0287,1,No match,FALSE,N/A,inf,0.693203202,-0.203899905,0.614897798,-0.172157698,FOVNotMatch,2001/10/15 7:34:51,SAT_25964,3.659190271,16.08501311,SAT_23016,5.159084556,22.02110725,SAT_22117,5.580267317,22.02263955
frame-z-002662-1-0334,1,No match,FALSE,N/A,inf,7.813922406,-0.961281638,7.751118604,-0.94783915,FOVNotMatch,2001/10/15 8:02:55,SAT_26745,3.748717766,11.94957057,SAT_23016,4.325802982,12.03988298,SAT_22117,4.59219662,12.04605543
frame-z-002662-6-0339,1,No match,FALSE,N/A,inf,8.561762291,1.067888026,8.440081277,1.105773366,FOVNotMatch,2001/10/15 8:05:54,SAT_26745,3.748717766,17.16356362,SAT_23016,4.325802982,17.25387603,SAT_22117,4.59219662,17.26004848
frame-z-002662-1-0325,1,No match,FALSE,N/A,inf,6.321370366,-0.923989723,6.466765436,-0.910730404,FOVNotMatch,2001/10/15 7:57:33,SAT_25922,5.629717836,5.219659759,SAT_26495,5.996239771,5.231819262,SAT_24786,4.737064307,5.242415286
frame-z-002677-3-0101,1,Success,TRUE,SAT_24320,2.841542167,18.86427988,-0.172779307,18.79559761,-0.07824439,,2001/10/25 8:07:12,SAT_24320,2.283396998,2.841542167,SAT_21780,3.85838133,19.60351263,SAT_11878,1.2529799,40.55070682
frame-z-002662-1-0409,1,Success,TRUE,SAT_24320,4.024934704,18.96809275,-0.960019394,18.93716191,-0.919332951,,2001/10/15 8:47:42,SAT_24320,2.768167608,4.024934704,SAT_11882,5.857448048,13.58641423,SAT_24726,0.411466101,20.99814125
frame-z-002699-6-0056,1,Success,TRUE,SAT_25595,1.383931818,13.36703997,-1.197022021,13.34296056,-1.269863565,,2001/11/11 5:54:51,SAT_25595,4.054919408,1.383931818,SAT_19448,0.74949954,5.430436103,SAT_12384,4.455000747,7.316400254
frame-z-002700-6-0083,1,Success,TRUE,SAT_23244,2.700133751,32.57493665,1.2733149,32.4844121,1.26928538,,2001/11/11 7:18:47,SAT_23244,2.385252581,2.700133751,SAT_12472,5.979940087,9.603912729,SAT_17875,4.709605238,10.42421255
frame-z-002700-1-0044,1,No match,FALSE,N/A,inf,26.78231889,-0.870285022,26.72481151,-0.820959139,FOVNotMatch,2001/11/11 6:55:30,SAT_21906,4.356334809,40.59265647,SAT_26056,4.658743794,40.60157615,SAT_25922,5.820693,40.62920805
frame-z-002700-3-0153,1,Success,TRUE,SAT_09330,2.330910744,43.12670772,-0.149205964,42.96433839,-0.110469321,,2001/11/11 8:00:35,SAT_09330,0.969208973,2.330910744,SAT_9330U,0.964410665,2.363547403,SAT_21766,3.919448111,9.523639475
frame-z-002700-3-0155,1,Success,TRUE,SAT_09330,2.272907218,43.42654367,-0.078124133,43.264061,-0.039534178,,2001/11/11 8:01:46,SAT_09330,0.969208973,2.272907218,SAT_9330U,0.964410665,2.305543877,SAT_21766,3.919448111,9.465635949
frame-z-002700-3-0157,1,Success,TRUE,SAT_09330,2.438104604,43.72610474,-0.007282095,43.62347675,0.017405072,,2001/11/11 8:02:58,SAT_09330,0.969208973,2.438104604,SAT_9330U,0.964410665,2.470741263,SAT_21766,3.919448111,9.630833335
frame-z-002700-2-0140,1,Success,TRUE,SAT_09330,3.030679561,41.08101878,-0.591273465,41.01833743,-0.576010523,,2001/11/11 7:52:49,SAT_09330,1.766796566,3.030679561,SAT_9330U,1.75028928,3.064347245,SAT_21766,4.585924901,10.36291498
frame-z-002700-2-0141,1,Success,TRUE,SAT_09330,2.969729694,41.33019811,-0.579321216,41.16749306,-0.539885576,,2001/11/11 7:53:25,SAT_09330,1.766796566,2.969729694,SAT_9330U,1.75028928,3.003397378,SAT_21766,4.585924901,10.30196512
frame-z-002700-2-0144,1,Success,TRUE,SAT_09330,2.812958189,41.77981706,-0.471260733,41.61705875,-0.4322827,,2001/11/11 7:55:12,SAT_09330,1.766796566,2.812958189,SAT_9330U,1.75028928,2.846625873,SAT_21766,4.585924901,10.14519361
frame-z-002700-4-0164,1,Success,TRUE,SAT_09330,1.804825714,44.77365165,0.240297771,44.61125786,0.278530056,,2001/11/11 8:07:09,SAT_09330,0.555355356,1.804825714,SAT_9330U,0.630032851,1.836643873,SAT_21766,3.361956206,8.872143748
frame-z-002700-4-0166,1,Success,TRUE,SAT_09330,1.644353944,45.07292722,0.311040799,44.91007075,0.348900688,,2001/11/11 8:08:20,SAT_09330,0.555355356,1.644353944,SAT_9330U,0.630032851,1.676172103,SAT_21766,3.361956206,8.711671978
frame-z-002700-4-0168,1,Success,TRUE,SAT_09330,1.833002249,45.37270252,0.380876533,45.20997693,0.419270859,,2001/11/11 8:09:32,SAT_09330,0.555355356,1.833002249,SAT_9330U,0.630032851,1.864820408,SAT_21766,3.361956206,8.900320283
frame-z-002700-4-0169,1,Success,TRUE,SAT_09330,1.865591024,45.52202989,0.416165037,45.43227193,0.437396827,,2001/11/11 8:10:08,SAT_09330,0.555355356,1.865591024,SAT_9330U,0.630032851,1.897409184,SAT_21766,3.361956206,8.932909059
frame-z-002700-5-0175,1,Success,TRUE,SAT_09330,1.307760206,46.39190403,0.631944341,46.25790214,0.663120766,,2001/11/11 8:13:43,SAT_09330,1.285642801,1.307760206,SAT_9330U,1.361813762,1.338805217,SAT_21766,2.857018846,8.242715762
frame-z-002700-5-0179,1,Success,TRUE,SAT_09330,1.180929479,47.01895556,0.764090326,46.85817144,0.801121759,,2001/11/11 8:16:06,SAT_09330,1.285642801,1.180929479,SAT_9330U,1.361813762,1.21197449,SAT_21766,2.857018846,8.115885035
frame-z-002700-5-0180,1,Success,TRUE,SAT_09330,1.27245054,47.16903128,0.798643793,47.00617542,0.836426077,,2001/11/11 8:16:42,SAT_09330,1.285642801,1.27245054,SAT_9330U,1.361813762,1.303495551,SAT_21766,2.857018846,8.207406096
frame-z-002700-6-0187,1,Success,TRUE,SAT_09330,0.801351082,48.16362783,1.051615767,48.05475663,1.076668484,,2001/11/11 8:20:53,SAT_09330,2.33036131,0.801351082,SAT_9330U,2.398253475,0.831600291,SAT_21766,2.410634549,7.583676009
frame-z-002700-6-0188,1,Success,TRUE,SAT_09330,0.698562101,48.36636148,1.073619538,48.20470884,1.110512443,,2001/11/11 8:21:28,SAT_09330,2.33036131,0.698562101,SAT_9330U,2.398253475,0.728811309,SAT_21766,2.410634549,7.480887028
frame-z-002700-6-0189,1,Success,TRUE,SAT_09330,0.849109517,48.51618504,1.107581333,48.35428791,1.144977351,,2001/11/11 8:22:04,SAT_09330,2.33036131,0.849109517,SAT_9330U,2.398253475,0.879358725,SAT_21766,2.410634549,7.631434444
frame-z-002700-6-0190,1,Success,TRUE,SAT_09330,0.728352647,48.66502723,1.142147897,48.50422847,1.178933019,,2001/11/11 8:22:40,SAT_09330,2.33036131,0.728352647,SAT_9330U,2.398253475,0.758601856,SAT_21766,2.410634549,7.510677574
frame-z-002700-6-0191,1,Success,TRUE,SAT_09330,0.734100886,48.81556541,1.175958128,48.65258921,1.21325812,,2001/11/11 8:23:16,SAT_09330,2.33036131,0.734100886,SAT_9330U,2.398253475,0.764350094,SAT_21766,2.410634549,7.516425813
frame-z-002700-6-0192,1,Success,TRUE,SAT_09330,0.676693079,48.96489581,1.209948768,48.80299775,1.24683091,,2001/11/11 8:23:52,SAT_09330,2.33036131,0.676693079,SAT_9330U,2.398253475,0.706942288,SAT_21766,2.410634549,7.459018006
frame-z-002700-6-0193,1,Success,TRUE,SAT_09330,0.583954072,49.11523746,1.244071277,48.97372527,1.276068113,,2001/11/11 8:24:28,SAT_09330,2.33036131,0.583954072,SAT_9330U,2.398253475,0.61420328,SAT_21766,2.410634549,7.366278999
frame-z-002700-1-0243,1,No match,FALSE,N/A,inf,56.52865823,-1.03666026,56.44643812,-0.82175253,FOVNotMatch,2001/11/11 8:54:19,SAT_23749,1.834175604,11.07396164,SAT_19143,3.40473903,14.88444487,SAT_21766,0.059375243,61.50310408
frame-z-002708-6-0079,1,No match,FALSE,N/A,inf,355.5595266,1.276043579,355.5205638,1.235735228,FOVNotMatch,2001/11/12 3:38:54,SAT_21052,5.005955182,29.00291726,SAT_4297U,3.556637115,29.7527459,SAT_25667,5.370136262,45.99348536
frame-z-002708-6-0080,1,No match,FALSE,N/A,inf,355.8330605,1.249520139,355.6703748,1.080320427,FOVNotMatch,2001/11/12 3:39:30,SAT_21052,5.005955182,29.15391399,SAT_4297U,3.556637115,29.90374263,SAT_25667,5.370136262,46.1444821
frame-z-002708-4-0039,1,Success,TRUE,SAT_26837,0.017294492,349.6682756,0.302928164,349.5336435,0.331379052,,2001/11/12 3:15:01,SAT_26837,0.597160778,0.017294492,SAT_19485,4.404266738,1.369198452,SAT_20169,2.560846313,5.942054076
frame-z-002708-3-0167,1,No match,FALSE,N/A,inf,8.76480908,-0.105485415,8.694132457,-0.084493055,FOVNotMatch,2001/11/12 4:31:26,SAT_8747U,5.681664195,5.583313713,SAT_08747,5.675363506,5.584937994,SAT_16453,3.252864064,8.017583131
frame-z-002708-3-0168,1,No match,FALSE,N/A,inf,9.005680248,-0.088644932,8.844249196,-0.040870344,FOVNotMatch,2001/11/12 4:32:02,SAT_8747U,5.681664195,5.526653489,SAT_08747,5.675363506,5.52827777,SAT_16453,3.252864064,7.960922907
frame-z-002708-6-0194,1,Success,TRUE,SAT_8747U,4.665302291,12.83301355,1.05164234,12.73711047,1.079375103,,2001/11/12 4:47:34,SAT_8747U,5.06563935,4.665302291,SAT_08747,5.05824165,4.666835409,SAT_24937,4.87593121,6.625641687
frame-z-002708-6-0195,1,Success,TRUE,SAT_8747U,4.384514934,13.04892913,1.075485729,12.88630529,1.121649695,,2001/11/12 4:48:09,SAT_8747U,5.06563935,4.384514934,SAT_08747,5.05824165,4.386048051,SAT_24937,4.87593121,6.906429044
frame-z-002708-6-0197,1,Success,TRUE,SAT_8747U,4.469324522,13.34785257,1.160402784,13.1868981,1.206349025,,2001/11/12 4:49:21,SAT_8747U,5.06563935,4.469324522,SAT_08747,5.05824165,4.47085764,SAT_24937,4.87593121,6.821619456
frame-z-002708-6-0198,1,Success,TRUE,SAT_8747U,4.427542628,13.49732969,1.202797806,13.33590183,1.2487512,,2001/11/12 4:49:57,SAT_8747U,5.06563935,4.427542628,SAT_08747,5.05824165,4.429075746,SAT_24937,4.87593121,6.86340135
frame-z-002708-5-0184,1,No match,FALSE,N/A,inf,11.30718685,0.63201291,11.23912448,0.651927933,FOVNotMatch,2001/11/12 4:41:35,SAT_8747U,5.199970784,5.025637213,SAT_08747,5.192880088,5.027204921,SAT_24937,5.342003059,6.162403419
frame-z-002708-5-0185,1,Success,TRUE,SAT_8747U,4.765596846,11.55149365,0.648137334,11.38886453,0.69492208,,2001/11/12 4:42:11,SAT_8747U,5.199970784,4.765596846,SAT_08747,5.192880088,4.767164553,SAT_24937,5.342003059,6.422443787
frame-z-002708-5-0187,1,Success,TRUE,SAT_8747U,4.897466715,11.85052206,0.733660432,11.6888639,0.780568082,,2001/11/12 4:43:23,SAT_8747U,5.199970784,4.897466715,SAT_08747,5.192880088,4.899034423,SAT_24937,5.342003059,6.290573917
frame-z-002708-4-0176,1,No match,FALSE,N/A,inf,10.20405235,0.259270179,10.04178732,0.306568584,FOVNotMatch,2001/11/12 4:36:49,SAT_8747U,5.401012986,5.116648772,SAT_08747,5.394287938,5.11824346,SAT_24937,5.941737992,5.992393281
frame-z-002708-4-0178,1,No match,FALSE,N/A,inf,10.50381827,0.345844463,10.34108498,0.393286694,FOVNotMatch,2001/11/12 4:38:00,SAT_8747U,5.401012986,5.119160672,SAT_08747,5.394287938,5.12075536,SAT_24937,5.941737992,5.989881381
frame-z-002708-4-0179,1,No match,FALSE,N/A,inf,10.65303544,0.389559519,10.49150776,0.436371276,FOVNotMatch,2001/11/12 4:38:36,SAT_8747U,5.401012986,5.027984589,SAT_08747,5.394287938,5.029579277,SAT_24937,5.941737992,6.081057464
frame-z-002728-2-0197,1,No match,FALSE,N/A,inf,327.6634319,-0.623310886,327.6134797,-0.58055121,FOVNotMatch,2001/11/18 2:39:05,SAT_20706,5.810124684,40.06001391,SAT_21906,4.810419929,40.53610889,SAT_23877,4.759763249,40.56453907
frame-z-002709-1-0066,1,No match,FALSE,N/A,inf,29.75044188,-1.254602922,29.59512188,-1.155904916,FOVNotMatch,2001/11/12 6:17:26,SAT_08774,5.438002035,46.68128548,SAT_8774U,5.437502823,46.68129593,SAT_14821,5.994124016,47.4819515
frame-z-002709-1-0067,1,No match,FALSE,N/A,inf,29.90743406,-1.164171241,29.74537752,-1.060935489,FOVNotMatch,2001/11/12 6:18:01,SAT_08774,5.438002035,46.74512728,SAT_8774U,5.437502823,46.74513773,SAT_14821,5.994124016,47.5457933
frame-z-002709-1-0052,1,No match,FALSE,N/A,inf,27.6268423,-1.138762744,27.5599372,-1.25495482,FOVNotMatch,2001/11/12 6:09:04,SAT_25600,4.70325653,10.06393529,SAT_24282,1.197731077,27.42953522,SAT_25525,1.391697967,36.7397658
frame-z-002728-2-0222,1,No match,FALSE,N/A,inf,331.3931848,-0.39908904,331.3615125,-0.529522988,FOVNotMatch,2001/11/18 2:54:01,SAT_20770,5.299377701,6.84476128,SAT_20707,3.254997983,28.65027279,SAT_26483,3.485222235,33.1681284
frame-z-002709-2-0070,1,No match,FALSE,N/A,inf,30.28802582,-0.835225626,30.19346687,-0.774512131,FOVNotMatch,2001/11/12 6:19:49,SAT_25240,4.319249114,18.28158551,SAT_23879,4.780239194,28.15152834,SAT_23313,4.959379319,32.66731342
frame-z-002734-3-0022,1,No match,FALSE,N/A,inf,131.9007875,42.76727114,131.7491364,42.77584023,FOVNotMatch,2001/11/20 10:14:41,SAT_20830,5.564494566,46.91814994,SAT_19796,4.732911478,75.63231342,SAT_01804,0.10899821,86.97932332
frame-z-002728-4-0345,1,No match,FALSE,N/A,inf,349.9291539,0.318114198,349.8639155,0.340486284,FOVNotMatch,2001/11/18 4:07:27,SAT_23246,2.498462303,12.48143671,SAT_11636,0.040219655,17.2632803,SAT_21906,5.698329263,18.8956236
frame-z-002728-6-0428,1,Success,TRUE,SAT_21158,0.568097653,2.353183211,1.265280188,2.268896264,1.278234918,,2001/11/18 4:57:00,SAT_21158,0.898307145,0.568097653,SAT_21906,5.618726755,8.7073872,SAT_23877,5.665283793,8.731864455
frame-z-002734-3-0065,1,No match,FALSE,N/A,inf,138.7413463,46.98066244,138.5963523,47.0153681,FOVNotMatch,2001/11/20 10:40:22,SAT_15429,2.749081483,33.07383088,SAT_14907,5.467735231,36.43362635,SAT_21108,0.031494918,64.59575694
frame-z-002734-4-0066,1,No match,FALSE,N/A,inf,138.6197521,47.27360661,138.565066,47.28650598,FOVNotMatch,2001/11/20 10:40:58,SAT_15429,2.749081483,33.24036693,SAT_14907,5.467735231,36.6001624,SAT_21108,0.031494918,64.76229299
frame-z-002728-1-0386,1,No match,FALSE,N/A,inf,355.9562649,-1.042455352,355.904586,-1.018624501,FOVNotMatch,2001/11/18 4:31:56,SAT_22416,4.414151999,10.65329012,SAT_23246,5.99495292,14.03121754,SAT_21766,4.160768165,24.62910825
frame-z-002735-1-0035,1,No match,FALSE,N/A,inf,148.2678524,50.05435731,148.1423432,50.08676873,FOVNotMatch,2001/11/20 11:11:01,SAT_14277,4.492494497,17.81421777,SAT_15714,5.665691447,49.33555063,SAT_19787,0.12555918,81.01224856
frame-z-002728-4-0521,1,Success,TRUE,SAT_23297,2.984262585,16.18193712,0.215774275,16.11393931,0.414750356,,2001/11/18 5:52:32,SAT_23297,5.742219862,2.984262585,SAT_26819,0.154924052,8.455405642,SAT_16137,2.446375694,18.15545788
frame-z-002728-3-0521,1,Success,TRUE,SAT_23297,2.644378786,16.27638083,-0.060936061,16.24940771,0.019551422,,2001/11/18 5:52:32,SAT_23297,5.742219862,2.644378786,SAT_26819,0.154924052,8.115521844,SAT_16137,2.446375694,18.49534168
frame-z-002728-5-0522,1,Success,TRUE,SAT_23297,2.961589206,16.33732989,0.634351093,16.26330249,0.851236549,,2001/11/18 5:53:08,SAT_23297,5.742219862,2.961589206,SAT_26819,0.154924052,8.432732263,SAT_16137,2.446375694,18.17813126
frame-z-002728-5-0523,1,Success,TRUE,SAT_23297,2.97037384,16.57617772,0.810729864,16.5597029,0.858972522,,2001/11/18 5:53:44,SAT_23297,5.742219862,2.97037384,SAT_26819,0.154924052,8.441516898,SAT_16137,2.446375694,18.16934663
frame-z-002728-6-0524,1,Success,TRUE,SAT_23297,3.001994792,16.72572234,1.247198337,16.71490773,1.278805015,,2001/11/18 5:54:19,SAT_23297,5.742219862,3.001994792,SAT_26819,0.154924052,8.47313785,SAT_16137,2.446375694,18.13772567
frame-z-002728-1-0495,1,Success,TRUE,SAT_17563,2.924980101,12.34485249,-1.042903461,12.22612136,-1.024792447,,2001/11/18 5:37:01,SAT_17563,4.518318908,2.924980101,SAT_21906,5.248612217,8.643113968,SAT_23877,5.183025359,8.664634544
frame-z-002735-6-0093,1,No match,FALSE,N/A,inf,159.8628865,55.85593134,159.7741444,55.87107992,FOVNotMatch,2001/11/20 11:45:39,SAT_06677,4.824600995,55.19433881,SAT_6677U,4.821087139,55.19501133,SAT_18131,5.84960498,61.13675191
frame-z-002738-6-0026,1,No match,FALSE,N/A,inf,16.07946468,1.068173991,16.21323011,1.276881215,FOVNotMatch,2001/11/21 5:10:46,SAT_25593,3.583593297,12.92851353,SAT_16962,4.062960374,13.80880608,SAT_8893U,1.207045476,18.65153721
frame-z-002738-6-0027,1,No match,FALSE,N/A,inf,16.36847622,1.052129697,16.39205679,1.088411605,FOVNotMatch,2001/11/21 5:11:22,SAT_25593,3.583593297,13.29352762,SAT_16962,4.062960374,14.17382017,SAT_8893U,1.207045476,19.0165513
frame-z-002738-5-0101,1,No match,FALSE,N/A,inf,27.46935005,0.814805625,27.37101528,0.856590749,FOVNotMatch,2001/11/21 5:55:33,SAT_8808U,4.559681127,36.96528003,SAT_08697,5.731163001,37.78423649,SAT_8697U,5.731159121,37.78423681
frame-z-002738-1-0241,1,Success,TRUE,SAT_26769,1.048917799,48.42907792,-1.015379929,48.26690354,-0.974689038,,2001/11/21 7:19:09,SAT_26769,3.646067949,1.048917799,SAT_26056,5.211600808,14.08173982,SAT_25558,5.23080146,14.08730835
frame-z-002738-1-0242,1,Success,TRUE,SAT_26769,0.923478142,48.57838862,-0.978139671,48.41564278,-0.937683428,,2001/11/21 7:19:45,SAT_26769,3.646067949,0.923478142,SAT_26056,5.211600808,13.95630016,SAT_25558,5.23080146,13.96186869
frame-z-002738-1-0243,1,Success,TRUE,SAT_26769,0.863102373,48.7280678,-0.940888874,48.5655762,-0.900677141,,2001/11/21 7:20:20,SAT_26769,3.646067949,0.863102373,SAT_26056,5.211600808,13.8959244,SAT_25558,5.23080146,13.90149293
frame-z-002738-1-0246,1,Success,TRUE,SAT_26769,1.004195811,49.17700653,-0.829509509,49.14034954,-0.82034194,,2001/11/21 7:22:08,SAT_26769,3.646067949,1.004195811,SAT_26056,5.211600808,14.03701783,SAT_25558,5.23080146,14.04258636
frame-z-002738-2-0251,1,Success,TRUE,SAT_26769,0.664566104,49.84540411,-0.625358654,49.76293706,-0.604832692,,2001/11/21 7:25:07,SAT_26769,4.162390439,0.664566104,SAT_26056,5.565648858,13.97130257,SAT_25558,5.585009461,13.97705241
frame-z-002738-1-0234,1,No match,FALSE,N/A,inf,47.21834879,-0.883974627,47.25721012,-0.930155071,FOVNotMatch,2001/11/21 7:14:58,SAT_02834,1.440745161,7.434916186,SAT_2834U,1.438047773,7.438399635,SAT_10654,2.041176551,10.24971186
frame-z-002738-1-0235,1,No match,FALSE,N/A,inf,47.53025177,-0.899231495,47.46366523,-0.82053769,FOVNotMatch,2001/11/21 7:15:34,SAT_02834,1.440745161,7.590436224,SAT_2834U,1.438047773,7.593919674,SAT_10654,2.041176551,10.4052319
frame-z-002740-3-0166,1,No match,FALSE,N/A,inf,129.0324879,38.15482094,128.8044712,38.10879528,FOVNotMatch,2001/11/21 10:09:49,SAT_22273,5.582701527,21.34037199,SAT_00727,2.104649584,30.53815676,SAT_727U0,2.116839788,30.5745989
frame-z-002740-2-0343,1,No match,FALSE,N/A,inf,161.6523942,51.85067048,161.4464731,51.96795578,FOVNotMatch,2001/11/21 11:55:30,SAT_09509,0.197273829,78.48921336,SAT_9509U,0.150253273,78.96301095,SAT_8425U,5.108207905,85.99704756
frame-z-002738-6-0264,1,No match,FALSE,N/A,inf,51.84121742,1.053422344,51.87116252,1.109381158,FOVNotMatch,2001/11/21 7:32:53,SAT_23485,5.354845675,6.849549638,SAT_15236,1.286003621,48.18503327,SAT_12447,3.561656126,48.78871897
frame-z-002766-6-0056,1,No match,FALSE,N/A,inf,9.025473365,-0.49494131,8.850015404,-0.638519954,FOVNotMatch,2001/12/10 2:23:49,SAT_23523,4.785360249,14.87059797,SAT_4902U,0.703598466,22.90901047,SAT_4250U,0.58718524,24.05056665
frame-z-002766-2-0057,1,Success,TRUE,SAT_16393,0.360818744,10.57730472,-0.489367485,10.57095718,-0.508546902,,2001/12/10 2:24:25,SAT_16393,3.305418513,0.360818744,SAT_3673U,4.516619832,7.853710226,SAT_03673,4.512234501,7.85622105
frame-z-002766-2-0058,1,Success,TRUE,SAT_16393,0.330744149,10.57533687,-0.196039224,10.52151387,-0.35895896,,2001/12/10 2:25:01,SAT_16393,3.305418513,0.330744149,SAT_3673U,4.516619832,7.823635631,SAT_03673,4.512234501,7.826146454
frame-z-002766-2-0075,1,No match,FALSE,N/A,inf,10.51820297,2.341023088,10.54813758,2.250132681,FOVNotMatch,2001/12/10 2:35:10,SAT_23194,0.124602839,36.69283926,SAT_8746U,4.424506233,60.6669571,SAT_8747U,1.188572878,61.06489408
frame-z-002768-2-0087,1,No match,FALSE,N/A,inf,353.3063135,-0.517915674,353.1438278,-0.608984009,FOVNotMatch,2001/12/10 4:00:59,SAT_7229U,3.813160789,13.33873177,SAT_2868U,3.101194343,16.00417931,SAT_23249,4.254097681,24.6669415
frame-z-002768-3-0130,1,No match,FALSE,N/A,inf,359.6315084,-0.201557869,359.5823851,-0.139264586,FOVNotMatch,2001/12/10 4:26:39,SAT_21292,5.603553044,34.96654876,SAT_18114,3.208455278,40.90552861,SAT_00503,0.097904754,50.62720861
frame-z-002777-2-0212,1,No match,FALSE,N/A,inf,138.6389691,44.05169862,138.5913452,44.01494849,FOVNotMatch,2001/12/15 9:10:51,SAT_17081,5.028411802,12.43738996,SAT_13169,5.043954202,13.04030104,SAT_22273,5.664178966,19.41234883
frame-z-002820-3-0113,1,Success,TRUE,SAT_11692,1.341278399,36.97698875,-0.053537404,36.94682615,0.006919562,,2001/12/18 5:41:04,SAT_11692,4.44108254,1.341278399,SAT_19238,4.477370082,27.17404336,SAT_23016,5.208974795,63.50426636
frame-z-002768-5-0257,1,No match,FALSE,N/A,inf,18.75736,0.787451026,18.67905348,0.830708501,FOVNotMatch,2001/12/10 5:42:29,SAT_24720,5.771130004,7.641946764,SAT_25667,2.999214638,28.52793967,SAT_24770,1.755995723,35.53878286
frame-z-002768-3-0198,1,Success,TRUE,SAT_14607,3.850430967,9.81101258,0.020948287,9.762634598,-0.078690132,,2001/12/10 5:07:15,SAT_14607,5.74442284,3.850430967,SAT_25598,5.300916306,5.340248883,SAT_26989,2.225556693,5.537695608
frame-z-002768-3-0199,1,Success,TRUE,SAT_14607,3.887063257,10.0729333,-0.057625056,10.00391476,-0.200005678,,2001/12/10 5:07:51,SAT_14607,5.74442284,3.887063257,SAT_25598,5.300916306,5.303616593,SAT_26989,2.225556693,5.501063318
frame-z-002768-1-0201,1,Success,TRUE,SAT_25803,4.80371056,10.36208122,-1.039899094,10.21116305,-0.898271943,,2001/12/10 5:09:03,SAT_25803,3.620396523,4.80371056,SAT_23249,1.463734667,39.63077211,SAT_10220,1.792849079,40.93215671
frame-z-002821-1-0107,1,No match,FALSE,N/A,inf,161.3409722,51.64667118,161.4097834,51.70355895,FOVNotMatch,2001/12/18 8:23:20,SAT_20816,4.499426446,6.840978122,SAT_13169,5.007948107,9.207234847,SAT_561U0,2.01821387,37.69278182
frame-z-002820-5-0228,1,Success,TRUE,SAT_12867,0.87554324,54.24243445,0.633007618,54.28975497,0.761846094,,2001/12/18 6:49:44,SAT_12867,4.22413016,0.87554324,SAT_4789U,0.743385064,15.47733763,SAT_2253U,2.495721718,23.16062464
frame-z-002820-1-0230,1,No match,FALSE,N/A,inf,54.5887146,-0.989913938,54.42659138,-0.906339422,FOVNotMatch,2001/12/18 6:50:56,SAT_10675,0.330521827,30.66947467,SAT_9011U,3.139272979,32.56503201,SAT_09011,3.14266915,32.56847025
frame-z-002822-4-0114,1,No match,FALSE,N/A,inf,122.5537329,36.33701073,122.381437,36.33513055,FOVNotMatch,2001/12/18 10:48:10,SAT_04143,5.570686338,49.01969806,SAT_4143U,5.545280769,49.34168231,SAT_11141,2.042098073,61.61633076
frame-z-002821-1-0208,1,No match,FALSE,N/A,inf,186.4685365,54.03461657,186.4126554,54.1603155,FOVNotMatch,2001/12/18 9:23:38,SAT_26004,0.170355958,40.3206027,SAT_20710,1.946329771,52.2741434,SAT_14904,0.973048462,74.93519488
frame-z-002821-5-0210,1,No match,FALSE,N/A,inf,186.9450868,55.66202484,186.7749015,55.73055885,FOVNotMatch,2001/12/18 9:24:50,SAT_14904,0.973048462,65.22379607,SAT_26004,0.170355958,80.16161176,SAT_20710,1.946329771,87.88484755
frame-z-002821-5-0211,1,No match,FALSE,N/A,inf,187.3276347,55.71283049,187.0851184,55.81074522,FOVNotMatch,2001/12/18 9:25:26,SAT_14904,0.973048462,65.33942648,SAT_26004,0.170355958,80.04598135,SAT_20710,1.946329771,88.00047795
frame-z-002825-2-0142,1,No match,FALSE,N/A,inf,127.5178156,39.1787349,127.5088377,39.27667608,FOVNotMatch,2001/12/19 7:18:32,SAT_11690,4.584500185,18.69815308,SAT_10450,1.028606778,46.40336416,SAT_9730U,11.32397326,N/A
frame-z-002825-3-0223,1,Success,TRUE,SAT_20536,3.088755891,139.7988404,47.35787652,139.6331148,47.55355758,,2001/12/19 8:06:54,SAT_20536,3.971370126,3.088755891,SAT_15429,4.840466105,4.519178887,SAT_23460,5.251576385,17.41496898
frame-z-002826-4-0132,1,No match,FALSE,N/A,inf,144.5015218,50.55489243,144.5443628,50.41023054,FOVNotMatch,2001/12/19 10:03:04,SAT_07681,0.568564468,13.38727358,SAT_7681U,0.568580715,13.3886026,SAT_19796,5.784541392,39.73418505
frame-z-002826-3-0133,1,No match,FALSE,N/A,inf,145.0265873,50.27110909,145.0508261,50.18650559,FOVNotMatch,2001/12/19 10:03:40,SAT_07681,0.568564468,13.67310742,SAT_7681U,0.568580715,13.67443644,SAT_19796,5.784541392,39.44835121
frame-z-002830-6-0226,1,No match,FALSE,N/A,inf,141.9511641,44.64931586,141.803701,44.64512948,FOVNotMatch,2001/12/20 8:14:31,SAT_22273,3.503464473,7.71576912,SAT_03307,3.716303733,63.37001527,SAT_3307U,3.758136959,63.39245302
frame-z-002830-6-0228,1,No match,FALSE,N/A,inf,142.2905783,44.96179196,142.1558062,44.95830796,FOVNotMatch,2001/12/20 8:15:43,SAT_22273,3.503464473,7.908585167,SAT_03307,3.716303733,63.17719923,SAT_3307U,3.758136959,63.19963698
frame-z-002830-1-0232,1,No match,FALSE,N/A,inf,144.438205,43.43340216,144.3203109,43.4482428,FOVNotMatch,2001/12/20 8:18:06,SAT_22273,3.503464473,19.83644839,SAT_03307,3.716303733,51.24933601,SAT_3307U,3.758136959,51.27177376
frame-z-002830-5-0241,1,No match,FALSE,N/A,inf,144.9176205,45.45280208,144.840066,45.4477127,FOVNotMatch,2001/12/20 8:23:29,SAT_26926,6.636788064,N/A,SAT_26573,9.695842648,N/A,SAT_11007,10.97316241,N/A
frame-z-002830-5-0243,1,No match,FALSE,N/A,inf,145.3593017,45.73858515,145.1031927,45.72286227,FOVNotMatch,2001/12/20 8:24:40,SAT_26926,6.636788064,N/A,SAT_26573,9.695842648,N/A,SAT_11007,10.97316241,N/A
frame-z-002830-5-0244,1,No match,FALSE,N/A,inf,145.4944794,45.87559043,145.4227995,45.87185441,FOVNotMatch,2001/12/20 8:25:16,SAT_26926,6.636788064,N/A,SAT_26573,9.695842648,N/A,SAT_11007,10.97316241,N/A
frame-z-002826-1-0365,1,No match,FALSE,N/A,inf,203.6926225,55.06427364,203.6759561,55.21235446,FOVNotMatch,2001/12/19 12:22:11,SAT_18784,0.610598323,36.40776768,SAT_13016,0.033178729,40.93915461,SAT_15620,1.511597999,43.87857217
frame-z-002830-4-0394,1,No match,FALSE,N/A,inf,178.4719447,52.38249904,178.6875682,52.52396528,FOVNotMatch,2001/12/20 9:54:50,SAT_23621,4.599963796,6.650317493,SAT_16267,5.158961678,12.19037373,SAT_19163,1.282180885,68.23462061
frame-z-002830-2-0454,1,No match,FALSE,N/A,inf,193.1455715,51.48600009,193.0215728,51.48913571,FOVNotMatch,2001/12/20 10:30:39,SAT_22363,5.078878014,30.82561406,SAT_19367,5.648850208,32.40475155,SAT_10563,7.420444802,N/A
frame-z-002830-4-0382,1,No match,FALSE,N/A,inf,175.7061975,52.23859834,175.6061396,52.11968275,FOVNotMatch,2001/12/20 9:47:40,SAT_8004U,2.893774983,12.41699469,SAT_2422U,3.8108194,15.13529278,SAT_02422,3.517529663,17.50017717
frame-z-002830-6-0512,1,No match,FALSE,N/A,inf,207.3150799,51.19809203,207.2429335,51.38000419,FOVNotMatch,2001/12/20 11:05:17,SAT_26115,4.180583237,9.123884571,SAT_13016,5.760795527,35.37276633,SAT_18362,5.030543436,49.60640482
frame-z-002830-5-0528,1,Success,TRUE,SAT_14464,0.522384634,210.6273482,50.03669185,210.8761554,50.21719886,,2001/12/20 11:14:50,SAT_14464,0.438741931,0.522384634,SAT_00118,2.778053009,1.131665788,SAT_118U0,2.756492307,1.464056413
frame-z-002830-5-0542,N/A,Failed,FALSE,N/A,N/A,N/A,N/A,N/A,N/A,JSON file error,N/A,N/A,N/A,N/A,N/A,N/A,N/A,N/A,N/A,N/A
frame-z-002830-5-0548,1,Success,TRUE,SAT_14796,2.568908132,214.9821809,48.90843442,215.1665881,49.10080447,,2001/12/20 11:26:47,SAT_14796,5.615053191,2.568908132,SAT_10649,5.600469782,22.87060848,SAT_25652,3.356350093,42.33037913
frame-z-002830-2-0549,1,Success,TRUE,SAT_14796,3.330426536,214.3854269,47.70983361,214.5640556,47.90203558,,2001/12/20 11:27:23,SAT_14796,4.832127677,3.330426536,SAT_21980,0.018143588,18.09619579,SAT_22423,2.977529216,20.35595005
frame-z-002830-6-0464,1,No match,FALSE,N/A,inf,196.0589228,52.91747389,195.9257617,53.06035087,FOVNotMatch,2001/12/20 10:36:38,SAT_14319,3.05111975,16.03784582,SAT_13016,5.681713232,25.33892953,SAT_10415,3.064140635,29.34629637
frame-z-002855-1-0044,1,Success,TRUE,SAT_24937,0.677407906,25.81111185,-1.047034753,25.74561023,-1.014785296,,2002/1/8 3:10:36,SAT_24937,4.934843861,0.677407906,SAT_25640,4.989769434,21.24619579,SAT_21906,4.417534161,26.18466533
frame-z-002855-4-0011,1,No match,FALSE,N/A,inf,20.82147913,0.210949973,20.89331555,0.327356665,FOVNotMatch,2002/1/8 2:50:54,SAT_575U0,3.692026852,17.90347233,SAT_12907,0.592673363,20.8091721,SAT_6976U,0.140303939,39.62268252
frame-z-002856-5-0023,1,No match,FALSE,N/A,inf,31.44260931,0.633135208,31.34939062,0.857543833,FOVNotMatch,2002/1/8 3:45:14,SAT_18106,1.368716049,7.612703185,SAT_2016U,2.447389641,41.23263309,SAT_02016,2.447717939,41.23370248
frame-z-002856-6-0024,1,No match,FALSE,N/A,inf,31.5665794,1.052687249,31.47301588,1.27736442,FOVNotMatch,2002/1/8 3:45:50,SAT_18106,1.368716049,7.660932343,SAT_2016U,2.447389641,41.18440393,SAT_02016,2.447717939,41.18547332
frame-z-002856-5-0025,1,Success,TRUE,SAT_25640,3.441872222,31.72177667,0.633499105,31.64247601,0.647668146,,2002/1/8 3:46:26,SAT_25640,5.579153015,3.441872222,SAT_10144,4.795820989,4.324821914,SAT_23016,5.789790851,10.14226184
frame-z-002861-1-0050,1,No match,FALSE,N/A,inf,39.85814143,-0.958328946,39.69553779,-1.030771455,FOVNotMatch,2002/1/9 2:41:14,SAT_17939,3.003979872,9.33314304,SAT_13954,5.699429834,9.568540871,SAT_10953,4.133435914,10.18347104
frame-z-002861-1-0051,1,No match,FALSE,N/A,inf,40.00786706,-1.025145512,39.96364157,-1.04456592,FOVNotMatch,2002/1/9 2:41:49,SAT_17939,3.003979872,9.027001159,SAT_13954,5.699429834,9.262398989,SAT_10953,4.133435914,9.877329162
frame-z-002861-1-0091,1,Success,TRUE,SAT_7032U,1.582950794,45.99596643,-1.017358848,45.90056489,-0.82042452,,2002/1/9 3:05:42,SAT_7032U,5.442159555,1.582950794,SAT_23410,4.302828719,4.419274291,SAT_18517,0.390762741,10.94026792
frame-z-002861-1-0099,1,No match,FALSE,N/A,inf,47.06399881,-1.044835208,47.13499537,-0.820813544,FOVNotMatch,2002/1/9 3:10:29,SAT_22676,0.829507256,8.239492196,SAT_00953,1.186086524,15.94205476,SAT_953U0,1.221634968,15.96266321
frame-z-002863-3-0187,1,Success,TRUE,SAT_10415,0.89391209,153.8178939,53.17201604,153.7715454,53.32233004,,2002/1/9 7:14:17,SAT_10415,2.067054578,0.89391209,SAT_20586,5.278436798,29.91198193,SAT_19891,2.77931129,36.07974779
frame-z-002863-4-0204,1,No match,FALSE,N/A,inf,157.5599676,54.54862488,157.4554163,54.54964978,FOVNotMatch,2002/1/9 7:24:26,SAT_26690,1.355043891,28.45010704,SAT_04667,0.625748263,39.28524182,SAT_12078,4.587202259,44.28225926
frame-z-002863-4-0205,1,No match,FALSE,N/A,inf,157.9550444,54.66485191,157.818243,54.66672343,FOVNotMatch,2002/1/9 7:25:02,SAT_26690,1.355043891,28.06333054,SAT_04667,0.625748263,39.67201832,SAT_12078,4.587202259,44.66903577
frame-z-002864-1-0074,1,Success,TRUE,SAT_00005,2.841735443,120.5407229,27.81623833,120.3980439,27.78139727,,2002/1/9 8:34:12,SAT_00005,3.556812578,2.841735443,SAT_22980,5.327677092,5.919968245,SAT_3488U,0.137294102,13.66931735
frame-z-002864-2-0222,1,No match,FALSE,N/A,inf,140.9969358,42.53395627,140.7474164,42.52943249,FOVNotMatch,2002/1/9 10:02:35,SAT_10571,0.766367531,55.61824038,SAT_20646,1.769250885,58.01633097,SAT_15182,5.890078376,58.36879773
frame-z-002864-4-0203,1,No match,FALSE,N/A,inf,137.292484,41.49514109,137.2002904,41.49047154,FOVNotMatch,2002/1/9 9:51:14,SAT_16449,1.426087841,71.98664146,SAT_4973U,1.493646975,73.06533606,SAT_04973,1.273913445,73.96038532
frame-z-002861-6-0191,1,Success,TRUE,SAT_13631,3.021511423,60.91752225,1.275803199,60.80719931,1.264936592,,2002/1/9 4:05:25,SAT_13631,5.727855766,3.021511423,SAT_20800,4.797437894,3.070648735,SAT_18631,5.160595459,4.203104823
frame-z-002882-1-0078,1,No match,FALSE,N/A,inf,154.131535,47.25388792,154.0137635,47.25672924,FOVNotMatch,2002/1/13 8:39:08,SAT_03901,3.585281088,50.37749738,SAT_3901U,3.446312092,51.77560761,SAT_16220,5.466235903,62.80936711
frame-z-002883-3-0112,1,Success,TRUE,SAT_5018U,2.939553486,163.7326707,50.34865606,163.8875528,50.46679457,,2002/1/13 9:57:56,SAT_5018U,0.167773887,2.939553486,SAT_05018,0.15861512,3.04185342,SAT_15182,4.225538321,5.404318956
frame-z-002873-3-0038,1,No match,FALSE,N/A,inf,19.31133504,-0.107370174,19.37374987,-0.023720009,FOVNotMatch,2002/1/13 1:38:27,SAT_26989,3.029774235,16.63666327,SAT_15260,5.824643615,17.68796567,SAT_23401,4.150567577,17.74085473
frame-z-002873-1-0041,1,Success,TRUE,SAT_6842U,0.125053828,19.83437238,-1.015987251,19.67275961,-1.044212627,,2002/1/13 1:40:15,SAT_6842U,3.299782949,0.125053828,SAT_2866U,1.730187666,1.874590373,SAT_13011,4.275493241,9.394589504
frame-z-002873-6-0158,1,Success,TRUE,SAT_16402,0.51755682,37.27259381,1.212232148,37.2067759,1.052434086,,2002/1/13 2:50:06,SAT_16402,4.834313944,0.51755682,SAT_21226,3.321084217,5.112700273,SAT_20959,4.239337797,6.825591922
frame-z-002873-5-0159,1,Success,TRUE,SAT_16402,0.422281791,37.42556161,0.856801968,37.3578743,0.691668778,,2002/1/13 2:50:42,SAT_16402,4.834313944,0.422281791,SAT_21226,3.321084217,5.017425244,SAT_20959,4.239337797,6.92086695
frame-z-002873-4-0079,1,No match,FALSE,N/A,inf,25.40239565,0.359054312,25.36000105,0.40987182,FOVNotMatch,2002/1/13 2:02:56,SAT_23299,3.279211294,18.1117872,SAT_26724,5.771344841,50.18149016,SAT_21726,5.962914873,50.20150685
frame-z-002873-5-0079,1,No match,FALSE,N/A,inf,25.48913221,0.632013817,25.43024968,0.768214571,FOVNotMatch,2002/1/13 2:02:56,SAT_23299,3.279211294,34.56945434,SAT_15260,5.833635217,42.4451034,SAT_26724,5.771344841,66.6391573
frame-z-002873-4-0080,1,No match,FALSE,N/A,inf,25.67159037,0.393505459,25.63725177,0.437239211,FOVNotMatch,2002/1/13 2:03:32,SAT_23299,3.279211294,19.8104153,SAT_26724,5.771344841,51.88011826,SAT_21726,5.962914873,51.90013494
frame-z-002883-3-0251,1,No match,FALSE,N/A,inf,197.1696669,51.64444834,197.1581431,51.87128241,FOVNotMatch,2002/1/13 11:20:55,SAT_26626,5.859575325,30.84981656,SAT_25379,5.879705332,39.2045713,SAT_20082,4.268240348,39.83868844
frame-z-002883-1-0226,1,No match,FALSE,N/A,inf,191.0668542,51.27955442,191.1154711,51.50139752,FOVNotMatch,2002/1/13 11:06:00,SAT_13070,1.713749411,30.6338511,SAT_25862,1.345711077,32.1505237,SAT_26626,2.336230867,42.32486411
frame-z-002886-3-0114,1,No match,FALSE,N/A,inf,30.60860673,-0.302256547,30.68570648,-0.192608427,FOVNotMatch,2002/1/14 2:23:02,SAT_26678,2.697425484,23.15990321,SAT_26524,2.792297858,25.51783711,SAT_21184,3.770271513,53.81783196
frame-z-002886-3-0114,2,Success,TRUE,SAT_26678,0.811903785,30.63536263,-0.408516955,30.6671337,-0.247194402,,2002/1/14 2:23:02,SAT_26678,2.697425484,0.811903785,SAT_21184,3.770271513,29.84602496,SAT_11142,0.058512406,46.67134547
frame-z-002963-6-0047,1,No match,FALSE,N/A,inf,127.7684698,34.19032569,127.5787359,34.35070359,FOVNotMatch,2002/2/8 4:56:06,SAT_20830,0.057362441,8.563024187,SAT_10830,4.48392338,31.63008523,SAT_16106,1.422754929,63.1232594
frame-z-002955-4-0070,1,No match,FALSE,N/A,inf,82.77944101,0.214002149,82.72264569,0.437898582,FOVNotMatch,2002/2/7 2:20:54,SAT_01500,0.516835875,22.69500852,SAT_16294,5.715805063,43.15888501,SAT_17191,0.070479619,54.71707224
frame-z-002964-2-0195,1,No match,FALSE,N/A,inf,157.143414,45.81435664,157.0770825,46.0366065,FOVNotMatch,2002/2/8 7:39:40,SAT_7376U,0.031969347,18.33899614,SAT_10445,0.216925058,27.77809971,SAT_3307U,4.618592118,33.05685909
frame-z-002964-3-0216,1,No match,FALSE,N/A,inf,161.2097601,47.24952837,161.2115274,47.46786159,FOVNotMatch,2002/2/8 7:52:13,SAT_10938,3.244342652,27.878314,SAT_7376U,4.942230313,28.41077776,SAT_7780U,4.182927898,36.89372158
frame-z-002964-3-0321,1,No match,FALSE,N/A,inf,184.945362,49.84809528,184.7512361,49.90146934,FOVNotMatch,2002/2/8 8:54:54,SAT_26626,2.666716941,28.17391579,SAT_22347,0.719729829,56.16643934,SAT_15616,2.372867813,67.10042396
frame-z-002964-2-0395,1,No match,FALSE,N/A,inf,201.7413941,48.31825706,201.5121037,48.27926405,FOVNotMatch,2002/2/8 9:39:05,SAT_21890,3.633969567,18.92530351,SAT_10835,2.613930625,35.85911584,SAT_21678,4.67214953,51.25612168
frame-z-002964-5-0515,1,No match,FALSE,N/A,inf,226.0578576,42.73482831,226.2820811,42.82200254,FOVNotMatch,2002/2/8 10:50:44,SAT_18881,3.631880741,37.1089371,SAT_7827U,0.065439698,63.31161074,SAT_00480,1.412561807,76.58333169
frame-z-002964-2-0384,1,Success,TRUE,SAT_11051,0.802719209,199.0383764,48.58540085,199.106298,48.65621472,,2002/2/8 9:32:31,SAT_11051,1.924654416,0.802719209,SAT_21890,5.09632643,20.82673072,SAT_21327,2.660741665,41.48665224
frame-z-002964-2-0385,1,Success,TRUE,SAT_11051,1.40735779,199.4652995,48.51119546,199.5123869,48.55924234,,2002/2/8 9:33:07,SAT_11051,1.924654416,1.40735779,SAT_21890,5.09632643,20.22209214,SAT_21327,2.660741665,42.09129082
frame-z-002964-3-0559,1,No match,FALSE,N/A,inf,232.8432343,38.54787063,232.9850736,38.58301047,FOVNotMatch,2002/2/8 11:17:00,SAT_14632,2.881135352,58.62779635,SAT_21136,0.499042712,75.45565505,SAT_21900,3.425421885,76.50477906
frame-z-002989-2-0032,1,Success,TRUE,SAT_23214,2.607505708,182.0160052,59.39656749,182.1787419,59.4848357,,2002/2/13 10:39:20,SAT_23214,3.7348464,2.607505708,SAT_12933,3.936703803,11.28651312,SAT_25054,3.366027303,22.06946264
frame-z-002989-6-0035,1,No match,FALSE,N/A,inf,183.0945035,61.22818785,182.7809133,61.20664853,FOVNotMatch,2002/2/13 10:41:07,SAT_23813,0.122154741,23.67253065,SAT_23214,4.848456814,40.49745107,SAT_24293,2.555066475,44.77274739
frame-z-002989-1-0035,1,Success,TRUE,SAT_23214,2.851839216,182.9236474,58.97882054,183.229463,59.14030661,,2002/2/13 10:41:07,SAT_23214,4.848456814,2.851839216,SAT_12933,4.878321063,10.82787628,SAT_23813,0.122154741,61.31814251
frame-z-002989-6-0036,1,No match,FALSE,N/A,inf,183.4279516,61.21714597,183.2329882,61.20426406,FOVNotMatch,2002/2/13 10:41:43,SAT_23813,0.122154741,23.3659492,SAT_23214,4.848456814,40.80403253,SAT_24293,2.555066475,44.46616594
frame-z-002968-5-0045,1,No match,FALSE,N/A,inf,86.7583223,0.632580124,86.60998622,0.738023141,FOVNotMatch,2002/2/9 2:15:59,SAT_25662,5.284507395,36.25573986,SAT_20800,0.766964198,42.37327361,SAT_18578,1.915671333,43.21349757
frame-z-003015-4-0111,1,No match,FALSE,N/A,inf,130.7756739,4.683779835,130.6648358,4.829954004,FOVNotMatch,2002/3/5 3:11:39,SAT_7018U,5.889402998,25.73196954,SAT_07018,5.873035778,25.74423931,SAT_8894U,2.87603674,29.01231893
frame-z-003015-3-0219,1,No match,FALSE,N/A,inf,146.9775939,5.81543241,146.8190336,5.749614844,FOVNotMatch,2002/3/5 4:16:08,SAT_15265,2.337292888,22.21718036,SAT_16797,4.113975885,24.90712409,SAT_14248,3.860377237,26.12417523
frame-z-003015-3-0220,1,No match,FALSE,N/A,inf,147.1318248,5.7791266,146.9741394,5.713792203,FOVNotMatch,2002/3/5 4:16:43,SAT_15265,2.337292888,22.25580557,SAT_16797,4.113975885,24.86849888,SAT_14248,3.860377237,26.08555002
frame-z-003015-2-0225,1,No match,FALSE,N/A,inf,147.8871985,5.590500695,147.7426856,5.530680764,FOVNotMatch,2002/3/5 4:19:43,SAT_15265,2.337292888,22.28157112,SAT_16797,4.113975885,24.84273332,SAT_14248,3.860377237,26.05978447
frame-z-003015-3-0205,1,No match,FALSE,N/A,inf,144.8776503,5.649676684,144.7219281,5.549642887,FOVNotMatch,2002/3/5 4:07:46,SAT_27005,3.853347177,26.24831766,SAT_16797,4.120427621,34.68431673,SAT_14248,3.863449354,35.92753791
frame-z-003015-2-0229,1,No match,FALSE,N/A,inf,148.5158355,5.448567397,148.4139399,5.406260374,FOVNotMatch,2002/3/5 4:22:06,SAT_15265,1.105764971,20.00362202,SAT_16797,4.21016523,25.19581426,SAT_14248,3.81059947,26.39313404
frame-z-003015-1-0233,1,No match,FALSE,N/A,inf,149.0314869,5.258826337,148.9717514,5.234160316,FOVNotMatch,2002/3/5 4:24:29,SAT_15265,1.105764971,20.12143587,SAT_16797,4.21016523,25.0780004,SAT_14248,3.81059947,26.27532018
frame-z-003015-1-0237,1,No match,FALSE,N/A,inf,149.7447986,5.149709304,149.5865458,5.084454969,FOVNotMatch,2002/3/5 4:26:52,SAT_15265,5.120302542,17.89555533,SAT_16797,4.319765171,25.28097996,SAT_14248,3.777141697,26.46189556
frame-z-003031-1-0134,1,No match,FALSE,N/A,inf,140.2851617,5.923105262,140.1390362,6.083192283,FOVNotMatch,2002/3/12 4:15:22,SAT_27142,0.287703838,18.74482503,SAT_21187,0.316155553,29.15305587,SAT_4353U,5.153614981,35.44314728
frame-z-003031-2-0135,1,No match,FALSE,N/A,inf,140.2758359,6.29596989,140.2177172,6.359371102,FOVNotMatch,2002/3/12 4:15:57,SAT_27142,0.287703838,18.8487422,SAT_21187,0.316155553,29.25697304,SAT_4353U,5.153614981,35.33923011
frame-z-003031-4-0154,1,No match,FALSE,N/A,inf,143.0767333,7.474462856,142.9464737,7.6616646,FOVNotMatch,2002/3/12 4:27:18,SAT_00589,2.049097837,38.3071114,SAT_589U0,2.050165635,38.30757309,SAT_4353U,5.184011861,42.65283559
frame-z-003031-5-0155,1,No match,FALSE,N/A,inf,143.1043677,7.900103433,143.0636792,7.958841182,FOVNotMatch,2002/3/12 4:27:54,SAT_00589,2.049097837,38.16432609,SAT_589U0,2.050165635,38.16478778,SAT_4353U,5.184011861,42.79562089
frame-z-003031-6-0157,1,No match,FALSE,N/A,inf,143.432812,8.359892149,143.2978807,8.552648443,FOVNotMatch,2002/3/12 4:29:06,SAT_00589,2.049097837,38.40934299,SAT_589U0,2.050165635,38.40980468,SAT_4353U,5.184011861,42.550604
frame-z-003031-4-0289,1,No match,FALSE,N/A,inf,163.3863622,9.509679599,163.3075295,9.460247606,FOVNotMatch,2002/3/12 5:47:54,SAT_14806,2.991067324,22.30072975,SAT_15144,5.102373301,40.54873895,SAT_11881,3.938178933,69.36314854
frame-z-003031-4-0239,1,No match,FALSE,N/A,inf,155.920044,8.77746793,155.7513386,8.844757657,FOVNotMatch,2002/3/12 5:18:03,SAT_10314,1.30536484,8.982463152,SAT_15144,3.624393413,15.23686194,SAT_27235,3.354154525,23.07324434
frame-z-003058-3-0087,1,No match,FALSE,N/A,inf,185.7774731,68.2463385,185.6945613,68.13312413,FOVNotMatch,2002/3/21 8:18:13,SAT_20710,4.546355209,22.21915139,SAT_23204,4.562652733,27.36318761,SAT_13585,2.565292879,33.15735431
frame-z-003058-3-0088,1,No match,FALSE,N/A,inf,185.7134575,68.44480576,185.6446632,68.35005686,FOVNotMatch,2002/3/21 8:18:49,SAT_20710,4.546355209,22.47424585,SAT_23204,4.562652733,27.61828206,SAT_13585,2.565292879,33.41244876
frame-z-003058-1-0093,1,Success,TRUE,SAT_19810,1.12131257,187.9948717,69.07708634,187.623032,69.01801285,,2002/3/21 8:21:48,SAT_19810,3.207556846,1.12131257,SAT_21706,2.733088996,5.892579227,SAT_13608,5.569140134,14.46303002
frame-z-003058-3-0030,1,No match,FALSE,N/A,inf,185.4662051,59.70341577,185.3472864,59.60729502,FOVNotMatch,2002/3/21 7:44:11,SAT_13585,3.241856493,6.028142726,SAT_9980U,0.793967907,18.27108863,SAT_25485,5.71769066,19.26852402
frame-z-003031-5-0453,1,Success,TRUE,SAT_25868,0.753824127,188.2270865,10.4037826,188.3009478,10.43371228,,2002/3/12 7:25:50,SAT_25868,5.050714425,0.753824127,SAT_10184,2.985413116,16.20647648,SAT_26857,2.557178735,20.29722878
frame-z-003059-6-0045,1,No match,FALSE,N/A,inf,160.2763544,48.38208809,160.1679552,48.32196474,FOVNotMatch,2002/3/21 8:56:02,SAT_21709,3.910309011,12.29913681,SAT_16854,5.234124884,28.52366053,SAT_15702,5.06007633,85.95564501
frame-z-003059-6-0045,2,No match,FALSE,N/A,inf,160.2872763,48.38389541,160.1700224,48.31791634,FOVNotMatch,2002/3/21 8:56:02,SAT_21709,3.910309011,11.89282783,SAT_16854,5.234124884,28.11735154,SAT_15702,5.06007633,85.54933603
frame-z-003059-1-0050,1,No match,FALSE,N/A,inf,162.327447,46.39284955,162.2910573,46.61799781,FOVNotMatch,2002/3/21 8:59:02,SAT_16854,5.234124884,27.97509125,SAT_15702,5.06007633,29.45689324,SAT_21709,3.910309011,44.19961496
frame-z-003059-6-0104,1,No match,FALSE,N/A,inf,173.601863,50.49740845,173.4714661,50.46384085,FOVNotMatch,2002/3/21 9:31:16,SAT_15909,3.744817679,26.36096376,SAT_25488,3.071565853,27.56049962,SAT_15156,5.653183937,38.95001738
frame-z-003059-6-0056,1,No match,FALSE,N/A,inf,162.6604696,48.65445748,162.7375029,48.90467159,FOVNotMatch,2002/3/21 9:02:37,SAT_16854,4.443657008,10.6961784,SAT_25488,5.293465312,22.47046318,SAT_21709,5.23911235,27.30078754
frame-z-003059-6-0135,1,Success,TRUE,SAT_3825U,4.542734549,180.812522,50.75814191,180.7918824,50.98068581,,2002/3/21 9:49:47,SAT_3825U,0.126975383,4.542734549,SAT_11045,0.739236672,12.55359536,SAT_24293,4.528446105,32.29410177
frame-z-003063-6-0066,1,No match,FALSE,N/A,inf,189.8686934,13.52411784,189.7700297,13.52160165,FOVNotMatch,2002/3/23 9:40:56,SAT_26124,5.816435323,45.05584571,SAT_7016U,3.727177809,78.94245581,SAT_23837,4.298376918,79.15644541
frame-z-003063-6-0027,1,No match,FALSE,N/A,inf,183.8376803,13.48371799,183.8018076,13.44214405,FOVNotMatch,2002/3/23 9:17:39,SAT_15264,3.616668629,62.12701975,SAT_12561,7.857442993,N/A,SAT_22744,13.79015726,N/A
frame-z-003103-5-0026,1,No match,FALSE,N/A,inf,152.9698344,50.90280661,152.8557381,50.96338635,FOVNotMatch,2002/4/1 2:35:20,SAT_7376U,1.211111152,15.95776913,SAT_20767,4.513311465,22.45720218,SAT_07029,2.365766768,43.6084011
frame-z-003098-4-0123,1,No match,FALSE,N/A,inf,234.8733182,4.989108039,234.9811576,5.171569363,FOVNotMatch,2002/3/31 10:42:56,SAT_16922,5.746531979,12.04825182,SAT_17168,5.772270324,44.43248542,SAT_18747,2.229850779,51.90757692
frame-z-003098-4-0124,1,No match,FALSE,N/A,inf,235.1539337,4.928586141,235.1888251,4.987085453,FOVNotMatch,2002/3/31 10:43:32,SAT_16922,5.746531979,12.28193479,SAT_17168,5.772270324,44.6661684,SAT_18747,2.229850779,52.1412599
frame-z-003103-6-0104,1,No match,FALSE,N/A,inf,171.3503657,55.20198687,171.1275639,55.2737768,FOVNotMatch,2002/4/1 3:21:54,SAT_20724,4.52027284,14.74849186,SAT_15702,2.022473879,33.12955239,SAT_23397,5.180773852,35.50653991
frame-z-003103-3-0064,1,No match,FALSE,N/A,inf,161.9787148,52.39632465,161.8056697,52.48488092,FOVNotMatch,2002/4/1 2:58:01,SAT_07017,1.822677636,48.47342984,SAT_7017U,1.821901561,48.47472533,SAT_4899U,3.877658285,77.99301245
frame-z-003103-4-0065,1,No match,FALSE,N/A,inf,161.9826421,52.72781827,161.9119826,52.76427348,FOVNotMatch,2002/4/1 2:58:37,SAT_07017,1.822677636,48.04690202,SAT_7017U,1.821901561,48.04819751,SAT_4899U,3.877658285,78.41954026
frame-z-003103-1-0175,1,Success,TRUE,SAT_24292,2.349883468,189.767377,53.63392567,189.6143163,53.783676,,2002/4/1 4:04:18,SAT_24292,5.152847037,2.349883468,SAT_3307U,5.525286788,5.563660227,SAT_20452,4.847516666,44.6575542
frame-z-003103-3-0251,N/A,Failed,FALSE,N/A,N/A,N/A,N/A,N/A,N/A,JSON file error,N/A,N/A,N/A,N/A,N/A,N/A,N/A,N/A,N/A,N/A
frame-z-003104-1-0012,1,No match,FALSE,N/A,inf,206.989641,5.915084276,206.9696503,6.139994358,FOVNotMatch,2002/4/1 5:14:27,SAT_18270,1.665662963,18.43222249,SAT_24959,2.214761383,21.0857796,SAT_16650,8.024926856,N/A
frame-z-003177-1-0109,1,No match,FALSE,N/A,inf,222.6067122,47.07257178,222.464687,47.15585976,FOVNotMatch,2002/5/8 4:08:43,SAT_3848U,1.818352437,15.30661858,SAT_23298,3.048324566,78.37292923,SAT_14910,6.901834351,N/A
frame-z-003177-1-0110,1,No match,FALSE,N/A,inf,222.8575276,46.99895696,222.7327034,47.07164341,FOVNotMatch,2002/5/8 4:09:18,SAT_3848U,1.818352437,15.54819619,SAT_23298,3.048324566,78.13135161,SAT_14910,6.901834351,N/A
frame-z-003130-6-0063,1,No match,FALSE,N/A,inf,196.9178906,55.46278491,196.9030155,55.6847826,FOVNotMatch,2002/4/15 4:53:40,SAT_327U0,4.173788468,54.51135297,SAT_17625,8.06488126,N/A,SAT_13070,16.14264138,N/A
frame-z-003177-5-0275,1,No match,FALSE,N/A,inf,249.1883356,32.4733166,249.2684507,32.48973524,FOVNotMatch,2002/5/8 5:47:50,SAT_01576,0.9828796,38.1835868,SAT_1576U,0.983276891,38.18809774,SAT_22732,8.101317154,N/A
frame-z-003177-5-0334,1,No match,FALSE,N/A,inf,255.8003673,25.95112804,255.985732,25.94775227,FOVNotMatch,2002/5/8 6:23:03,SAT_25968,4.961772686,8.006424076,SAT_21850,0.113510773,65.25795368,SAT_26005,2.23815717,67.7157721
frame-z-003177-5-0335,1,No match,FALSE,N/A,inf,255.8710915,25.72204764,256.0327001,25.71895131,FOVNotMatch,2002/5/8 6:23:39,SAT_25968,4.961772686,7.948402539,SAT_21850,0.113510773,65.19993214,SAT_26005,2.23815717,67.77379364
frame-z-003104-6-0049,1,No match,FALSE,N/A,inf,212.5876927,7.710783082,212.6780959,7.791447163,FOVNotMatch,2002/4/1 5:36:32,SAT_27379,5.382339282,33.17042765,SAT_18910,3.77284948,47.67768026,SAT_10288,1.793145592,48.47898283
frame-z-003180-6-0011,1,No match,FALSE,N/A,inf,200.9619081,55.00214452,201.0848504,55.05665459,FOVNotMatch,2002/5/8 8:10:06,SAT_7800U,5.649893875,9.417452965,SAT_22108,1.649517163,12.2978075,SAT_10446,1.955600645,49.50398196
frame-z-003180-6-0159,1,No match,FALSE,N/A,inf,232.5071509,45.47984557,232.5985914,45.4604827,FOVNotMatch,2002/5/8 9:38:28,SAT_22454,3.863191475,30.94140242,SAT_19904,0.064870654,35.23929526,SAT_11007,2.915112924,41.65587413
frame-z-003180-6-0160,1,No match,FALSE,N/A,inf,232.6282974,45.34541596,232.864974,45.29466041,FOVNotMatch,2002/5/8 9:39:04,SAT_22454,3.863191475,30.7821802,SAT_19904,0.064870654,35.08007304,SAT_11007,2.915112924,41.49665191
frame-z-003180-2-0209,1,No match,FALSE,N/A,inf,238.8367839,39.33455202,239.001296,39.26510074,FOVNotMatch,2002/5/8 10:08:19,SAT_11007,4.202477075,34.01130766,SAT_24729,1.848226522,34.58155968,SAT_26025,0.624376945,35.16288755
frame-z-003183-2-0059,1,No match,FALSE,N/A,inf,199.0139451,58.41368685,198.7751134,58.46537303,FOVNotMatch,2002/5/9 3:22:27,SAT_17093,5.683966823,70.60820256,SAT_1996U,9.793938355,N/A,SAT_13070,16.88231724,N/A
frame-z-003184-1-0156,1,No match,FALSE,N/A,inf,242.2331418,41.36144848,242.3651965,41.51177931,FOVNotMatch,2002/5/9 6:05:19,SAT_3898U,5.242050977,55.88445086,SAT_2016U,5.276102245,81.94680319,SAT_02016,5.257917391,82.20041213
frame-z-003184-4-0130,1,No match,FALSE,N/A,inf,239.6621055,45.02965523,239.9840221,45.11692057,FOVNotMatch,2002/5/9 5:49:47,SAT_23005,0.107799448,36.71603577,SAT_12736,0.960490628,37.58409648,SAT_1589U,2.245051584,83.44834721
frame-z-003183-5-0141,1,No match,FALSE,N/A,inf,220.6425538,55.07378249,220.9622917,55.21239604,FOVNotMatch,2002/5/9 4:11:25,SAT_22744,3.104422798,21.03666345,SAT_21890,4.590645506,36.78260416,SAT_20441,1.707349902,69.27120588
frame-z-003183-4-0142,1,No match,FALSE,N/A,inf,220.6104334,54.71182785,220.799373,54.79489404,FOVNotMatch,2002/5/9 4:12:00,SAT_22744,3.104422798,20.91724948,SAT_21890,4.590645506,36.90201814,SAT_20441,1.707349902,69.39061985
frame-z-003185-5-0098,1,No match,FALSE,N/A,inf,253.2897744,28.80153416,253.5473755,28.88126457,FOVNotMatch,2002/5/9 7:25:16,SAT_27367,2.46313497,8.813245527,SAT_8396U,0.095696962,43.155446,SAT_25850,5.19961993,44.32123875
frame-z-003187-6-0036,1,No match,FALSE,N/A,inf,231.8892049,48.23584302,232.0426999,48.27140888,FOVNotMatch,2002/5/9 8:53:08,SAT_16533,5.295907676,45.95972332,SAT_14894,5.525901747,54.34358341,SAT_16450,0.099306001,60.02881416
frame-z-003187-6-0037,1,No match,FALSE,N/A,inf,232.0190713,47.99914792,232.277317,48.05923521,FOVNotMatch,2002/5/9 8:53:44,SAT_16533,5.295907676,45.96333869,SAT_14894,5.525901747,54.34719877,SAT_16450,0.099306001,60.03242953
frame-z-003206-2-0052,1,No match,FALSE,N/A,inf,249.6506922,35.21145325,249.7086052,35.20472366,FOVNotMatch,2002/5/30 9:29:50,SAT_11050,5.174462519,85.99138316,SAT_23511,12.93497229,N/A,SAT_10455,9.918133374,N/A
frame-z-003225-1-0143,1,No match,FALSE,N/A,inf,231.6391422,48.62269283,231.7033158,48.6340595,FOVNotMatch,2002/6/9 5:43:21,SAT_21935,5.635817159,10.59018482,SAT_16533,4.578852038,51.30766931,SAT_12769,0.155715544,52.36441893
frame-z-003225-1-0144,1,No match,FALSE,N/A,inf,231.9275795,48.42344547,232.0227445,48.439494,FOVNotMatch,2002/6/9 5:43:57,SAT_21935,5.635817159,11.33189059,SAT_16533,4.578852038,52.04937508,SAT_12769,0.155715544,53.10612471
frame-z-003225-2-0025,1,Success,TRUE,SAT_22671,0.256346391,206.0807373,57.73550253,206.1700785,57.79865089,,2002/6/9 4:32:54,SAT_22671,3.352283896,0.256346391,SAT_13012,5.99043989,79.46686891,SAT_22568,4.573421009,81.35241756
frame-z-003225-6-0251,1,No match,FALSE,N/A,inf,249.3957677,38.50811563,249.5213438,38.44938241,FOVNotMatch,2002/6/9 6:47:51,SAT_22633,4.845532063,27.38642655,SAT_08425,5.945421021,35.92661075,SAT_8425U,5.955021976,35.92811097
frame-z-003225-6-0252,1,No match,FALSE,N/A,inf,249.5824264,38.29867016,249.6492328,38.26686459,FOVNotMatch,2002/6/9 6:48:26,SAT_22633,4.845532063,27.00567456,SAT_08425,5.945421021,35.54585877,SAT_8425U,5.955021976,35.54735899
frame-z-003225-1-0275,1,No match,FALSE,N/A,inf,250.187418,34.30182248,250.2558543,34.27868269,FOVNotMatch,2002/6/9 7:02:10,SAT_22688,0.146572983,55.93397716,SAT_4332U,1.521474801,79.82236276,SAT_15738,1.2168799,85.00081896
frame-z-003226-4-0016,1,No match,FALSE,N/A,inf,234.8173478,48.46777061,234.6128225,48.51400882,FOVNotMatch,2002/6/9 8:11:40,SAT_18710,0.077856585,35.69245376,SAT_15182,2.165375495,36.42855007,SAT_22181,5.081101644,71.65947127
frame-z-003226-4-0017,1,No match,FALSE,N/A,inf,234.9713563,48.3115057,234.8054915,48.34933804,FOVNotMatch,2002/6/9 8:12:16,SAT_18710,0.077856585,35.59207361,SAT_15182,2.165375495,36.32816992,SAT_22181,5.081101644,71.75985142
frame-z-003226-3-0104,1,No match,FALSE,N/A,inf,247.0687634,38.64173002,246.9587014,38.72556155,FOVNotMatch,2002/6/9 9:04:12,SAT_21439,4.101723987,6.260148768,SAT_23483,4.298679635,10.01019091,SAT_16220,5.942641317,16.27531398
frame-z-003226-1-0057,1,No match,FALSE,N/A,inf,239.8425991,43.4119619,239.8917195,43.29544657,FOVNotMatch,2002/6/9 8:36:09,SAT_02362,5.237703845,10.81807282,SAT_15182,3.935853321,11.3015731,SAT_18998,4.051658892,27.01239175
frame-z-003226-2-0089,1,Success,TRUE,SAT_19128,1.090922069,244.5764045,40.11092387,244.5407532,40.13491632,,2002/6/9 8:55:15,SAT_19128,3.051160634,1.090922069,SAT_14430,3.768628724,1.360160395,SAT_21273,4.102348564,7.303652301
frame-z-003226-6-0216,1,Success,TRUE,SAT_26858,4.901978663,260.0152658,25.84359784,259.8514113,25.941268,,2002/6/9 10:11:05,SAT_26858,0.90525931,4.901978663,SAT_14503,2.603903933,10.10344344,SAT_07037,0.108583364,10.53221094
frame-z-003229-2-0077,1,No match,FALSE,N/A,inf,186.6275499,6.991622293,186.6051782,7.094552683,FOVNotMatch,2002/6/10 4:11:57,SAT_1502U,0.025372472,25.46922715,SAT_01502,0.019911093,25.46935332,SAT_10439,5.194100449,33.74723309
frame-z-003229-4-0078,1,No match,FALSE,N/A,inf,186.7751639,7.708828827,186.7276403,7.932669572,FOVNotMatch,2002/6/10 4:12:32,SAT_1502U,0.025372472,25.1747661,SAT_01502,0.019911093,25.17489227,SAT_10439,5.194100449,33.45277204
frame-z-003229-2-0080,1,No match,FALSE,N/A,inf,187.0890991,7.071400964,186.9250771,7.0552288,FOVNotMatch,2002/6/10 4:13:44,SAT_1863U,1.596437232,10.40629389,SAT_01863,1.584909561,10.56654442,SAT_25360,4.686844414,16.2214464
frame-z-003229-2-0081,1,No match,FALSE,N/A,inf,187.2399784,7.054923558,187.1910837,7.050309,FOVNotMatch,2002/6/10 4:14:20,SAT_1863U,1.596437232,10.1648131,SAT_01863,1.584909561,10.32506362,SAT_25360,4.686844414,15.9799656
frame-z-003230-5-0093,1,No match,FALSE,N/A,inf,211.5269204,7.351065234,211.5884113,7.453537804,FOVNotMatch,2002/6/10 5:37:49,SAT_8609U,0.067725112,57.1680449,SAT_20764,4.715108162,65.7351658,SAT_9962U,2.107654613,67.58835093
frame-z-003230-4-0094,1,No match,FALSE,N/A,inf,211.6274986,6.995852889,211.7159489,7.14386226,FOVNotMatch,2002/6/10 5:38:25,SAT_8609U,0.067725112,57.0826723,SAT_20764,4.715108162,65.8205384,SAT_9962U,2.107654613,67.50297833
frame-z-003325-4-0081,1,Success,TRUE,SAT_27299,0.355075236,356.0723612,0.00284901,355.9421152,0.011519805,,2002/9/5 7:19:42,SAT_27299,4.509905627,0.355075236,SAT_23192,5.575417124,3.730716164,SAT_26871,5.946237278,3.736096701
frame-z-003313-6-0041,1,Success,TRUE,SAT_2215U,0.025596389,326.4007693,1.047071548,326.2383961,1.021528684,,2002/8/30 6:13:47,SAT_2215U,4.729598271,0.025596389,SAT_04632,4.306854791,2.195063427,SAT_4632U,4.304039418,2.195077919
frame-z-003325-5-0197,1,Success,TRUE,SAT_27415,2.327191804,13.43992572,0.43015123,13.39801551,0.419034518,,2002/9/5 8:28:58,SAT_27415,5.070751061,2.327191804,SAT_5485U,4.173488839,10.90400089,SAT_05485,4.173535462,10.90413377
frame-z-003325-3-0292,1,Success,TRUE,SAT_13970,0.377179238,27.66301822,-0.20105536,27.50001935,-0.219231552,,2002/9/5 9:25:41,SAT_13970,3.724325821,0.377179238,SAT_27415,5.967722514,3.759525477,SAT_21149,4.868948169,4.593206058
frame-z-003325-3-0269,1,No match,FALSE,N/A,inf,24.13467517,-0.419839585,24.05723595,-0.358041775,FOVNotMatch,2002/9/5 9:11:57,SAT_15245,4.270637776,12.05424158,SAT_23230,2.32228885,22.07656461,SAT_10184,2.439550072,36.30583725
frame-z-003325-3-0325,1,Success,TRUE,SAT_25895,4.933099238,32.60363689,-0.379479916,32.44075586,-0.36101902,,2002/9/5 9:45:23,SAT_25895,3.855103264,4.933099238,SAT_7902U,0.062225769,5.203504793,SAT_23192,5.212791644,6.413829821
frame-z-003325-2-0404,1,Success,TRUE,SAT_24640,0.498401582,44.32924305,-0.798338763,44.26892271,-0.633451095,,2002/9/5 10:32:33,SAT_24640,1.959091824,0.498401582,SAT_18415,5.667236881,9.240704495,SAT_07015,0.072882541,42.56389112
frame-z-003325-2-0405,1,Success,TRUE,SAT_24640,0.466034318,44.58173594,-0.669695677,44.56172311,-0.614893176,,2002/9/5 10:33:09,SAT_24640,1.959091824,0.466034318,SAT_18415,5.667236881,9.27307176,SAT_07015,0.072882541,42.53152385
frame-z-003355-3-0067,1,Success,TRUE,SAT_2121U,0.509184433,28.90241197,-0.219783434,28.74000935,-0.234818997,,2002/10/4 8:49:07,SAT_2121U,2.421289478,0.509184433,SAT_2221U,5.115514709,3.992594812,SAT_26724,5.030953968,5.282630633
frame-z-003355-3-0068,1,Success,TRUE,SAT_2121U,0.505140996,29.05234521,-0.233228266,28.92991461,-0.244571844,,2002/10/4 8:49:43,SAT_2121U,2.421289478,0.505140996,SAT_2221U,5.115514709,3.996638249,SAT_26724,5.030953968,5.28667407
frame-z-003355-6-0111,1,No match,FALSE,N/A,inf,35.49026985,0.957738985,35.3270314,1.002077237,FOVNotMatch,2002/10/4 9:15:24,SAT_23538,0.171828808,8.322202423,SAT_2221U,4.491196275,15.26830223,SAT_26914,3.763522979,24.21699871
frame-z-003355-6-0112,1,No match,FALSE,N/A,inf,35.63965704,0.998299043,35.47698802,1.041910695,FOVNotMatch,2002/10/4 9:16:00,SAT_23538,0.171828808,8.134581255,SAT_2221U,4.491196275,15.08068106,SAT_26914,3.763522979,24.02937754
frame-z-003355-6-0113,1,No match,FALSE,N/A,inf,35.78913087,1.037765507,35.68001509,1.067459066,FOVNotMatch,2002/10/4 9:16:35,SAT_23538,0.171828808,8.349873331,SAT_2221U,4.491196275,15.29597314,SAT_26914,3.763522979,24.24466962
frame-z-003355-2-0117,1,No match,FALSE,N/A,inf,36.31437817,-0.834182758,36.22582707,-0.64899224,FOVNotMatch,2002/10/4 9:18:59,SAT_26037,5.776601587,12.1859451,SAT_23538,0.171828808,57.57072282,SAT_2221U,4.491196275,64.51682263
frame-z-003355-3-0252,1,Success,TRUE,SAT_23538,2.112713145,56.52703696,-0.415818861,56.43783503,-0.397864097,,2002/10/4 10:39:35,SAT_23538,4.425506006,2.112713145,SAT_26738,5.458400284,10.34746543,SAT_23313,5.364075555,11.36727489
frame-z-003355-3-0253,1,Success,TRUE,SAT_23538,2.105087424,56.58753739,-0.36776893,56.75036323,-0.400565516,,2002/10/4 10:40:11,SAT_23538,4.425506006,2.105087424,SAT_26738,5.458400284,10.35509115,SAT_23313,5.364075555,11.37490061
frame-z-003355-3-0254,1,Success,TRUE,SAT_23538,2.027648663,56.89951363,-0.370542738,56.73678437,-0.337536572,,2002/10/4 10:40:47,SAT_23538,4.425506006,2.027648663,SAT_26738,5.458400284,10.43252991,SAT_23313,5.364075555,11.45233938
frame-z-003355-3-0255,1,Success,TRUE,SAT_23538,2.076429176,57.04915016,-0.340365893,56.88637324,-0.307494217,,2002/10/4 10:41:22,SAT_23538,4.425506006,2.076429176,SAT_26738,5.458400284,10.3837494,SAT_23313,5.364075555,11.40355886
frame-z-003355-3-0257,1,Success,TRUE,SAT_23538,2.256141915,57.34892852,-0.280153971,57.18595955,-0.247775007,,2002/10/4 10:42:34,SAT_23538,4.425506006,2.256141915,SAT_26738,5.458400284,10.20403666,SAT_23313,5.364075555,11.22384612
frame-z-003358-5-0124,1,No match,FALSE,N/A,inf,268.2454377,46.30555348,268.2575417,46.45518522,FOVNotMatch,2002/10/5 2:53:41,SAT_21319,4.066704449,14.49439497,SAT_02481,1.225460518,19.59539068,SAT_20623,5.777161392,22.60409459
frame-z-003355-3-0259,1,Success,TRUE,SAT_23538,2.512301754,57.64823943,-0.220714985,57.5026172,-0.191378909,,2002/10/4 10:43:46,SAT_23538,4.49983185,2.512301754,SAT_26738,5.476882421,10.36638463,SAT_1359U,1.724836971,11.31535742
frame-z-003358-2-0090,1,No match,FALSE,N/A,inf,264.9227704,51.11971267,264.7776055,51.20404595,FOVNotMatch,2002/10/5 2:33:23,SAT_06264,4.456046665,6.719386833,SAT_6264U,4.450149062,6.72263349,SAT_3164U,1.910413266,7.207625857
frame-z-003358-2-0091,1,No match,FALSE,N/A,inf,264.7074278,51.01307641,264.9005382,50.90082874,FOVNotMatch,2002/10/5 2:33:59,SAT_06264,4.456046665,6.830383612,SAT_6264U,4.450149062,6.833630269,SAT_3164U,1.910413266,7.096629078
frame-z-003358-4-0133,1,No match,FALSE,N/A,inf,267.9881811,44.90465482,268.0528454,45.04600282,FOVNotMatch,2002/10/5 2:59:03,SAT_20623,5.382345086,9.21672149,SAT_08868,1.113985824,48.10120707,SAT_8868U,1.116613505,48.16666371
frame-z-003355-4-0267,1,Success,TRUE,SAT_23538,3.098809597,58.84584489,0.017171144,58.6835917,0.049547496,,2002/10/4 10:48:32,SAT_23538,4.821839448,3.098809597,SAT_26738,5.917389663,10.2725709,SAT_23313,5.761519694,11.27249294
frame-z-003355-4-0268,1,Success,TRUE,SAT_23538,3.208520284,58.99605345,0.047079923,58.83269828,0.079351029,,2002/10/4 10:49:08,SAT_23538,4.821839448,3.208520284,SAT_26738,5.917389663,10.16286021,SAT_23313,5.761519694,11.16278225
frame-z-003355-4-0269,1,Success,TRUE,SAT_23538,3.206177896,59.14556119,0.076405575,58.98291416,0.108543673,,2002/10/4 10:49:44,SAT_23538,4.821839448,3.206177896,SAT_26738,5.917389663,10.1652026,SAT_23313,5.761519694,11.16512464
frame-z-003355-4-0271,1,Success,TRUE,SAT_23538,3.126926149,59.44447671,0.135513422,59.28248182,0.167755475,,2002/10/4 10:50:56,SAT_23538,4.821839448,3.126926149,SAT_26738,5.917389663,10.24445435,SAT_23313,5.761519694,11.24437639
frame-z-003358-3-0153,1,No match,FALSE,N/A,inf,268.024195,41.90125925,268.1070431,41.99403143,FOVNotMatch,2002/10/5 3:11:00,SAT_25777,4.996241583,72.60518299,SAT_8398U,0.955075055,84.93540373,SAT_08398,0.955566376,84.93547575
frame-z-003360-1-0471,1,Success,TRUE,SAT_11147,4.218626566,16.50740023,-1.052710681,16.38487055,-1.103035891,,2002/10/5 8:35:01,SAT_11147,5.098626276,4.218626566,SAT_08366,2.633940569,6.135171498,SAT_8366U,2.633099014,6.135404897
frame-z-003362-5-0032,1,No match,FALSE,N/A,inf,24.75275975,0.65310693,24.58970386,0.703438559,FOVNotMatch,2002/10/5 9:38:47,SAT_18571,3.896275364,12.38086828,SAT_23016,5.890354065,17.10913083,SAT_25922,5.796629146,17.16042232
frame-z-003362-5-0033,1,No match,FALSE,N/A,inf,24.90271272,0.699495298,24.7408506,0.749492354,FOVNotMatch,2002/10/5 9:39:22,SAT_18571,3.896275364,12.39198974,SAT_23016,5.890354065,17.12025229,SAT_25922,5.796629146,17.17154378
frame-z-003362-5-0033,2,No match,FALSE,N/A,inf,24.81196028,0.834985152,24.78154289,0.85697944,FOVNotMatch,2002/10/5 9:39:22,SAT_08295,5.552567202,30.24431471,SAT_8295U,5.552678742,30.24441021,SAT_18571,3.896275364,31.09848705
frame-z-003362-5-0033,3,No match,FALSE,N/A,inf,24.81061736,0.843169767,24.7890493,0.857796271,FOVNotMatch,2002/10/5 9:39:22,SAT_18571,3.896275364,29.37179264,SAT_08295,5.552567202,31.97100912,SAT_8295U,5.552678742,31.97110462
frame-z-003362-6-0041,1,No match,FALSE,N/A,inf,26.10028925,1.067200199,25.93752986,1.117436799,FOVNotMatch,2002/10/5 9:44:09,SAT_18571,4.89794433,11.94506526,SAT_2218U,4.569052435,19.52386328,SAT_08330,5.223027913,31.40914998
frame-z-003362-6-0043,1,No match,FALSE,N/A,inf,26.39921178,1.158941094,26.23638477,1.208921196,FOVNotMatch,2002/10/5 9:45:21,SAT_18571,4.89794433,11.85640813,SAT_2218U,4.569052435,19.43520615,SAT_08330,5.223027913,31.32049285
frame-z-003362-6-0044,1,No match,FALSE,N/A,inf,26.5493041,1.204616188,26.38751111,1.254268557,FOVNotMatch,2002/10/5 9:45:57,SAT_18571,4.89794433,11.85333051,SAT_2218U,4.569052435,19.43212853,SAT_08330,5.223027913,31.31741523
frame-z-003362-6-0045,1,No match,FALSE,N/A,inf,26.69902264,1.250304933,26.6131152,1.276832786,FOVNotMatch,2002/10/5 9:46:32,SAT_18571,4.89794433,11.95339051,SAT_2218U,4.569052435,19.53218854,SAT_08330,5.223027913,31.41747523
frame-z-003362-1-0052,1,No match,FALSE,N/A,inf,27.64280677,-1.044551427,27.58485496,-0.966098575,FOVNotMatch,2002/10/5 9:50:43,SAT_6682U,0.395628819,9.381143654,SAT_06682,0.39690601,9.381916076,SAT_16455,4.091313473,12.69885257
frame-z-003362-1-0053,1,No match,FALSE,N/A,inf,27.89740775,-0.984465951,27.77419953,-0.820018605,FOVNotMatch,2002/10/5 9:51:19,SAT_6682U,0.395628819,9.770788926,SAT_06682,0.39690601,9.771561348,SAT_16455,4.091313473,13.08849784
frame-z-003362-6-0227,1,Success,TRUE,SAT_16204,2.580569452,53.92264786,1.193176038,53.94866864,1.248886424,,2002/10/5 11:35:12,SAT_16204,1.852344062,2.580569452,SAT_11028,5.627309119,37.47536871,SAT_10856,5.112935355,44.47057691
frame-z-003368-2-0016,1,Success,TRUE,SAT_15384,0.755827769,41.77604681,-0.481016221,41.68523746,-0.493710823,,2002/10/6 10:01:28,SAT_15384,5.387098787,0.755827769,SAT_12994,4.248172015,2.812738655,SAT_16497,4.865920671,4.247344145
frame-z-003368-2-0017,1,Success,TRUE,SAT_15384,0.594571527,41.99773351,-0.491524476,41.83511238,-0.514724678,,2002/10/6 10:02:03,SAT_15384,5.387098787,0.594571527,SAT_12994,4.248172015,2.651482414,SAT_16497,4.865920671,4.086087904
frame-z-003384-1-0059,1,Success,TRUE,SAT_23598,2.546868234,313.6765991,-1.025290528,313.5135273,-1.017866709,,2002/10/10 4:18:23,SAT_23598,5.975248135,2.546868234,SAT_22117,5.961657447,2.562562787,SAT_23877,4.304744223,2.569180187
frame-z-003384-1-0183,1,Success,TRUE,SAT_27040,3.805980568,332.2401129,-0.874081795,332.1798755,-0.862111128,,2002/10/10 5:32:25,SAT_27040,5.558017143,3.805980568,SAT_27046,1.780352206,5.922756895,SAT_22101,4.915801502,6.913391663
frame-z-003384-4-0250,1,Success,TRUE,SAT_25074,4.007092936,342.240148,0.355617827,342.1069606,0.333854441,,2002/10/10 6:12:26,SAT_25074,1.930060846,4.007092936,SAT_20674,2.845817432,9.225927226,SAT_21906,5.757505587,9.31217442
frame-z-003384-4-0251,1,Success,TRUE,SAT_25074,3.824553209,342.4191268,0.335527739,342.3066496,0.316780352,,2002/10/10 6:13:02,SAT_25074,1.930060846,3.824553209,SAT_20674,2.845817432,9.408466953,SAT_21906,5.757505587,9.494714148
frame-z-003384-3-0210,1,Success,TRUE,SAT_27040,2.246544822,336.2818451,-0.183149206,336.1416532,-0.157226863,,2002/10/10 5:48:33,SAT_27040,2.741342838,2.246544822,SAT_27046,1.500326649,4.389116733,SAT_19773,5.829258061,5.685387022
frame-z-003384-5-0312,1,No match,FALSE,N/A,inf,351.5513434,0.752547582,351.5010453,0.855498319,FOVNotMatch,2002/10/10 6:49:27,SAT_18790,1.405812018,19.90307197,SAT_22038,5.049506702,20.90382706,SAT_20404,4.480095829,28.35757438
frame-z-003384-1-0318,1,Success,TRUE,SAT_14565,0.165845031,352.3197679,-1.023151151,352.2893428,-1.024123243,,2002/10/10 6:53:02,SAT_14565,0.284665558,0.165845031,SAT_19773,4.764067048,9.490751132,SAT_25074,4.360334848,9.853998951
frame-z-003384-3-0324,1,No match,FALSE,N/A,inf,353.3256885,-0.206114206,353.1857073,-0.126080575,FOVNotMatch,2002/10/10 6:56:37,SAT_20404,5.632220917,6.615651349,SAT_27040,5.502203576,17.96381522,SAT_19773,4.767179315,21.87144599
frame-z-003384-1-0449,1,No match,FALSE,N/A,inf,12.02340611,-1.045289371,11.96141916,-0.990795253,FOVNotMatch,2002/10/10 8:11:15,SAT_23877,4.35362016,41.27291541,SAT_21906,4.470017139,41.28333827,SAT_25922,4.906411967,41.29316903
frame-z-003384-6-0529,1,No match,FALSE,N/A,inf,23.91866468,1.12678525,23.87607475,1.104288278,FOVNotMatch,2002/10/10 8:59:01,SAT_26350,5.179612882,9.593251247,SAT_00813,1.653236139,9.988615266,SAT_813U0,1.65265284,9.989461167
frame-z-003388-4-0075,1,No match,FALSE,N/A,inf,323.3483285,0.228877192,323.3357327,0.196503147,FOVNotMatch,2002/10/11 5:15:36,SAT_18361,1.638502346,29.58917108,SAT_17637,2.791997134,39.6078414,SAT_2401U,0.46314467,44.84271161
frame-z-003388-3-0077,1,No match,FALSE,N/A,inf,323.7471021,-0.283573209,323.7836746,-0.190178457,FOVNotMatch,2002/10/11 5:16:48,SAT_18361,1.638502346,29.71440606,SAT_17637,2.791997134,39.73307638,SAT_2401U,0.46314467,44.96794659
frame-z-003388-6-0266,1,Success,TRUE,SAT_25449,1.75111374,351.9301443,0.947912993,352.0937164,0.990193546,,2002/10/11 7:09:38,SAT_25449,2.441307769,1.75111374,SAT_4478U,2.672813256,2.638476885,SAT_10442,4.926019902,24.01920001
frame-z-003388-6-0267,1,Success,TRUE,SAT_25449,1.704936387,352.242981,0.951505731,352.0807121,0.909422045,,2002/10/11 7:10:14,SAT_25449,2.441307769,1.704936387,SAT_4478U,2.672813256,2.684654238,SAT_10442,4.926019902,24.06537737
frame-z-003388-2-0048,1,Success,TRUE,SAT_26806,4.219113009,319.4299364,-0.812490772,319.3271715,-0.834096851,,2002/10/11 4:59:29,SAT_26806,4.169180331,4.219113009,SAT_26922,1.598478854,6.992056462,SAT_24786,5.950427911,11.72482049
frame-z-003388-3-0239,1,Success,TRUE,SAT_16647,1.141827717,347.9825473,-0.341871814,347.8881085,-0.358953577,,2002/10/11 6:53:31,SAT_16647,0.978557051,1.141827717,SAT_4478U,3.830996912,1.995693789,SAT_25868,0.923343957,9.629636424
frame-z-003388-3-0243,1,Success,TRUE,SAT_4478U,1.483125791,348.6301624,-0.317970598,348.487455,-0.352841777,,2002/10/11 6:55:54,SAT_4478U,3.830996912,1.483125791,SAT_16647,0.978557051,2.336991864,SAT_25868,0.923343957,13.10845601
frame-z-003388-6-0139,1,No match,FALSE,N/A,inf,333.080174,0.907344657,332.9186086,0.978585714,FOVNotMatch,2002/10/11 5:53:49,SAT_20127,5.231678306,8.053984513,SAT_23637,5.184935624,19.22276169,SAT_25821,0.991772157,20.39297894
frame-z-003388-2-0443,1,No match,FALSE,N/A,inf,18.54717831,-0.834142388,18.59276199,-0.773700751,FOVNotMatch,2002/10/11 8:55:19,SAT_5709U,2.259462966,37.11091253,SAT_10516,4.122770786,37.23604547,SAT_7544U,5.629945187,38.56287435
frame-z-003388-4-0467,1,No match,FALSE,N/A,inf,22.02678847,0.004667268,22.11275073,0.228830125,FOVNotMatch,2002/10/11 9:09:39,SAT_15618,1.03713649,16.1031328,SAT_16450,1.688689364,17.24778554,SAT_23255,2.670956074,51.51460561
frame-z-003388-6-0470,1,Success,TRUE,SAT_15618,3.703297088,22.57158273,1.066708533,22.53806191,0.844595307,,2002/10/11 9:11:27,SAT_15618,1.03713649,3.703297088,SAT_16450,1.688689364,4.847949829,SAT_10885,3.997907107,45.53522981
frame-z-003388-5-0470,1,Success,TRUE,SAT_15618,3.783239834,22.50834032,0.646701541,22.47453492,0.42478042,,2002/10/11 9:11:27,SAT_15618,1.03713649,3.783239834,SAT_16450,1.688689364,4.927892575,SAT_10885,3.997907107,45.61517255
frame-z-003388-3-0511,1,No match,FALSE,N/A,inf,28.77098552,-0.286218776,28.66274383,-0.260796376,FOVNotMatch,2002/10/11 9:35:55,SAT_23016,5.056593069,13.19279521,SAT_22096,5.918424811,13.2034461,SAT_25922,5.487119172,13.20921459
frame-z-003388-1-0523,1,No match,FALSE,N/A,inf,30.57027495,-1.231890243,30.40741887,-1.208798155,FOVNotMatch,2002/10/11 9:43:05,SAT_24786,5.673433321,7.95817428,SAT_23877,5.947212834,8.032522816,SAT_23016,4.317596456,8.04827235
frame-z-003388-5-0528,1,No match,FALSE,N/A,inf,31.31859297,0.453206842,31.1558687,0.497079272,FOVNotMatch,2002/10/11 9:46:04,SAT_05978,4.752197069,9.870708118,SAT_24786,5.673433321,14.97529768,SAT_23877,5.947212834,15.04964622
frame-z-003388-5-0529,1,No match,FALSE,N/A,inf,31.46856228,0.492898679,31.30633657,0.536645879,FOVNotMatch,2002/10/11 9:46:40,SAT_05978,4.752197069,9.867597153,SAT_24786,5.673433321,14.97840865,SAT_23877,5.947212834,15.05275718
frame-z-003388-6-0539,1,No match,FALSE,N/A,inf,32.96526252,0.892693581,32.8030382,0.935845557,FOVNotMatch,2002/10/11 9:52:38,SAT_22254,5.838479643,24.67820401,SAT_15139,2.545995628,28.39317931,SAT_7544U,4.196741334,28.67392928
frame-z-003388-6-0540,1,No match,FALSE,N/A,inf,33.11560496,0.932035904,32.95371693,0.975554612,FOVNotMatch,2002/10/11 9:53:14,SAT_22254,5.838479643,24.82906123,SAT_15139,2.545995628,28.54403653,SAT_7544U,4.196741334,28.82478649
frame-z-003388-6-0541,1,No match,FALSE,N/A,inf,33.26497011,0.971984309,33.10221978,1.015380739,FOVNotMatch,2002/10/11 9:53:50,SAT_22254,5.838479643,24.71289989,SAT_15139,2.545995628,28.42787519,SAT_7544U,4.196741334,28.70862516
frame-z-003388-6-0543,1,No match,FALSE,N/A,inf,33.56438349,1.051156033,33.50120129,1.068234639,FOVNotMatch,2002/10/11 9:55:02,SAT_22254,5.838479643,24.90899045,SAT_15139,2.545995628,28.62396574,SAT_7544U,4.196741334,28.90471571
frame-z-003388-5-0532,1,No match,FALSE,N/A,inf,31.91754346,0.613210776,31.78766613,0.648161331,FOVNotMatch,2002/10/11 9:48:28,SAT_23016,5.882956166,15.03920376,SAT_22117,5.837481274,15.10268748,SAT_701U0,1.975337347,27.44549986
frame-z-003388-5-0534,1,No match,FALSE,N/A,inf,32.14073966,0.597227841,32.05419318,0.494264568,FOVNotMatch,2002/10/11 9:49:39,SAT_19998,4.888944388,14.47659379,SAT_20902,5.578250117,34.44010203,SAT_06683,0.21804977,34.58603537
frame-z-003388-5-0535,1,No match,FALSE,N/A,inf,32.36716433,0.510369811,32.29385856,0.423575542,FOVNotMatch,2002/10/11 9:50:15,SAT_19998,4.888944388,14.612157,SAT_20902,5.578250117,34.57566525,SAT_10516,2.835656483,34.59796551
frame-z-003388-6-0537,1,No match,FALSE,N/A,inf,32.55257738,0.843359913,32.50302215,0.856545058,FOVNotMatch,2002/10/11 9:51:27,SAT_23016,5.882956166,14.87764563,SAT_22117,5.837481274,14.94112935,SAT_701U0,1.975337347,27.28394173
frame-z-003388-4-0602,1,No match,FALSE,N/A,inf,42.28955422,0.109077368,42.23517945,0.075004807,FOVNotMatch,2002/10/11 10:30:15,SAT_10516,3.301539169,17.8118326,SAT_5709U,3.094993951,18.40223072,SAT_7544U,3.626562026,19.17527269
frame-z-003388-4-0603,1,No match,FALSE,N/A,inf,42.54753065,0.082877377,42.42127892,0.004601766,FOVNotMatch,2002/10/11 10:30:51,SAT_10516,3.301539169,17.53830248,SAT_5709U,3.094993951,18.1287006,SAT_7544U,3.626562026,18.90174257
frame-z-003388-2-0603,1,Success,TRUE,SAT_23016,3.11220483,42.49803361,-0.749005279,42.38586235,-0.742870218,,2002/10/11 10:30:51,SAT_23016,5.474666244,3.11220483,SAT_25922,5.868380247,3.130209812,SAT_22117,5.41015244,3.179289446
frame-z-003388-5-0665,1,Success,TRUE,SAT_10516,2.154875665,51.75109706,0.439856291,51.69090992,0.423548029,,2002/10/11 11:07:52,SAT_10516,4.461976361,2.154875665,SAT_5709U,4.759009808,3.024469804,SAT_7544U,4.472668594,3.487172931
frame-z-003388-1-0684,1,Success,TRUE,SAT_04784,1.58922388,54.63429731,-1.253607637,54.52660954,-1.030998491,,2002/10/11 11:19:13,SAT_04784,2.23704424,1.58922388,SAT_4784U,2.235819003,1.594251951,SAT_13215,4.794447247,42.51582813
frame-z-003388-1-0723,1,Success,TRUE,SAT_26377,2.595827571,60.37683775,-1.133126898,60.35179731,-1.172341178,,2002/10/11 11:42:30,SAT_26377,2.914852698,2.595827571,SAT_10659,2.135548888,23.51711025,SAT_11062,5.224711817,28.35826908
frame-z-003434-2-0064,1,Success,TRUE,SAT_11888,2.613572954,316.7052453,-0.835412918,316.7398472,-0.611534761,,2002/10/30 2:07:08,SAT_11888,2.906824969,2.613572954,SAT_234U0,0.481430621,18.73086232,SAT_19827,0.052981208,19.78654559
frame-z-003434-1-0154,1,Success,TRUE,SAT_26806,1.632810554,330.2780773,-1.031366882,330.1679081,-1.03659661,,2002/10/30 3:00:52,SAT_26806,1.978466528,1.632810554,SAT_26352,5.405039566,2.643721044,SAT_26724,4.815796193,2.7192864
frame-z-003434-2-0391,1,No match,FALSE,N/A,inf,5.798438366,-0.836105818,5.646683603,-0.802605126,FOVNotMatch,2002/10/30 5:22:22,SAT_12546,5.163592384,11.33030211,SAT_23313,4.618237519,12.41773691,SAT_22930,5.181113879,12.41868937
frame-z-003434-2-0393,1,No match,FALSE,N/A,inf,6.107618155,-0.772344421,5.945383094,-0.736074809,FOVNotMatch,2002/10/30 5:23:34,SAT_12546,5.163592384,11.48337135,SAT_23313,4.618237519,12.57080615,SAT_22930,5.181113879,12.57175861
frame-z-003434-2-0394,1,No match,FALSE,N/A,inf,6.258074555,-0.739491638,6.095575694,-0.703576955,FOVNotMatch,2002/10/30 5:24:10,SAT_12546,5.163592384,11.344204,SAT_23313,4.618237519,12.4316388,SAT_22930,5.181113879,12.43259125
frame-z-003434-3-0403,1,No match,FALSE,N/A,inf,7.484485444,-0.416752277,7.442694891,-0.407591369,FOVNotMatch,2002/10/30 5:29:32,SAT_12546,5.360789727,10.40737097,SAT_23313,5.038647685,12.3328106,SAT_22930,5.559178288,12.33373982
frame-z-003434-3-0406,1,No match,FALSE,N/A,inf,8.054606993,-0.345588703,7.891861592,-0.309772863,FOVNotMatch,2002/10/30 5:31:19,SAT_12546,5.360789727,10.45441707,SAT_23313,5.038647685,12.3798567,SAT_22930,5.559178288,12.38078592
frame-z-003434-3-0407,1,No match,FALSE,N/A,inf,8.204039962,-0.312722303,8.041939244,-0.277190659,FOVNotMatch,2002/10/30 5:31:55,SAT_12546,5.360789727,10.40639059,SAT_23313,5.038647685,12.33183022,SAT_22930,5.559178288,12.33275945
frame-z-003437-5-0019,1,No match,FALSE,N/A,inf,311.4553894,0.675693615,311.3864807,0.64284243,FOVNotMatch,2002/10/31 1:40:16,SAT_25844,1.513315888,25.94922395,SAT_26810,3.945181466,36.17871162,SAT_22949,4.918839013,44.90537511
frame-z-003437-3-0052,1,No match,FALSE,N/A,inf,316.4891826,-0.034230216,316.3518356,-0.072223533,FOVNotMatch,2002/10/31 1:59:59,SAT_1616U,0.06633501,9.188114704,SAT_26352,5.827412742,15.35561469,SAT_21222,5.214437382,15.46881462
frame-z-003437-3-0317,1,No match,FALSE,N/A,inf,356.156743,-0.037864654,356.0833341,0.01770464,FOVNotMatch,2002/10/31 4:38:12,SAT_25465,0.715604262,19.92433734,SAT_21499,5.71133392,26.50106162,SAT_27459,3.290692647,26.90987483
frame-z-003437-2-0453,1,Success,TRUE,SAT_5587U,0.815490512,16.41737663,-0.626517472,16.4979023,-0.605984973,,2002/10/31 5:59:24,SAT_5587U,3.04091188,0.815490512,SAT_05587,3.040126314,0.815578915,SAT_4353U,4.832267694,0.864619883
frame-z-003437-2-0453,2,Success,TRUE,SAT_4353U,0.704173485,16.47321957,-0.609409298,16.41065634,-0.625175272,,2002/10/31 5:59:24,SAT_4353U,4.832267694,0.704173485,SAT_5587U,3.04091188,0.97593691,SAT_05587,3.040126314,0.976025313
frame-z-003437-2-0442,1,Success,TRUE,SAT_4250U,3.271074177,14.70903586,-0.50154553,14.75606544,-0.493236662,,2002/10/31 5:52:50,SAT_4250U,4.931477659,3.271074177,SAT_4353U,3.779680695,3.740966946,SAT_4902U,5.772569564,4.675451524
frame-z-003460-1-0184,1,Success,TRUE,SAT_9652U,1.318706205,46.28658125,-1.112855563,46.35730813,-1.031008389,,2002/11/7 6:48:16,SAT_9652U,4.468779397,1.318706205,SAT_15267,5.151975113,30.82162824,SAT_14951,0.524364194,36.18071258
frame-z-003438-1-0021,1,Success,TRUE,SAT_17083,2.50944243,33.23993604,-1.174426062,33.09671621,-1.198113122,,2002/10/31 6:48:58,SAT_17083,5.348484373,2.50944243,SAT_11964,4.165258263,5.166413196,SAT_14195,3.026686888,5.254614943
frame-z-003438-4-0131,1,No match,FALSE,N/A,inf,49.58947367,0.0282213,49.72646801,0.099924797,FOVNotMatch,2002/10/31 7:54:38,SAT_12851,4.268576652,14.45021713,SAT_10953,2.800200719,14.5029637,SAT_11964,4.412146487,14.79857475
frame-z-003438-5-0032,1,Success,TRUE,SAT_4902U,0.176390204,34.74474107,0.490204541,34.90553665,0.5246416,,2002/10/31 6:55:32,SAT_4902U,5.91477685,0.176390204,SAT_5587U,5.282112172,0.884199798,SAT_05587,5.282248118,0.884331876
frame-z-003460-1-0271,1,No match,FALSE,N/A,inf,59.39494537,-1.25544882,59.47461524,-1.048583573,FOVNotMatch,2002/11/7 7:40:13,SAT_21185,3.098167305,37.18302665,SAT_22056,0.042653452,42.20351623,SAT_14951,2.943343641,57.15824404
frame-z-003465-1-0118,1,No match,FALSE,N/A,inf,342.866434,-1.113394278,342.8507846,-1.030314927,FOVNotMatch,2002/11/8 3:56:20,SAT_25449,3.353985454,15.58318126,SAT_12834,0.023058933,21.58730723,SAT_16293,4.958516084,49.69615533
frame-z-003478-6-0055,1,Success,TRUE,SAT_24721,2.085617673,124.5911205,6.057159177,124.5539627,6.033713892,,2002/11/13 10:53:42,SAT_24721,5.819488205,2.085617673,SAT_4069U,4.263078548,16.48876726,SAT_21500,3.480510053,26.22930937
frame-z-003478-5-0098,1,No match,FALSE,N/A,inf,131.0510417,6.644403203,130.8783669,6.693880221,FOVNotMatch,2002/11/13 11:19:22,SAT_14394,2.658395228,11.24764252,SAT_15626,2.736105344,14.37959607,SAT_27462,5.321838626,16.54192257
frame-z-003478-1-0114,1,No match,FALSE,N/A,inf,133.5618147,5.215540121,133.5082133,5.289008063,FOVNotMatch,2002/11/13 11:28:55,SAT_5446U,1.766438577,24.34800898,SAT_19047,0.570114107,38.81380273,SAT_14394,2.301272512,48.5950279
frame-z-003478-1-0115,1,No match,FALSE,N/A,inf,133.8222266,5.306708727,133.708258,5.462477863,FOVNotMatch,2002/11/13 11:29:31,SAT_5446U,1.766438577,24.41907535,SAT_19047,0.570114107,38.8848691,SAT_14394,2.301272512,48.52396153
frame-z-003513-5-0129,1,No match,FALSE,N/A,inf,128.3031586,31.96434914,128.3075503,32.01193783,FOVNotMatch,2002/12/6 9:31:07,SAT_20508,3.977177196,11.46760416,SAT_13070,9.491173962,N/A,SAT_16272,9.096143929,N/A
frame-z-003513-5-0129,2,No match,FALSE,N/A,inf,128.298593,31.96969426,128.3023293,32.00847319,FOVNotMatch,2002/12/6 9:31:07,SAT_20508,3.977177196,11.27123612,SAT_13070,9.491173962,N/A,SAT_16272,9.096143929,N/A
frame-z-003478-6-0143,1,Success,TRUE,SAT_10644,1.702556672,137.6543893,8.08415102,137.6612718,8.099529244,,2002/11/13 11:46:14,SAT_10644,3.604761735,1.702556672,SAT_26897,5.388961748,24.30481302,SAT_8867U,1.564129183,36.70026066
frame-z-003478-5-0188,1,No match,FALSE,N/A,inf,144.5199949,8.465644234,144.362132,8.404943309,FOVNotMatch,2002/11/13 12:13:06,SAT_27500,2.864562111,5.000395129,SAT_15626,0.556679135,25.99911794,SAT_14394,2.679117919,28.93688591
frame-z-003478-5-0189,1,Success,TRUE,SAT_27500,4.920834035,144.6746378,8.443347291,144.5158593,8.382541693,,2002/11/13 12:13:42,SAT_27500,2.864562111,4.920834035,SAT_15626,0.556679135,25.91955685,SAT_14394,2.679117919,28.85732482
frame-z-003518-6-0023,1,No match,FALSE,N/A,inf,143.8399108,8.613846658,143.8441978,8.840638574,FOVNotMatch,2002/12/7 11:14:06,SAT_10933,0.107348895,17.48082073,SAT_11728,2.329718688,80.98166331,SAT_15946,2.335739627,86.48847706
frame-z-003525-1-0067,1,No match,FALSE,N/A,inf,164.9676477,8.477654703,164.9023024,8.459699322,FOVNotMatch,2002/12/11 10:36:12,SAT_15235,5.98438082,17.51348302,SAT_20083,5.4213111,18.53574147,SAT_15219,4.184787998,25.70022635
frame-z-003525-2-0067,1,Success,TRUE,SAT_20083,3.569077773,164.9467706,8.817004769,164.7815551,8.835834503,,2002/12/11 10:36:12,SAT_20083,5.4213111,3.569077773,SAT_15219,4.184787998,3.595407106,SAT_15235,5.98438082,4.591336217
frame-z-003525-2-0175,1,Success,TRUE,SAT_4069U,2.776792859,181.2686868,9.538932411,181.1470275,9.571500611,,2002/12/11 11:40:41,SAT_4069U,5.09035873,2.776792859,SAT_27526,5.431354078,2.795511884,SAT_26530,4.826120998,10.41948589
frame-z-003525-1-0144,1,Success,TRUE,SAT_22291,2.765725192,176.5422944,8.981903732,176.5249373,9.067890369,,2002/12/11 11:22:10,SAT_22291,2.101142234,2.765725192,SAT_10440,3.049608099,3.596582967,SAT_08142,1.535700019,10.37552435
frame-z-003525-3-0145,1,Success,TRUE,SAT_22291,2.679185594,176.7042707,9.688060595,176.6594475,9.911374266,,2002/12/11 11:22:46,SAT_22291,2.101142234,2.679185594,SAT_10440,3.049608099,3.683122565,SAT_08142,1.535700019,10.28898475
frame-z-003525-3-0160,1,No match,FALSE,N/A,inf,179.0285071,9.890004494,178.9895327,9.961229603,FOVNotMatch,2002/12/11 11:31:43,SAT_05180,4.315011368,29.37970867,SAT_5180U,4.316047003,29.38281947,SAT_26530,3.531226137,37.02569425
frame-z-003525-4-0161,1,No match,FALSE,N/A,inf,179.175318,10.18188266,179.0902343,10.33717237,FOVNotMatch,2002/12/11 11:32:19,SAT_05180,4.315011368,29.38562121,SAT_5180U,4.316047003,29.38873201,SAT_26530,3.531226137,37.01978171
frame-z-003530-4-0151,1,No match,FALSE,N/A,inf,138.460008,37.36388448,138.2694253,37.30007565,FOVNotMatch,2002/12/13 10:13:12,SAT_21753,0.076820223,18.25104068,SAT_25485,2.37834435,40.80167158,SAT_19030,2.864293317,62.44921735
frame-z-003525-1-0232,1,No match,FALSE,N/A,inf,189.8276173,8.956247201,189.9589731,9.032310779,FOVNotMatch,2002/12/11 12:14:43,SAT_15952,5.240618937,34.83532806,SAT_13875,4.841493306,40.59259437,SAT_10020,0.065086618,46.24406984
frame-z-003525-2-0216,1,No match,FALSE,N/A,inf,187.414379,9.522918473,187.5038624,9.585871342,FOVNotMatch,2002/12/11 12:05:10,SAT_15952,2.369680894,30.45922469,SAT_21199,5.345345695,37.34270345,SAT_13875,1.69235448,37.61990436
frame-z-003530-4-0265,1,No match,FALSE,N/A,inf,158.9622302,44.71128815,158.7789734,44.62094538,FOVNotMatch,2002/12/13 11:21:16,SAT_19948,4.575968455,33.15537934,SAT_22192,4.627564027,35.59816658,SAT_00622,3.481185715,51.37557748
frame-z-003530-4-0266,1,No match,FALSE,N/A,inf,159.1910108,44.72412948,159.1167372,44.68802569,FOVNotMatch,2002/12/13 11:21:52,SAT_19948,4.575968455,33.51372263,SAT_22192,4.627564027,35.95650988,SAT_00622,3.481185715,51.73392077
frame-z-003530-3-0320,1,No match,FALSE,N/A,inf,170.5073719,46.42190745,170.2834313,46.48173539,FOVNotMatch,2002/12/13 11:54:07,SAT_12159,5.698496526,33.93306429,SAT_24963,4.656212991,35.60056825,SAT_11896,4.924021233,38.23143416
frame-z-003530-1-0345,1,No match,FALSE,N/A,inf,175.7977856,46.22054767,175.9131876,46.29996886,FOVNotMatch,2002/12/13 12:09:02,SAT_15808,1.749271549,18.95535388,SAT_22192,5.505742017,22.46602944,SAT_24963,2.752212009,76.50929784
frame-z-003530-1-0389,1,No match,FALSE,N/A,inf,185.3419205,46.45063166,185.575781,46.63745979,FOVNotMatch,2002/12/13 12:35:19,SAT_21890,4.13758419,12.29186445,SAT_18883,4.577240137,15.36156857,SAT_19640,4.163255516,45.70417632
frame-z-003538-3-0133,1,Success,TRUE,SAT_12677,0.621432198,137.8203853,8.309126781,137.6541802,8.325104394,,2002/12/14 10:31:36,SAT_12677,0.330368318,0.621432198,SAT_10953,4.499133744,0.913048584,SAT_15946,1.476713433,2.320936264
frame-z-003538-6-0219,1,No match,FALSE,N/A,inf,150.4283892,11.24009245,150.51824,11.35661318,FOVNotMatch,2002/12/14 11:22:57,SAT_27518,4.76645142,21.61434651,SAT_19073,4.799906851,56.11423407,SAT_15946,3.733876449,58.68429177
frame-z-003538-1-0123,1,No match,FALSE,N/A,inf,136.3871566,7.061094012,136.4750674,7.177839815,FOVNotMatch,2002/12/14 10:25:38,SAT_08874,4.531479087,43.81440674,SAT_8874U,4.533529665,43.81745612,SAT_7682U,0.44765269,52.33311914
frame-z-003538-6-0074,1,No match,FALSE,N/A,inf,128.8293004,7.945482863,128.692009,8.09093291,FOVNotMatch,2002/12/14 9:56:23,SAT_05977,5.002434144,16.04533782,SAT_10684,3.656566729,21.555648,SAT_17328,4.111189104,21.76410202
frame-z-003562-6-0089,1,No match,FALSE,N/A,inf,161.7569589,43.4447903,161.747216,43.5523187,FOVNotMatch,2002/12/31 11:28:33,SAT_25382,4.301843749,21.11022922,SAT_24960,5.290623248,24.15728723,SAT_15261,0.034997578,24.41654438
frame-z-003562-5-0090,1,No match,FALSE,N/A,inf,162.191049,43.09966629,162.1719252,43.3290375,FOVNotMatch,2002/12/31 11:29:09,SAT_25382,4.301843749,21.39344334,SAT_24960,5.290623248,24.44050135,SAT_15261,0.034997578,24.6997585
frame-z-003562-4-0091,1,No match,FALSE,N/A,inf,162.6206165,42.75227515,162.6091465,42.89404343,FOVNotMatch,2002/12/31 11:29:45,SAT_25382,4.301843749,21.47463511,SAT_24960,5.290623248,24.52169312,SAT_15261,0.034997578,24.78095027
frame-z-003606-3-0094,1,No match,FALSE,N/A,inf,137.8283351,34.08827272,137.6270475,34.1174199,FOVNotMatch,2003/1/25 6:44:28,SAT_20303,1.64066402,18.81542657,SAT_21523,11.23073275,N/A,SAT_11141,12.99334797,N/A
frame-z-003600-5-0087,1,Success,TRUE,SAT_15697,2.559531907,145.7453429,62.61415118,145.49191,62.80736883,,2003/1/23 8:22:57,SAT_15697,5.643649459,2.559531907,SAT_19753,0.054316904,9.091907985,SAT_20710,3.605768915,61.86282703
frame-z-003600-4-0087,1,Success,TRUE,SAT_15697,3.019849504,146.2090305,62.25273118,145.9621453,62.44676478,,2003/1/23 8:22:57,SAT_15697,5.643649459,3.019849504,SAT_19753,0.054316904,9.552225582,SAT_20710,3.605768915,61.40250944
frame-z-003600-4-0087,2,Success,TRUE,SAT_20710,1.998159233,146.0754944,62.41940792,146.0426044,62.39174523,,2003/1/23 8:22:57,SAT_20710,3.605768915,1.998159233,SAT_7780U,5.924097721,37.32759208,SAT_15697,5.643649459,62.42419971
frame-z-003610-1-0063,1,No match,FALSE,N/A,inf,44.84396608,43.97288363,44.98348327,43.9749674,FOVNotMatch,2003/1/27 3:00:50,SAT_8184U,1.405689989,57.75703339,SAT_08184,1.405766588,57.75729196,SAT_10650,0.117659473,77.63691691
frame-z-003563-6-0044,1,Success,TRUE,SAT_22178,0.502486216,171.7407569,1.049575261,171.8216661,1.274506691,,2002/12/31 12:37:00,SAT_22178,1.704702031,0.502486216,SAT_16070,5.528295138,5.144960708,SAT_20894,4.194526928,7.817685416
frame-z-003565-3-0175,1,No match,FALSE,N/A,inf,36.9060851,-0.416922247,36.80126859,-0.352775916,FOVNotMatch,2003/1/1 2:33:54,SAT_23846,5.497814146,31.46570041,SAT_23192,4.544737716,31.48057261,SAT_24315,4.18005755,31.48788332
frame-z-003624-3-0012,1,No match,FALSE,N/A,inf,161.7767838,-0.327300177,161.6572881,-0.191176205,FOVNotMatch,2003/1/27 10:53:28,SAT_23614,1.698018621,10.41774085,SAT_8366U,4.022525027,33.68643618,SAT_12545,4.052185825,35.40946341
frame-z-003631-2-0217,1,No match,FALSE,N/A,inf,149.0945908,11.54534513,148.9677281,11.46310017,FOVNotMatch,2003/1/28 9:33:39,SAT_27500,5.722961796,25.45077496,SAT_18153,2.889288392,89.10323381,SAT_13124,8.496596248,N/A
frame-z-003631-5-0269,1,No match,FALSE,N/A,inf,156.8437178,13.9128769,156.7125546,13.88499817,FOVNotMatch,2003/1/28 10:04:42,SAT_3827U,5.182368304,61.08809759,SAT_03827,5.004382639,61.09729403,SAT_12529,2.07488028,62.31102447
frame-z-003630-2-0133,1,Success,TRUE,SAT_14333,0.947386006,136.4988194,7.752289985,136.3711772,7.764764287,,2003/1/28 5:56:22,SAT_14333,2.958838402,0.947386006,SAT_16729,2.120865579,2.881061135,SAT_15219,4.188307651,3.00511928
frame-z-000752-5-0553,1,Success,TRUE,SAT_16186,3.642227582,226.267509,0.513420417,226.3141525,0.646182242,,1999/3/21 10:15:55,SAT_16186,5.278298813,3.642227582,SAT_13074,3.718008043,27.39173714,SAT_16961,2.823337811,38.66476634
frame-z-000752-6-0553,1,Success,TRUE,SAT_16186,3.903116021,226.3835613,0.842202196,226.4156583,0.932240799,,1999/3/21 10:15:55,SAT_16186,5.278298813,3.903116021,SAT_13074,3.718008043,27.65262558,SAT_16961,2.823337811,38.92565478
frame-z-000752-4-0554,1,Success,TRUE,SAT_16186,3.709379545,226.4174248,0.088148221,226.4663573,0.226911608,,1999/3/21 10:16:30,SAT_16186,5.278298813,3.709379545,SAT_13074,3.718008043,27.4588891,SAT_16961,2.823337811,38.73191831
frame-z-000752-5-0554,1,Success,TRUE,SAT_16186,3.732746116,226.5348624,0.422415291,226.5804078,0.551401632,,1999/3/21 10:16:30,SAT_16186,5.278298813,3.732746116,SAT_13074,3.718008043,27.48225567,SAT_16961,2.823337811,38.75528488
frame-z-000752-1-0557,1,Success,TRUE,SAT_16186,3.653371858,226.8674605,-1.185810401,226.9218364,-1.031157001,,1999/3/21 10:18:18,SAT_16186,5.278298813,3.653371858,SAT_13074,3.718008043,27.40288142,SAT_16961,2.823337811,38.67591062
frame-z-000756-6-0283,1,Success,TRUE,SAT_16917,0.655718237,158.2377594,1.05220725,158.2830944,1.105464524,,1999/3/22 5:40:12,SAT_16917,4.876816888,0.655718237,SAT_23480,4.831157894,8.964926825,SAT_20713,5.828290538,35.17692888
frame-z-000756-2-0535,1,Success,TRUE,SAT_19549,3.785961686,196.0031859,-0.560104626,195.8411054,-0.455704852,,1999/3/22 8:10:40,SAT_19549,5.107793346,3.785961686,SAT_14194,1.261238544,17.28437332,SAT_10953,5.191929489,18.70407456
frame-z-000756-2-0536,1,Success,TRUE,SAT_19549,3.874459434,196.1529413,-0.463198352,196.0565297,-0.401307199,,1999/3/22 8:11:16,SAT_19549,5.107793346,3.874459434,SAT_14194,1.261238544,17.19587558,SAT_10953,5.191929489,18.61557681
frame-z-000756-1-0638,1,No match,FALSE,N/A,inf,211.2746383,-1.042630045,211.4212144,-1.014051554,FOVNotMatch,1999/3/22 9:12:11,SAT_24315,5.35166054,11.00075687,SAT_22911,5.258588358,11.00290957,SAT_21222,4.458475805,11.00876627
frame-z-000756-4-0663,1,Success,TRUE,SAT_21181,1.16997865,215.0764351,0.354639368,215.0441747,0.440628735,,1999/3/22 9:27:06,SAT_21181,3.959923879,1.16997865,SAT_12032,4.29679647,31.41997914,SAT_13378,3.597783102,38.87934049
frame-z-000756-5-0664,1,Success,TRUE,SAT_21181,1.328289365,215.2699076,0.635546168,215.1850653,0.859791894,,1999/3/22 9:27:42,SAT_21181,3.959923879,1.328289365,SAT_12032,4.29679647,31.57828986,SAT_13378,3.597783102,39.03765121
frame-z-000756-6-0665,1,Success,TRUE,SAT_21181,1.311625025,215.4099487,1.055098618,215.325154,1.279388434,,1999/3/22 9:28:18,SAT_21181,3.959923879,1.311625025,SAT_12032,4.29679647,31.56162552,SAT_13378,3.597783102,39.02098687
frame-z-001009-5-0188,1,No match,FALSE,N/A,inf,336.0820901,0.718069668,335.9216959,0.758294272,FOVNotMatch,1999/10/8 6:11:47,SAT_19773,1.434045755,7.202950937,SAT_25922,5.935681396,14.09393867,SAT_00011,4.563414931,14.24774748
frame-z-001006-6-0018,1,No match,FALSE,N/A,inf,65.25281331,0.950044511,65.18608829,1.002220201,FOVNotMatch,1999/10/7 11:21:46,SAT_03749,2.649650061,10.82002987,SAT_08751,4.086549653,23.16969181,SAT_24313,5.975326805,38.0246688
frame-z-001006-6-0019,1,No match,FALSE,N/A,inf,65.49865582,0.991817228,65.43133673,1.04459943,FOVNotMatch,1999/10/7 11:22:22,SAT_03749,2.649650061,10.74475394,SAT_08751,4.086549653,23.24496775,SAT_24313,5.975326805,38.09994473
frame-z-001010-6-0072,1,No match,FALSE,N/A,inf,23.21643122,-1.282176206,23.07618747,-1.243380947,FOVNotMatch,1999/10/8 7:31:40,SAT_25913,5.689289814,15.4091919,SAT_21222,4.277787623,15.42109172,SAT_23846,4.125419635,15.4227556
frame-z-001035-6-0017,1,Success,TRUE,SAT_17178,3.045757994,7.972926863,15.95480141,7.956030849,16.04750687,,1999/10/13 7:31:57,SAT_17178,1.881367982,3.045757994,SAT_07629,0.028751718,21.30330363,SAT_21552,7.134714034,N/A
frame-z-001035-2-0089,1,No match,FALSE,N/A,inf,19.07820922,13.85196989,19.07162421,13.95626839,FOVNotMatch,1999/10/13 8:14:56,SAT_13080,0.018291906,14.37683173,SAT_01271,4.036434569,22.80865261,SAT_15390,2.449241491,69.61103056
frame-z-001037-2-0082,1,Success,TRUE,SAT_10866,4.91093067,51.94227093,-7.620305728,51.98136043,-7.506286002,,1999/10/13 10:46:59,SAT_10866,0.385867788,4.91093067,SAT_17198,4.45351981,55.88475713,SAT_19094,3.391327304,62.1567176
frame-z-001037-5-0105,1,No match,FALSE,N/A,inf,55.35915205,-5.981804562,55.38542821,-5.949690923,FOVNotMatch,1999/10/13 11:00:43,SAT_22293,2.504493275,28.66474744,SAT_19094,3.096925635,41.89571568,SAT_20266,2.427097624,43.9269501
frame-z-001043-1-0080,1,No match,FALSE,N/A,inf,12.18422352,13.99580928,12.06796079,13.99295588,FOVNotMatch,1999/10/14 7:46:36,SAT_01613,5.930525902,5.981791821,SAT_14613,5.912367322,8.240337696,SAT_07373,3.121571242,74.96409195
frame-z-001037-4-0133,1,No match,FALSE,N/A,inf,59.48797947,-5.834593325,59.43713287,-5.616139894,FOVNotMatch,1999/10/13 11:17:26,SAT_25191,4.98908623,6.691498263,SAT_12880,0.070976844,8.438581573,SAT_18494,2.482200258,20.97697776
frame-z-001037-6-0134,1,No match,FALSE,N/A,inf,59.59461007,-4.972601268,59.54887989,-4.773048314,FOVNotMatch,1999/10/13 11:18:02,SAT_25191,4.98908623,6.514030687,SAT_12880,0.070976844,8.261113997,SAT_18494,2.482200258,21.15444534
frame-z-001037-1-0152,1,Success,TRUE,SAT_21549,2.545224654,62.60402993,-6.655461794,62.61267716,-6.483396763,,1999/10/13 11:28:47,SAT_21549,3.661478285,2.545224654,SAT_17589,5.136222203,8.04966017,SAT_19094,3.599748321,78.4654213
frame-z-001037-4-0163,1,No match,FALSE,N/A,inf,63.95099599,-5.125944842,63.91132998,-5.091617623,FOVNotMatch,1999/10/13 11:35:21,SAT_12445,2.144357172,18.41952023,SAT_19904,5.388453582,24.48717854,SAT_25922,0.38251317,40.90157072
frame-z-001043-4-0152,1,Success,TRUE,SAT_25270,4.275956797,23.33662649,14.48260622,23.40978089,14.58244459,,1999/10/14 8:29:36,SAT_25270,0.248549144,4.275956797,SAT_13080,4.034577726,24.13555163,SAT_06277,4.862264049,55.47241419
frame-z-001043-2-0155,1,Success,TRUE,SAT_25270,4.41149543,23.67921757,13.61562723,23.80684852,13.78957541,,1999/10/14 8:31:23,SAT_25270,0.248549144,4.41149543,SAT_13080,4.034577726,24.27109026,SAT_06277,4.862264049,55.60795282
frame-z-001040-2-0096,1,No match,FALSE,N/A,inf,314.6408284,-0.833485709,314.4781504,-0.75019605,FOVNotMatch,1999/10/14 3:34:50,SAT_15832,4.869693626,7.318728755,SAT_10730,3.53224841,17.28246923,SAT_16274,5.290576557,26.39416756
frame-z-001045-4-0039,1,Success,TRUE,SAT_25629,2.31526998,39.86332655,-7.987334382,39.82081732,-7.975081361,,1999/10/14 10:05:11,SAT_25629,4.279683866,2.31526998,SAT_17254,5.713944367,4.670221479,SAT_25586,5.227156887,14.44737359
frame-z-001056-3-0149,1,No match,FALSE,N/A,inf,346.4605714,-0.431576228,346.6090336,-0.20736226,FOVNotMatch,1999/10/16 8:12:17,SAT_23671,2.195653758,45.73104824,SAT_23230,1.437966129,50.9426213,SAT_22315,3.408915435,52.46029341
frame-z-001056-2-0150,1,No match,FALSE,N/A,inf,346.6098432,-0.658745933,346.630999,-0.626765493,FOVNotMatch,1999/10/16 8:12:53,SAT_23671,2.195653758,45.7570298,SAT_23230,1.437966129,50.96860285,SAT_22315,3.408915435,52.48627497
frame-z-001056-3-0140,1,Success,TRUE,SAT_05126,4.168119294,345.1776081,-0.329458306,345.1129862,-0.322105494,,1999/10/16 8:06:54,SAT_05126,3.879206819,4.168119294,SAT_15166,4.770574805,4.929010826,SAT_23230,0.026139388,12.83658633
frame-z-001119-6-0030,1,No match,FALSE,N/A,inf,135.6734379,55.56023195,135.6098947,55.63680545,FOVNotMatch,2000/2/8 6:05:59,SAT_24643,3.412874529,6.511689018,SAT_23642,3.488267471,68.18894833,SAT_07376,7.009069941,N/A
frame-z-001057-6-0041,1,Success,TRUE,SAT_07021,2.254922497,61.12397833,0.946542026,61.07594782,1.095831147,,1999/10/16 9:39:25,SAT_07021,4.757387385,2.254922497,SAT_06909,0.268050276,12.13069163,SAT_20737,1.68642077,23.72654706
frame-z-001057-6-0042,1,Success,TRUE,SAT_07021,2.380193208,61.3885238,1.054140078,61.35112311,1.17126379,,1999/10/16 9:40:01,SAT_07021,4.757387385,2.380193208,SAT_06909,0.268050276,12.00542092,SAT_20737,1.68642077,23.60127635
frame-z-001140-2-0060,1,Success,TRUE,SAT_23734,2.179819576,161.8967091,-2.922567921,161.9631519,-2.760511178,,2000/2/12 9:03:35,SAT_23734,4.109675203,2.179819576,SAT_14189,0.062809203,42.50258915,SAT_13967,1.413436403,45.16317505
frame-z-001140-6-0234,1,No match,FALSE,N/A,inf,187.878786,-1.389924796,187.9744932,-1.216230564,FOVNotMatch,2000/2/12 10:47:29,SAT_15027,5.740647309,9.400327709,SAT_21566,5.872992312,50.05206759,SAT_23244,4.32658037,54.32860313
frame-z-001140-6-0235,1,No match,FALSE,N/A,inf,188.1501157,-1.440738216,188.1918615,-1.364890729,FOVNotMatch,2000/2/12 10:48:05,SAT_15027,5.740647309,9.372152958,SAT_21566,5.872992312,50.02389284,SAT_23244,4.32658037,54.35677788
frame-z-001140-2-0349,1,No match,FALSE,N/A,inf,205.1207044,-2.773044522,205.134981,-2.745712326,FOVNotMatch,2000/2/12 11:56:09,SAT_14760,5.275188114,7.233495868,SAT_00574,2.363517882,27.78934749,SAT_12675,4.156299731,29.62456505
frame-z-001140-2-0350,1,No match,FALSE,N/A,inf,205.3093215,-2.966856645,205.433158,-2.744719411,FOVNotMatch,2000/2/12 11:56:44,SAT_14760,5.275188114,5.677651366,SAT_00574,2.363517882,29.34519199,SAT_12675,4.156299731,31.18040955
frame-z-001231-1-0149,1,Success,TRUE,SAT_14133,0.564892899,191.6243945,-3.609907554,191.5095343,-3.60008462,,2000/3/3 11:04:41,SAT_14133,3.73835678,0.564892899,SAT_20317,3.262910293,0.887959502,SAT_25525,4.178652443,2.201397626
frame-z-001231-1-0150,1,Success,TRUE,SAT_14133,0.477680817,191.8215844,-3.5996382,191.6994933,-3.589009892,,2000/3/3 11:05:17,SAT_14133,3.73835678,0.477680817,SAT_20317,3.262910293,0.80074742,SAT_25525,4.178652443,2.114185544
frame-z-001231-6-0142,1,Success,TRUE,SAT_14050,0.068338486,190.5138923,-1.416027151,190.6125793,-1.431395257,,2000/3/3 11:00:31,SAT_14050,1.493011355,0.068338486,SAT_18578,1.101676924,1.364485703,SAT_14128,5.865741316,2.151158872
frame-z-001231-6-0169,1,Success,TRUE,SAT_21942,0.144695857,194.4929952,-1.474796399,194.6556801,-1.464236601,,2000/3/3 11:16:38,SAT_21942,2.411768449,0.144695857,SAT_23127,2.340362265,3.001436738,SAT_22117,3.904807992,3.680593444
frame-z-001231-6-0170,1,Success,TRUE,SAT_21942,0.232874284,194.6428981,-1.482159315,194.8056314,-1.471847807,,2000/3/3 11:17:14,SAT_21942,2.411768449,0.232874284,SAT_23127,2.340362265,3.089615165,SAT_22117,3.904807992,3.592415017
frame-z-001231-6-0171,1,Success,TRUE,SAT_21942,0.100354129,194.7929717,-1.489640339,194.9560284,-1.478929791,,2000/3/3 11:17:49,SAT_21942,2.411768449,0.100354129,SAT_23127,2.340362265,2.95709501,SAT_22117,3.904807992,3.724935172
frame-z-001231-6-0172,1,Success,TRUE,SAT_21942,0.027028467,194.9425363,-1.497326201,195.10523,-1.486430482,,2000/3/3 11:18:25,SAT_21942,2.411768449,0.027028467,SAT_23127,2.340362265,2.883769348,SAT_22117,3.904807992,3.798260834
frame-z-001231-6-0173,1,Success,TRUE,SAT_21942,0.023945265,195.0924543,-1.504828284,195.2554081,-1.493906376,,2000/3/3 11:19:01,SAT_21942,2.411768449,0.023945265,SAT_23127,2.340362265,2.880686146,SAT_22117,3.904807992,3.801344035
frame-z-001231-6-0174,1,Success,TRUE,SAT_21942,0.115667064,195.2425107,-1.512183861,195.4050102,-1.501553627,,2000/3/3 11:19:37,SAT_21942,2.411768449,0.115667064,SAT_23127,2.340362265,2.972407945,SAT_22117,3.904807992,3.709622236
frame-z-001231-6-0177,1,Success,TRUE,SAT_21942,0.256778656,195.6916616,-1.535074216,195.8541262,-1.52409649,,2000/3/3 11:21:24,SAT_21942,2.665008796,0.256778656,SAT_23127,2.173519574,2.446841617,SAT_22117,3.912578702,3.832817948
frame-z-001231-6-0180,1,Success,TRUE,SAT_21942,0.342700377,196.1414111,-1.558125062,196.304091,-1.546887895,,2000/3/3 11:23:12,SAT_21942,2.665008796,0.342700377,SAT_23127,2.173519574,2.360919896,SAT_22117,3.912578702,3.918739669
frame-z-001231-6-0181,1,Success,TRUE,SAT_21942,0.302051008,196.2909834,-1.565900946,196.4543782,-1.554730866,,2000/3/3 11:23:48,SAT_21942,2.665008796,0.302051008,SAT_23127,2.173519574,2.401569265,SAT_22117,3.912578702,3.8780903
frame-z-001231-6-0183,1,Success,TRUE,SAT_21942,0.357530118,196.5908112,-1.581352947,196.7538754,-1.570046973,,2000/3/3 11:24:59,SAT_21942,2.665008796,0.357530118,SAT_23127,2.173519574,2.346090156,SAT_22117,3.912578702,3.93356941
frame-z-001231-6-0185,1,Success,TRUE,SAT_21942,0.555087239,196.8902705,-1.596825025,197.0534355,-1.585575604,,2000/3/3 11:26:11,SAT_21942,2.877433686,0.555087239,SAT_23127,3.519637403,2.023489468,SAT_22117,2.552902011,3.911658092
frame-z-001231-6-0161,1,Success,TRUE,SAT_21942,0.730600035,193.2950638,-1.415926269,193.4573049,-1.40635507,,2000/3/3 11:11:51,SAT_21942,2.233788118,0.730600035,SAT_22117,3.898047418,3.342454324,SAT_23016,3.71071273,3.345710247
frame-z-001231-6-0162,1,Success,TRUE,SAT_21942,0.614141207,193.4446225,-1.423272578,193.6073109,-1.413343256,,2000/3/3 11:12:27,SAT_21942,2.233788118,0.614141207,SAT_22117,3.898047418,3.458913151,SAT_23016,3.71071273,3.462169075
frame-z-001231-6-0166,1,Success,TRUE,SAT_21942,0.517144773,194.0436991,-1.452527671,194.2070071,-1.442283221,,2000/3/3 11:14:50,SAT_21942,2.233788118,0.517144773,SAT_23127,2.667122322,3.537659248,SAT_22117,3.898047418,3.555909585
frame-z-001231-5-0206,1,Success,TRUE,SAT_23127,0.343913494,200.0377813,-1.766748167,200.1185455,-1.760272219,,2000/3/3 11:38:43,SAT_23127,2.668036331,0.343913494,SAT_21942,3.76987216,1.896462769,SAT_22117,3.548319134,4.553586094
frame-z-001231-5-0208,1,Success,TRUE,SAT_23127,0.413431444,200.3376829,-1.78361782,200.5006437,-1.770750052,,2000/3/3 11:39:55,SAT_23127,2.668036331,0.413431444,SAT_21942,3.76987216,1.826944819,SAT_22117,3.548319134,4.484068143
frame-z-001231-5-0210,1,Success,TRUE,SAT_23127,0.547816245,200.6553137,-1.798388182,200.8004473,-1.78727049,,2000/3/3 11:41:07,SAT_23127,2.668036331,0.547816245,SAT_21942,3.76987216,1.692560019,SAT_22117,3.548319134,4.349683343
frame-z-001233-3-0013,1,No match,FALSE,N/A,inf,201.2098568,-0.200991749,201.1626122,-0.105089375,FOVNotMatch,2000/3/3 12:05:07,SAT_12294,0.916650864,24.65210391,SAT_17256,4.481896624,43.86797732,SAT_16186,3.207881995,45.37161876
frame-z-001233-1-0025,1,No match,FALSE,N/A,inf,202.9937659,-1.039723713,202.9811491,-0.816155556,FOVNotMatch,2000/3/3 12:12:17,SAT_12257,2.694692054,6.051752117,SAT_07682,0.462111929,6.439253561,SAT_13610,5.751179853,17.33340047
frame-z-001233-2-0025,1,No match,FALSE,N/A,inf,202.9700669,-0.620121092,202.9579246,-0.3973268,FOVNotMatch,2000/3/3 12:12:17,SAT_12257,2.694692054,5.941585731,SAT_07682,0.462111929,6.329087175,SAT_13610,5.751179853,17.44356685
frame-z-001233-3-0025,1,No match,FALSE,N/A,inf,202.9463862,-0.200615655,202.9347634,0.023031016,FOVNotMatch,2000/3/3 12:12:17,SAT_12257,2.694692054,5.797118719,SAT_07682,0.462111929,6.184620163,SAT_20174,5.21559623,17.30744804
frame-z-001233-3-0025,2,Success,TRUE,SAT_17256,1.255358726,202.9064184,0.023161857,202.890079,-0.024430448,,2000/3/3 12:12:17,SAT_17256,4.865682859,1.255358726,SAT_20174,5.21559623,4.615922836,SAT_07682,0.462111929,15.73875071
frame-z-001241-6-0028,1,Success,TRUE,SAT_23766,2.85893956,142.6852938,-0.99872508,142.5231195,-0.985987637,,2000/3/4 7:06:26,SAT_23766,4.172772211,2.85893956,SAT_26056,4.434288848,4.50905644,SAT_23877,4.43671394,4.513963312
frame-z-001241-6-0030,1,Success,TRUE,SAT_23766,2.920406578,142.9849201,-0.992927851,142.8223947,-0.979987377,,2000/3/4 7:07:37,SAT_23766,4.172772211,2.920406578,SAT_26056,4.434288848,4.570523457,SAT_23877,4.43671394,4.57543033
frame-z-001241-6-0032,1,Success,TRUE,SAT_23766,2.716145135,143.2850169,-0.987266078,143.1230501,-0.9749509,,2000/3/4 7:08:49,SAT_23766,4.172772211,2.716145135,SAT_26056,4.434288848,4.366262014,SAT_23877,4.43671394,4.371168886
frame-z-001241-6-0040,1,Success,TRUE,SAT_23766,2.185553214,144.4833491,-0.966034808,144.3218652,-0.954058221,,2000/3/4 7:13:35,SAT_23766,4.860959052,2.185553214,SAT_26056,4.382129203,4.260022744,SAT_23877,4.384357055,4.265000486
frame-z-001241-6-0041,1,Success,TRUE,SAT_23766,2.101848248,144.6331895,-0.963380317,144.4709483,-0.951585824,,2000/3/4 7:14:11,SAT_23766,4.860959052,2.101848248,SAT_26056,4.382129203,4.176317778,SAT_23877,4.384357055,4.181295521
frame-z-001241-6-0042,1,Success,TRUE,SAT_23766,2.148514954,144.7830429,-0.960761115,144.6206783,-0.948824709,,2000/3/4 7:14:47,SAT_23766,4.860959052,2.148514954,SAT_26056,4.382129203,4.222984484,SAT_23877,4.384357055,4.227962226
frame-z-001241-6-0045,1,Success,TRUE,SAT_23766,2.083846768,145.2327573,-0.953570878,145.0704059,-0.941819608,,2000/3/4 7:16:35,SAT_23766,4.860959052,2.083846768,SAT_26056,4.382129203,4.158316297,SAT_23877,4.384357055,4.16329404
frame-z-001239-2-0156,1,Success,TRUE,SAT_20169,4.751182968,143.8075197,-0.708346989,143.655052,-0.689275154,,2000/3/4 6:11:43,SAT_20169,2.415353569,4.751182968,SAT_25913,4.695448933,7.132092039,SAT_22911,4.872878284,7.13776999
frame-z-001241-6-0047,1,Success,TRUE,SAT_23766,1.79278396,145.5327773,-0.948860207,145.3701856,-0.937226392,,2000/3/4 7:17:46,SAT_23766,5.279088896,1.79278396,SAT_26056,4.352553676,4.111199464,SAT_23877,4.354664519,4.116217197
frame-z-003631-4-0479,1,Success,TRUE,SAT_26113,2.969955422,189.1970128,14.95890575,189.160387,15.10549845,,2003/1/28 12:10:05,SAT_26113,5.614495983,2.969955422,SAT_10776,0.239623453,8.940668294,SAT_17216,0.078277574,29.46198839
frame-z-003631-2-0482,1,No match,FALSE,N/A,inf,189.6049802,14.14811341,189.688783,14.33500238,FOVNotMatch,2003/1/28 12:11:52,SAT_17216,0.078277574,7.595158942,SAT_10776,0.239623453,28.11647904,SAT_26113,5.614495983,40.02710276
frame-z-003631-2-0483,1,No match,FALSE,N/A,inf,189.8977281,14.10612668,189.9286757,14.17524033,FOVNotMatch,2003/1/28 12:12:28,SAT_17216,0.078277574,7.574929018,SAT_10776,0.239623453,28.09624912,SAT_26113,5.614495983,40.00687283
frame-z-003631-5-0507,1,No match,FALSE,N/A,inf,193.6555528,15.25399713,193.6782829,15.47663347,FOVNotMatch,2003/1/28 12:26:48,SAT_23466,0.58200926,7.86148675,SAT_17216,5.143884127,10.6999113,SAT_26113,3.082601383,22.34150089
frame-z-003631-3-0493,1,No match,FALSE,N/A,inf,191.3487204,14.48999362,191.3187277,14.65531343,FOVNotMatch,2003/1/28 12:18:26,SAT_26113,3.817877008,6.678446557,SAT_14085,0.198750521,10.85380315,SAT_21460,5.364565108,17.18643499
frame-z-003631-2-0494,1,Success,TRUE,SAT_17216,1.177227366,191.4568991,14.10293605,191.5082931,14.28968694,,2003/1/28 12:19:02,SAT_17216,2.769477859,1.177227366,SAT_21460,5.364565108,7.710755491,SAT_26113,3.817877008,31.57563704
frame-z-003631-4-0494,1,No match,FALSE,N/A,inf,191.5807437,14.90356966,191.539771,15.12866725,FOVNotMatch,2003/1/28 12:19:02,SAT_26113,3.817877008,6.666188044,SAT_14085,0.198750521,10.84154464,SAT_21460,5.364565108,17.1986935
frame-z-003631-2-0495,1,Success,TRUE,SAT_17216,1.159625242,191.7557324,14.05855686,191.7814781,14.15203121,,2003/1/28 12:19:38,SAT_17216,2.769477859,1.159625242,SAT_21460,5.364565108,7.728357616,SAT_26113,3.817877008,31.59323916
frame-z-003631-1-0421,1,No match,FALSE,N/A,inf,180.3644581,13.71684677,180.3386175,13.69090082,FOVNotMatch,2003/1/28 11:35:27,SAT_05547,0.06638445,31.7124733,SAT_5547U,0.06505454,31.71357132,SAT_23344,3.133964939,36.7409629
frame-z-003635-3-0197,1,No match,FALSE,N/A,inf,139.7534376,32.34887874,139.6693308,32.36469482,FOVNotMatch,2003/1/29 5:09:02,SAT_16103,5.852221496,80.55039201,SAT_6252U,7.45552419,N/A,SAT_27540,9.505904333,N/A
frame-z-003631-2-0401,1,No match,FALSE,N/A,inf,177.263901,14.19078828,177.1591167,14.16302054,FOVNotMatch,2003/1/28 11:23:30,SAT_25989,4.758964382,19.32444304,SAT_26377,5.729126799,68.25455673,SAT_26360,5.603148652,70.78815731
frame-z-003643-2-0049,1,No match,FALSE,N/A,inf,46.16695742,40.9191831,46.1616428,41.08379019,FOVNotMatch,2003/2/1 3:00:03,SAT_20305,0.064647003,22.77582384,SAT_08174,0.732860254,30.86939446,SAT_8174U,0.729766468,30.87632671
frame-z-003644-2-0186,1,No match,FALSE,N/A,inf,137.5688337,31.06418051,137.5195519,31.1578401,FOVNotMatch,2003/2/1 5:39:04,SAT_9651U,4.109811176,7.604135172,SAT_19981,1.855006385,39.54178773,SAT_13070,13.24289114,N/A
frame-z-003644-1-0186,1,No match,FALSE,N/A,inf,137.765703,30.68867831,137.6628167,30.88498485,FOVNotMatch,2003/2/1 5:39:04,SAT_9651U,4.109811176,7.592382386,SAT_19981,1.855006385,39.53003494,SAT_13070,13.24289114,N/A
frame-z-003647-6-0139,1,No match,FALSE,N/A,inf,159.4042542,40.66013803,159.3774856,40.84970254,FOVNotMatch,2003/2/1 9:32:15,SAT_15261,3.513838736,19.17829815,SAT_23396,2.348229895,19.26770654,SAT_22512,0.363852588,21.59395749
frame-z-003647-1-0142,1,No match,FALSE,N/A,inf,160.7635675,38.78283737,160.736613,39.01000884,FOVNotMatch,2003/2/1 9:34:03,SAT_15261,3.513838736,20.00790354,SAT_23396,2.348229895,20.09731194,SAT_22512,0.363852588,22.42356288
frame-z-003647-2-0153,1,No match,FALSE,N/A,inf,162.8017564,39.73340757,162.5903244,39.84308373,FOVNotMatch,2003/2/1 9:40:37,SAT_03036,0.168103607,11.80002659,SAT_3036U,0.167459396,11.80065185,SAT_19750,3.370363553,26.42955017
frame-z-003647-3-0155,1,No match,FALSE,N/A,inf,163.0656321,40.1408244,162.7987049,40.27907997,FOVNotMatch,2003/2/1 9:41:48,SAT_03036,0.168103607,11.67570406,SAT_3036U,0.167459396,11.67632932,SAT_19750,3.370363553,26.30522764
frame-z-003647-6-0049,1,No match,FALSE,N/A,inf,143.629729,35.71152204,143.3667104,35.78146643,FOVNotMatch,2003/2/1 8:38:31,SAT_22020,5.242439811,47.74037765,SAT_20100,1.988276912,58.81743145,SAT_22462,5.228569729,59.8491642
frame-z-003650-1-0032,1,No match,FALSE,N/A,inf,190.1410831,48.80146279,190.1926864,48.83794878,FOVNotMatch,2003/2/1 11:43:46,SAT_22671,10.96685431,N/A,SAT_26070,14.39241924,N/A,SAT_22178,6.016694582,N/A
frame-z-003664-6-0015,1,No match,FALSE,N/A,inf,210.41789,48.09924759,210.5211842,48.01304143,FOVNotMatch,2003/2/11 10:51:45,SAT_26867,4.886182736,75.94955127,SAT_19611,15.27937362,N/A,SAT_22674,14.17157764,N/A
frame-z-003664-6-0027,1,No match,FALSE,N/A,inf,212.9325026,47.45675817,213.0773301,47.56584412,FOVNotMatch,2003/2/11 10:58:55,SAT_26015,0.114572373,41.08829997,SAT_18530,2.883046324,84.64406712,SAT_25989,12.22652483,N/A
frame-z-003664-6-0089,1,No match,FALSE,N/A,inf,224.8765665,43.59917959,224.9485894,43.62445904,FOVNotMatch,2003/2/11 11:35:56,SAT_17213,5.226363378,40.50143863,SAT_22231,3.528800503,73.6159842,SAT_20949,16.45048956,N/A
frame-z-003664-3-0081,1,No match,FALSE,N/A,inf,222.5541019,43.00224807,222.7465894,43.06717899,FOVNotMatch,2003/2/11 11:31:10,SAT_22231,3.386542734,70.70971475,SAT_11692,0.078046252,77.06537715,SAT_18509,13.1842351,N/A
frame-z-003698-2-0035,1,No match,FALSE,N/A,inf,156.8361624,43.12412259,156.7582579,43.12774122,FOVNotMatch,2003/3/6 7:42:46,SAT_17147,1.091643797,45.39011132,SAT_7094U,2.140886,55.11651582,SAT_22671,4.916743252,64.37718948
frame-z-003698-2-0036,1,No match,FALSE,N/A,inf,157.1590671,43.23094011,156.9197648,43.24415799,FOVNotMatch,2003/3/6 7:43:22,SAT_17147,1.091643797,44.69587459,SAT_7094U,2.140886,54.42227909,SAT_22671,4.916743252,65.07142621
frame-z-003698-2-0136,1,No match,FALSE,N/A,inf,177.7389669,46.44261226,177.5822728,46.62591134,FOVNotMatch,2003/3/6 8:43:04,SAT_21331,0.835545153,12.05234193,SAT_26857,5.932292318,40.82115107,SAT_18883,0.914038059,51.41821251
frame-z-003699-5-0078,1,No match,FALSE,N/A,inf,197.5259932,47.4528257,197.4636515,47.41250157,FOVNotMatch,2003/3/6 10:30:16,SAT_26789,2.509876921,18.68219667,SAT_13295,4.552258588,77.19820095,SAT_8701U,4.595282239,78.12587863
frame-z-003699-4-0081,1,No match,FALSE,N/A,inf,197.9736661,46.75602708,198.2614245,46.9406788,FOVNotMatch,2003/3/6 10:32:04,SAT_26789,2.509876921,18.13986188,SAT_13295,4.552258588,77.74053574,SAT_8701U,4.595282239,78.66821341
frame-z-003698-4-0146,1,No match,FALSE,N/A,inf,179.815496,47.51478103,179.7513092,47.59289323,FOVNotMatch,2003/3/6 8:49:03,SAT_18883,0.040017116,50.63071243,SAT_21545,4.812272664,56.88048435,SAT_10832,8.639860741,N/A
frame-z-003698-6-0148,1,Success,TRUE,SAT_18883,1.787826179,180.051207,48.29306251,180.153806,48.45051131,,2003/3/6 8:50:14,SAT_18883,0.040017116,1.787826179,SAT_21545,4.812272664,4.461945745,SAT_10832,8.639860741,N/A
frame-z-003699-2-0086,1,No match,FALSE,N/A,inf,198.9862607,45.77694317,199.0785337,45.83628278,FOVNotMatch,2003/3/6 10:35:03,SAT_26789,1.055140454,40.43868842,SAT_8701U,3.888538272,78.31955901,SAT_14464,13.58164886,N/A
frame-z-003699-1-0087,1,No match,FALSE,N/A,inf,198.9560634,45.43269571,199.1496794,45.55769861,FOVNotMatch,2003/3/6 10:35:39,SAT_26789,1.055140454,40.39228363,SAT_8701U,3.888538272,78.3659638,SAT_14464,13.58164886,N/A
frame-z-003699-4-0089,1,No match,FALSE,N/A,inf,199.9431912,46.5834187,199.9452249,46.73383879,FOVNotMatch,2003/3/6 10:36:50,SAT_8701U,3.888538272,31.54401817,SAT_26789,1.055140454,87.21422925,SAT_14464,13.58164886,N/A
frame-z-003699-4-0129,1,No match,FALSE,N/A,inf,208.2428088,45.22445632,208.079732,45.20640735,FOVNotMatch,2003/3/6 11:00:43,SAT_02161,4.493150154,17.87926754,SAT_2161U,4.488251149,17.93347805,SAT_22732,0.794303773,50.79467463
frame-z-003699-4-0129,2,No match,FALSE,N/A,inf,208.1874498,45.14897132,208.1940686,45.3086738,FOVNotMatch,2003/3/6 11:00:43,SAT_22732,0.794303773,28.60445442,SAT_21475,4.267910191,39.65798697,SAT_24876,0.016704354,49.14413691
frame-z-003699-5-0188,1,No match,FALSE,N/A,inf,219.8279305,42.38214018,219.7137169,42.40790523,FOVNotMatch,2003/3/6 11:35:57,SAT_19142,1.602092583,52.97757017,SAT_11079,4.223072287,77.47125851,SAT_21426,1.81125385,79.21418103
frame-z-003699-5-0189,1,No match,FALSE,N/A,inf,220.0939587,42.2787859,219.8868536,42.32476227,FOVNotMatch,2003/3/6 11:36:33,SAT_19142,1.602092583,53.25617085,SAT_11079,4.223072287,77.19265782,SAT_21426,1.81125385,78.93558035
frame-z-003699-6-0206,1,No match,FALSE,N/A,inf,223.2396343,41.6322004,223.4085998,41.72226424,FOVNotMatch,2003/3/6 11:46:42,SAT_11079,4.401192729,22.28686362,SAT_13882,5.784907488,23.13710068,SAT_21426,2.400786535,25.56189167
frame-z-003699-6-0207,1,No match,FALSE,N/A,inf,223.6279774,41.51258926,223.4884978,41.43819085,FOVNotMatch,2003/3/6 11:47:18,SAT_11079,4.401192729,22.35276628,SAT_13882,5.784907488,23.20300334,SAT_21426,2.400786535,25.62779434
frame-z-003705-3-0285,1,No match,FALSE,N/A,inf,245.1760189,37.65082883,245.4287375,37.61988604,FOVNotMatch,2003/3/7 10:45:57,SAT_02161,1.896370931,5.864864479,SAT_2161U,1.891670062,5.905970619,SAT_19580,4.522174076,62.78028601
frame-z-003705-5-0269,1,No match,FALSE,N/A,inf,243.9481592,39.8866306,244.0297043,39.90921459,FOVNotMatch,2003/3/7 10:36:24,SAT_22879,4.69537427,42.40714303,SAT_24643,3.476027439,46.88622913,SAT_22241,0.085744574,48.07860945
frame-z-003712-2-0018,1,No match,FALSE,N/A,inf,166.2650441,55.18562331,166.2897666,55.28805464,FOVNotMatch,2003/3/10 8:45:09,SAT_22189,4.863135437,19.30761769,SAT_20707,3.84305446,21.03256586,SAT_22192,4.327652017,22.30593639
frame-z-003712-6-0133,1,No match,FALSE,N/A,inf,197.407331,57.72572616,197.4731851,57.94303742,FOVNotMatch,2003/3/10 9:53:49,SAT_22674,1.02592513,31.87664155,SAT_05556,0.5144854,40.39258023,SAT_5556U,0.531597255,40.40041773
frame-z-003712-1-0228,1,No match,FALSE,N/A,inf,219.3425884,51.03662882,219.5669574,51.03129577,FOVNotMatch,2003/3/10 10:50:32,SAT_12950,2.953262815,34.31408115,SAT_15054,5.00547305,44.99178239,SAT_10536,0.209102995,45.95490211
frame-z-003712-3-0263,1,No match,FALSE,N/A,inf,227.0972991,48.97025127,227.2108001,49.05337598,FOVNotMatch,2003/3/10 11:11:26,SAT_15738,2.836854453,7.763890859,SAT_16922,0.064192553,14.99939044,SAT_00192,3.357005349,51.48501541
frame-z-003716-3-0231,1,No match,FALSE,N/A,inf,223.9864296,40.13510257,224.2247746,40.17185063,FOVNotMatch,2003/3/11 11:43:13,SAT_21426,5.804447777,47.69864173,SAT_23420,4.974405526,48.75339702,SAT_22068,5.836534182,67.42564312
frame-z-003804-1-0012,1,No match,FALSE,N/A,inf,159.254004,10.15600038,159.140228,10.17877126,FOVNotMatch,2003/3/23 3:17:47,SAT_12065,5.157716846,5.450032736,SAT_16797,4.608672991,5.520751501,SAT_4882U,1.807489403,45.49284261
frame-z-003804-4-0078,1,No match,FALSE,N/A,inf,169.1904658,12.04261651,169.086104,12.25901581,FOVNotMatch,2003/3/23 3:57:12,SAT_6678U,1.076433342,23.67382279,SAT_25364,2.091576402,32.88604176,SAT_26483,0.059334425,46.4494618
frame-z-003804-3-0164,1,Success,TRUE,SAT_14258,2.444145955,182.3170409,12.0684748,182.2517081,12.28403858,,2003/3/23 4:48:33,SAT_14258,4.802655051,2.444145955,SAT_20742,2.444897324,9.86962343,SAT_04822,3.491036253,50.50078662
frame-z-003805-5-0041,1,No match,FALSE,N/A,inf,193.4317984,12.88837667,193.3627334,12.95100044,FOVNotMatch,2003/3/23 5:50:49,SAT_19802,3.324411718,17.17707444,SAT_23018,2.352772576,20.94942171,SAT_11636,4.634555796,32.33457832
frame-z-003813-1-0152,1,No match,FALSE,N/A,inf,169.6138477,42.88002186,169.5400379,43.0060149,FOVNotMatch,2003/3/24 3:51:43,SAT_133U0,1.766645221,11.90405573,SAT_00133,1.749759991,11.94470967,SAT_18806,3.514870753,25.8573583
frame-z-003804-2-0213,1,No match,FALSE,N/A,inf,189.7449364,11.62058274,189.7078397,11.70112866,FOVNotMatch,2003/3/23 5:17:48,SAT_19789,5.803808542,34.90822652,SAT_24959,1.968018863,43.28144915,SAT_15951,0.443960514,44.63650581
frame-z-003804-2-0214,1,No match,FALSE,N/A,inf,190.0259812,11.66718296,189.9455638,11.83994915,FOVNotMatch,2003/3/23 5:18:24,SAT_19789,5.803808542,35.12919937,SAT_24959,1.968018863,43.50242199,SAT_15951,0.443960514,44.85747866
frame-z-003805-3-0049,1,No match,FALSE,N/A,inf,194.5648569,12.11022089,194.4621009,11.98435802,FOVNotMatch,2003/3/23 5:55:35,SAT_15054,5.173864406,5.686733352,SAT_26475,4.934378803,35.71979607,SAT_25098,3.626125495,35.99699723
frame-z-003805-3-0050,1,No match,FALSE,N/A,inf,194.7130335,11.90621709,194.7821992,11.99088123,FOVNotMatch,2003/3/23 5:56:11,SAT_15054,5.173864406,5.715071785,SAT_26475,4.934378803,35.69145764,SAT_25098,3.626125495,35.96865879
frame-z-003818-4-0045,1,No match,FALSE,N/A,inf,159.480083,42.10886035,159.4490817,42.28403196,FOVNotMatch,2003/3/26 5:51:36,SAT_19903,1.527247142,16.23097835,SAT_12159,4.48472793,19.53467533,SAT_15702,0.070480465,20.25676114
frame-z-003818-2-0046,1,No match,FALSE,N/A,inf,160.0075019,41.36258737,159.9793026,41.52736554,FOVNotMatch,2003/3/26 5:52:12,SAT_19903,1.527247142,16.3905223,SAT_12159,4.48472793,19.69421928,SAT_15702,0.070480465,20.41630509
frame-z-003818-3-0047,1,No match,FALSE,N/A,inf,160.1890361,41.78209623,160.1519676,42.00747314,FOVNotMatch,2003/3/26 5:52:47,SAT_19903,1.527247142,16.72062465,SAT_12159,4.48472793,20.02432163,SAT_15702,0.070480465,20.74640744
frame-z-003818-2-0099,1,No match,FALSE,N/A,inf,170.6302614,43.37642492,170.5154775,43.44141357,FOVNotMatch,2003/3/26 6:23:50,SAT_16761,4.554422774,68.77128292,SAT_22189,5.411380239,75.76721783,SAT_9927U,0.099518431,84.16313559
frame-z-003818-3-0092,1,Success,TRUE,SAT_22189,0.052594149,168.9146681,43.44963434,169.0434907,43.66532311,,2003/3/26 6:19:40,SAT_22189,4.430220317,0.052594149,SAT_9927U,1.019326823,7.310788385,SAT_16445,2.421625619,48.50604032
frame-z-003818-1-0155,1,No match,FALSE,N/A,inf,181.9886168,43.81109355,182.0778335,43.855766,FOVNotMatch,2003/3/26 6:57:17,SAT_2680U,1.949242882,20.23692111,SAT_02680,1.98501114,21.2378031,SAT_12827,5.195701372,25.20781649
frame-z-003818-1-0157,1,No match,FALSE,N/A,inf,182.576719,43.71140333,182.6327206,43.73936639,FOVNotMatch,2003/3/26 6:58:28,SAT_2680U,1.949242882,20.11375699,SAT_02680,1.98501114,21.11463897,SAT_12827,5.195701372,25.33098061
frame-z-003818-1-0164,1,No match,FALSE,N/A,inf,184.0127778,43.72788072,184.0810758,43.84343162,FOVNotMatch,2003/3/26 7:02:39,SAT_196U0,0.836945153,28.31040015,SAT_00196,0.831766093,28.31778077,SAT_19786,1.982417668,30.61220118
frame-z-003818-5-0261,1,Success,TRUE,SAT_579U0,4.559852081,204.2632056,43.77213553,204.3031987,43.9960666,,2003/3/26 8:00:34,SAT_579U0,0.989625934,4.559852081,SAT_00579,0.993476843,4.568266943,SAT_24764,4.384199825,28.48037287
frame-z-003818-6-0261,1,Success,TRUE,SAT_579U0,4.685822936,204.3366401,44.19076873,204.3606766,44.32222726,,2003/3/26 8:00:34,SAT_579U0,0.989625934,4.685822936,SAT_00579,0.993476843,4.694237797,SAT_24764,4.384199825,28.60634373
frame-z-003830-6-0259,1,No match,FALSE,N/A,inf,155.8874049,14.23285847,155.7103964,14.43730745,FOVNotMatch,2003/3/30 5:52:01,SAT_27656,0.799576429,7.463326629,SAT_14883,5.068922647,10.24310794,SAT_24282,2.387560056,23.29292576
frame-z-003830-6-0082,1,No match,FALSE,N/A,inf,129.0234307,9.73162825,129.1296506,9.855066982,FOVNotMatch,2003/3/30 4:06:20,SAT_08593,0.713355671,26.36377459,SAT_8593U,0.709514318,26.36535835,SAT_25660,3.725408931,43.65714304
frame-z-003836-3-0305,1,No match,FALSE,N/A,inf,194.7621855,12.11268476,194.8074751,12.15262572,FOVNotMatch,2003/3/31 6:13:17,SAT_21435,0.041989798,17.68509895,SAT_21110,3.749925438,22.27558533,SAT_14191,4.692044856,25.36045392
frame-z-003836-3-0305,2,No match,FALSE,N/A,inf,194.7801758,12.11216459,194.8064705,12.13603755,FOVNotMatch,2003/3/31 6:13:17,SAT_21435,0.041989798,16.85695052,SAT_21110,3.749925438,21.4474369,SAT_14191,4.692044856,24.53230549
frame-z-003836-3-0483,1,No match,FALSE,N/A,inf,221.9652132,9.879529165,221.943169,10.06048254,FOVNotMatch,2003/3/31 7:59:34,SAT_17081,4.430682682,16.85926974,SAT_3583U,4.158075835,47.73135102,SAT_03583,4.139411986,47.75267017
frame-z-003836-3-0323,1,Success,TRUE,SAT_6797U,1.899175666,197.5573288,12.14584746,197.6636466,12.20406154,,2003/3/31 6:24:02,SAT_6797U,0.256231389,1.899175666,SAT_204U0,0.246457613,20.74604593,SAT_00204,0.251108025,20.7472948
frame-z-003836-4-0222,1,No match,FALSE,N/A,inf,182.0416082,12.69091792,182.0187995,12.72426255,FOVNotMatch,2003/3/31 5:23:44,SAT_6302U,4.974683746,59.87833184,SAT_15054,0.075099373,66.47797679,SAT_23523,3.802038373,74.49457926
frame-z-003836-4-0223,1,No match,FALSE,N/A,inf,182.3394284,12.70770631,182.1917613,12.9170303,FOVNotMatch,2003/3/31 5:24:20,SAT_6302U,4.974683746,60.68760242,SAT_15054,0.075099373,67.28724737,SAT_23523,3.802038373,73.68530868
frame-z-003836-5-0224,1,No match,FALSE,N/A,inf,182.3623433,13.11346742,182.3208421,13.17230148,FOVNotMatch,2003/3/31 5:24:55,SAT_6302U,4.974683746,60.65002868,SAT_15054,0.075099373,67.24967363,SAT_23523,3.802038373,73.72288241
frame-z-003836-1-0167,1,No match,FALSE,N/A,inf,173.8035702,11.23212908,173.634568,11.38422077,FOVNotMatch,2003/3/31 4:50:54,SAT_21858,4.573786929,28.50567258,SAT_22184,2.912010943,50.39234526,SAT_13666,5.924501829,66.97306417
frame-z-003838-1-0065,1,No match,FALSE,N/A,inf,206.2228464,49.45412675,205.9642181,49.35557277,FOVNotMatch,2003/3/31 10:49:38,SAT_21226,3.704667171,50.25899085,SAT_7382U,5.626166553,88.41175379,SAT_19143,0.080193023,88.96969868
frame-z-003840-5-0037,1,No match,FALSE,N/A,inf,157.6771338,39.60105506,157.791995,39.7380389,FOVNotMatch,2003/4/1 2:34:54,SAT_01613,0.061031407,69.46797531,SAT_1613U,0.090369223,69.79589185,SAT_25488,16.77710914,N/A
frame-z-003840-1-0067,1,No match,FALSE,N/A,inf,164.0219659,39.271361,163.8384109,39.44261999,FOVNotMatch,2003/4/1 2:52:49,SAT_23398,4.04033596,17.52022759,SAT_21006,5.998946592,18.44903159,SAT_20740,0.133012856,57.14772518
frame-z-003841-6-0066,1,No match,FALSE,N/A,inf,174.6479645,8.217373017,174.606451,8.275309836,FOVNotMatch,2003/4/1 5:42:54,SAT_4069U,2.200050399,38.41821398,SAT_04069,2.194816649,38.41840709,SAT_18328,4.982146881,46.07965087
frame-z-003841-2-0129,1,No match,FALSE,N/A,inf,184.2118908,6.836047859,184.2225647,6.853655879,FOVNotMatch,2003/4/1 6:20:31,SAT_24963,2.500035421,50.4027414,SAT_15237,5.301215312,62.24959987,SAT_14133,5.00537307,65.54650871
frame-z-003842-6-0078,1,Success,TRUE,SAT_27529,0.444996725,192.8432736,8.602621132,192.7349513,8.621025167,,2003/4/1 9:12:53,SAT_27529,1.935690715,0.444996725,SAT_25629,4.317095503,8.002390559,SAT_26113,0.986552914,64.30776929
frame-z-003893-2-0037,1,No match,FALSE,N/A,inf,158.1697523,38.78219406,158.0992155,38.82074742,FOVNotMatch,2003/4/25 2:58:09,SAT_22469,3.616945378,7.981301193,SAT_24960,2.785445867,29.44798241,SAT_19754,5.173156047,31.46388271
frame-z-003893-4-0125,1,No match,FALSE,N/A,inf,174.8174919,42.24903268,174.8344869,42.29385646,FOVNotMatch,2003/4/25 3:50:42,SAT_26483,4.829624459,12.59573583,SAT_11133,1.528019671,19.15877617,SAT_27766,0.080639381,88.87378234
frame-z-003893-3-0126,1,No match,FALSE,N/A,inf,175.0515776,41.847192,175.1411988,42.08054957,FOVNotMatch,2003/4/25 3:51:18,SAT_26483,4.829624459,12.33003429,SAT_11133,1.528019671,18.89307464,SAT_27766,0.080639381,89.13948387
frame-z-003893-1-0212,1,No match,FALSE,N/A,inf,192.2499107,41.21512674,192.459996,41.29143332,FOVNotMatch,2003/4/25 4:42:39,SAT_26510,5.350594228,11.13706186,SAT_26483,5.291773126,30.85208763,SAT_21121,0.0203476,37.42619772
frame-z-003893-5-0112,1,No match,FALSE,N/A,inf,172.1910046,42.40869172,172.0642126,42.62163521,FOVNotMatch,2003/4/25 3:42:56,SAT_5012U,4.904878882,12.77903681,SAT_3670U,0.267791053,63.63875113,SAT_737U0,4.689763322,88.62606324
frame-z-003900-6-0055,1,No match,FALSE,N/A,inf,129.1931381,26.22821873,129.1283935,26.26300628,FOVNotMatch,2003/4/26 3:07:44,SAT_14136,4.301919591,39.24393654,SAT_22979,4.672332748,50.45124909,SAT_11084,0.098855305,51.81294357
frame-z-003900-5-0055,1,No match,FALSE,N/A,inf,129.4353926,26.09966126,129.4040516,26.11716572,FOVNotMatch,2003/4/26 3:07:44,SAT_14136,4.301919591,40.20046107,SAT_11084,0.098855305,50.85641904,SAT_22979,4.672332748,51.40777362
frame-z-003900-5-0089,1,Success,TRUE,SAT_23194,3.148556152,134.3539396,28.49172553,134.2620878,28.70243259,,2003/4/26 3:28:02,SAT_23194,4.192870129,3.148556152,SAT_25097,5.116557116,12.34864119,SAT_4709U,5.568356802,16.99728483
frame-z-003900-1-0090,1,No match,FALSE,N/A,inf,135.4523459,27.11341137,135.3686185,27.15001722,FOVNotMatch,2003/4/26 3:28:37,SAT_27605,0.33312585,14.23264968,SAT_23486,2.021702421,21.94839554,SAT_1001U,5.648689696,42.88532214
frame-z-003900-3-0298,1,No match,FALSE,N/A,inf,170.2525946,38.62482797,170.3172543,38.76130954,FOVNotMatch,2003/4/26 5:32:49,SAT_26106,2.173776761,50.09781825,SAT_2017U,0.806737115,53.60929461,SAT_02017,0.809123361,53.91283419
frame-z-003900-1-0249,1,Success,TRUE,SAT_2360U,0.958429104,161.3537377,36.28697725,161.3368014,36.46591494,,2003/4/26 5:03:34,SAT_2360U,4.609155124,0.958429104,SAT_02360,4.60592257,0.961913147,SAT_18271,1.659001165,19.82226212
frame-z-003900-5-0346,1,No match,FALSE,N/A,inf,179.3645534,40.469042,179.3476669,40.49992835,FOVNotMatch,2003/4/26 6:01:29,SAT_04391,0.695803513,13.75076492,SAT_4391U,0.695405797,13.75550847,SAT_11844,0.056226851,38.58962822
frame-z-003900-2-0351,1,Success,TRUE,SAT_11844,1.392496707,180.3189492,39.1699943,180.3569777,39.28294314,,2003/4/26 6:04:28,SAT_11844,0.056226851,1.392496707,SAT_22178,5.707773153,15.18899338,SAT_18468,1.548522465,22.78705462
frame-z-003900-6-0444,1,No match,FALSE,N/A,inf,198.7256042,40.11716795,198.6904433,40.12155949,FOVNotMatch,2003/4/26 6:59:59,SAT_21439,3.91962873,38.55409671,SAT_15271,2.694162224,70.2684519,SAT_4853U,3.745580337,83.12489393
frame-z-003900-3-0587,1,No match,FALSE,N/A,inf,223.6968878,32.7551829,223.7821489,32.96931054,FOVNotMatch,2003/4/26 8:25:22,SAT_27616,0.090414507,10.60719527,SAT_22068,4.957593227,45.79950775,SAT_2375U,13.48184368,N/A
frame-z-003900-4-0588,1,No match,FALSE,N/A,inf,224.1828312,33.03359028,224.2696208,33.24702034,FOVNotMatch,2003/4/26 8:25:58,SAT_27616,0.090414507,10.29680305,SAT_22068,4.957593227,46.10989996,SAT_2375U,13.48184368,N/A
frame-z-003900-3-0588,1,No match,FALSE,N/A,inf,224.0629544,32.73580185,224.1080853,32.84841404,FOVNotMatch,2003/4/26 8:25:58,SAT_27616,0.090414507,10.48169835,SAT_22068,4.957593227,45.92500467,SAT_2375U,13.48184368,N/A
frame-z-003903-2-0263,1,Success,TRUE,SAT_06192,4.664080379,220.8236526,7.505029047,220.8984115,7.638532338,,2003/4/27 5:17:37,SAT_06192,1.691833986,4.664080379,SAT_6192U,1.689461892,4.665751874,SAT_14884,4.635086059,7.751184631
frame-z-003903-6-0326,1,No match,FALSE,N/A,inf,230.5366199,8.246218629,230.4120489,8.338784158,FOVNotMatch,2003/4/27 5:55:14,SAT_00128,4.089332726,37.5289951,SAT_128U0,4.086606028,37.53074935,SAT_07794,4.208451677,53.74549651
frame-z-003903-6-0077,1,No match,FALSE,N/A,inf,192.7937535,10.9581542,192.8200645,11.18226141,FOVNotMatch,2003/4/27 3:26:34,SAT_07041,0.393462587,10.27591504,SAT_7041U,0.374192757,10.28027909,SAT_5560U,1.740025286,19.6451524
frame-z-003911-5-0012,1,No match,FALSE,N/A,inf,237.3353871,32.22258726,237.5027704,32.27458421,FOVNotMatch,2003/4/28 10:21:55,SAT_25935,1.729567462,8.542678855,SAT_26385,0.037158422,69.23646673,SAT_09980,3.867965506,86.13878537
frame-z-003911-2-0050,1,No match,FALSE,N/A,inf,241.8793578,27.87161665,241.9115117,27.96368362,FOVNotMatch,2003/4/28 10:44:36,SAT_9980U,1.986013654,38.48884728,SAT_09980,1.967089561,38.52824345,SAT_21633,7.671400409,N/A
frame-z-003905-3-0018,1,No match,FALSE,N/A,inf,202.4598182,7.040436565,202.3426952,6.953678626,FOVNotMatch,2003/4/27 7:18:08,SAT_22198,3.734166847,41.75917047,SAT_26626,5.89354215,73.18854634,SAT_2514U,16.3052823,N/A
frame-z-003918-1-0091,1,No match,FALSE,N/A,inf,204.8242922,49.69410215,205.0628967,49.79312114,FOVNotMatch,2003/4/29 3:38:52,SAT_13594,0.035270984,5.999650524,SAT_7196U,2.415084345,9.984072337,SAT_07196,2.410572067,9.989452066
frame-z-003918-4-0058,1,No match,FALSE,N/A,inf,197.8814468,52.17414593,197.6586229,52.2140021,FOVNotMatch,2003/4/29 3:19:09,SAT_25053,0.033489131,12.82196843,SAT_04326,0.784415193,20.16850911,SAT_4326U,0.757171783,20.17889594
frame-z-003918-3-0103,1,No match,FALSE,N/A,inf,207.9786827,50.08995782,207.9742262,50.19197016,FOVNotMatch,2003/4/29 3:46:02,SAT_8829U,10.3018666,N/A,SAT_13875,11.26040352,N/A,SAT_21199,13.87887237,N/A
frame-z-003910-3-0123,1,No match,FALSE,N/A,inf,228.6136303,5.282549943,228.7539664,5.325577231,FOVNotMatch,2003/4/28 9:05:36,SAT_13011,3.264589364,27.10892279,SAT_02403,0.066199083,79.73823958,SAT_2403U,0.064063126,79.73893746
frame-z-003918-5-0195,1,No match,FALSE,N/A,inf,226.9583015,44.82642841,226.8927501,44.94810383,FOVNotMatch,2003/4/29 4:40:57,SAT_17267,2.422700969,50.63041959,SAT_01316,5.67841717,51.25191285,SAT_27141,4.015089604,65.8449813
frame-z-003918-5-0196,1,No match,FALSE,N/A,inf,227.2589883,44.77303007,227.1673946,44.94603956,FOVNotMatch,2003/4/29 4:41:33,SAT_17267,2.422700969,50.30837202,SAT_01316,5.67841717,50.92986528,SAT_27141,4.015089604,65.52293373
frame-z-003919-2-0058,1,No match,FALSE,N/A,inf,210.6338567,38.8263218,210.5886705,38.924031,FOVNotMatch,2003/4/29 7:45:26,SAT_16922,2.21083558,40.6421628,SAT_23420,5.571221906,46.51699991,SAT_21426,1.272207254,47.49862632
frame-z-003926-3-0156,1,No match,FALSE,N/A,inf,247.9090258,25.97346777,248.049313,26.04846927,FOVNotMatch,2003/5/1 7:59:25,SAT_24721,0.073499598,27.40446746,SAT_10925,0.78373732,37.35717023,SAT_26970,5.221594899,81.32584911
frame-z-003927-4-0130,1,Success,TRUE,SAT_26362,0.04483872,246.4554798,24.18586564,246.3323085,24.20763133,,2003/5/1 10:15:46,SAT_26362,2.911710958,0.04483872,SAT_1588U,5.157028305,34.2164212,SAT_01588,5.166236864,34.22479726
frame-z-003957-2-0015,1,No match,FALSE,N/A,inf,217.4175036,46.86673625,217.2935227,46.82919588,FOVNotMatch,2003/5/28 3:51:40,SAT_20233,2.741771459,30.48053081,SAT_27621,2.737350625,34.77775098,SAT_27622,4.021744697,36.68720532
frame-z-003959-6-0014,1,No match,FALSE,N/A,inf,219.3398266,48.08203467,219.2731024,48.09312769,FOVNotMatch,2003/5/28 7:45:45,SAT_9980U,3.579059708,39.36548011,SAT_25403,0.928084735,59.50014741,SAT_27542,4.232903235,72.61913343
frame-z-003959-6-0015,1,No match,FALSE,N/A,inf,219.4522925,47.99786152,219.6916522,47.95563396,FOVNotMatch,2003/5/28 7:46:20,SAT_9980U,3.579059708,38.57767437,SAT_25403,0.928084735,58.71234167,SAT_27542,4.232903235,71.83132769
frame-z-003959-3-0018,1,No match,FALSE,N/A,inf,219.4866914,46.82841318,219.3243518,46.82332315,FOVNotMatch,2003/5/28 7:48:08,SAT_9980U,3.579059708,55.96518315,SAT_17213,4.218788504,60.89756077,SAT_25403,0.928084735,76.09985045
frame-z-003959-6-0024,1,No match,FALSE,N/A,inf,221.3415203,47.52197464,221.5059196,47.51988101,FOVNotMatch,2003/5/28 7:51:43,SAT_14618,0.070307907,50.44913481,SAT_17633,4.903985973,52.09840316,SAT_9980U,3.764897176,53.15570205
frame-z-003964-1-0065,1,No match,FALSE,N/A,inf,220.2969408,45.43210471,220.1716004,45.52136106,FOVNotMatch,2003/5/29 3:47:17,SAT_26970,3.371249082,12.92791704,SAT_879U0,0.528894987,36.7094592,SAT_10455,5.954236651,72.3199242
frame-z-003964-1-0066,1,No match,FALSE,N/A,inf,220.5648482,45.37400688,220.3940711,45.49661245,FOVNotMatch,2003/5/29 3:47:53,SAT_26970,3.371249082,12.71598718,SAT_879U0,0.528894987,36.92138906,SAT_10455,5.954236651,72.10799434
frame-z-003964-1-0067,1,No match,FALSE,N/A,inf,220.7861341,45.34850294,220.7203392,45.39613944,FOVNotMatch,2003/5/29 3:48:29,SAT_26970,3.371249082,12.5061353,SAT_879U0,0.528894987,37.13124095,SAT_10455,5.954236651,71.89814246
frame-z-003964-1-0093,1,No match,FALSE,N/A,inf,225.2970816,43.47002644,225.4694523,43.53353629,FOVNotMatch,2003/5/29 4:04:00,SAT_20061,2.450791586,14.28959363,SAT_17587,4.846642237,28.7850847,SAT_10455,0.76135866,31.16927695
frame-z-003964-6-0196,1,No match,FALSE,N/A,inf,243.0175403,35.88440335,243.1808743,35.83485925,FOVNotMatch,2003/5/29 5:05:30,SAT_27542,2.228095787,74.59073855,SAT_19554,1.214341169,89.76739283,SAT_26970,8.963480485,N/A
frame-z-003967-2-0057,1,No match,FALSE,N/A,inf,243.0222593,27.22763123,243.1516273,27.31772299,FOVNotMatch,2003/5/29 9:37:55,SAT_07400,5.747384905,7.006336745,SAT_23043,4.601192805,28.22097694,SAT_20619,0.058573555,29.95157824
frame-z-003967-2-0058,1,No match,FALSE,N/A,inf,243.2154647,26.99503852,243.3373234,27.08009632,FOVNotMatch,2003/5/29 9:38:31,SAT_07400,5.747384905,7.000887211,SAT_23043,4.601192805,28.2155274,SAT_20619,0.058573555,29.94612871
frame-z-003967-4-0064,1,No match,FALSE,N/A,inf,244.5916014,27.11691134,244.6962667,27.18537061,FOVNotMatch,2003/5/29 9:42:06,SAT_07400,4.955304315,8.438298078,SAT_20619,1.905240449,31.35773536,SAT_26564,0.548394123,32.10831218
frame-z-003970-5-0069,1,No match,FALSE,N/A,inf,192.2828901,15.32339222,192.1509285,15.52400738,FOVNotMatch,2003/5/30 3:54:17,SAT_25886,0.892120727,12.35832214,SAT_26113,5.431415302,15.106523,SAT_25847,3.361912324,55.80889162
frame-z-003970-3-0120,1,No match,FALSE,N/A,inf,200.0242979,14.24672161,200.0762388,14.30698068,FOVNotMatch,2003/5/30 4:24:44,SAT_21426,3.374801882,18.09710617,SAT_19144,4.659741474,32.588919,SAT_26113,4.849807349,57.53218941
frame-z-003970-3-0021,1,No match,FALSE,N/A,inf,184.8620212,14.7263569,184.7781998,14.79971521,FOVNotMatch,2003/5/30 3:25:38,SAT_13538,3.345071356,20.96928678,SAT_08152,0.670799585,25.18806057,SAT_8152U,0.671752442,25.19060141
frame-z-003971-1-0050,1,No match,FALSE,N/A,inf,205.9358817,12.86463801,205.8022484,12.8631296,FOVNotMatch,2003/5/30 5:33:51,SAT_9931U,5.989896434,22.22534206,SAT_1359U,0.034197003,23.06544109,SAT_17213,0.955222619,72.05212302
frame-z-003971-1-0051,1,No match,FALSE,N/A,inf,205.9970573,12.83419359,206.1210163,12.83577181,FOVNotMatch,2003/5/30 5:34:26,SAT_9931U,5.989896434,22.14057369,SAT_1359U,0.034197003,22.98067273,SAT_17213,0.955222619,71.96735466
frame-z-003971-5-0076,1,No match,FALSE,N/A,inf,209.9529786,14.07639173,209.9576592,14.13892706,FOVNotMatch,2003/5/30 5:49:22,SAT_20551,0.128172132,6.375921997,SAT_12985,1.881373405,9.424711364,SAT_02375,0.447631736,9.53069771
frame-z-003971-1-0098,1,No match,FALSE,N/A,inf,213.1332776,12.10180386,213.289299,12.13161044,FOVNotMatch,2003/5/30 6:02:30,SAT_25776,0.70516868,19.05543807,SAT_12985,4.235991367,65.09682767,SAT_27426,17.63511078,N/A
frame-z-003971-3-0170,1,No match,FALSE,N/A,inf,224.1912205,11.31063488,224.1297137,11.34948194,FOVNotMatch,2003/5/30 6:45:30,SAT_7382U,3.563030329,38.77946385,SAT_07382,3.558734186,38.78172585,SAT_04298,0.11203694,46.12271854
frame-z-003983-4-0122,1,No match,FALSE,N/A,inf,239.1989104,30.32886793,239.3915103,30.46850319,FOVNotMatch,2003/6/7 8:44:46,SAT_22061,4.129327107,27.6888077,SAT_25935,5.9175856,47.8762023,SAT_15789,2.228077597,48.24623255
frame-z-003983-3-0123,1,No match,FALSE,N/A,inf,239.098104,29.87742835,239.3025237,30.02599322,FOVNotMatch,2003/6/7 8:45:22,SAT_22061,4.129327107,27.74828731,SAT_25935,5.9175856,47.81672269,SAT_15789,2.228077597,48.30571216
frame-z-003971-6-0229,1,No match,FALSE,N/A,inf,233.2794108,10.96635336,233.3263954,11.01031867,FOVNotMatch,2003/5/30 7:20:43,SAT_5549U,5.673897211,29.57554257,SAT_18543,1.074630754,52.09438421,SAT_26834,5.497987143,72.81108243
frame-z-003972-3-0087,1,No match,FALSE,N/A,inf,236.7990118,8.983712567,236.9561392,9.180612896,FOVNotMatch,2003/5/30 8:24:10,SAT_20026,2.45081222,17.58116161,SAT_26569,3.027361864,17.88857173,SAT_11015,4.257876052,22.51819224
frame-z-003972-2-0088,1,No match,FALSE,N/A,inf,236.8613678,8.628176419,236.9593049,8.751009754,FOVNotMatch,2003/5/30 8:24:46,SAT_20026,2.45081222,17.58699834,SAT_26569,3.027361864,17.89440846,SAT_11015,4.257876052,22.52402897
frame-z-003972-2-0089,1,No match,FALSE,N/A,inf,237.0994071,8.49354557,237.176332,8.590080679,FOVNotMatch,2003/5/30 8:25:22,SAT_20026,2.45081222,17.58188807,SAT_26569,3.027361864,17.88929819,SAT_11015,4.257876052,22.5189187
frame-z-003992-4-0079,1,No match,FALSE,N/A,inf,233.8398404,33.458221,233.9753383,33.54180398,FOVNotMatch,2003/6/21 6:16:12,SAT_10675,0.065481575,30.65736351,SAT_24285,3.192730381,68.75247842,SAT_09980,4.344295646,77.42519421
frame-z-003996-3-0028,1,Success,TRUE,SAT_26626,2.20418038,208.2226334,13.65283511,208.1620086,13.79968111,,2003/6/22 3:47:48,SAT_26626,4.336911616,2.20418038,SAT_06271,4.274407653,4.607553351,SAT_6271U,4.26822882,4.61253648
frame-z-003997-1-0144,1,Success,TRUE,SAT_23486,1.41833742,253.6812521,18.58706412,253.6894251,18.62283453,,2003/6/22 7:59:13,SAT_23486,5.445457701,1.41833742,SAT_25330,2.579618125,27.69892562,SAT_4377U,0.025935973,58.76437415
frame-z-003997-6-0145,1,No match,FALSE,N/A,inf,255.3425894,20.13600781,255.2191174,20.21733961,FOVNotMatch,2003/6/22 7:59:49,SAT_25330,2.579618125,39.45940833,SAT_4377U,0.025935973,54.0772919,SAT_23486,5.445457701,68.57667137
frame-z-003996-4-0166,1,No match,FALSE,N/A,inf,229.174518,11.25881448,229.222439,11.3105554,FOVNotMatch,2003/6/22 5:10:12,SAT_8435U,0.120100018,70.06048155,SAT_08435,0.144857104,70.06808669,SAT_23048,15.8914707,N/A
frame-z-004002-3-0146,1,No match,FALSE,N/A,inf,230.6175332,30.17377398,230.4607705,30.26093202,FOVNotMatch,2003/6/23 5:12:04,SAT_22594,2.582097338,35.68634787,SAT_17623,5.89182271,45.83725638,SAT_25485,16.94237191,N/A
frame-z-004002-2-0164,1,No match,FALSE,N/A,inf,232.9843367,28.61368514,233.1990332,28.65647987,FOVNotMatch,2003/6/23 5:22:48,SAT_26048,5.873403481,25.00097482,SAT_22594,0.069128963,82.90631163,SAT_25485,16.62390265,N/A
frame-z-004002-3-0173,1,No match,FALSE,N/A,inf,234.6759439,28.3216427,234.7586418,28.35087616,FOVNotMatch,2003/6/23 5:28:11,SAT_18241,3.920526105,74.06253337,SAT_15764,0.521619591,84.7376192,SAT_22594,2.1372885,87.19507506
frame-z-004002-5-0312,1,No match,FALSE,N/A,inf,254.2031569,17.61486278,254.1209809,17.71309388,FOVNotMatch,2003/6/23 6:51:10,SAT_8462U,2.006484517,19.61237631,SAT_08462,2.004304874,19.61335785,SAT_26048,2.104199944,26.52703956
frame-z-004010-5-0074,1,Success,TRUE,SAT_00735,3.509570275,224.2379031,31.17364524,224.3916267,31.36164678,,2003/6/25 4:16:27,SAT_00735,0.181064073,3.509570275,SAT_21630,4.888697655,7.843003521,SAT_22446,12.86523675,N/A
frame-z-004007-2-0091,1,No match,FALSE,N/A,inf,219.5316242,31.43242868,219.3626184,31.49483088,FOVNotMatch,2003/6/24 4:35:49,SAT_1002U,2.626486549,19.2513068,SAT_01002,2.628517232,19.25419404,SAT_14998,5.220216618,43.55767012
frame-z-004007-5-0019,1,No match,FALSE,N/A,inf,207.4689271,35.80550757,207.3777597,35.78411012,FOVNotMatch,2003/6/24 3:52:50,SAT_24640,5.40149051,48.61813475,SAT_01589,0.066452619,56.17077816,SAT_14881,4.175404851,67.69745454
frame-z-004010-1-0100,1,No match,FALSE,N/A,inf,227.6998808,28.0330975,227.7734829,28.09445237,FOVNotMatch,2003/6/25 4:31:59,SAT_15293,0.140615626,33.82988302,SAT_01584,8.255078358,N/A,SAT_10925,9.46974271,N/A
frame-z-004011-1-0130,1,Success,TRUE,SAT_00530,1.631312594,249.7309395,47.1597633,249.8796251,47.07163721,,2003/6/25 7:49:23,SAT_00530,3.476299142,1.631312594,SAT_23002,2.106831434,12.04356163,SAT_10155,5.245329182,12.43486133
frame-z-004014-1-0148,1,No match,FALSE,N/A,inf,227.7406541,28.32096458,227.8362045,28.45574472,FOVNotMatch,2003/6/26 5:01:14,SAT_22594,4.702017372,52.22166212,SAT_02971,7.311194559,N/A,SAT_21630,17.61985545,N/A
frame-z-004014-1-0149,1,No match,FALSE,N/A,inf,228.0099446,28.14020505,228.1137381,28.28663804,FOVNotMatch,2003/6/26 5:01:49,SAT_22594,4.702017372,52.25950491,SAT_02971,7.311194559,N/A,SAT_21630,17.61985545,N/A
frame-z-004023-4-0065,1,No match,FALSE,N/A,inf,216.8029791,30.79630857,216.9733908,30.82531474,FOVNotMatch,2003/7/1 5:21:08,SAT_27599,3.838085803,55.33197697,SAT_02337,13.14142091,N/A,SAT_26407,11.79981711,N/A
frame-z-004023-4-0066,1,No match,FALSE,N/A,inf,217.0434589,30.69042827,217.150369,30.70793674,FOVNotMatch,2003/7/1 5:21:44,SAT_27599,3.838085803,54.90552658,SAT_02337,13.14142091,N/A,SAT_26407,11.79981711,N/A
frame-z-004014-1-0256,1,No match,FALSE,N/A,inf,243.4669618,20.74843335,243.6827676,20.76884745,FOVNotMatch,2003/6/26 6:05:43,SAT_25935,4.774997062,36.14063431,SAT_7400U,2.89096607,40.41599952,SAT_2647U,0.702602628,44.6362544
frame-z-004014-1-0257,1,No match,FALSE,N/A,inf,243.6561306,20.58509213,243.7574875,20.59437976,FOVNotMatch,2003/6/26 6:06:19,SAT_25935,4.774997062,35.95475341,SAT_7400U,2.89096607,40.60188041,SAT_2647U,0.702602628,44.8221353
frame-z-004015-4-0153,1,No match,FALSE,N/A,inf,266.3992315,59.6769639,266.3920857,59.74219555,FOVNotMatch,2003/6/26 8:34:16,SAT_27619,4.953331625,33.43760705,SAT_22057,3.335189807,36.8117486,SAT_9850U,5.069004973,38.73797652
frame-z-004015-5-0029,1,No match,FALSE,N/A,inf,253.4129922,77.72792048,254.2504014,77.7037676,FOVNotMatch,2003/6/26 7:20:14,SAT_25852,0.41174822,13.26653257,SAT_8319U,5.739499019,20.71732103,SAT_08319,5.740602603,20.74481208
frame-z-004023-6-0083,1,No match,FALSE,N/A,inf,220.1096798,30.79894294,220.1855215,30.85381278,FOVNotMatch,2003/7/1 5:31:53,SAT_02372,0.039320887,62.02396646,SAT_2372U,0.056151231,62.0335915,SAT_5904U,3.755649213,65.76919885
frame-z-004023-6-0084,1,No match,FALSE,N/A,inf,220.3346564,30.62548133,220.459715,30.71532439,FOVNotMatch,2003/7/1 5:32:28,SAT_02372,0.039320887,62.26806962,SAT_2372U,0.056151231,62.27769466,SAT_5904U,3.755649213,66.01330201
frame-z-004100-6-0160,1,No match,FALSE,N/A,inf,357.9960523,41.78206389,358.1331001,41.96013022,FOVNotMatch,2003/9/18 10:18:53,SAT_12109,2.97932853,42.98132486,SAT_26670,3.891147501,43.77864037,SAT_4320U,2.278414864,47.45778258
frame-z-004076-6-0036,1,No match,FALSE,N/A,inf,266.5696308,7.513296877,266.6170553,7.527191945,FOVNotMatch,2003/8/22 3:23:52,SAT_53U00,2.26348687,56.08074648,SAT_00053,2.267837614,56.08564541,SAT_7017U,0.12402018,80.99937984
frame-z-004073-5-0105,1,No match,FALSE,N/A,inf,35.7908404,0.632664403,35.81286024,0.762525611,FOVNotMatch,2003/8/21 10:16:56,SAT_07440,0.073559308,20.21236157,SAT_7440U,0.072677677,20.21311193,SAT_15581,4.963935396,67.24096923
frame-z-004073-3-0106,1,No match,FALSE,N/A,inf,35.94749034,-0.206087699,35.98585892,0.017567835,FOVNotMatch,2003/8/21 10:17:32,SAT_07440,0.073559308,20.32371823,SAT_7440U,0.072677677,20.32446858,SAT_15581,4.963935396,67.12961257
frame-z-004073-2-0107,1,No match,FALSE,N/A,inf,36.17591623,-0.625869008,36.2141897,-0.401044231,FOVNotMatch,2003/8/21 10:18:08,SAT_07440,0.073559308,20.25013194,SAT_7440U,0.072677677,20.25088229,SAT_15581,4.963935396,67.20319886
frame-z-004073-1-0120,1,Success,TRUE,SAT_25626,1.718473888,38.1944409,-0.961615299,38.03154608,-0.966613575,,2003/8/21 10:25:53,SAT_25626,5.246796542,1.718473888,SAT_23670,4.414192809,1.731936145,SAT_25740,4.452058728,1.736766366
frame-z-004119-5-0054,1,No match,FALSE,N/A,inf,308.6680636,40.72843805,308.8104116,40.88097299,FOVNotMatch,2003/9/20 5:34:30,SAT_08286,1.359387999,63.4897245,SAT_8286U,1.36771941,63.50138068,SAT_11844,0.067984021,70.97313011
frame-z-004114-3-0121,1,No match,FALSE,N/A,inf,309.5067126,44.60041641,309.4835612,44.68879817,FOVNotMatch,2003/9/20 3:08:55,SAT_26045,5.006765074,14.9625866,SAT_26042,2.714474555,16.04475385,SAT_26483,1.946829906,18.33335784
frame-z-004128-1-0160,1,No match,FALSE,N/A,inf,5.504853123,-1.044777321,5.552255803,-1.020102672,FOVNotMatch,2003/9/26 7:08:58,SAT_23590,2.758046143,5.354710403,SAT_8366U,4.02602566,10.71927838,SAT_4902U,0.434193867,11.84430064
frame-z-004128-1-0144,1,No match,FALSE,N/A,inf,3.063689247,-1.024137986,3.117818485,-1.044901872,FOVNotMatch,2003/9/26 6:59:25,SAT_8747U,3.665819781,9.540317292,SAT_08747,3.662886837,9.540359989,SAT_23590,2.981115011,20.86859232
frame-z-004128-2-0373,1,No match,FALSE,N/A,inf,37.44298998,-0.446636332,37.39105773,-0.401326216,FOVNotMatch,2003/9/26 9:16:08,SAT_26352,5.498681516,40.94622821,SAT_24315,5.820498532,41.07813258,SAT_27501,5.997695956,41.08241254
frame-z-004128-1-0362,1,No match,FALSE,N/A,inf,35.78516665,-0.958304661,35.71276669,-0.821712636,FOVNotMatch,2003/9/26 9:09:34,SAT_27905,0.38077199,37.86272546,SAT_17134,0.522993265,39.74807899,SAT_08285,1.723922897,45.60018497
frame-z-004128-2-0363,1,No match,FALSE,N/A,inf,35.90784893,-0.625831847,35.86105064,-0.536909416,FOVNotMatch,2003/9/26 9:10:10,SAT_27905,0.38077199,37.69578887,SAT_17134,0.522993265,39.5811424,SAT_08285,1.723922897,45.43324838
frame-z-004128-2-0365,1,No match,FALSE,N/A,inf,36.23930186,-0.625794533,36.22182692,-0.525396961,FOVNotMatch,2003/9/26 9:11:22,SAT_27905,0.38077199,19.8133184,SAT_17134,0.522993265,21.69867192,SAT_08285,1.723922897,27.55077791
frame-z-004134-4-0042,1,No match,FALSE,N/A,inf,256.2848598,77.94842797,255.6985986,78.14017932,FOVNotMatch,2003/9/27 2:24:04,SAT_1591U,5.420426281,22.25880966,SAT_01591,5.421969154,22.26208556,SAT_16761,0.056138578,23.53896922
frame-z-004134-4-0043,1,No match,FALSE,N/A,inf,257.2316327,78.1886799,257.066301,78.2448922,FOVNotMatch,2003/9/27 2:24:40,SAT_1591U,5.420426281,23.6173344,SAT_01591,5.421969154,23.62061031,SAT_16761,0.056138578,24.89749396
frame-z-004134-6-0050,1,No match,FALSE,N/A,inf,260.4130331,79.14009343,260.6759021,79.23035906,FOVNotMatch,2003/9/27 2:28:51,SAT_12854,4.217363692,22.7839964,SAT_07086,0.344622209,70.99290898,SAT_7086U,0.344964193,71.01658937
frame-z-004134-4-0107,1,No match,FALSE,N/A,inf,302.9472055,77.46581512,303.8582294,77.5622569,FOVNotMatch,2003/9/27 3:02:53,SAT_26574,5.860127579,7.007868427,SAT_22241,4.294623996,21.64790928,SAT_18355,5.631866114,22.95134048
frame-z-004128-4-0434,1,No match,FALSE,N/A,inf,46.60930973,0.21283135,46.59708882,0.274523693,FOVNotMatch,2003/9/26 9:52:34,SAT_20028,4.773549972,9.354781158,SAT_25809,3.172541678,10.18605219,SAT_22058,0.081372841,10.19665372
frame-z-004135-6-0019,1,Success,TRUE,SAT_20941,3.217086288,342.2864339,66.14488126,342.4224309,66.18962919,,2003/9/27 6:20:39,SAT_20941,4.573542555,3.217086288,SAT_20944,1.822009222,12.50281557,SAT_17328,3.918303222,13.1614236
frame-z-004136-5-0094,1,Success,TRUE,SAT_03454,0.704951343,41.45015749,0.437914649,41.39847329,0.42998077,,2003/9/27 10:28:15,SAT_03454,2.090089225,0.704951343,SAT_3454U,2.07592481,0.724711692,SAT_17046,5.32156136,3.282463551
frame-z-004136-5-0110,1,No match,FALSE,N/A,inf,43.72940953,0.43007519,43.69127733,0.654339379,FOVNotMatch,2003/9/27 10:37:49,SAT_12747,4.363763447,6.036418585,SAT_19505,3.295822402,11.34535344,SAT_25842,2.155520352,13.73797301
frame-z-004136-5-0111,1,No match,FALSE,N/A,inf,43.99580541,0.624399579,43.99081466,0.653471885,FOVNotMatch,2003/9/27 10:38:24,SAT_12747,4.363763447,5.945593436,SAT_19505,3.295822402,11.25452829,SAT_25842,2.155520352,13.64714786
frame-z-004136-5-0148,1,No match,FALSE,N/A,inf,49.38403851,0.429401901,49.37198949,0.515671589,FOVNotMatch,2003/9/27 11:00:30,SAT_26393,4.875231951,12.20030003,SAT_27467,3.203635847,43.45641812,SAT_07647,2.202689922,46.81328127
frame-z-004136-5-0149,1,No match,FALSE,N/A,inf,49.68356217,0.429759868,49.65218168,0.653676785,FOVNotMatch,2003/9/27 11:01:06,SAT_26393,4.875231951,12.17360525,SAT_27467,3.203635847,43.4831129,SAT_07647,2.202689922,46.78658649
frame-z-004136-1-0195,1,No match,FALSE,N/A,inf,56.44523635,-1.110934147,56.52112218,-1.023841216,FOVNotMatch,2003/9/27 11:28:34,SAT_26607,2.57451774,8.198448221,SAT_11303,5.010613356,31.35356076,SAT_16250,0.026252977,37.80461238
frame-z-004136-1-0179,1,No match,FALSE,N/A,inf,54.06222374,-1.248371733,54.02668296,-1.025420682,FOVNotMatch,2003/9/27 11:19:00,SAT_21460,0.102837564,19.34497646,SAT_14430,5.828921566,38.31519262,SAT_26607,1.206096391,56.87544446
frame-z-004143-2-0062,1,No match,FALSE,N/A,inf,286.1287021,77.49265063,286.5886321,77.59644437,FOVNotMatch,2003/9/28 2:58:46,SAT_12189,3.864556467,45.90159095,SAT_23587,4.623651509,46.99231748,SAT_25773,2.002917842,58.20853338
frame-z-004145-3-0175,1,Success,TRUE,SAT_8395U,1.291358895,9.694283246,-0.384509565,9.649813204,-0.266883582,,2003/9/28 7:39:14,SAT_8395U,4.229092555,1.291358895,SAT_08395,4.208853111,1.303058158,SAT_11883,2.418200099,35.18001501
frame-z-004145-3-0252,1,No match,FALSE,N/A,inf,21.26770481,-0.323124941,21.29800973,-0.191602406,FOVNotMatch,2003/9/28 8:25:13,SAT_25368,1.338800927,19.82359917,SAT_25818,5.988774215,51.16633388,SAT_8366U,3.691842285,61.41252924
frame-z-004145-6-0334,1,Success,TRUE,SAT_27905,4.257632699,33.5192718,0.842128525,33.54183325,1.067043784,,2003/9/28 9:14:11,SAT_27905,2.599012831,4.257632699,SAT_17134,1.916938574,6.18363878,SAT_22182,5.29208332,14.98490348
frame-z-004145-5-0334,1,Success,TRUE,SAT_27905,4.281695782,33.47735063,0.422573472,33.4998056,0.64739946,,2003/9/28 9:14:11,SAT_27905,2.599012831,4.281695782,SAT_17134,1.916938574,6.207701863,SAT_22182,5.29208332,14.9608404
frame-z-004145-5-0317,1,Success,TRUE,SAT_8366U,0.846303226,30.90894467,0.446392284,31.07171915,0.490714455,,2003/9/28 9:04:02,SAT_8366U,4.556695662,0.846303226,SAT_15139,3.143411752,1.343151459,SAT_11153,5.940883894,2.106310705
frame-z-004145-4-0483,1,No match,FALSE,N/A,inf,55.92464429,0.117057227,55.88223323,0.227744589,FOVNotMatch,2003/9/28 10:43:08,SAT_26970,0.116085424,42.12334287,SAT_25074,4.18280951,58.94861426,SAT_15825,5.561942478,78.65886209
frame-z-004145-5-0421,1,Success,TRUE,SAT_23048,4.449452282,46.59599684,0.42257132,46.48740151,0.647328599,,2003/9/28 10:06:07,SAT_23048,5.851877861,4.449452282,SAT_27617,5.502117078,5.587460635,SAT_15827,3.266501737,37.13192214
frame-z-004153-6-0064,1,No match,FALSE,N/A,inf,352.836275,1.148298889,352.6746363,1.178650446,FOVNotMatch,2003/9/29 6:37:49,SAT_3292U,3.132790783,17.8596887,SAT_9998U,4.263124508,20.34715068,SAT_27673,5.22299777,23.9264225
frame-z-004158-2-0049,1,Success,TRUE,SAT_27034,3.253375712,81.35477724,-0.708856448,81.26288603,-0.733303254,,2003/9/30 10:51:11,SAT_27034,4.686552097,3.253375712,SAT_19765,2.798675763,6.632617394,SAT_14077,4.164653031,6.694466872
frame-z-004158-2-0050,1,Success,TRUE,SAT_27034,3.328572496,81.5753752,-0.729900155,81.42971311,-0.768447349,,2003/9/30 10:51:47,SAT_27034,4.686552097,3.328572496,SAT_19765,2.798675763,6.557420609,SAT_14077,4.164653031,6.619270088
frame-z-004158-5-0052,1,No match,FALSE,N/A,inf,81.7114813,0.550660605,81.75464541,0.647907005,FOVNotMatch,2003/9/30 10:52:58,SAT_2361U,1.534315244,19.96799419,SAT_02361,1.540509646,19.97177784,SAT_16293,4.376470797,35.01504637
frame-z-004184-6-0148,1,No match,FALSE,N/A,inf,323.8427906,1.222283463,323.7455788,1.216065418,FOVNotMatch,2003/10/17 3:13:06,SAT_27659,0.080747107,7.246190433,SAT_25465,2.437151493,17.60163655,SAT_10894,0.083136701,71.44087612
frame-z-004184-6-0149,1,No match,FALSE,N/A,inf,324.0581984,1.216683005,323.895109,1.206056989,FOVNotMatch,2003/10/17 3:13:42,SAT_27659,0.080747107,7.314130011,SAT_25465,2.437151493,17.66957613,SAT_10894,0.083136701,71.5088157
frame-z-004184-1-0061,1,Success,TRUE,SAT_17141,4.960364418,310.7394007,-0.892928568,310.7242711,-0.821253183,,2003/10/17 2:21:09,SAT_17141,5.336641213,4.960364418,SAT_8296U,0.339160583,8.747581996,SAT_08296,0.334751835,8.748439305
frame-z-004184-1-0062,1,Success,TRUE,SAT_17141,4.810118853,311.0354419,-0.876937095,311.0236878,-0.821966203,,2003/10/17 2:21:45,SAT_17141,5.336641213,4.810118853,SAT_8296U,0.339160583,8.597336431,SAT_08296,0.334751835,8.59819374
frame-z-004157-1-0252,1,No match,FALSE,N/A,inf,56.31411298,-0.937926313,56.28269674,-0.911669676,FOVNotMatch,2003/9/30 10:02:03,SAT_23027,4.075055315,17.82691222,SAT_20316,4.085877796,26.38752415,SAT_24273,4.157029333,29.71561779
frame-z-004157-1-0253,1,No match,FALSE,N/A,inf,56.59580676,-0.923683202,56.47088266,-0.817700963,FOVNotMatch,2003/9/30 10:02:39,SAT_23027,4.075055315,17.40469563,SAT_20316,4.085877796,26.80974073,SAT_24273,4.157029333,29.2934012
frame-z-004184-6-0150,1,No match,FALSE,N/A,inf,324.2077949,1.206780542,324.0456539,1.196051808,FOVNotMatch,2003/10/17 3:14:18,SAT_27659,0.032287142,7.64279766,SAT_25465,2.43086836,17.8863547,SAT_1208U,0.817636784,68.4949341
frame-z-004184-4-0305,1,Success,TRUE,SAT_11883,3.610371768,347.3545108,0.212020408,347.4110945,0.381218726,,2003/10/17 4:46:50,SAT_11883,2.971132605,3.610371768,SAT_18881,5.182763714,36.00778442,SAT_11079,0.024128598,36.94330153
frame-z-004187-2-0042,1,No match,FALSE,N/A,inf,314.0203523,-0.611485543,313.9422789,-0.836016478,FOVNotMatch,2003/10/18 2:15:07,SAT_12376,3.156708056,7.127899697,SAT_14796,0.029619076,38.47680416,SAT_15272,2.978405191,46.7632468
frame-z-004192-1-0442,1,Success,TRUE,SAT_06822,3.646683725,12.98300748,-1.255106203,12.94551358,-1.03350461,,2003/10/19 6:11:24,SAT_06822,5.15031817,3.646683725,SAT_6822U,5.151258964,3.646790127,SAT_19299,5.793215833,10.95086569
frame-z-004192-5-0445,1,No match,FALSE,N/A,inf,13.43763895,0.470255123,13.29177139,0.536700644,FOVNotMatch,2003/10/19 6:13:12,SAT_22802,4.510821032,9.070723109,SAT_8747U,4.756146937,12.35700111,SAT_08747,4.75677201,12.35714874
frame-z-004198-1-0242,1,No match,FALSE,N/A,inf,342.06868,-0.921741088,341.9873523,-0.978560003,FOVNotMatch,2003/10/22 3:57:17,SAT_4353U,5.647129111,19.71770553,SAT_3029U,2.134520879,20.81926219,SAT_03029,2.13296351,20.81962612
frame-z-004198-4-0244,1,No match,FALSE,N/A,inf,342.447585,0.432522268,342.3236079,0.342103109,FOVNotMatch,2003/10/22 3:58:28,SAT_4353U,5.647129111,20.87892962,SAT_3029U,2.134520879,21.98048629,SAT_03029,2.13296351,21.98085021
frame-z-004198-5-0382,1,No match,FALSE,N/A,inf,3.10105388,0.73255251,2.951756337,0.856358313,FOVNotMatch,2003/10/22 5:20:52,SAT_26838,5.807887028,25.36077489,SAT_8747U,4.872846129,28.12776334,SAT_08747,4.875033738,28.12814202
frame-z-004198-3-0523,1,No match,FALSE,N/A,inf,24.14640789,-0.206881879,24.05134022,-0.116007439,FOVNotMatch,2003/10/22 6:45:03,SAT_27981,5.960430457,15.02982153,SAT_27985,4.397766085,15.7609983,SAT_21223,5.857573837,39.61007292
frame-z-004198-1-0453,1,Success,TRUE,SAT_27812,4.66080219,13.66097917,-0.846362057,13.57316967,-0.890451175,,2003/10/22 6:03:16,SAT_27812,5.221535693,4.66080219,SAT_10002,4.242968185,7.878430476,SAT_8366U,3.901549649,10.36664449
frame-z-004198-3-0541,1,No match,FALSE,N/A,inf,26.8230252,-0.118779306,26.74676911,-0.096779418,FOVNotMatch,2003/10/22 6:55:48,SAT_21223,5.514792822,11.14444683,SAT_23238,4.393808062,15.96301254,SAT_26352,5.07630649,15.99535954
frame-z-004198-3-0542,1,No match,FALSE,N/A,inf,27.05872868,-0.100380669,26.936078,-0.065062531,FOVNotMatch,2003/10/22 6:56:24,SAT_21223,5.514792822,11.11571291,SAT_23238,4.393808062,15.93427862,SAT_26352,5.07630649,15.96662561
frame-z-004198-1-0544,1,No match,FALSE,N/A,inf,27.35710837,-0.859493544,27.21865657,-0.82135829,FOVNotMatch,2003/10/22 6:57:36,SAT_21223,5.514792822,10.45286337,SAT_23238,4.393808062,15.27142908,SAT_26352,5.07630649,15.30377608
frame-z-004198-4-0660,1,No match,FALSE,N/A,inf,44.65794088,0.403232734,44.59313272,0.43702632,FOVNotMatch,2003/10/22 8:06:51,SAT_23238,3.235711733,23.47774064,SAT_22273,5.627136128,24.91630802,SAT_26352,5.534317802,27.39515121
frame-z-004198-1-0686,1,No match,FALSE,N/A,inf,48.57435761,-1.046186113,48.45504091,-0.939890085,FOVNotMatch,2003/10/22 8:22:23,SAT_22273,5.260146537,11.35089406,SAT_26569,3.140993949,27.93399479,SAT_27617,1.044839327,28.03597415
frame-z-004198-1-0710,1,No match,FALSE,N/A,inf,52.14132503,-0.891843821,52.20860148,-0.82140085,FOVNotMatch,2003/10/22 8:36:43,SAT_15355,4.704193491,33.01879208,SAT_12940,1.531177245,33.71518995,SAT_19483,1.442572449,33.78382256
frame-z-004203-4-0315,1,No match,FALSE,N/A,inf,346.5088612,0.002553052,346.4740386,0.006345073,FOVNotMatch,2003/10/23 4:21:55,SAT_21726,5.842091883,6.066511419,SAT_26402,5.495656632,6.183398212,SAT_24748,5.510024419,6.185460796
frame-z-004203-4-0316,1,No match,FALSE,N/A,inf,346.7859705,0.004740444,346.6226277,0.022450683,FOVNotMatch,2003/10/23 4:22:31,SAT_21726,5.842091883,6.039801218,SAT_26402,5.495656632,6.15668801,SAT_24748,5.510024419,6.158750594
frame-z-004203-4-0325,1,No match,FALSE,N/A,inf,348.1326762,0.148041661,347.9702948,0.164875971,FOVNotMatch,2003/10/23 4:27:54,SAT_21726,5.845898195,5.781013627,SAT_26402,5.49644569,5.888751597,SAT_24748,5.510764006,5.89119129
frame-z-004203-4-0326,1,No match,FALSE,N/A,inf,348.2822374,0.163547653,348.1195193,0.180648137,FOVNotMatch,2003/10/23 4:28:30,SAT_21726,5.845898195,5.861573085,SAT_26402,5.49644569,5.969311055,SAT_24748,5.510764006,5.971750749
frame-z-004203-5-0559,1,Success,TRUE,SAT_11571,0.346409151,23.14479813,0.47332883,23.00024051,0.434236747,,2003/10/23 6:47:37,SAT_11571,3.03143105,0.346409151,SAT_4902U,5.612626859,2.270223267,SAT_04902,5.58459238,2.276093705
frame-z-004203-5-0560,1,Success,TRUE,SAT_11571,0.394464327,23.31347607,0.43804945,23.25359718,0.421802708,,2003/10/23 6:48:12,SAT_11571,3.03143105,0.394464327,SAT_4902U,5.612626859,2.318278443,SAT_04902,5.58459238,2.324148881
frame-z-004203-1-0390,1,Success,TRUE,SAT_11571,1.593109665,357.8105799,-1.056050672,357.8638454,-1.038705692,,2003/10/23 5:06:42,SAT_11571,5.217298035,1.593109665,SAT_4902U,4.239042062,2.114910583,SAT_04902,4.226902949,2.130466453
frame-z-004203-2-0621,1,No match,FALSE,N/A,inf,32.44545748,-0.634674028,32.37690691,-0.61219418,FOVNotMatch,2003/10/23 7:24:38,SAT_2215U,5.46387477,17.84150686,SAT_26352,4.631613069,18.03614919,SAT_23313,5.633610221,18.1382285
frame-z-004204-1-0023,1,No match,FALSE,N/A,inf,112.6407887,36.95585227,112.4783371,36.92548787,FOVNotMatch,2003/10/23 9:38:21,SAT_82U00,2.942291263,11.57634891,SAT_00082,2.929146983,11.67444243,SAT_06679,2.855221235,75.6288431
frame-z-004207-6-0386,1,Success,TRUE,SAT_25624,1.62856672,2.240208353,1.079922602,2.103701972,1.098003,,2003/10/24 5:11:39,SAT_25624,5.810614588,1.62856672,SAT_8747U,5.313195889,3.972225372,SAT_22098,0.031762298,7.416746945
frame-z-004208-1-0071,1,No match,FALSE,N/A,inf,116.6103122,43.45215002,116.5293641,43.30408389,FOVNotMatch,2003/10/24 9:55:09,SAT_4322U,0.046028778,17.88957755,SAT_04322,0.037853496,17.89093057,SAT_22462,9.345729829,N/A
frame-z-004208-1-0111,1,Success,TRUE,SAT_12715,3.557042664,121.0737908,48.51371853,120.9390242,48.44073706,,2003/10/24 10:19:02,SAT_12715,2.455796175,3.557042664,SAT_26007,0.101759466,30.90655565,SAT_14475,5.598327131,40.35201144
frame-z-004208-1-0112,1,Success,TRUE,SAT_12715,3.677689928,121.1980131,48.70222913,121.0437255,48.61933608,,2003/10/24 10:19:38,SAT_12715,2.455796175,3.677689928,SAT_26007,0.101759466,31.02720292,SAT_14475,5.598327131,40.47265871
frame-z-004207-6-0400,1,Success,TRUE,SAT_2864U,3.004181264,4.301033324,1.203626438,4.199880598,1.209014984,,2003/10/24 5:20:01,SAT_2864U,4.930393864,3.004181264,SAT_3432U,4.665114682,3.007155555,SAT_22098,5.869084607,7.780676592
frame-z-004207-6-0401,1,Success,TRUE,SAT_2864U,3.393008234,4.511577353,1.208153075,4.375235629,1.216344198,,2003/10/24 5:20:37,SAT_2864U,4.930393864,3.393008234,SAT_3432U,4.665114682,3.395982526,SAT_22098,5.869084607,8.169503563
frame-z-004208-2-0153,1,Success,TRUE,SAT_24840,1.749658475,126.1213896,53.96676963,126.0388439,53.87431567,,2003/10/24 10:44:07,SAT_24840,0.708250286,1.749658475,SAT_26028,1.842295629,11.8753632,SAT_12088,1.25497507,17.43603249
frame-z-004208-5-0173,1,No match,FALSE,N/A,inf,127.3387407,57.06377785,127.2861673,57.13152766,FOVNotMatch,2003/10/24 10:56:03,SAT_26690,5.755253672,31.23499978,SAT_19802,3.59790226,44.8159209,SAT_15714,0.129033433,58.89377015
frame-z-004208-5-0174,1,No match,FALSE,N/A,inf,127.8063339,57.1296059,127.6578433,57.32449898,FOVNotMatch,2003/10/24 10:56:39,SAT_26690,5.755253672,31.67900243,SAT_19802,3.59790226,45.25992355,SAT_15714,0.129033433,59.33777279
frame-z-004208-2-0179,1,No match,FALSE,N/A,inf,130.5010069,56.94146084,130.4022318,57.0890928,FOVNotMatch,2003/10/24 10:59:38,SAT_26690,5.755253672,34.0776118,SAT_19802,3.59790226,47.65853292,SAT_15714,0.129033433,61.73638217
frame-z-004208-3-0230,1,Success,TRUE,SAT_19751,1.875298344,140.4401573,62.65801284,140.0970733,62.81598947,,2003/10/24 11:30:05,SAT_19751,4.020567421,1.875298344,SAT_26988,0.196239923,7.178298072,SAT_20813,2.479407242,20.11404995
frame-z-004208-3-0230,2,No match,FALSE,N/A,inf,140.5014103,62.68152982,140.2748103,62.71767925,FOVNotMatch,2003/10/24 11:30:05,SAT_20813,2.479407242,5.856006964,SAT_26970,4.840148906,22.17636738,SAT_19751,4.020567421,27.84535526
frame-z-004233-4-0059,1,No match,FALSE,N/A,inf,112.7918221,44.10610735,112.6406507,44.1333013,FOVNotMatch,2003/11/3 9:20:01,SAT_25054,0.03587063,21.56853484,SAT_21232,0.484979148,74.8594588,SAT_21430,0.985795586,88.81098669
frame-z-004207-2-0493,1,No match,FALSE,N/A,inf,18.28545034,-0.476258477,18.1347475,-0.401526954,FOVNotMatch,2003/10/24 6:15:32,SAT_8747U,5.83177189,14.03917981,SAT_9330U,4.898153864,21.7992805,SAT_26352,5.062103358,26.30552397
frame-z-004208-2-0260,1,Success,TRUE,SAT_9980U,1.62815882,149.1459909,65.17263307,148.9156064,65.15635025,,2003/10/24 11:48:00,SAT_9980U,3.364095432,1.62815882,SAT_5280U,4.731093578,5.167827484,SAT_05280,4.863383113,7.656723954
frame-z-004208-2-0261,1,Success,TRUE,SAT_9980U,1.365468262,149.5478743,65.32302056,149.1733376,65.29743212,,2003/10/24 11:48:36,SAT_9980U,3.364095432,1.365468262,SAT_5280U,4.731093578,4.905136926,SAT_05280,4.863383113,7.394033396
frame-z-004208-2-0252,1,No match,FALSE,N/A,inf,146.7035397,64.52748818,146.6676447,64.60461811,FOVNotMatch,2003/10/24 11:43:13,SAT_19751,1.235681473,21.92883418,SAT_23396,2.41804476,27.84301584,SAT_15264,1.535389333,28.06640703
frame-z-004207-4-0731,1,No match,FALSE,N/A,inf,53.90474677,0.212575107,53.75274975,0.287690206,FOVNotMatch,2003/10/24 8:37:39,SAT_26352,5.553253905,26.13417296,SAT_26624,5.67126446,26.30791537,SAT_23846,5.771531949,26.30890859
frame-z-004208-2-0275,1,No match,FALSE,N/A,inf,153.8324292,66.26655062,153.7168341,66.22967327,FOVNotMatch,2003/10/24 11:56:57,SAT_07151,2.857762775,14.76933537,SAT_7151U,2.840185157,14.84216501,SAT_23211,0.056321234,18.64910109
frame-z-004247-6-0013,1,No match,FALSE,N/A,inf,345.7770343,0.963194519,345.6739257,1.006078016,FOVNotMatch,2003/11/16 2:56:53,SAT_17563,4.105878599,16.22871233,SAT_26899,0.557590194,16.26297834,SAT_2017U,0.062304722,19.56909105
frame-z-004252-3-0087,1,No match,FALSE,N/A,inf,353.9500541,-0.07842576,353.7866845,0.000209081,FOVNotMatch,2003/11/19 1:56:07,SAT_6764U,0.972510775,17.2809342,SAT_18597,4.629228025,17.38670371,SAT_26696,4.56210783,19.33649253
frame-z-004252-3-0088,1,No match,FALSE,N/A,inf,354.0999765,-0.006980969,354.0454963,0.019276922,FOVNotMatch,2003/11/19 1:56:43,SAT_6764U,0.972510775,17.31071006,SAT_18597,4.629228025,17.41647958,SAT_26696,4.56210783,19.3662684
frame-z-004247-3-0201,1,Success,TRUE,SAT_10526,2.891419726,13.84598954,-0.345859749,13.91955462,-0.23300631,,2003/11/16 4:49:08,SAT_10526,1.339460985,2.891419726,SAT_14005,5.824211824,39.59442689,SAT_10143,2.959823941,40.56692087
frame-z-004247-4-0277,1,No match,FALSE,N/A,inf,25.28784726,0.216120612,25.18888918,0.226879522,FOVNotMatch,2003/11/16 5:34:31,SAT_23741,5.552919335,6.189429401,SAT_23313,5.491288146,6.192118672,SAT_26724,5.942245681,6.214552629
frame-z-004253-6-0057,1,No match,FALSE,N/A,inf,352.3741197,1.052758272,352.3252153,1.276494711,FOVNotMatch,2003/11/19 2:45:12,SAT_21011,4.342927539,31.38831168,SAT_8746U,3.816097917,67.17004202,SAT_8747U,3.48895026,67.25054473
frame-z-004253-5-0057,1,No match,FALSE,N/A,inf,352.4374558,0.764037765,352.4170782,0.85720157,FOVNotMatch,2003/11/19 2:45:12,SAT_21011,4.342927539,31.39772978,SAT_8746U,3.816097917,67.16062392,SAT_8747U,3.48895026,67.24112663
frame-z-004253-2-0066,1,Success,TRUE,SAT_21011,0.35315969,353.7135063,-0.625858948,353.7854453,-0.415239855,,2003/11/19 2:50:35,SAT_21011,3.680493197,0.35315969,SAT_10767,0.069866532,41.54916326,SAT_4902U,3.375026964,54.90002198
frame-z-004253-2-0093,1,No match,FALSE,N/A,inf,357.826946,-0.482531377,357.7992201,-0.401922645,FOVNotMatch,2003/11/19 3:06:42,SAT_19749,0.090843453,38.01324799,SAT_05553,0.292252561,59.28215267,SAT_5553U,0.292182909,59.28220317
frame-z-004253-3-0094,1,No match,FALSE,N/A,inf,357.9768512,-0.049997698,357.953323,0.018365924,FOVNotMatch,2003/11/19 3:07:18,SAT_19749,0.090843453,38.02436087,SAT_05553,0.292252561,59.27103979,SAT_5553U,0.292182909,59.2710903
frame-z-004253-4-0094,1,No match,FALSE,N/A,inf,357.8862286,0.21313622,357.8150937,0.417878391,FOVNotMatch,2003/11/19 3:07:18,SAT_19749,0.090843453,38.19162166,SAT_05553,0.292252561,59.10377899,SAT_5553U,0.292182909,59.1038295
frame-z-004263-5-0041,1,Success,TRUE,SAT_25843,3.748465338,348.9302335,0.474348689,348.7670244,0.493252124,,2003/11/20 2:40:18,SAT_25843,5.121292897,3.748465338,SAT_23741,5.998114489,6.6106875,SAT_26402,5.885583454,6.62734866
frame-z-004263-5-0043,1,Success,TRUE,SAT_25843,3.845120836,349.2296326,0.508683041,349.0669047,0.527252496,,2003/11/20 2:41:29,SAT_25843,5.121292897,3.845120836,SAT_23741,5.998114489,6.514032002,SAT_26402,5.885583454,6.530693162
frame-z-004263-5-0045,1,Success,TRUE,SAT_25843,3.49892442,349.5289343,0.542499353,349.4821345,0.548126477,,2003/11/20 2:42:41,SAT_25843,5.121292897,3.49892442,SAT_23741,5.998114489,6.860228419,SAT_26402,5.885583454,6.876889578
frame-z-004263-3-0030,1,Success,TRUE,SAT_18800,3.104273402,347.2261275,-0.374873549,347.2350493,-0.349837068,,2003/11/20 2:33:44,SAT_18800,3.498300745,3.104273402,SAT_4353U,5.528148554,55.17312296,SAT_3029U,3.710706145,56.81297716
frame-z-004253-5-0161,1,No match,FALSE,N/A,inf,7.929668959,0.632827866,7.842828832,0.811150757,FOVNotMatch,2003/11/19 3:47:18,SAT_27971,0.574896232,5.899492693,SAT_19195,0.431668427,49.5564115,SAT_04687,2.061028354,50.71346566
frame-z-004263-1-0173,1,No match,FALSE,N/A,inf,8.690244752,-1.18815217,8.527110795,-1.140537232,FOVNotMatch,2003/11/20 3:59:07,SAT_04255,3.580160993,5.328685084,SAT_4255U,3.594247101,5.340314923,SAT_15540,1.557019271,10.9469418
frame-z-004263-1-0175,1,No match,FALSE,N/A,inf,8.989457622,-1.100697018,8.826611963,-1.053163119,FOVNotMatch,2003/11/20 4:00:18,SAT_04255,3.580160993,5.329233067,SAT_4255U,3.594247101,5.340862906,SAT_15540,1.557019271,10.94748979
frame-z-004263-1-0176,1,No match,FALSE,N/A,inf,9.139124354,-1.057176559,9.05140067,-1.031410227,FOVNotMatch,2003/11/20 4:00:54,SAT_04255,3.580160993,5.425449905,SAT_4255U,3.594247101,5.437079744,SAT_15540,1.557019271,11.04370663
frame-z-004263-2-0181,1,No match,FALSE,N/A,inf,9.877434782,-0.836511367,9.725419684,-0.792055631,FOVNotMatch,2003/11/20 4:03:53,SAT_22176,1.283255914,10.00132973,SAT_23313,5.725936165,16.26886103,SAT_26352,5.519365684,16.27839731
frame-z-004263-2-0183,1,No match,FALSE,N/A,inf,10.18706638,-0.752372392,10.02410998,-0.705132264,FOVNotMatch,2003/11/20 4:05:05,SAT_22176,1.283255914,9.866397439,SAT_23313,5.725936165,16.13392874,SAT_26352,5.519365684,16.14346502
frame-z-004263-2-0184,1,No match,FALSE,N/A,inf,10.33702435,-0.708992258,10.1740341,-0.661992778,FOVNotMatch,2003/11/20 4:05:41,SAT_22176,1.283255914,9.784997177,SAT_23313,5.725936165,16.05252848,SAT_26352,5.519365684,16.06206476
frame-z-004263-2-0186,1,No match,FALSE,N/A,inf,10.6364298,-0.622528857,10.60026504,-0.612026353,FOVNotMatch,2003/11/20 4:06:52,SAT_22176,1.283255914,9.893148683,SAT_23313,5.725936165,16.16067999,SAT_26352,5.519365684,16.17021626
frame-z-004263-3-0191,1,No match,FALSE,N/A,inf,11.38494661,-0.406498076,11.24554451,-0.366111868,FOVNotMatch,2003/11/20 4:09:51,SAT_26352,5.866608774,16.12989697,SAT_23846,5.811662535,16.1568489,SAT_26624,5.415733456,16.15777978
frame-z-004263-5-0349,1,Success,TRUE,SAT_7665U,3.294859875,35.03716708,0.466569937,34.94433513,0.645885323,,2003/11/20 5:44:12,SAT_7665U,1.025352599,3.294859875,SAT_17134,5.20087029,39.69584412,SAT_13942,0.139891825,60.10473187
frame-z-004264-1-0159,1,No match,FALSE,N/A,inf,127.0386417,57.49750658,126.6423463,57.58577204,FOVNotMatch,2003/11/20 8:37:02,SAT_13012,5.579215626,20.82968162,SAT_23211,5.606461645,58.04855132,SAT_06849,5.662889123,70.34967582
frame-z-004264-2-0160,1,No match,FALSE,N/A,inf,126.6214142,57.90512193,126.2190817,57.9926233,FOVNotMatch,2003/11/20 8:37:38,SAT_13012,5.579215626,21.08313548,SAT_23211,5.606461645,57.79509745,SAT_06849,5.662889123,70.09622195
frame-z-004264-2-0225,1,No match,FALSE,N/A,inf,140.2332504,65.25387657,139.9000789,65.3827084,FOVNotMatch,2003/11/20 9:16:27,SAT_23401,0.006449067,9.240164373,SAT_15699,3.363697586,12.77866457,SAT_22633,5.357728973,28.24033409
frame-z-004263-2-0381,1,No match,FALSE,N/A,inf,39.76627131,-0.684281989,39.66447569,-0.770185811,FOVNotMatch,2003/11/20 6:03:18,SAT_13899,2.764878713,25.32574893,SAT_11684,4.088329458,25.64731184,SAT_7544U,5.938047035,25.7580619
frame-z-004263-2-0382,1,No match,FALSE,N/A,inf,39.97744075,-0.759044791,39.88531948,-0.836475956,FOVNotMatch,2003/11/20 6:03:54,SAT_13899,2.764878713,25.21391235,SAT_11684,4.088329458,25.53547526,SAT_7544U,5.938047035,25.64622532
frame-z-004263-4-0427,1,No match,FALSE,N/A,inf,46.57061353,0.002404105,46.65631492,0.227252028,FOVNotMatch,2003/11/20 6:30:46,SAT_26205,1.500351035,5.148231807,SAT_19826,0.782087259,29.98421941,SAT_20620,4.927341,41.59050265
frame-z-004263-3-0428,1,No match,FALSE,N/A,inf,46.71067176,-0.4172457,46.79574496,-0.193368265,FOVNotMatch,2003/11/20 6:31:22,SAT_26205,1.500351035,5.090262737,SAT_19826,0.782087259,29.92625034,SAT_20620,4.927341,41.53253358
frame-z-004263-2-0429,1,No match,FALSE,N/A,inf,46.85093287,-0.836390054,46.93598712,-0.612998485,FOVNotMatch,2003/11/20 6:31:58,SAT_26205,1.500351035,5.126129603,SAT_19826,0.782087259,29.96211721,SAT_20620,4.927341,41.56840044
frame-z-004263-2-0430,1,Success,TRUE,SAT_26205,4.931152143,47.150431,-0.836520613,47.16364663,-0.801452643,,2003/11/20 6:32:34,SAT_26205,1.500351035,4.931152143,SAT_19826,0.782087259,29.76713975,SAT_20620,4.927341,41.37342298
frame-z-004263-1-0431,1,No match,FALSE,N/A,inf,47.29076511,-1.256096125,47.31310593,-1.196723263,FOVNotMatch,2003/11/20 6:33:09,SAT_1814U,4.649533101,22.80736931,SAT_20024,0.105818772,41.37397927,SAT_06218,1.404206416,45.8426106
frame-z-004263-1-0414,1,Success,TRUE,SAT_18414,0.146238478,44.76821659,-1.242583556,44.63767736,-1.031151013,,2003/11/20 6:23:00,SAT_18414,0.161359927,0.146238478,SAT_3565U,3.207952958,5.496473826,SAT_03565,3.21567016,5.530656045
frame-z-004263-5-0463,1,No match,FALSE,N/A,inf,51.97791028,0.436199943,51.94064142,0.449277443,FOVNotMatch,2003/11/20 6:52:16,SAT_23241,1.619145081,19.18452883,SAT_26402,5.876943964,19.36213772,SAT_27501,5.854978911,19.36279371
frame-z-004263-5-0464,1,No match,FALSE,N/A,inf,52.25325313,0.444553345,52.09025497,0.500556848,FOVNotMatch,2003/11/20 6:52:52,SAT_23241,1.619145081,18.81070079,SAT_26402,5.876943964,18.98830968,SAT_27501,5.854978911,18.98896568
frame-z-004263-5-0465,1,No match,FALSE,N/A,inf,52.40270461,0.495754206,52.35249338,0.513099649,FOVNotMatch,2003/11/20 6:53:27,SAT_23241,1.619145081,18.90634945,SAT_26402,5.876943964,19.08395833,SAT_27501,5.854978911,19.08461433
frame-z-004335-5-0176,1,No match,FALSE,N/A,inf,136.1225088,29.46150859,136.0434939,29.47352082,FOVNotMatch,2003/12/21 7:52:47,SAT_26858,3.061571201,33.71884193,SAT_23410,3.835894105,71.74757155,SAT_08601,0.095209699,77.46672158
frame-z-004335-5-0177,1,No match,FALSE,N/A,inf,136.3648948,29.61503594,136.1652321,29.64483246,FOVNotMatch,2003/12/21 7:53:23,SAT_26858,3.061571201,33.88180834,SAT_23410,3.835894105,71.91053797,SAT_08601,0.095209699,77.30375517
frame-z-004326-4-0031,1,No match,FALSE,N/A,inf,23.62243421,-5.399581936,23.64395117,-5.343610243,FOVNotMatch,2003/12/17 1:49:43,SAT_16020,1.526124687,10.2630348,SAT_12963,0.037168723,17.80406343,SAT_3129U,0.235533843,32.18996314
frame-z-004326-4-0031,2,No match,FALSE,N/A,inf,23.5918162,-5.355319802,23.61584054,-5.292634171,FOVNotMatch,2003/12/17 1:49:43,SAT_16020,1.526124687,10.2060521,SAT_12963,0.037168723,17.74708073,SAT_3129U,0.235533843,32.13298044
frame-z-004326-4-0033,1,No match,FALSE,N/A,inf,24.03355885,-5.279052968,24.05846374,-5.213887789,FOVNotMatch,2003/12/17 1:50:55,SAT_16020,1.526124687,10.15513007,SAT_12963,0.037168723,17.6961587,SAT_3129U,0.235533843,32.08205841
frame-z-004326-4-0033,2,No match,FALSE,N/A,inf,23.96917465,-5.323145311,24.02770366,-5.16953643,FOVNotMatch,2003/12/17 1:50:55,SAT_16020,1.526124687,10.09755857,SAT_12963,0.037168723,17.63858721,SAT_3129U,0.235533843,32.02448692
frame-z-004326-3-0022,1,No match,FALSE,N/A,inf,22.73581345,-6.494302312,22.75275967,-6.403755567,FOVNotMatch,2003/12/17 1:44:21,SAT_21500,2.255709598,22.93411366,SAT_10933,5.817689786,24.82739412,SAT_08366,5.36976138,63.16493494
frame-z-004326-3-0023,1,No match,FALSE,N/A,inf,22.9450066,-6.532588166,22.98747303,-6.305615759,FOVNotMatch,2003/12/17 1:44:57,SAT_21500,2.255709598,22.93170207,SAT_10933,5.817689786,24.82498254,SAT_08366,5.36976138,63.16734653
frame-z-004336-2-0019,1,No match,FALSE,N/A,inf,145.8312088,11.2918558,145.7830356,11.26370894,FOVNotMatch,2003/12/21 8:45:42,SAT_18961,5.759608814,28.68577618,SAT_15141,4.966160765,38.35527645,SAT_22674,5.604758941,44.18147989
frame-z-004336-2-0020,1,No match,FALSE,N/A,inf,146.0959752,11.31952022,145.942607,11.23078829,FOVNotMatch,2003/12/21 8:46:18,SAT_18961,5.759608814,28.93370557,SAT_15141,4.966160765,38.10734706,SAT_22674,5.604758941,44.42940928
frame-z-004338-1-0061,1,No match,FALSE,N/A,inf,152.1121744,11.84520486,152.1855986,11.72016671,FOVNotMatch,2003/12/21 10:16:34,SAT_27611,5.242403979,10.00574674,SAT_23293,2.104289826,13.09393747,SAT_18758,3.917912416,13.59566243
frame-z-004344-3-0029,1,No match,FALSE,N/A,inf,143.0696305,11.1186703,142.9877534,11.21084343,FOVNotMatch,2003/12/25 9:51:13,SAT_18806,3.88136493,24.32679457,SAT_15245,3.077108114,36.91513955,SAT_2253U,3.397846582,39.65136487
frame-z-004344-5-0079,1,No match,FALSE,N/A,inf,150.4054438,13.27068908,150.4563924,13.30815971,FOVNotMatch,2003/12/25 10:21:04,SAT_16070,2.658771713,40.59738538,SAT_12825,1.179754837,89.57162046,SAT_26867,12.59263815,N/A
frame-z-004344-1-0184,1,No match,FALSE,N/A,inf,166.8306,13.33745141,166.7842241,13.42156964,FOVNotMatch,2003/12/25 11:23:46,SAT_14264,3.778789889,7.737326553,SAT_19751,0.569298931,8.281696098,SAT_8621U,4.268398649,44.07185495
frame-z-004344-2-0087,1,No match,FALSE,N/A,inf,151.854863,12.00830538,151.9053315,12.05076261,FOVNotMatch,2003/12/25 10:25:51,SAT_16070,0.307638156,36.87553441,SAT_25334,5.355805289,43.58307033,SAT_26576,3.361506387,56.32253067
frame-z-004344-2-0089,1,No match,FALSE,N/A,inf,152.3006599,12.08896772,152.2178716,12.17967398,FOVNotMatch,2003/12/25 10:27:03,SAT_746U0,4.547295755,13.63276454,SAT_00746,4.547295755,13.63276454,SAT_26576,3.361506387,32.63495418
frame-z-004381-3-0045,1,No match,FALSE,N/A,inf,177.3041596,14.66187551,177.2920309,14.76389048,FOVNotMatch,2004/1/28 9:07:10,SAT_21706,2.771131121,19.66512375,SAT_14884,4.72310853,29.97220933,SAT_21118,7.776265247,N/A
frame-z-004381-2-0097,1,No match,FALSE,N/A,inf,185.2747431,14.37137764,185.4087101,14.5948373,FOVNotMatch,2004/1/28 9:38:13,SAT_19176,2.162817886,13.45157015,SAT_25090,1.447120923,35.87397652,SAT_1359U,3.545767855,81.10160709
frame-z-004382-5-0075,1,No match,FALSE,N/A,inf,201.2222426,39.61764808,201.3371904,39.69956847,FOVNotMatch,2004/1/28 12:08:59,SAT_7780U,0.082896197,73.55752983,SAT_21429,9.669504149,N/A,SAT_23420,7.651603235,N/A
frame-z-004382-5-0076,1,No match,FALSE,N/A,inf,201.4525243,39.45556004,201.6262393,39.57886902,FOVNotMatch,2004/1/28 12:09:35,SAT_7780U,0.082896197,73.72984344,SAT_21429,9.669504149,N/A,SAT_23420,7.651603235,N/A
frame-z-004382-5-0045,1,Success,TRUE,SAT_23420,1.127737913,195.5659101,40.14602115,195.6374556,40.26008638,,2004/1/28 11:51:04,SAT_23420,3.908939883,1.127737913,SAT_21630,3.376026986,4.546373419,SAT_196U0,3.014983817,33.10443093
frame-z-004382-3-0050,1,Success,TRUE,SAT_23420,3.899630066,196.2556002,39.31113309,196.3312216,39.45001265,,2004/1/28 11:54:03,SAT_23420,3.908939883,3.899630066,SAT_21630,3.376026986,7.318265572,SAT_196U0,3.014983817,30.33253877
frame-z-004382-3-0051,1,Success,TRUE,SAT_23420,3.720686413,196.6215136,39.2401512,196.6651718,39.31974921,,2004/1/28 11:54:39,SAT_23420,3.908939883,3.720686413,SAT_21630,3.376026986,7.139321918,SAT_196U0,3.014983817,30.51148243
frame-z-004389-3-0102,1,No match,FALSE,N/A,inf,205.6815552,37.90809634,205.6891375,38.1372397,FOVNotMatch,2004/1/30 12:25:10,SAT_14209,0.32277876,44.85198281,SAT_20452,5.428314762,47.42708091,SAT_4790U,3.725504721,62.00908796
frame-z-004389-4-0102,1,No match,FALSE,N/A,inf,205.6953084,38.33656333,205.7028316,38.56528721,FOVNotMatch,2004/1/30 12:25:10,SAT_14209,0.32277876,44.86960105,SAT_20452,5.428314762,47.40946268,SAT_4790U,3.725504721,61.99146972
frame-z-004392-2-0200,1,Success,TRUE,SAT_21426,1.462419979,178.7754429,36.6533542,178.8124505,36.71530338,,2004/1/31 11:29:42,SAT_21426,4.786812927,1.462419979,SAT_13897,4.652041499,2.725406465,SAT_18881,2.080733765,7.562414238
frame-z-004392-4-0284,1,No match,FALSE,N/A,inf,194.4889318,37.15863367,194.5522049,37.33390585,FOVNotMatch,2004/1/31 12:19:51,SAT_24640,5.038075686,10.54209055,SAT_26573,9.670942775,N/A,SAT_16527,15.66994953,N/A
frame-z-004392-3-0285,1,No match,FALSE,N/A,inf,194.6981837,36.67449069,194.7775852,36.89358956,FOVNotMatch,2004/1/31 12:20:27,SAT_24640,5.038075686,10.39001129,SAT_26573,9.670942775,N/A,SAT_16527,15.66994953,N/A
frame-z-004392-4-0285,1,No match,FALSE,N/A,inf,194.8463837,37.08365823,194.8898526,37.20237244,FOVNotMatch,2004/1/31 12:20:27,SAT_24640,5.038075686,10.30364454,SAT_26573,9.670942775,N/A,SAT_16527,15.66994953,N/A
frame-z-004392-2-0285,1,No match,FALSE,N/A,inf,194.5724976,36.32228896,194.6305726,36.48397907,FOVNotMatch,2004/1/31 12:20:27,SAT_24640,5.038075686,10.4513271,SAT_26573,9.670942775,N/A,SAT_16527,15.66994953,N/A
frame-z-004392-2-0286,1,No match,FALSE,N/A,inf,194.9210842,36.23394934,194.9677384,36.36104369,FOVNotMatch,2004/1/31 12:21:03,SAT_24640,5.038075686,10.09416637,SAT_26573,9.670942775,N/A,SAT_16527,15.66994953,N/A
frame-z-004392-3-0280,1,No match,FALSE,N/A,inf,193.6888539,36.7654475,193.9158661,36.95206918,FOVNotMatch,2004/1/31 12:17:28,SAT_24640,3.121722258,18.14808495,SAT_22849,1.511847487,31.77074565,SAT_18764,1.463512658,86.88267045
frame-z-004469-1-0225,1,No match,FALSE,N/A,inf,144.7338205,31.47054179,144.6631954,31.48060771,FOVNotMatch,2004/2/17 8:19:18,SAT_16U00,4.300231879,15.15210015,SAT_13074,3.38653726,39.82617902,SAT_25598,1.491994536,53.01651603
frame-z-004458-2-0038,1,Success,TRUE,SAT_8621U,0.518401015,117.5025173,17.01587731,117.3490637,17.0066181,,2004/2/16 6:05:26,SAT_8621U,3.689822863,0.518401015,SAT_26476,0.752986116,14.40603465,SAT_23756,2.788678545,18.8269769
frame-z-004470-3-0019,1,No match,FALSE,N/A,inf,185.3866703,37.20407469,185.4368649,37.29658441,FOVNotMatch,2004/2/17 11:07:48,SAT_10455,3.643439144,6.786499381,SAT_21167,2.133568842,14.74164529,SAT_27636,1.685598842,32.06692806
frame-z-004469-2-0474,1,No match,FALSE,N/A,inf,189.9918072,39.25613455,189.8915021,39.48551148,FOVNotMatch,2004/2/17 10:47:58,SAT_15827,3.370881991,11.18309515,SAT_24640,0.002228467,43.61490962,SAT_23420,4.853106922,47.47602399
frame-z-004470-1-0079,1,No match,FALSE,N/A,inf,196.5492509,35.8632332,196.5811392,35.88452655,FOVNotMatch,2004/2/17 11:43:38,SAT_18697,9.652595775,N/A,SAT_10485,13.56891618,N/A,SAT_15214,8.890070216,N/A
frame-z-004470-5-0056,1,No match,FALSE,N/A,inf,192.3989886,37.71411451,192.5173899,37.71943493,FOVNotMatch,2004/2/17 11:29:54,SAT_27921,0.11586855,54.7195189,SAT_11750,5.596705994,55.05582829,SAT_14278,7.01769343,N/A
frame-z-004470-5-0057,1,No match,FALSE,N/A,inf,192.6087213,37.68297896,192.7933064,37.69075829,FOVNotMatch,2004/2/17 11:30:29,SAT_27921,0.11586855,54.51677542,SAT_11750,5.596705994,54.85308481,SAT_14278,7.01769343,N/A
frame-z-004448-5-0020,1,Success,TRUE,SAT_23766,2.871658969,82.29753014,-5.112390415,82.25618818,-5.1217399,,2004/2/12 3:47:06,SAT_23766,3.046641432,2.871658969,SAT_21055,2.120004562,6.469933331,SAT_16274,0.06261126,7.55099178
frame-z-004470-2-0107,1,No match,FALSE,N/A,inf,201.637201,35.46553702,201.8679957,35.65986011,FOVNotMatch,2004/2/17 12:00:21,SAT_15214,2.09184543,13.02096336,SAT_11054,5.536260043,16.33684099,SAT_19557,5.841767528,24.02835405
frame-z-004470-2-0090,1,No match,FALSE,N/A,inf,198.6288406,35.85898288,198.6331538,36.08329453,FOVNotMatch,2004/2/17 11:50:12,SAT_16527,5.564969462,16.94834234,SAT_19557,5.603203573,18.25392484,SAT_15214,3.972595279,27.67874694
frame-z-004470-3-0090,1,No match,FALSE,N/A,inf,198.6362196,36.28174934,198.639315,36.42982062,FOVNotMatch,2004/2/17 11:50:12,SAT_16527,5.564969462,16.87538859,SAT_19557,5.603203573,18.18097109,SAT_15214,3.972595279,27.60579319
frame-z-004470-1-0177,1,No match,FALSE,N/A,inf,214.0063823,32.57190756,214.0397993,32.76718415,FOVNotMatch,2004/2/17 12:42:08,SAT_04629,1.632143546,24.3841706,SAT_4629U,1.633745505,24.38710445,SAT_2328U,0.243779228,63.98462842
frame-z-004504-3-0192,1,No match,FALSE,N/A,inf,188.8256851,37.2246821,188.8027068,37.44824007,FOVNotMatch,2004/3/16 10:26:23,SAT_12858,0.146751995,22.50346347,SAT_17648,1.299415083,54.91152518,SAT_7087U,11.87723989,N/A
frame-z-004504-1-0199,1,No match,FALSE,N/A,inf,190.2207137,36.4218838,190.1790877,36.55804154,FOVNotMatch,2004/3/16 10:30:34,SAT_14096,3.801804386,14.46178487,SAT_10411,2.660652655,25.92270334,SAT_24643,7.16549258,N/A
frame-z-004504-3-0210,1,No match,FALSE,N/A,inf,192.1367935,37.07138635,192.3531842,37.26572342,FOVNotMatch,2004/3/16 10:37:08,SAT_00115,4.608374211,21.22842737,SAT_115U0,4.602488933,21.23268376,SAT_3257U,4.371559102,57.13759136
frame-z-004508-3-0098,1,No match,FALSE,N/A,inf,127.2346025,21.94924499,127.2727822,22.04368725,FOVNotMatch,2004/3/17 6:33:07,SAT_13124,4.986305932,5.904143307,SAT_4388U,5.045653058,21.42922571,SAT_04388,5.046500641,21.43001341
frame-z-004512-5-0054,1,No match,FALSE,N/A,inf,205.0811097,36.51325889,205.095635,36.64164407,FOVNotMatch,2004/3/17 9:34:10,SAT_26152,2.487146077,11.20082123,SAT_16527,4.444585421,12.06170644,SAT_19557,0.044020896,13.65371424
frame-z-004512-4-0057,1,No match,FALSE,N/A,inf,205.32189,35.94420924,205.5528394,36.03622149,FOVNotMatch,2004/3/17 9:35:58,SAT_18598,0.07348429,37.23964907,SAT_19557,0.044020896,44.93927757,SAT_16527,4.444585421,46.53128537
frame-z-004516-2-0117,1,No match,FALSE,N/A,inf,143.1834658,32.53832027,143.2422066,32.55626178,FOVNotMatch,2004/3/18 3:45:17,SAT_01001,5.408713799,38.37020391,SAT_26607,11.76598248,N/A,SAT_00195,15.00351634,N/A
frame-z-004512-2-0122,1,No match,FALSE,N/A,inf,216.4805663,32.52774556,216.5750758,32.56459413,FOVNotMatch,2004/3/17 10:14:46,SAT_26969,1.819903517,15.07059004,SAT_6167U,1.401011793,42.9865619,SAT_5698U,15.76297839,N/A
frame-z-004512-5-0125,1,No match,FALSE,N/A,inf,217.5520109,33.76016396,217.5400713,33.79173466,FOVNotMatch,2004/3/17 10:16:34,SAT_6167U,1.401011793,39.64224216,SAT_26969,1.819903517,82.3006059,SAT_5698U,15.76297839,N/A
frame-z-004512-6-0126,1,No match,FALSE,N/A,inf,217.79212,33.92614841,217.7613715,34.00875337,FOVNotMatch,2004/3/17 10:17:10,SAT_6167U,1.401011793,39.34782084,SAT_26969,1.819903517,82.59502722,SAT_5698U,15.76297839,N/A
frame-z-004512-2-0230,1,No match,FALSE,N/A,inf,233.6854957,26.15467585,233.5666458,26.30431876,FOVNotMatch,2004/3/17 11:19:15,SAT_16450,4.509879346,7.219691694,SAT_11555,3.401470636,11.27015068,SAT_10949,1.631616181,60.2607538
frame-z-004516-4-0068,1,No match,FALSE,N/A,inf,134.5415432,34.55661194,134.5291891,34.62653019,FOVNotMatch,2004/3/18 3:16:02,SAT_07048,3.022109499,29.98779677,SAT_7048U,3.020772321,29.9878454,SAT_23204,5.498580445,39.21343233
frame-z-004516-4-0069,1,No match,FALSE,N/A,inf,134.8986886,34.53917233,134.8616802,34.74879819,FOVNotMatch,2004/3/18 3:16:38,SAT_07048,3.022109499,29.97581242,SAT_7048U,3.020772321,29.97586104,SAT_23204,5.498580445,39.20144798
frame-z-004512-5-0274,1,No match,FALSE,N/A,inf,240.6408556,24.26746938,240.8158482,24.30062725,FOVNotMatch,2004/3/17 11:45:32,SAT_9823U,0.959831196,52.07679817,SAT_23516,3.713822871,53.19013332,SAT_24273,3.972968127,54.07775276
frame-z-004512-5-0275,1,No match,FALSE,N/A,inf,240.7843368,24.09045568,240.944123,24.12042507,FOVNotMatch,2004/3/17 11:46:07,SAT_9823U,0.959831196,52.20850089,SAT_23516,3.713822871,53.32183604,SAT_24273,3.972968127,54.20945548
frame-z-004512-6-0280,1,No match,FALSE,N/A,inf,241.892412,24.11551415,241.7859948,24.26801031,FOVNotMatch,2004/3/17 11:49:07,SAT_10933,0.081956553,11.01953794,SAT_09941,0.215059655,11.50452817,SAT_9941U,0.214856842,11.50557272
frame-z-004518-4-0111,1,No match,FALSE,N/A,inf,143.8592942,30.43210387,143.8970841,30.49300694,FOVNotMatch,2004/3/18 7:11:01,SAT_00738,5.702441635,22.78236512,SAT_738U0,5.717489832,22.79059016,SAT_5730U,5.339130458,29.3211201
frame-z-004518-5-0104,1,No match,FALSE,N/A,inf,142.6902338,30.2563894,142.5040461,30.24576531,FOVNotMatch,2004/3/18 7:06:50,SAT_738U0,0.082836825,40.0724106,SAT_00738,0.080684526,40.07824427,SAT_25053,3.34084172,52.07003878
frame-z-004518-2-0152,1,Success,TRUE,SAT_7826U,0.41792643,150.9426856,31.76893772,150.9208611,31.99689197,,2004/3/18 7:35:30,SAT_7826U,4.160482404,0.41792643,SAT_19143,2.754105665,4.352423146,SAT_14191,5.013521544,16.48136471
frame-z-004550-6-0015,1,No match,FALSE,N/A,inf,156.9655738,32.79988009,157.0648237,32.91753345,FOVNotMatch,2004/4/13 4:36:28,SAT_8546U,0.078893015,13.88858092,SAT_08546,0.083034177,13.89428086,SAT_6824U,1.036514759,28.48776947
frame-z-004550-4-0058,1,No match,FALSE,N/A,inf,164.7659716,33.5117714,164.8005991,33.54689574,FOVNotMatch,2004/4/13 5:02:09,SAT_26826,2.183109464,76.30086779,SAT_13897,11.95154737,N/A,SAT_25847,12.10312591,N/A
frame-z-004552-1-0059,1,Success,TRUE,SAT_17216,0.617791439,177.4811201,33.8853148,177.4990635,33.93375642,,2004/4/13 6:14:48,SAT_17216,4.656723328,0.617791439,SAT_24640,3.532945771,5.815109799,SAT_23420,0.017423779,7.896210725
frame-z-004549-4-0060,1,No match,FALSE,N/A,inf,122.0372768,17.83307875,122.1057707,17.92847799,FOVNotMatch,2004/4/13 4:01:30,SAT_3341U,4.193048103,38.61674171,SAT_24676,5.48840135,46.34515044,SAT_25968,0.034991511,50.03920066
frame-z-004552-5-0130,1,No match,FALSE,N/A,inf,190.3402621,35.61307275,190.4383258,35.70572188,FOVNotMatch,2004/4/13 6:57:11,SAT_11054,12.90053662,N/A,SAT_16527,16.97181147,N/A,SAT_25485,16.23006447,N/A
frame-z-004552-3-0133,1,No match,FALSE,N/A,inf,190.8295069,34.72203344,191.0144628,34.71853773,FOVNotMatch,2004/4/13 6:58:59,SAT_11054,12.90053662,N/A,SAT_16527,16.97181147,N/A,SAT_25485,16.23006447,N/A
frame-z-004552-5-0220,1,No match,FALSE,N/A,inf,206.7256842,33.67929363,206.7722937,33.69959005,FOVNotMatch,2004/4/13 7:50:55,SAT_16527,3.271634225,44.80994212,SAT_24876,0.119939438,79.9505535,SAT_10925,12.69808168,N/A
frame-z-004552-4-0221,1,No match,FALSE,N/A,inf,206.6893984,33.44530477,206.7552936,33.47462032,FOVNotMatch,2004/4/13 7:51:31,SAT_16527,3.271634225,44.3661353,SAT_24876,0.119939438,80.39436032,SAT_10925,12.69808168,N/A
frame-z-004552-4-0222,1,No match,FALSE,N/A,inf,206.9258635,33.33206964,207.0586777,33.39018521,FOVNotMatch,2004/4/13 7:52:07,SAT_16527,3.271634225,44.78529531,SAT_24876,0.119939438,79.97520031,SAT_10925,12.69808168,N/A
frame-z-004552-4-0149,1,No match,FALSE,N/A,inf,193.776117,34.94478966,193.8245628,35.01565312,FOVNotMatch,2004/4/13 7:08:32,SAT_14608,4.950938217,14.8385898,SAT_27919,1.787474448,60.97460216,SAT_04823,1.436570248,74.80064601
frame-z-004552-1-0228,1,No match,FALSE,N/A,inf,207.5822871,31.9901738,207.657338,32.01616596,FOVNotMatch,2004/4/13 7:55:42,SAT_15624,3.217196788,42.87819154,SAT_16527,4.605233026,49.96297981,SAT_18103,5.837762913,51.47798278
frame-z-004552-5-0194,1,Success,TRUE,SAT_24876,2.461740702,202.0414309,34.43239271,201.9708683,34.50143653,,2004/4/13 7:35:24,SAT_24876,5.430328198,2.461740702,SAT_26791,5.923460154,50.0519778,SAT_16527,4.394412041,56.902322
frame-z-004552-5-0195,1,Success,TRUE,SAT_24876,2.759509405,202.3425792,34.4367136,202.2632238,34.5151765,,2004/4/13 7:36:00,SAT_24876,5.430328198,2.759509405,SAT_26791,5.923460154,50.34974651,SAT_16527,4.394412041,56.6045533
frame-z-004569-6-0223,1,Success,TRUE,SAT_27057,4.011558241,144.2191147,29.05653039,144.1074961,29.25861981,,2004/4/15 5:22:37,SAT_27057,4.097425583,4.011558241,SAT_00933,0.070602828,5.635848831,SAT_26351,4.714675053,16.06021387
frame-z-004570-6-0018,1,Success,TRUE,SAT_22410,3.976380686,209.6040677,33.60230659,209.7833333,33.74874923,,2004/4/15 6:36:39,SAT_22410,2.642818456,3.976380686,SAT_19144,2.309020164,43.40814663,SAT_24378,4.431780174,77.19888194
frame-z-004570-6-0019,1,Success,TRUE,SAT_22410,4.126862679,209.9054158,33.49180731,209.9749502,33.54841445,,2004/4/15 6:37:15,SAT_22410,2.642818456,4.126862679,SAT_19144,2.309020164,43.55862863,SAT_24378,4.431780174,77.34936394
frame-z-004569-4-0252,1,No match,FALSE,N/A,inf,149.2594894,29.82637869,149.1740895,29.88413532,FOVNotMatch,2004/4/15 5:39:56,SAT_14264,1.810322119,23.61825467,SAT_21006,3.4374013,24.5053019,SAT_23484,0.11467616,67.03715327
frame-z-004569-3-0317,1,Success,TRUE,SAT_27889,0.88982926,160.2110651,32.22056143,160.24553,32.33992675,,2004/4/15 6:18:44,SAT_27889,1.056831752,0.88982926,SAT_19802,5.923648851,54.85551653,SAT_27409,11.49482389,N/A
frame-z-004569-2-0318,1,Success,TRUE,SAT_27889,0.700945763,160.4536935,31.93764539,160.4933776,32.0774977,,2004/4/15 6:19:20,SAT_27889,1.056831752,0.700945763,SAT_19802,5.923648851,54.66663304,SAT_27409,11.49482389,N/A
frame-z-004570-4-0141,1,No match,FALSE,N/A,inf,229.5467274,26.94671184,229.6040927,26.96359787,FOVNotMatch,2004/4/15 7:50:05,SAT_20583,4.1331098,50.00533364,SAT_25488,0.078694919,83.91186413,SAT_02530,10.18560697,N/A
frame-z-004570-2-0248,1,No match,FALSE,N/A,inf,244.7309734,18.71734867,244.6501662,18.9133506,FOVNotMatch,2004/4/15 8:53:58,SAT_2411U,0.443259144,20.84518979,SAT_16483,1.076812487,52.37543698,SAT_25175,4.169628938,65.5484154
frame-z-004571-3-0059,1,No match,FALSE,N/A,inf,249.4562687,16.54954109,249.4961361,16.54926644,FOVNotMatch,2004/4/15 10:18:44,SAT_23554,0.125357444,15.11400513,SAT_00404,5.484166733,55.01791121,SAT_404U0,5.490011817,55.03495957
frame-z-004570-1-0320,1,No match,FALSE,N/A,inf,254.0464392,12.80885759,254.2116019,12.97203019,FOVNotMatch,2004/4/15 9:36:58,SAT_11693,0.115480641,18.00031182,SAT_06677,0.814584868,19.68497099,SAT_6677U,0.814434899,19.68613563
frame-z-004571-5-0085,1,No match,FALSE,N/A,inf,253.2796848,15.26648481,253.4658734,15.41813706,FOVNotMatch,2004/4/15 10:34:16,SAT_17328,0.832163808,26.87983146,SAT_11130,0.136966071,28.46581598,SAT_18338,1.276942181,56.58591057
frame-z-004576-6-0140,1,No match,FALSE,N/A,inf,132.7949344,24.17905752,132.8436478,24.32375229,FOVNotMatch,2004/4/16 4:19:42,SAT_25090,10.62154395,N/A,SAT_14796,15.58915556,N/A,SAT_18883,14.12160658,N/A
frame-z-004576-3-0466,1,No match,FALSE,N/A,inf,188.1915233,34.5322323,188.2171109,34.75503051,FOVNotMatch,2004/4/16 7:34:21,SAT_19946,3.697678153,18.22805625,SAT_01952,4.567376936,40.49251888,SAT_1952U,4.567563667,40.4933825
frame-z-004576-4-0353,1,Success,TRUE,SAT_13897,1.693431766,167.6823236,33.88332452,167.7658001,33.99370826,,2004/4/16 6:26:53,SAT_13897,3.677190658,1.693431766,SAT_23830,4.275700252,44.05165992,SAT_1000U,5.464283715,57.70611965
frame-z-004576-2-0147,1,No match,FALSE,N/A,inf,134.5141329,23.247986,134.5604816,23.34254485,FOVNotMatch,2004/4/16 4:23:53,SAT_6779U,5.908813047,40.90833473,SAT_06779,5.892207303,40.93039372,SAT_5732U,0.852324428,52.52513204
frame-z-004576-6-0543,1,No match,FALSE,N/A,inf,202.4040287,34.59395067,202.4754169,34.68297389,FOVNotMatch,2004/4/16 8:20:20,SAT_21429,4.94831424,5.612537364,SAT_10415,3.878714553,14.02895957,SAT_17616,1.963717218,59.62083723
frame-z-004576-5-0689,1,No match,FALSE,N/A,inf,226.8168296,28.19394865,227.0052757,28.16907296,FOVNotMatch,2004/4/16 9:47:30,SAT_738U0,0.075236974,28.56134394,SAT_00738,0.075562429,28.56166978,SAT_18504,1.718975404,44.04275792
frame-z-004576-2-0690,1,No match,FALSE,N/A,inf,226.5014806,26.7594298,226.5368089,26.77076742,FOVNotMatch,2004/4/16 9:48:06,SAT_738U0,0.075236974,56.84853309,SAT_00738,0.075562429,56.84885892,SAT_10659,0.448512218,59.84065004
frame-z-004576-5-0690,1,No match,FALSE,N/A,inf,227.0723663,28.08652056,227.1456286,28.07691101,FOVNotMatch,2004/4/16 9:48:06,SAT_738U0,0.075236974,28.62238521,SAT_00738,0.075562429,28.62271105,SAT_18504,1.718975404,44.10379919
frame-z-004576-5-0725,1,No match,FALSE,N/A,inf,232.3514266,25.83592627,232.5128106,25.93309955,FOVNotMatch,2004/4/16 10:09:00,SAT_20621,3.101926357,33.74055289,SAT_602U0,0.025695876,62.86889295,SAT_13484,3.937735725,73.84575543
frame-z-004576-4-0735,1,No match,FALSE,N/A,inf,233.6718001,25.02494395,233.7212487,25.03655105,FOVNotMatch,2004/4/16 10:14:58,SAT_20621,1.910341957,52.35483239,SAT_22061,3.581850977,53.08684336,SAT_14084,0.234450785,81.62849532
frame-z-004576-4-0736,1,No match,FALSE,N/A,inf,233.7606875,24.84599008,233.9887638,24.90004558,FOVNotMatch,2004/4/16 10:15:34,SAT_20621,1.910341957,52.23803016,SAT_22061,3.581850977,52.97004112,SAT_14084,0.234450785,81.74529756
frame-z-004576-4-0737,1,No match,FALSE,N/A,inf,234.018982,24.70719246,234.0770312,24.72106218,FOVNotMatch,2004/4/16 10:16:10,SAT_20621,1.910341957,52.14238797,SAT_22061,3.581850977,52.87439894,SAT_14084,0.234450785,81.84093975
frame-z-004588-1-0212,1,No match,FALSE,N/A,inf,237.7011802,19.94482142,237.8726698,19.90365962,FOVNotMatch,2004/4/22 9:55:29,SAT_21049,5.998571229,9.832368504,SAT_26795,0.048960722,21.44846766,SAT_18779,5.199307123,36.0784661
frame-z-004576-2-0746,1,No match,FALSE,N/A,inf,234.8766021,23.3467958,235.0571398,23.51566421,FOVNotMatch,2004/4/16 10:21:32,SAT_22061,2.303720206,21.39004292,SAT_18117,0.103826607,32.32665367,SAT_8151U,0.494836968,34.00416632
frame-z-004588-1-0235,1,No match,FALSE,N/A,inf,241.050675,18.40821997,241.2005311,18.58809972,FOVNotMatch,2004/4/22 10:09:13,SAT_545U0,2.11689283,6.458127889,SAT_16393,4.485386658,14.21796368,SAT_16396,2.482546539,17.17766713
frame-z-004599-6-0050,1,No match,FALSE,N/A,inf,175.8723738,33.2179949,175.9177305,33.445315,FOVNotMatch,2004/4/25 7:30:00,SAT_00188,0.054746503,29.15118422,SAT_188U0,0.041693664,29.15870709,SAT_00196,5.313532259,32.07129562
frame-z-004599-3-0116,1,No match,FALSE,N/A,inf,187.5714554,32.43817172,187.5959426,32.48363805,FOVNotMatch,2004/4/25 8:09:24,SAT_22446,2.699213723,14.57830657,SAT_21287,5.124010094,35.09804629,SAT_27724,1.0596203,44.22480475
frame-z-004599-3-0117,1,No match,FALSE,N/A,inf,187.8303636,32.25458989,187.9431941,32.46179143,FOVNotMatch,2004/4/25 8:10:00,SAT_22446,2.699213723,14.31504316,SAT_21287,5.124010094,35.3613097,SAT_27724,1.0596203,44.48806817
frame-z-004599-2-0213,1,No match,FALSE,N/A,inf,204.4981675,30.35993736,204.6337561,30.36150336,FOVNotMatch,2004/4/25 9:07:19,SAT_478U0,3.044376393,43.98086692,SAT_00478,3.045126305,43.98205494,SAT_2976U,5.062948597,48.56439466
frame-z-004599-6-0217,1,Success,TRUE,SAT_04158,1.729557282,205.7192774,32.05635309,205.6811392,32.08547261,,2004/4/25 9:09:42,SAT_04158,3.81255927,1.729557282,SAT_4158U,3.819429413,1.85960495,SAT_21344,0.305701908,7.239666382
frame-z-004600-5-0107,1,No match,FALSE,N/A,inf,254.5783576,14.24108593,254.7309002,14.28068082,FOVNotMatch,2004/4/25 10:40:41,SAT_27906,3.00767072,72.10952337,SAT_25366,0.071049033,84.9918308,SAT_20669,10.81754536,N/A
frame-z-004600-5-0113,1,No match,FALSE,N/A,inf,255.364498,13.87780746,255.5102914,13.91212479,FOVNotMatch,2004/4/25 10:44:16,SAT_27906,3.00767072,70.74641085,SAT_25366,0.071049033,86.35494332,SAT_20669,10.81754536,N/A
frame-z-004623-6-0151,1,Success,TRUE,SAT_22220,1.515470972,181.5726207,33.28881607,181.4406897,33.43330619,,2004/5/12 6:06:40,SAT_22220,2.933588325,1.515470972,SAT_19946,3.824986692,18.36829196,SAT_04026,2.624120546,35.29162798
frame-z-004623-1-0197,1,No match,FALSE,N/A,inf,189.62792,31.15662691,189.6043055,31.36874997,FOVNotMatch,2004/5/12 6:34:08,SAT_04950,3.385617911,27.22320468,SAT_4950U,3.356311865,27.23031178,SAT_18374,11.4284701,N/A
frame-z-004623-4-0258,1,No match,FALSE,N/A,inf,200.3387138,31.7317192,200.411459,31.77897208,FOVNotMatch,2004/5/12 7:10:33,SAT_26832,0.50063651,51.77735403,SAT_12962,4.719408734,81.9426167,SAT_27724,17.4560995,N/A
frame-z-004623-3-0310,1,No match,FALSE,N/A,inf,209.1298674,29.76910962,209.3117159,29.90750208,FOVNotMatch,2004/5/12 7:41:36,SAT_22238,2.996422543,27.78097787,SAT_27621,0.004396813,71.82884197,SAT_27622,0.542590921,73.16035329
frame-z-004623-3-0311,1,No match,FALSE,N/A,inf,209.4364053,29.68042894,209.4846648,29.71743084,FOVNotMatch,2004/5/12 7:42:12,SAT_22238,2.996422543,27.60864311,SAT_27621,0.004396813,71.65650721,SAT_27622,0.542590921,72.98801853
frame-z-004623-5-0283,1,No match,FALSE,N/A,inf,204.9074315,31.35472672,204.7803522,31.44223027,FOVNotMatch,2004/5/12 7:25:29,SAT_27765,3.434494506,16.44792897,SAT_00020,0.099039732,52.50730399,SAT_20U00,0.097360104,52.54270432
frame-z-004623-2-0357,1,Success,TRUE,SAT_15350,3.501968932,216.8947283,27.69742967,216.8365937,27.77872604,,2004/5/12 8:09:40,SAT_15350,1.120161436,3.501968932,SAT_26601,2.941001957,5.502952127,SAT_22329,0.628722682,14.13896401
frame-z-004629-4-0059,1,Success,TRUE,SAT_23444,0.104868436,244.7271051,23.46189442,244.6909773,23.60518814,,2004/5/13 8:27:34,SAT_23444,4.66190931,0.104868436,SAT_19910,1.276203713,27.92268314,SAT_27618,8.622940545,N/A
frame-z-004628-3-0104,1,No match,FALSE,N/A,inf,229.896311,24.00143013,229.9717961,23.98716325,FOVNotMatch,2004/5/13 7:22:33,SAT_15223,4.204539802,75.34663648,SAT_21217,5.509044651,77.29357343,SAT_24273,2.681459792,78.36067016
frame-z-004628-3-0105,1,No match,FALSE,N/A,inf,230.0364314,23.91832922,230.2134727,23.88489499,FOVNotMatch,2004/5/13 7:23:09,SAT_15223,4.204539802,75.32929257,SAT_21217,5.509044651,77.27622953,SAT_24273,2.681459792,78.34332625
frame-z-004629-2-0170,1,Success,TRUE,SAT_26233,0.491784338,245.8168571,40.05376125,245.6837684,40.14815803,,2004/5/13 9:33:51,SAT_26233,5.41250414,0.491784338,SAT_10650,2.211003349,10.82935608,SAT_13911,4.179740528,15.28536207
frame-z-004632-3-0046,1,Success,TRUE,SAT_23838,3.211059114,147.2160516,26.49664435,147.1635958,26.71670281,,2004/5/14 3:41:58,SAT_23838,0.241405483,3.211059114,SAT_13603,2.303858605,14.46731613,SAT_19165,0.221718039,14.60216942
frame-z-004632-4-0035,1,Success,TRUE,SAT_13610,0.245644974,145.3694961,26.47737045,145.3107686,26.57001861,,2004/5/14 3:35:24,SAT_13610,5.917927707,0.245644974,SAT_27534,0.192396063,0.406751345,SAT_21855,4.813907458,0.839768755
frame-z-004632-5-0035,1,Success,TRUE,SAT_13610,0.388955136,145.2001048,26.74285267,145.0737888,26.94042006,,2004/5/14 3:35:24,SAT_13610,5.917927707,0.388955136,SAT_27534,0.192396063,0.550061506,SAT_21855,4.813907458,0.983078917
frame-z-004632-6-0035,1,Success,TRUE,SAT_13610,0.470497725,144.9631917,27.11208492,144.836105,27.30955192,,2004/5/14 3:35:24,SAT_13610,5.917927707,0.470497725,SAT_27534,0.192396063,0.631604096,SAT_21855,4.813907458,1.064621506
frame-z-004632-2-0152,1,No match,FALSE,N/A,inf,164.8165767,30.23094651,164.8098879,30.39221566,FOVNotMatch,2004/5/14 4:45:16,SAT_10654,3.145856034,7.436831669,SAT_19611,0.599986497,19.6044996,SAT_16139,0.06539536,20.82732241
frame-z-004632-3-0186,1,No match,FALSE,N/A,inf,170.6242624,31.56847427,170.4835836,31.67121294,FOVNotMatch,2004/5/14 5:05:34,SAT_22579,0.571907186,7.67401422,SAT_19611,4.663061595,67.73560341,SAT_27646,5.766331842,84.26070437
frame-z-004632-4-0187,1,No match,FALSE,N/A,inf,170.597515,31.88221607,170.5543805,31.91364002,FOVNotMatch,2004/5/14 5:06:10,SAT_22579,0.571907186,7.658691801,SAT_19611,4.663061595,67.72028099,SAT_27646,5.766331842,84.27602679
frame-z-004629-4-0253,1,No match,FALSE,N/A,inf,244.5444496,52.64061076,244.4851327,52.59179047,FOVNotMatch,2004/5/13 10:23:24,SAT_20025,3.134091253,6.747279619,SAT_21218,4.1010556,8.339950799,SAT_27620,5.958989941,10.50578234
frame-z-004629-1-0255,1,No match,FALSE,N/A,inf,246.6009957,52.93049393,246.5661399,52.85530824,FOVNotMatch,2004/5/13 10:24:36,SAT_27620,5.958989941,10.28430574,SAT_21218,4.1010556,12.45013728,SAT_20025,3.134091253,14.04280846
frame-z-004629-3-0283,1,No match,FALSE,N/A,inf,245.6081757,57.00980339,245.2013952,57.04106333,FOVNotMatch,2004/5/13 10:41:19,SAT_17267,3.968143108,24.69238854,SAT_741U0,0.065330407,42.63194699,SAT_10757,0.577943998,45.91032615
frame-z-004629-2-0283,1,No match,FALSE,N/A,inf,246.175621,56.96398796,245.968469,56.98118362,FOVNotMatch,2004/5/13 10:41:19,SAT_17267,3.968143108,24.06945554,SAT_741U0,0.065330407,42.00901399,SAT_10757,0.577943998,45.28739315
frame-z-004629-5-0283,1,No match,FALSE,N/A,inf,244.0659052,57.12104364,243.9731746,57.12688184,FOVNotMatch,2004/5/13 10:41:19,SAT_17267,3.968143108,26.113272,SAT_741U0,0.065330407,44.05283045,SAT_10757,0.577943998,47.33120961
frame-z-004629-1-0284,1,No match,FALSE,N/A,inf,246.9177166,57.20042092,246.7528234,57.21484915,FOVNotMatch,2004/5/13 10:41:55,SAT_17267,3.968143108,23.55165729,SAT_741U0,0.065330407,41.49121574,SAT_10757,0.577943998,44.7695949
frame-z-004633-1-0066,1,No match,FALSE,N/A,inf,236.4792813,20.38154259,236.4889392,20.49062283,FOVNotMatch,2004/5/14 6:13:10,SAT_20026,5.570054852,20.68940668,SAT_23044,9.959356062,N/A,SAT_20599,13.6064565,N/A
frame-z-004646-1-0317,1,No match,FALSE,N/A,inf,241.6797739,16.4454598,241.7964539,16.46733632,FOVNotMatch,2004/5/22 9:38:20,SAT_20559,2.620659186,17.98766713,SAT_5015U,4.526810256,60.08665849,SAT_05015,4.52137588,60.11243984
frame-z-004649-1-0169,1,No match,FALSE,N/A,inf,209.154619,26.49204801,209.1644015,26.71926741,FOVNotMatch,2004/5/23 7:18:02,SAT_02361,4.72106157,17.19963686,SAT_2361U,4.716149098,17.21131566,SAT_22238,0.031765498,19.20671122
frame-z-004649-3-0230,1,No match,FALSE,N/A,inf,219.296658,25.19836264,219.1591124,25.27238315,FOVNotMatch,2004/5/23 7:54:28,SAT_4014U,4.761248687,71.3149886,SAT_04014,4.777552522,71.33233656,SAT_02888,5.069748499,87.00752057
frame-z-004649-6-0238,1,No match,FALSE,N/A,inf,220.9337231,25.95071542,220.8084512,26.14136025,FOVNotMatch,2004/5/23 7:59:14,SAT_21656,0.547035186,10.00069973,SAT_22219,2.522424954,10.63889425,SAT_25327,5.083593277,13.47603515
frame-z-004649-2-0323,1,No match,FALSE,N/A,inf,233.3526871,20.08965844,233.3799131,20.31807347,FOVNotMatch,2004/5/23 8:49:59,SAT_16397,1.250687971,13.80423703,SAT_18355,5.263488485,13.87974391,SAT_18360,4.114671426,14.85753849
frame-z-004663-1-0074,1,Success,TRUE,SAT_10949,3.88866247,215.3699831,23.10513065,215.4624896,23.31528024,,2004/6/10 5:51:34,SAT_10949,1.849231629,3.88866247,SAT_20549,0.046639824,15.63283969,SAT_27639,2.508508899,39.26742932
frame-z-004663-2-0074,1,Success,TRUE,SAT_10949,3.854352978,215.5434004,23.49825359,215.5845753,23.59139535,,2004/6/10 5:51:34,SAT_10949,1.849231629,3.854352978,SAT_20549,0.046639824,15.66714918,SAT_27639,2.508508899,39.30173881
frame-z-004663-4-0094,1,No match,FALSE,N/A,inf,218.8427726,23.77497804,218.9957818,23.79139484,FOVNotMatch,2004/6/10 6:03:30,SAT_20620,13.6463992,N/A,SAT_10949,8.972230029,N/A,SAT_20628,11.65527055,N/A
frame-z-004649-4-0457,1,No match,FALSE,N/A,inf,252.6076662,12.48935579,252.7558828,12.50921115,FOVNotMatch,2004/5/23 10:10:00,SAT_22312,0.008223088,55.64457856,SAT_7276U,4.844949481,57.10861039,SAT_07276,4.850217396,57.10908487
frame-z-004670-2-0071,1,No match,FALSE,N/A,inf,207.3815583,25.08433678,207.4506296,25.0481711,FOVNotMatch,2004/6/12 3:56:35,SAT_13575,1.292693959,18.09183925,SAT_24876,2.557594181,24.92070995,SAT_5498U,0.090925851,34.94988039
frame-z-004670-5-0145,1,No match,FALSE,N/A,inf,219.739329,23.85074737,219.7668882,24.03222222,FOVNotMatch,2004/6/12 4:40:46,SAT_19824,3.290838388,25.88035986,SAT_224U0,0.061414241,35.63923387,SAT_00224,0.061207517,35.64133903
frame-z-004670-2-0182,1,No match,FALSE,N/A,inf,225.1184218,21.25166943,225.0941567,21.2852724,FOVNotMatch,2004/6/12 5:02:52,SAT_18911,4.261430174,32.67641229,SAT_05188,0.210796399,61.50083373,SAT_24273,6.253669756,N/A
frame-z-004670-1-0253,1,Success,TRUE,SAT_22788,1.118582703,235.4416602,17.21595054,235.6055962,17.22476143,,2004/6/12 5:45:15,SAT_22788,1.641533437,1.118582703,SAT_8546U,0.084682619,48.78164773,SAT_08546,0.062750232,48.81542692
frame-z-004674-2-0143,1,No match,FALSE,N/A,inf,224.8862822,21.08246606,224.8421975,21.14173294,FOVNotMatch,2004/6/13 6:23:08,SAT_12642,0.890769602,7.671165311,SAT_25327,2.458766534,17.83925021,SAT_25868,0.948442274,69.03401725
frame-z-004674-4-0176,1,No match,FALSE,N/A,inf,230.0589929,20.19007043,230.1429329,20.22953433,FOVNotMatch,2004/6/13 6:42:50,SAT_22535,5.888465809,10.25773433,SAT_21217,2.501012578,40.8605221,SAT_20026,1.740846479,41.58152717
frame-z-004678-1-0032,1,No match,FALSE,N/A,inf,205.3982539,22.54340658,205.3084121,22.59364912,FOVNotMatch,2004/6/14 3:55:39,SAT_24876,5.91592382,25.14807024,SAT_24675,5.478805237,45.29935758,SAT_22258,4.409779419,83.0282362
frame-z-004678-6-0048,1,No match,FALSE,N/A,inf,208.2583279,24.36105055,208.293117,24.36527722,FOVNotMatch,2004/6/14 4:05:12,SAT_22258,6.437907004,N/A,SAT_18704,11.59116426,N/A,SAT_16527,12.84716922,N/A
frame-z-004678-5-0158,1,No match,FALSE,N/A,inf,225.5216886,20.28031551,225.7084035,20.29767807,FOVNotMatch,2004/6/14 5:10:53,SAT_27005,4.460316574,73.95263239,SAT_19419,2.080265516,84.02143575,SAT_24273,15.80494272,N/A
frame-z-004678-5-0159,1,No match,FALSE,N/A,inf,225.7659666,20.19180076,225.8440262,20.19901893,FOVNotMatch,2004/6/14 5:11:28,SAT_27005,4.460316574,73.98744823,SAT_19419,2.080265516,84.05625159,SAT_24273,15.80494272,N/A
frame-z-004679-3-0285,1,No match,FALSE,N/A,inf,263.9869904,27.6406098,264.0078085,27.69303234,FOVNotMatch,2004/6/14 9:53:33,SAT_07376,5.036350612,6.620481167,SAT_7376U,5.037094462,6.622077572,SAT_21598,2.918310473,21.82136587
frame-z-004679-3-0285,2,No match,FALSE,N/A,inf,264.0271661,27.55119008,263.9932147,27.71586473,FOVNotMatch,2004/6/14 9:53:33,SAT_21598,2.918310473,7.907444438,SAT_23625,2.756544786,18.31168941,SAT_10586,0.546616047,20.69022882
frame-z-004679-6-0304,1,No match,FALSE,N/A,inf,266.5157016,25.38776404,266.5546091,25.43963159,FOVNotMatch,2004/6/14 10:04:54,SAT_7376U,2.242657565,7.378119818,SAT_07376,2.244819873,7.379800052,SAT_28189,0.649816831,17.28608299
frame-z-004682-1-0081,1,No match,FALSE,N/A,inf,240.9893383,58.54525676,240.9888679,58.61943141,FOVNotMatch,2004/6/15 7:18:13,SAT_07281,1.904383565,50.54530019,SAT_7281U,1.905503493,50.55211934,SAT_04943,0.240406651,50.83601719
frame-z-004682-6-0129,1,No match,FALSE,N/A,inf,251.301784,53.6003526,251.6079316,53.73434176,FOVNotMatch,2004/6/15 7:46:53,SAT_25122,2.414456548,73.77072029,SAT_19961,4.263814787,76.67693898,SAT_03825,5.595911215,77.21594056
frame-z-004682-1-0287,1,No match,FALSE,N/A,inf,262.3701955,31.3013218,262.3785001,31.41018446,FOVNotMatch,2004/6/15 9:21:13,SAT_4706U,1.560450784,38.88471426,SAT_04706,1.560280361,38.88495218,SAT_19162,5.512093283,47.92606028
frame-z-004800-3-0090,1,No match,FALSE,N/A,inf,19.17357467,25.36241837,19.06319359,25.24081666,FOVNotMatch,2004/8/26 9:53:42,SAT_22597,1.966356763,22.34127004,SAT_02372,1.398557917,37.88236532,SAT_14900,3.529169935,61.13235217
frame-z-004800-3-0038,1,Success,TRUE,SAT_26970,4.05029951,18.32410667,17.60717286,18.25516287,17.47076134,,2004/8/26 9:22:39,SAT_26970,5.389894397,4.05029951,SAT_22597,4.05144846,9.957818547,SAT_14619,0.098227964,40.28594071
frame-z-004822-6-0224,1,No match,FALSE,N/A,inf,325.6112113,2.46767171,325.500916,2.492743914,FOVNotMatch,2004/9/12 6:42:00,SAT_27661,4.072354376,15.84670071,SAT_26488,5.221203514,19.58726108,SAT_25074,1.7794063,20.0963439
frame-z-004797-1-0117,1,Success,TRUE,SAT_26039,2.416417505,323.4722669,-1.02257445,323.3344991,-1.000433092,,2004/8/26 7:03:37,SAT_26039,1.32218296,2.416417505,SAT_20717,2.665937949,6.263115085,SAT_21222,5.849402765,8.240072161
frame-z-004822-3-0467,1,No match,FALSE,N/A,inf,352.0449475,28.91778633,351.8631863,28.86611459,FOVNotMatch,2004/9/12 9:07:05,SAT_23412,4.686742193,31.56224938,SAT_28115,0.647659985,50.11423247,SAT_14264,2.949720418,51.00707904
frame-z-004828-2-0048,1,No match,FALSE,N/A,inf,254.9623308,27.92136455,255.091622,27.96299536,FOVNotMatch,2004/9/15 2:31:31,SAT_20302,0.087844644,68.91544955,SAT_23622,5.133521593,81.82923911,SAT_07376,10.96311281,N/A
frame-z-004828-1-0050,1,No match,FALSE,N/A,inf,255.194254,27.63520308,255.2514885,27.65381073,FOVNotMatch,2004/9/15 2:32:42,SAT_20302,0.087844644,69.04306724,SAT_23622,5.133521593,81.9568568,SAT_07376,10.96311281,N/A
frame-z-004828-6-0112,1,No match,FALSE,N/A,inf,265.8104552,26.75364664,265.9198561,26.95619489,FOVNotMatch,2004/9/15 3:09:43,SAT_11888,0.08470776,12.67831692,SAT_23739,5.764998977,50.68429166,SAT_25803,4.485400324,57.15962621
frame-z-004828-2-0118,1,No match,FALSE,N/A,inf,266.1636332,24.86232219,266.2948179,24.91881278,FOVNotMatch,2004/9/15 3:13:18,SAT_11888,2.806154419,51.56921302,SAT_26236,0.298231578,71.45116168,SAT_25803,4.054558792,85.48274605
frame-z-004828-1-0126,1,No match,FALSE,N/A,inf,267.1787132,24.09660707,267.2189281,24.12131713,FOVNotMatch,2004/9/15 3:18:05,SAT_22997,3.687062693,28.4743598,SAT_10167,5.504028689,44.48900725,SAT_12849,0.069200003,77.27547958
frame-z-004829-6-0168,1,No match,FALSE,N/A,inf,19.259826,34.06156765,19.19768636,34.18473274,FOVNotMatch,2004/9/15 9:49:49,SAT_15266,0.008511125,59.5629358,SAT_24720,5.713397274,72.86574923,SAT_08867,2.814161879,85.71825152
frame-z-004829-6-0169,1,No match,FALSE,N/A,inf,19.37999426,34.20799381,19.29694637,34.37297839,FOVNotMatch,2004/9/15 9:50:25,SAT_15266,0.008511125,59.47589329,SAT_24720,5.713397274,72.95279174,SAT_08867,2.814161879,85.80529403
frame-z-004829-6-0262,1,No match,FALSE,N/A,inf,21.66509934,48.17922181,21.60974066,48.13045462,FOVNotMatch,2004/9/15 10:45:56,SAT_26690,2.857841842,7.204613188,SAT_00340,0.760050068,15.17604848,SAT_20879,1.899119112,17.17448734
frame-z-004836-4-0446,1,Success,TRUE,SAT_14900,2.562425948,13.29285244,24.94642707,13.18979624,24.95776923,,2004/9/17 6:41:12,SAT_14900,4.91416361,2.562425948,SAT_19549,0.106113416,3.539936165,SAT_26500,1.427935686,42.96575341
frame-z-004836-4-0139,1,No match,FALSE,N/A,inf,323.7821875,19.44237371,323.6583082,19.5274072,FOVNotMatch,2004/9/17 3:37:53,SAT_13380,4.123054628,42.72224903,SAT_27706,4.444008421,63.30122918,SAT_26607,0.662833947,68.56608391
frame-z-004836-5-0141,1,No match,FALSE,N/A,inf,324.0292497,19.85811347,323.991029,19.88461432,FOVNotMatch,2004/9/17 3:39:05,SAT_13380,4.123054628,42.38155034,SAT_27706,4.444008421,63.64192787,SAT_26607,0.662833947,68.9067826
frame-z-004836-2-0144,1,No match,FALSE,N/A,inf,324.7504851,18.91129135,324.6357543,18.90329108,FOVNotMatch,2004/9/17 3:40:52,SAT_27706,4.444008421,23.026523,SAT_26607,0.662833947,28.29137773,SAT_13012,0.03136862,64.15214095
frame-z-004836-2-0145,1,No match,FALSE,N/A,inf,324.9542083,18.98584328,324.8579894,18.9793027,FOVNotMatch,2004/9/17 3:41:28,SAT_27706,4.444008421,23.13038872,SAT_26607,0.662833947,28.39524345,SAT_13012,0.03136862,64.25600666
frame-z-004828-1-0552,1,No match,FALSE,N/A,inf,324.9392755,-6.200277628,325.0382907,-6.089670977,FOVNotMatch,2004/9/15 7:32:26,SAT_23244,1.802403908,38.75897025,SAT_24786,2.827226521,48.24886708,SAT_26639,0.867949783,48.35276814
frame-z-004844-1-0153,1,No match,FALSE,N/A,inf,44.32611396,18.79257846,44.1720107,18.87861596,FOVNotMatch,2004/9/21 10:27:51,SAT_15202,2.177688851,30.18345267,SAT_22980,5.663912298,44.80738271,SAT_00702,6.867554428,N/A
frame-z-004844-5-0158,1,No match,FALSE,N/A,inf,45.44080111,20.36742497,45.51981512,20.40220046,FOVNotMatch,2004/9/21 10:30:50,SAT_22980,5.663912298,10.88009268,SAT_15202,2.177688851,25.50402271,SAT_00702,6.867554428,N/A
frame-z-004844-5-0158,2,No match,FALSE,N/A,inf,45.50792672,20.32471502,45.45102897,20.40194597,FOVNotMatch,2004/9/21 10:30:50,SAT_15202,2.177688851,55.01498646,SAT_22980,5.663912298,69.6389165,SAT_00702,6.867554428,N/A
frame-z-004849-2-0552,1,Success,TRUE,SAT_04902,2.694320982,14.51851527,-0.550115356,14.67630072,-0.500356604,,2004/9/22 7:33:23,SAT_04902,5.273030489,2.694320982,SAT_04353,2.466787095,4.386225624,SAT_26475,5.948889255,11.09384066
frame-z-004858-6-0263,1,No match,FALSE,N/A,inf,346.3676093,1.181903814,346.3564931,1.218185632,FOVNotMatch,2004/9/24 6:52:37,SAT_10933,5.902561679,6.851752247,SAT_26464,0.62540024,33.63839444,SAT_26463,0.676254877,33.6961485
frame-z-004858-2-0612,1,No match,FALSE,N/A,inf,38.51946729,-0.625046159,38.51091691,-0.590688017,FOVNotMatch,2004/9/24 10:21:00,SAT_16404,4.034246781,6.033996074,SAT_18526,4.536593873,33.59808616,SAT_28360,3.264172336,54.63822178
frame-z-004858-1-0612,1,No match,FALSE,N/A,inf,38.60436813,-0.957527817,38.56964674,-0.821137472,FOVNotMatch,2004/9/24 10:21:00,SAT_16404,4.034246781,5.727066016,SAT_18526,4.536593873,33.90501621,SAT_28360,3.264172336,54.33129172
frame-z-004858-6-0728,1,Success,TRUE,SAT_21783,1.343777452,56.04123729,1.217445566,56.02987086,1.276705659,,2004/9/24 11:30:16,SAT_21783,3.935581247,1.343777452,SAT_17587,1.824713392,1.837642957,SAT_14807,2.323148261,17.45614028
frame-z-004868-2-0034,1,No match,FALSE,N/A,inf,334.046808,-0.47985016,333.9203851,-0.586004324,FOVNotMatch,2004/10/8 5:18:12,SAT_11792,4.484317467,21.39878627,SAT_03292,1.477412183,31.79149975,SAT_16657,3.161488897,32.49931342
frame-z-004868-3-0114,1,Success,TRUE,SAT_27515,3.262031275,346.0224937,-0.189832648,345.859749,-0.174414871,,2004/10/8 6:05:58,SAT_27515,0.947421601,3.262031275,SAT_26056,5.582711401,5.38060533,SAT_28238,5.392473,5.382938226
frame-z-004868-3-0115,1,Success,TRUE,SAT_27515,3.48233267,346.172339,-0.175802864,346.0098204,-0.159775789,,2004/10/8 6:06:34,SAT_27515,0.947421601,3.48233267,SAT_26056,5.582711401,5.600906725,SAT_28238,5.392473,5.603239621
frame-z-004868-3-0117,1,Success,TRUE,SAT_27515,3.398674631,346.4717656,-0.146600859,346.3094007,-0.13082825,,2004/10/8 6:07:46,SAT_27515,0.947421601,3.398674631,SAT_26056,5.582711401,5.517248685,SAT_28238,5.392473,5.519581581
frame-z-004868-4-0117,1,Success,TRUE,SAT_27515,0.817133993,346.3226677,0.254276421,346.471703,0.246552097,,2004/10/8 6:07:46,SAT_27515,0.947421601,0.817133993,SAT_26056,5.582711401,2.935708048,SAT_28238,5.392473,2.938040944
frame-z-004868-3-0119,1,Success,TRUE,SAT_27515,3.448488888,346.7711945,-0.117663009,346.6091741,-0.101781638,,2004/10/8 6:08:57,SAT_27515,0.947421601,3.448488888,SAT_26056,5.582711401,5.567062942,SAT_28238,5.392473,5.569395839
frame-z-004868-3-0120,1,Success,TRUE,SAT_27515,3.498600312,346.9215206,-0.103495874,346.7595977,-0.087481076,,2004/10/8 6:09:33,SAT_27515,0.947421601,3.498600312,SAT_26056,5.582711401,5.617174367,SAT_28238,5.392473,5.619507263
frame-z-004868-3-0121,1,No match,FALSE,N/A,inf,347.0705815,-0.088867633,346.9077088,-0.072701919,FOVNotMatch,2004/10/8 6:10:09,SAT_26056,5.583451697,5.637392058,SAT_28238,5.392808453,5.640494712,SAT_27378,5.471702865,5.644573931
frame-z-004868-3-0122,1,No match,FALSE,N/A,inf,347.2205093,-0.074105419,347.1093504,-0.063830907,FOVNotMatch,2004/10/8 6:10:45,SAT_26056,5.583451697,5.250028817,SAT_28238,5.392808453,5.25313147,SAT_27378,5.471702865,5.25721069
frame-z-004868-3-0322,1,No match,FALSE,N/A,inf,17.15939719,-0.132541491,17.03893369,0.015028855,FOVNotMatch,2004/10/8 8:10:10,SAT_02092,2.323935991,23.19372495,SAT_27027,4.555408672,31.63007272,SAT_17270,1.557850004,38.20361828
frame-z-004868-5-0347,1,Success,TRUE,SAT_06976,0.971893785,20.74262004,0.821135673,20.85977597,0.855939545,,2004/10/8 8:25:05,SAT_06976,3.354268342,0.971893785,SAT_07466,3.471246259,1.239664666,SAT_10000,2.586281377,1.307515908
frame-z-004868-5-0348,1,Success,TRUE,SAT_06976,0.72577771,20.98395466,0.803785423,21.0539813,0.824916318,,2004/10/8 8:25:41,SAT_06976,3.354268342,0.72577771,SAT_10000,2.586281377,1.061399833,SAT_07466,3.471246259,1.485780741
frame-z-004868-1-0350,1,Success,TRUE,SAT_07466,1.023780306,21.33031604,-0.822370547,21.25653352,-0.843987202,,2004/10/8 8:26:53,SAT_07466,3.471246259,1.023780306,SAT_06976,3.354268342,1.187778144,SAT_10000,2.586281377,1.523400268
frame-z-004868-5-0493,1,No match,FALSE,N/A,inf,42.76296053,0.757245469,42.64687194,0.799175146,FOVNotMatch,2004/10/8 9:52:16,SAT_26490,4.690061997,11.08241617,SAT_25968,5.410850063,11.88494865,SAT_03292,4.174151792,18.76339954
frame-z-004868-3-0540,1,Success,TRUE,SAT_06073,3.677127946,49.76516308,-0.207418735,49.71849268,-0.147437275,,2004/10/8 10:20:19,SAT_06073,0.406491082,3.677127946,SAT_07185,1.420051274,15.4504423,SAT_19549,5.82375159,16.99207988
frame-z-004868-6-0537,1,No match,FALSE,N/A,inf,49.35024937,1.214658834,49.32226646,1.175923379,FOVNotMatch,2004/10/8 10:18:32,SAT_21336,1.136535667,25.9057065,SAT_25660,4.465571116,35.87815083,SAT_14307,5.565978077,40.45064883
frame-z-004874-4-0072,1,No match,FALSE,N/A,inf,307.7083312,0.213386065,307.7001079,0.328937,FOVNotMatch,2004/10/10 2:34:00,SAT_20238,0.127841253,9.049516819,SAT_16761,2.419635001,14.71268652,SAT_03045,5.885335351,38.08100656
frame-z-004874-4-0123,1,No match,FALSE,N/A,inf,315.4796602,0.213071666,315.448568,0.36369299,FOVNotMatch,2004/10/10 3:04:27,SAT_06319,4.444883517,5.365252161,SAT_05871,5.517726632,19.94258498,SAT_25543,5.354268259,65.72487186
frame-z-004868-3-0580,1,Success,TRUE,SAT_20452,4.788712995,55.74668534,-0.207148796,55.78859009,-0.145716165,,2004/10/8 10:44:13,SAT_20452,5.189786178,4.788712995,SAT_15350,2.7505019,23.73602963,SAT_13010,1.801396404,43.99436804
frame-z-004874-3-0329,1,No match,FALSE,N/A,inf,346.3350946,-0.151938464,346.2786699,-0.205187173,FOVNotMatch,2004/10/10 5:07:27,SAT_04902,5.683083453,27.39181398,SAT_19751,1.233441591,27.50532291,SAT_04250,3.762259645,28.56782623
frame-z-004874-6-0355,1,No match,FALSE,N/A,inf,350.2062476,1.135186012,350.2265146,1.171109347,FOVNotMatch,2004/10/10 5:22:59,SAT_03094,5.107770984,8.773197069,SAT_15259,3.004673331,10.35330058,SAT_04902,5.264728087,44.72704146
frame-z-004874-6-0382,1,Success,TRUE,SAT_08747,2.248488826,354.2686014,1.129746731,354.1071979,1.155176244,,2004/10/10 5:39:06,SAT_08747,2.495920301,2.248488826,SAT_08746,3.789385167,2.386466828,SAT_27661,1.902237204,5.045596402
frame-z-004874-6-0383,1,Success,TRUE,SAT_08747,2.339390234,354.4181501,1.15323452,354.2554031,1.17861102,,2004/10/10 5:39:42,SAT_08747,2.495920301,2.339390234,SAT_08746,3.789385167,2.477368236,SAT_27661,1.902237204,4.954694994
frame-z-004874-6-0384,1,Success,TRUE,SAT_08747,2.258326077,354.5683724,1.17646299,354.406183,1.201987384,,2004/10/10 5:40:18,SAT_08747,2.495920301,2.258326077,SAT_08746,3.789385167,2.396304079,SAT_27661,1.902237204,5.035759151
frame-z-004874-6-0385,1,Success,TRUE,SAT_08747,2.244962842,354.7180688,1.199522682,354.5559306,1.225077542,,2004/10/10 5:40:54,SAT_08747,2.495920301,2.244962842,SAT_08746,3.789385167,2.382940844,SAT_27661,1.902237204,5.049122385
frame-z-004874-4-0386,1,No match,FALSE,N/A,inf,354.7680267,0.214092772,354.720186,0.437978384,FOVNotMatch,2004/10/10 5:41:29,SAT_02375,0.440075321,10.52823692,SAT_26671,1.032353673,14.70807786,SAT_12086,3.856537277,22.23279512
frame-z-004874-6-0388,1,Success,TRUE,SAT_08747,2.790800058,355.1667857,1.26965293,355.1188781,1.276736606,,2004/10/10 5:42:41,SAT_08747,2.495920301,2.790800058,SAT_08746,3.789385167,2.92877806,SAT_27661,1.902237204,4.50328517
frame-z-004874-5-0454,1,No match,FALSE,N/A,inf,5.028060807,0.632846532,5.023361599,0.855133465,FOVNotMatch,2004/10/10 6:22:05,SAT_03840,1.96818184,9.169447382,SAT_10445,4.879980482,32.30095046,SAT_05587,2.690221311,75.60285793
frame-z-004874-2-0431,1,No match,FALSE,N/A,inf,1.517297923,-0.626076715,1.564491683,-0.402203557,FOVNotMatch,2004/10/10 6:08:22,SAT_19810,4.418088693,8.315926109,SAT_06192,4.934565984,29.23963051,SAT_05587,3.200330393,62.24976696
frame-z-004874-5-0608,1,No match,FALSE,N/A,inf,28.01830039,0.63235073,27.94020912,0.779425897,FOVNotMatch,2004/10/10 7:54:02,SAT_28243,3.375641272,36.89027325,SAT_28145,3.044726927,50.75125025,SAT_24713,5.739166591,62.02480651
frame-z-004874-5-0609,1,No match,FALSE,N/A,inf,28.25205354,0.754756414,28.21012351,0.8341578,FOVNotMatch,2004/10/10 7:54:38,SAT_28243,3.375641272,37.01983893,SAT_28145,3.044726927,50.88081593,SAT_24713,5.739166591,62.15437219
frame-z-004874-2-0624,1,No match,FALSE,N/A,inf,30.49859849,-0.59319071,30.33632525,-0.572162844,FOVNotMatch,2004/10/10 8:03:36,SAT_28378,5.058761747,7.378352475,SAT_26624,5.136713103,7.392167973,SAT_23846,5.505337495,7.393924361
frame-z-004874-1-0627,1,Success,TRUE,SAT_27368,0.940176561,30.90355858,-1.045671123,30.78597717,-0.995705403,,2004/10/10 8:05:23,SAT_27368,5.21715695,0.940176561,SAT_28243,1.954184135,3.247099149,SAT_28378,5.058761747,23.02068582
frame-z-004874-2-0628,1,No match,FALSE,N/A,inf,31.09767196,-0.514672125,30.93552289,-0.49353703,FOVNotMatch,2004/10/10 8:05:59,SAT_28378,5.058761747,7.421110469,SAT_26624,5.136713103,7.434925968,SAT_23846,5.505337495,7.436682356
frame-z-004874-2-0629,1,No match,FALSE,N/A,inf,31.24737333,-0.495015286,31.19960016,-0.488413996,FOVNotMatch,2004/10/10 8:06:35,SAT_28378,5.058761747,7.862145113,SAT_26624,5.136713103,7.875960612,SAT_23846,5.505337495,7.877716999
frame-z-004874-1-0629,1,Success,TRUE,SAT_27368,0.854844607,31.24763135,-0.937325159,31.08580342,-0.868270003,,2004/10/10 8:06:35,SAT_27368,5.21715695,0.854844607,SAT_28243,1.954184135,3.161767195,SAT_28378,5.058761747,23.10601777
frame-z-004874-2-0635,1,Success,TRUE,SAT_27368,1.676213142,32.14563829,-0.556920642,31.98446655,-0.488507988,,2004/10/10 8:10:10,SAT_27368,4.641379844,1.676213142,SAT_28243,1.221726239,3.828071274,SAT_28378,5.058912294,22.9961119
frame-z-004874-2-0637,1,Success,TRUE,SAT_27368,1.61764141,32.44492288,-0.430380409,32.37644779,-0.401231657,,2004/10/10 8:11:21,SAT_27368,4.641379844,1.61764141,SAT_28243,1.221726239,3.769499542,SAT_28378,5.058912294,23.05468363
frame-z-004874-3-0640,1,Success,TRUE,SAT_27368,1.668329752,32.81260156,-0.206549904,32.73232227,-0.172459442,,2004/10/10 8:13:09,SAT_27368,4.641379844,1.668329752,SAT_28243,1.221726239,3.820187884,SAT_28378,5.058912294,23.00399529
frame-z-004874-3-0643,1,Success,TRUE,SAT_27368,2.28650426,33.34147446,-0.051175266,33.17997726,0.016943903,,2004/10/10 8:14:56,SAT_27368,4.145510668,2.28650426,SAT_28243,0.323595562,4.338296985,SAT_28378,5.462161515,22.86603586
frame-z-004874-4-0649,1,Success,TRUE,SAT_27368,2.257627647,34.24076894,0.326025817,34.07823248,0.394678498,,2004/10/10 8:18:31,SAT_27368,4.145510668,2.257627647,SAT_28243,0.323595562,4.309420372,SAT_28378,5.462161515,22.89491248
frame-z-004874-4-0650,1,Success,TRUE,SAT_01361,0.330673938,34.39046057,0.388966462,34.27387493,0.437321965,,2004/10/10 8:19:07,SAT_01361,3.693335596,0.330673938,SAT_27368,3.903250332,3.025427518,SAT_28243,0.619857555,4.997155639
frame-z-004874-5-0655,1,Success,TRUE,SAT_01361,0.085225432,35.13888363,0.701975746,34.97743188,0.769748316,,2004/10/10 8:22:06,SAT_01361,3.693335596,0.085225432,SAT_27368,3.903250332,2.779979011,SAT_28243,0.619857555,4.751707132
frame-z-004874-6-0661,1,Success,TRUE,SAT_25136,2.529756994,36.03614829,1.076417768,35.87413738,1.144473968,,2004/10/10 8:25:41,SAT_25136,5.831896881,2.529756994,SAT_27368,4.020969711,3.347858429,SAT_28243,2.143803021,5.205664817
frame-z-004874-6-0662,1,Success,TRUE,SAT_25136,2.436121165,36.18632755,1.138730475,36.02474753,1.20629381,,2004/10/10 8:26:17,SAT_25136,5.831896881,2.436121165,SAT_27368,4.020969711,3.441494258,SAT_28243,2.143803021,5.299300646
frame-z-004874-6-0663,1,Success,TRUE,SAT_25136,2.293188457,36.33672691,1.201038018,36.17456238,1.268369512,,2004/10/10 8:26:53,SAT_25136,5.831896881,2.293188457,SAT_27368,4.020969711,3.584426966,SAT_28243,2.143803021,5.442233354
frame-z-004887-6-0031,1,No match,FALSE,N/A,inf,56.97849317,50.97041229,56.8068276,50.84884549,FOVNotMatch,2004/10/15 9:11:26,SAT_25485,1.365205686,7.060323826,SAT_26626,3.804314847,7.222499934,SAT_22594,0.516526572,14.05359318
frame-z-004874-4-0744,1,Success,TRUE,SAT_11474,0.814988956,48.35532726,0.2133602,48.34382867,0.245858769,,2004/10/10 9:15:15,SAT_11474,5.425118052,0.814988956,SAT_21366,5.467250237,5.232368213,SAT_25074,5.298234513,58.99293463
frame-z-004887-1-0199,1,Success,TRUE,SAT_25485,0.885015337,98.66801798,63.90720039,98.57971015,63.88526176,,2004/10/15 10:51:45,SAT_25485,5.474880202,0.885015337,SAT_08418,3.337918858,5.156713822,SAT_26626,5.842268824,7.018738779
frame-z-004895-4-0031,1,No match,FALSE,N/A,inf,359.1768037,0.338409657,359.2148028,0.418906125,FOVNotMatch,2004/10/16 7:07:57,SAT_02511,2.88657149,29.67424988,SAT_25405,3.852454178,40.21168851,SAT_21766,3.593463901,56.82575005
frame-z-004894-1-0125,1,Success,TRUE,SAT_10485,4.05577961,344.7457409,-0.965727555,344.6958311,-0.821067822,,2004/10/16 5:40:24,SAT_10485,4.906578081,4.05577961,SAT_27467,4.137376851,18.49272422,SAT_19163,2.039211537,37.8760747
frame-z-004895-6-0068,1,Success,TRUE,SAT_08832,4.685672259,4.785198938,1.147977107,4.714691939,1.167896555,,2004/10/16 7:30:02,SAT_08832,2.348140718,4.685672259,SAT_26997,4.430628804,7.422441363,SAT_27667,4.370695699,15.75126462
frame-z-004895-6-0069,1,Success,TRUE,SAT_08832,4.339440206,5.026733312,1.164120545,4.864796306,1.208815397,,2004/10/16 7:30:38,SAT_08832,2.348140718,4.339440206,SAT_26997,4.430628804,7.076209311,SAT_27667,4.370695699,15.40503256
frame-z-004895-3-0274,1,No match,FALSE,N/A,inf,35.67765163,-0.206718651,35.63169427,0.016761127,FOVNotMatch,2004/10/16 9:33:02,SAT_13169,1.799244188,22.19378234,SAT_04630,1.758501499,69.28837156,SAT_27667,2.649983947,70.65361837
frame-z-004895-1-0239,1,No match,FALSE,N/A,inf,30.31625293,-1.039154446,30.40292151,-0.821867092,FOVNotMatch,2004/10/16 9:12:08,SAT_13169,4.452272918,11.31911764,SAT_18746,1.820133288,15.27918004,SAT_04790,4.20835974,15.72104868
frame-z-004895-2-0239,1,Success,TRUE,SAT_17325,2.550123213,30.4792316,-0.407470321,30.31723919,-0.420250706,,2004/10/16 9:12:08,SAT_17325,5.550003972,2.550123213,SAT_22096,4.843279098,4.278943167,SAT_25922,4.374262876,4.465029811
frame-z-004895-2-0241,1,Success,TRUE,SAT_17325,2.214844669,30.77843524,-0.431538776,30.61631527,-0.445284191,,2004/10/16 9:13:20,SAT_17325,5.550003972,2.214844669,SAT_22096,4.843279098,4.614221711,SAT_25922,4.374262876,4.800308355
frame-z-004895-3-0434,1,No match,FALSE,N/A,inf,59.66075297,-0.06029894,59.52491339,0.017896537,FOVNotMatch,2004/10/16 11:08:34,SAT_11028,3.798214871,13.96392185,SAT_27922,5.162075937,20.86005785,SAT_02221,1.073181399,25.75653354
frame-z-004899-6-0167,1,No match,FALSE,N/A,inf,32.55082299,1.198911194,32.53769817,1.278973499,FOVNotMatch,2004/10/18 8:04:39,SAT_18356,4.887434336,11.54008705,SAT_13169,4.339630166,19.15494597,SAT_16106,5.42854192,19.77222837
frame-z-004900-4-0103,1,No match,FALSE,N/A,inf,99.51577191,65.40714869,99.19504314,65.54783701,FOVNotMatch,2004/10/18 11:10:10,SAT_21706,5.336761652,10.07931666,SAT_05876,1.291008286,12.13288834,SAT_26973,4.594848068,26.97791646
frame-z-004900-1-0104,1,Success,TRUE,SAT_13070,3.825584742,100.6597119,64.4150938,100.3344207,64.42925949,,2004/10/18 11:10:46,SAT_13070,4.211990935,3.825584742,SAT_08425,4.920564969,10.37791055,SAT_07780,4.997549192,12.96604687
frame-z-004900-4-0104,1,No match,FALSE,N/A,inf,99.94106986,65.60379275,99.79423789,65.66988844,FOVNotMatch,2004/10/18 11:10:46,SAT_21706,5.336761652,10.99318381,SAT_05876,1.291008286,13.04675549,SAT_26973,4.594848068,27.8917836
frame-z-004905-6-0086,1,Success,TRUE,SAT_15388,0.951294939,12.66784377,1.137034948,12.58590661,1.123117772,,2004/10/20 7:56:47,SAT_15388,4.195212362,0.951294939,SAT_21766,4.451566109,5.919169989,SAT_27667,1.130703842,7.34054998
frame-z-004905-6-0087,1,Success,TRUE,SAT_15388,1.063927553,12.89843708,1.124913612,12.74354494,1.09891785,,2004/10/20 7:57:23,SAT_15388,4.195212362,1.063927553,SAT_21766,4.451566109,5.806537374,SAT_27667,1.130703842,7.227917365
frame-z-004905-2-0120,1,No match,FALSE,N/A,inf,17.75407393,-0.400622353,17.67892674,-0.541710772,FOVNotMatch,2004/10/20 8:17:05,SAT_22377,0.807011414,17.84668308,SAT_27405,5.824696516,37.26689686,SAT_25868,4.32091068,46.6712164
frame-z-004905-1-0240,1,Success,TRUE,SAT_27667,4.760698274,35.80452302,-0.990204646,35.68684456,-0.961587501,,2004/10/20 9:28:44,SAT_27667,5.670844885,4.760698274,SAT_21766,2.264139004,6.470094973,SAT_21942,5.513764721,15.17503523
frame-z-004927-2-0235,1,No match,FALSE,N/A,inf,342.5866856,-0.477350473,342.474155,-0.512174021,FOVNotMatch,2004/11/3 3:42:12,SAT_23538,0.784906404,6.403632977,SAT_01317,5.990486924,8.417253002,SAT_26496,5.554337002,8.878601392
frame-z-004927-3-0296,1,No match,FALSE,N/A,inf,351.5684077,-0.205046722,351.5552169,-0.169624295,FOVNotMatch,2004/11/3 4:18:37,SAT_19450,5.142473062,8.562933087,SAT_27390,2.975253861,31.06518686,SAT_14136,4.861643872,34.04899772
frame-z-004927-2-0296,1,No match,FALSE,N/A,inf,351.7113699,-0.578274297,351.6436817,-0.400439741,FOVNotMatch,2004/11/3 4:18:37,SAT_19450,5.142473062,8.975875555,SAT_27390,2.975253861,30.6522444,SAT_14136,4.861643872,33.63605526
frame-z-004927-3-0297,1,No match,FALSE,N/A,inf,351.8677457,-0.204191375,351.7823596,0.019088294,FOVNotMatch,2004/11/3 4:19:13,SAT_19450,5.142473062,9.066227937,SAT_27390,2.975253861,30.56189201,SAT_14136,4.861643872,33.54570288
frame-z-004927-3-0384,1,No match,FALSE,N/A,inf,4.891179284,-0.104269364,4.748756782,-0.055527179,FOVNotMatch,2004/11/3 5:11:09,SAT_11878,3.930318251,7.958140473,SAT_03785,1.349766772,11.72539836,SAT_23313,5.373706478,18.86331101
frame-z-004927-3-0387,1,No match,FALSE,N/A,inf,5.298580366,-0.204308006,5.275572126,0.016270993,FOVNotMatch,2004/11/3 5:12:57,SAT_06852,4.268726759,13.11628382,SAT_11878,3.930318251,73.1104146,SAT_03785,1.349766772,76.87767248
frame-z-004930-1-0059,1,Success,TRUE,SAT_25881,1.403831023,310.2768953,-1.191205018,310.3134223,-1.187292139,,2004/11/4 1:47:15,SAT_25881,3.540665382,1.403831023,SAT_26724,5.507528899,6.051018876,SAT_25558,4.47077241,6.127604714
frame-z-004930-3-0062,1,No match,FALSE,N/A,inf,310.6949344,-0.416172661,310.6062293,-0.386993462,FOVNotMatch,2004/11/4 1:49:02,SAT_25542,5.090204369,11.77681917,SAT_21228,0.028106375,12.49552615,SAT_25844,1.780539584,12.99259966
frame-z-004930-1-0182,1,No match,FALSE,N/A,inf,328.6564415,-1.063264077,328.5634042,-1.047157944,FOVNotMatch,2004/11/4 3:00:41,SAT_21222,5.448451769,9.026253563,SAT_23670,5.294423162,9.21521302,SAT_22096,4.723745682,9.502895892
frame-z-004930-4-0276,1,Success,TRUE,SAT_25913,0.689214281,342.7968178,0.063029299,342.6350783,0.061059132,,2004/11/4 3:56:49,SAT_25913,5.509043823,0.689214281,SAT_27854,5.930272652,0.697964561,SAT_28238,5.479060995,0.704155104
frame-z-004930-1-0208,1,Success,TRUE,SAT_26557,4.692629769,332.6188042,-1.051615148,332.5142192,-1.031575432,,2004/11/4 3:16:13,SAT_26557,5.108509843,4.692629769,SAT_21222,5.498835282,10.14097518,SAT_23670,5.332071198,10.31081523
frame-z-004930-4-0212,1,Success,TRUE,SAT_01359,1.208898897,333.2170196,0.200980827,333.159117,0.226502321,,2004/11/4 3:18:36,SAT_01359,3.877674852,1.208898897,SAT_26557,5.108509843,8.244929152,SAT_21222,5.498835282,23.0785341
frame-z-004930-5-0291,1,No match,FALSE,N/A,inf,345.0421016,0.534621715,344.9861185,0.42237525,FOVNotMatch,2004/11/4 4:05:46,SAT_13607,3.46756147,7.347265814,SAT_23396,5.628935314,7.3553309,SAT_19168,1.810212318,7.56964397
frame-z-004930-4-0292,1,No match,FALSE,N/A,inf,345.1878643,0.226508055,345.1520689,0.155289019,FOVNotMatch,2004/11/4 4:06:22,SAT_13607,3.46756147,7.524663818,SAT_23396,5.628935314,7.532728904,SAT_19168,1.810212318,7.747041974
frame-z-004933-3-0171,1,Success,TRUE,SAT_04478,3.511357098,331.3839577,-0.108512228,331.2217253,-0.15213499,,2004/11/5 2:59:16,SAT_04478,2.843959529,3.511357098,SAT_25414,5.537428853,5.626822316,SAT_03284,3.847299078,7.081726077
frame-z-004933-6-0315,1,No match,FALSE,N/A,inf,352.8265032,1.275984453,352.7890029,1.249113576,FOVNotMatch,2004/11/5 4:25:15,SAT_26781,5.747291838,9.056448011,SAT_26284,3.786059846,17.64078336,SAT_05587,5.958522642,19.79836118
frame-z-004933-6-0317,1,No match,FALSE,N/A,inf,353.2070233,1.051387627,353.0768495,1.088318145,FOVNotMatch,2004/11/5 4:26:26,SAT_14136,0.1001159,19.44231811,SAT_03284,4.876552179,21.72234711,SAT_04478,0.187738042,25.58212995
frame-z-004933-6-0318,1,No match,FALSE,N/A,inf,353.3892088,1.08430646,353.3656271,1.091265225,FOVNotMatch,2004/11/5 4:27:02,SAT_14136,0.1001159,18.839938,SAT_03284,4.876552179,22.32472721,SAT_04478,0.187738042,26.18451006
frame-z-004933-2-0372,1,No match,FALSE,N/A,inf,1.469743944,-0.467884286,1.442753855,-0.454316161,FOVNotMatch,2004/11/5 4:59:17,SAT_25881,3.711654743,12.70365975,SAT_22096,5.885436063,26.64894501,SAT_25558,4.810122456,26.67846973
frame-z-004933-6-0446,1,Success,TRUE,SAT_26476,2.54969529,12.54964492,1.189520028,12.43184648,1.274694936,,2004/11/5 5:43:28,SAT_26476,4.62818173,2.54969529,SAT_18518,0.751867314,23.07632181,SAT_04478,3.319462101,42.57115522
frame-z-004933-1-0762,1,No match,FALSE,N/A,inf,59.82496118,-1.046317404,59.69701303,-1.02578394,FOVNotMatch,2004/11/5 8:52:08,SAT_02215,5.376268807,5.942533085,SAT_26724,4.540638497,9.040510695,SAT_23313,5.696038837,9.10787423
frame-z-004933-1-0763,1,No match,FALSE,N/A,inf,60.00958474,-1.027651283,59.84720442,-1.001484854,FOVNotMatch,2004/11/5 8:52:44,SAT_02215,5.376268807,5.979349325,SAT_26724,4.540638497,9.077326935,SAT_23313,5.696038837,9.14469047
frame-z-004933-1-0764,1,No match,FALSE,N/A,inf,60.15925548,-1.003455855,60.03414439,-0.98403945,FOVNotMatch,2004/11/5 8:53:20,SAT_02215,5.376268807,5.646681292,SAT_26724,4.540638497,8.744658902,SAT_23313,5.696038837,8.812022438
frame-z-004933-4-0768,1,No match,FALSE,N/A,inf,60.7379093,0.436730095,60.59468089,0.224774845,FOVNotMatch,2004/11/5 8:55:43,SAT_23177,5.514655513,43.19033788,SAT_14128,0.278049245,44.86651791,SAT_14421,0.62517832,45.25079575
frame-z-004948-5-0071,1,No match,FALSE,N/A,inf,19.24585087,0.633621513,19.15334945,0.721569767,FOVNotMatch,2004/11/10 5:52:41,SAT_23538,4.853992933,42.74970156,SAT_19891,4.058297951,42.75067592,SAT_14493,4.128518981,45.48222241
frame-z-004948-4-0078,1,No match,FALSE,N/A,inf,20.26434429,0.297333582,20.15633537,0.334944196,FOVNotMatch,2004/11/10 5:56:52,SAT_23538,5.365528534,18.124033,SAT_26724,5.829383968,19.14064033,SAT_25558,5.676104572,19.20967696
frame-z-004948-5-0152,1,No match,FALSE,N/A,inf,31.27120295,0.785636009,31.23419295,0.830354206,FOVNotMatch,2004/11/10 6:41:03,SAT_22061,1.793223959,17.96989888,SAT_02529,4.729264171,18.35792076,SAT_25136,4.285770896,26.87176052
frame-z-004948-5-0158,1,Success,TRUE,SAT_02529,4.067191671,32.19532114,0.755493119,32.13311246,0.790170924,,2004/11/10 6:44:38,SAT_02529,2.942339598,4.067191671,SAT_27855,5.598476502,28.95550253,SAT_02222,2.906809024,29.33499564
frame-z-004948-5-0159,1,Success,TRUE,SAT_02529,4.606725209,32.44456047,0.783934528,32.30877683,0.857958157,,2004/11/10 6:45:14,SAT_02529,2.942339598,4.606725209,SAT_27855,5.598476502,28.41596899,SAT_02222,2.906809024,28.7954621
frame-z-004948-6-0170,1,No match,FALSE,N/A,inf,34.09197381,1.152047022,33.92880304,1.205370346,FOVNotMatch,2004/11/10 6:51:48,SAT_02529,2.211985644,16.45308118,SAT_02222,2.227060283,17.99780008,SAT_02868,4.574978411,25.69927049
frame-z-004948-6-0171,1,No match,FALSE,N/A,inf,34.24154324,1.200282365,34.07864259,1.25303,FOVNotMatch,2004/11/10 6:52:24,SAT_02529,2.211985644,16.60784147,SAT_02222,2.227060283,17.84303979,SAT_02868,4.574978411,25.5445102
frame-z-004948-6-0172,1,No match,FALSE,N/A,inf,34.39164631,1.248691383,34.30133254,1.277568128,FOVNotMatch,2004/11/10 6:53:00,SAT_02529,2.211985644,16.81868034,SAT_02222,2.227060283,17.63220092,SAT_02868,4.574978411,25.33367133
frame-z-005037-4-0132,1,No match,FALSE,N/A,inf,132.2651434,21.08658157,132.2321197,21.31867176,FOVNotMatch,2004/12/11 10:23:45,SAT_01521,0.166730149,12.86279871,SAT_08701,1.704600269,14.1390935,SAT_12854,0.064942937,35.31907293
frame-z-004948-6-0217,1,Success,TRUE,SAT_04855,3.853245031,40.96531395,1.118195353,40.97557089,1.150828405,,2004/11/10 7:19:52,SAT_04855,4.067942419,3.853245031,SAT_11879,1.460938133,5.591535155,SAT_03081,3.36900255,19.02050727
frame-z-004948-6-0218,1,Success,TRUE,SAT_04855,3.892640165,41.24432719,1.05347097,41.27496932,1.15072795,,2004/11/10 7:20:27,SAT_04855,4.067942419,3.892640165,SAT_11879,1.460938133,5.630930289,SAT_03081,3.36900255,18.98111214
frame-z-005038-6-0022,1,No match,FALSE,N/A,inf,128.7468638,20.67262423,128.7004938,20.62499178,FOVNotMatch,2004/12/11 10:55:50,SAT_25847,3.334667662,18.62132662,SAT_14129,0.10914878,42.94719514,SAT_02789,14.66445217,N/A
frame-z-004948-4-0339,1,No match,FALSE,N/A,inf,59.22998692,0.262683585,59.25013593,0.438261871,FOVNotMatch,2004/11/10 8:32:42,SAT_21269,2.831035866,6.348942292,SAT_10655,1.261324512,9.406426156,SAT_20327,1.134810858,36.96098696
frame-z-004948-5-0339,1,No match,FALSE,N/A,inf,59.27168691,0.633506567,59.29724461,0.857422536,FOVNotMatch,2004/11/10 8:32:42,SAT_21269,2.831035866,6.384333248,SAT_10655,1.261324512,9.441817112,SAT_20327,1.134810858,36.925596
frame-z-004948-4-0340,1,No match,FALSE,N/A,inf,59.52349343,0.214211344,59.54254019,0.37964992,FOVNotMatch,2004/11/10 8:33:18,SAT_21269,2.831035866,6.327932216,SAT_10655,1.261324512,9.38541608,SAT_20327,1.134810858,36.98199703
frame-z-005038-1-0145,1,No match,FALSE,N/A,inf,148.1859725,25.83151889,148.1146933,25.90300792,FOVNotMatch,2004/12/11 12:09:17,SAT_05971,3.643236498,9.476942224,SAT_23398,4.896220498,17.49885117,SAT_13603,4.056027183,19.13150459
frame-z-005038-4-0052,1,No match,FALSE,N/A,inf,133.6496759,21.76939348,133.4681041,21.86070807,FOVNotMatch,2004/12/11 11:13:45,SAT_21959,2.017372014,35.92102818,SAT_19140,5.948469376,44.33936728,SAT_23590,4.715142747,48.2577564
frame-z-005036-6-0030,1,Success,TRUE,SAT_03843,0.409684341,348.154601,1.000310531,348.0809192,1.010328759,,2004/12/11 1:39:28,SAT_03843,0.222470032,0.409684341,SAT_20674,5.351381771,2.496219343,SAT_14839,3.686955437,5.979271836
frame-z-005036-6-0031,1,Success,TRUE,SAT_03843,0.804593851,348.3927757,1.00840594,348.2308805,1.029282852,,2004/12/11 1:40:04,SAT_03843,0.222470032,0.804593851,SAT_20674,5.351381771,2.891128854,SAT_14839,3.686955437,5.584362325
frame-z-005036-6-0032,1,Success,TRUE,SAT_03843,0.914634665,348.5433029,1.027820838,348.4711,1.036990673,,2004/12/11 1:40:39,SAT_03843,0.222470032,0.914634665,SAT_20674,5.351381771,3.001169668,SAT_14839,3.686955437,5.474321511
frame-z-005042-6-0040,1,No match,FALSE,N/A,inf,23.84891665,0.840500494,23.80490554,1.021082953,FOVNotMatch,2004/12/12 3:07:52,SAT_24728,1.076595854,7.536929846,SAT_06910,2.041139472,11.47079415,SAT_19858,3.516587007,33.0260586
frame-z-005042-3-0068,1,No match,FALSE,N/A,inf,27.97300911,-0.41809578,28.05251565,-0.193527167,FOVNotMatch,2004/12/12 3:24:35,SAT_24730,4.723870174,23.24748802,SAT_13016,0.042185458,38.88598914,SAT_22056,4.983131378,40.70488531
frame-z-005042-2-0069,1,No match,FALSE,N/A,inf,28.12501811,-0.837080087,28.20429082,-0.613062148,FOVNotMatch,2004/12/12 3:25:11,SAT_24730,4.723870174,23.2374701,SAT_13016,0.042185458,38.87597122,SAT_22056,4.983131378,40.69486739
frame-z-005042-1-0070,1,No match,FALSE,N/A,inf,28.27724561,-1.257037501,28.35620082,-1.032613324,FOVNotMatch,2004/12/12 3:25:47,SAT_24730,4.723870174,23.13060981,SAT_13016,0.042185458,38.76911094,SAT_22056,4.983131378,40.5880071
frame-z-005042-4-0085,1,No match,FALSE,N/A,inf,30.46491088,0.013991425,30.62835598,0.126674689,FOVNotMatch,2004/12/12 3:34:44,SAT_27429,3.711994192,10.07802339,SAT_12263,0.949448225,16.20698502,SAT_10953,4.211967322,19.42767726
frame-z-005042-4-0086,1,No match,FALSE,N/A,inf,30.74644258,0.001562965,30.77772338,0.022935714,FOVNotMatch,2004/12/12 3:35:20,SAT_27429,3.711994192,9.837648469,SAT_12263,0.949448225,15.9666101,SAT_10953,4.211967322,19.18730233
frame-z-005043-5-0044,1,No match,FALSE,N/A,inf,31.80660503,-0.26670399,31.92959175,-0.427443425,FOVNotMatch,2004/12/12 6:04:49,SAT_06265,1.204833392,10.44382005,SAT_16294,5.064316793,15.60408521,SAT_18356,4.504317581,16.2970903
frame-z-005043-5-0033,1,No match,FALSE,N/A,inf,31.88687772,-1.922108488,31.82661974,-2.0741461,FOVNotMatch,2004/12/12 5:58:15,SAT_10637,4.360506161,23.01012693,SAT_00628,5.074599026,27.64991011,SAT_18356,1.032761861,43.19709201
frame-z-005043-1-0020,1,Success,TRUE,SAT_10760,0.571944064,33.53860555,-3.856759539,33.52622856,-4.018423515,,2004/12/12 5:50:30,SAT_10760,3.938325351,0.571944064,SAT_21401,5.524676211,5.023182079,SAT_20330,2.940612446,18.13214228
frame-z-005043-1-0021,1,Success,TRUE,SAT_10760,0.42594106,33.52691483,-3.706583074,33.52295085,-3.756690013,,2004/12/12 5:51:06,SAT_10760,3.938325351,0.42594106,SAT_21401,5.524676211,4.877179076,SAT_20330,2.940612446,18.27814529
frame-z-005042-5-0123,1,No match,FALSE,N/A,inf,36.3154987,0.60721684,36.26101461,0.644467848,FOVNotMatch,2004/12/12 3:57:25,SAT_22098,5.178712169,6.765566966,SAT_23027,5.881278848,22.93136819,SAT_27667,5.970880391,33.07370324
frame-z-005042-2-0251,1,No match,FALSE,N/A,inf,55.4083934,-0.810354508,55.31529696,-0.736323752,FOVNotMatch,2004/12/12 5:13:51,SAT_13912,4.336056498,5.746838938,SAT_24720,2.674188937,7.596983904,SAT_19990,2.093680954,20.36957882
frame-z-005042-2-0252,1,No match,FALSE,N/A,inf,55.62716299,-0.746620903,55.48368281,-0.632655436,FOVNotMatch,2004/12/12 5:14:27,SAT_13912,4.336056498,5.714331877,SAT_24720,2.674188937,7.564476844,SAT_19990,2.093680954,20.40208588
frame-z-005043-6-0054,1,Success,TRUE,SAT_13403,2.096567552,31.38749172,1.199239304,31.34683882,1.183735559,,2004/12/12 6:10:48,SAT_13403,4.399202832,2.096567552,SAT_16102,1.463029472,2.807682174,SAT_15643,4.372454138,4.382678478
frame-z-005061-1-0188,1,Success,TRUE,SAT_15402,4.234286772,142.3166462,21.74192363,142.1417577,21.73586676,,2004/12/13 9:52:45,SAT_15402,2.499222304,4.234286772,SAT_25259,1.349779803,13.27042756,SAT_08546,1.639356959,50.42052582
frame-z-005061-1-0191,1,No match,FALSE,N/A,inf,142.778252,21.88032546,142.7433135,21.80205654,FOVNotMatch,2004/12/13 9:54:33,SAT_25365,0.329650257,19.70491485,SAT_08546,1.639356959,64.22125799,SAT_15402,2.499222304,69.59250296
frame-z-005061-2-0297,1,No match,FALSE,N/A,inf,159.2292994,26.60799357,159.2826234,26.84798919,FOVNotMatch,2004/12/13 10:57:50,SAT_01512,5.07560815,10.11520891,SAT_06302,4.251385744,17.33811263,SAT_25677,0.0453316,52.44493717
frame-z-005052-4-0171,1,No match,FALSE,N/A,inf,9.428921408,0.037283491,9.304302905,0.139028577,FOVNotMatch,2004/12/13 3:20:23,SAT_15166,4.783466219,31.39830456,SAT_26488,1.854194218,33.78757677,SAT_23671,5.535726337,39.11378598
frame-z-005061-1-0339,1,No match,FALSE,N/A,inf,166.2862918,27.61753664,166.2159047,27.52765078,FOVNotMatch,2004/12/13 11:22:55,SAT_26483,5.438702883,9.606399825,SAT_24959,5.707201653,24.93494393,SAT_18962,3.238062427,31.13807526
frame-z-005061-1-0341,1,Success,TRUE,SAT_18962,2.225416972,166.6969385,27.67726083,166.6906415,27.44923603,,2004/12/13 11:24:07,SAT_18962,3.238062427,2.225416972,SAT_24959,5.707201653,8.428548304,SAT_26483,5.438702883,23.75709241
frame-z-005052-1-0140,1,No match,FALSE,N/A,inf,4.789122432,-1.25073519,4.718470522,-1.203200899,FOVNotMatch,2004/12/13 3:01:52,SAT_15166,2.897761227,27.02997633,SAT_25773,4.262381752,27.12451838,SAT_26488,4.161340262,29.60334531
frame-z-005061-1-0348,1,Success,TRUE,SAT_08179,2.327255528,167.8012589,27.60126999,167.7393287,27.81992655,,2004/12/13 11:28:18,SAT_08179,0.444120138,2.327255528,SAT_26483,4.412560094,39.72311315,SAT_07655,4.132795693,78.09455545
frame-z-005061-2-0349,1,Success,TRUE,SAT_08179,2.554838431,168.0200674,28.05422694,167.9588033,28.27331137,,2004/12/13 11:28:53,SAT_08179,0.444120138,2.554838431,SAT_26483,4.412560094,39.49553025,SAT_07655,4.132795693,77.86697255
frame-z-005052-5-0202,1,No match,FALSE,N/A,inf,14.06985489,0.600973849,13.99790101,0.647882022,FOVNotMatch,2004/12/13 3:38:53,SAT_26488,2.166813448,26.63749608,SAT_23671,3.642459956,31.71768871,SAT_28238,5.993301511,33.14245199
frame-z-005064-1-0192,1,No match,FALSE,N/A,inf,6.587427758,-21.23586966,6.669433417,-21.2087316,FOVNotMatch,2004/12/14 3:02:29,SAT_27433,1.153152883,5.996016487,SAT_26118,2.4316065,9.725369684,SAT_02661,3.150944706,11.91556559
frame-z-005064-3-0201,1,Success,TRUE,SAT_10637,4.329299021,8.170015972,-20.15119963,8.000248199,-20.3152277,,2004/12/14 3:07:51,SAT_10637,5.929869273,4.329299021,SAT_27903,5.56649115,31.68474725,SAT_25946,0.1128938,39.74510793
frame-z-005064-3-0202,1,Success,TRUE,SAT_10637,4.265729724,8.289926819,-20.33796685,8.333230014,-20.29624305,,2004/12/14 3:08:27,SAT_10637,5.929869273,4.265729724,SAT_27903,5.56649115,31.74831654,SAT_25946,0.1128938,39.68153863
frame-z-005064-3-0186,1,Success,TRUE,SAT_21969,1.853889573,5.650185775,-20.31448071,5.605538972,-20.32454249,,2004/12/14 2:58:54,SAT_21969,5.358494291,1.853889573,SAT_28365,2.68999567,13.19789051,SAT_20411,3.728297181,17.47741827
frame-z-005064-3-0187,1,Success,TRUE,SAT_21969,1.374977008,5.938699276,-20.31979875,5.765334398,-20.35742975,,2004/12/14 2:59:30,SAT_21969,5.358494291,1.374977008,SAT_28365,2.68999567,12.71897795,SAT_20411,3.728297181,16.99850571
frame-z-005064-3-0188,1,Success,TRUE,SAT_21969,1.371159494,6.09852538,-20.35270504,5.925339991,-20.39027769,,2004/12/14 3:00:05,SAT_21969,5.358494291,1.371159494,SAT_28365,2.68999567,12.71516043,SAT_20411,3.728297181,16.99468819
frame-z-005064-4-0143,1,No match,FALSE,N/A,inf,358.9029014,-19.87980004,358.8266482,-19.65297922,FOVNotMatch,2004/12/14 2:33:13,SAT_04843,0.452062049,16.81440613,SAT_10722,0.918456576,60.53279137,SAT_26082,4.404547468,67.55355699
frame-z-005064-5-0144,1,No match,FALSE,N/A,inf,359.0767014,-19.46534549,359.0003622,-19.23970469,FOVNotMatch,2004/12/14 2:33:49,SAT_04843,0.452062049,16.96175062,SAT_10722,0.918456576,60.38544687,SAT_26082,4.404547468,67.40621249
frame-z-005065-5-0094,1,No match,FALSE,N/A,inf,33.15874337,7.042043339,33.101313,7.26954512,FOVNotMatch,2004/12/14 4:20:35,SAT_14591,5.667172086,6.624607295,SAT_26566,5.440103064,6.74374808,SAT_21136,1.679526173,6.748118332
frame-z-005064-5-0095,1,No match,FALSE,N/A,inf,351.2727479,-18.96418222,351.1860722,-18.89454554,FOVNotMatch,2004/12/14 2:04:34,SAT_25541,4.496146977,25.32915025,SAT_10722,2.200636548,29.17507169,SAT_11765,5.117236588,30.2204494
frame-z-005064-5-0096,1,No match,FALSE,N/A,inf,351.5146081,-18.9292233,351.3764308,-18.81819783,FOVNotMatch,2004/12/14 2:05:10,SAT_25541,4.496146977,25.32268245,SAT_10722,2.200636548,29.16860389,SAT_11765,5.117236588,30.2139816
frame-z-005064-1-0100,1,No match,FALSE,N/A,inf,351.9973501,-20.77189136,351.833973,-20.66285859,FOVNotMatch,2004/12/14 2:07:33,SAT_25541,4.496146977,20.49435396,SAT_10722,2.200636548,24.3402754,SAT_11765,5.117236588,25.38565311
frame-z-005064-6-0063,1,No match,FALSE,N/A,inf,346.243022,-18.11411527,346.2341594,-17.92921534,FOVNotMatch,2004/12/14 1:45:27,SAT_15952,0.058877212,17.96222393,SAT_24712,0.990938799,71.1414616,SAT_25541,4.864663451,73.33812305
frame-z-005064-2-0036,1,Success,TRUE,SAT_25026,0.900835192,341.8136916,-19.23680813,341.7421747,-19.25275271,,2004/12/14 1:29:20,SAT_25026,0.246859904,0.900835192,SAT_08134,3.046364043,7.228981956,SAT_14786,4.109775282,7.709462345
frame-z-005064-2-0037,1,Success,TRUE,SAT_25026,1.492629722,342.069855,-19.28983418,341.8918529,-19.33133995,,2004/12/14 1:29:56,SAT_25026,0.246859904,1.492629722,SAT_08134,3.046364043,7.820776486,SAT_14786,4.109775282,8.301256875
frame-z-005065-4-0160,1,Success,TRUE,SAT_11256,0.090768331,43.07922883,6.044045466,42.95369491,6.003353994,,2004/12/14 4:59:59,SAT_11256,5.642580692,0.090768331,SAT_14394,4.241012517,5.131672404,SAT_10953,5.528617082,5.58628553
frame-z-005066-6-0056,1,No match,FALSE,N/A,inf,50.5657425,5.520619968,50.52076055,5.461345343,FOVNotMatch,2004/12/14 6:36:27,SAT_26898,0.699072594,22.93374308,SAT_14948,3.23979489,39.3416407,SAT_12850,4.096995474,39.58948437
frame-z-005069-1-0028,1,Success,TRUE,SAT_26613,0.958234963,24.43241414,-20.15218,24.31057786,-20.1410203,,2004/12/15 3:56:18,SAT_26613,4.624012145,0.958234963,SAT_23867,5.084157969,8.129791372,SAT_00862,2.412799507,24.34873529
frame-z-005069-1-0029,1,Success,TRUE,SAT_26613,1.060039267,24.64067942,-20.10838622,24.50548737,-20.09622737,,2004/12/15 3:56:54,SAT_26613,4.624012145,1.060039267,SAT_23867,5.084157969,8.231595676,SAT_00862,2.412799507,24.24693098
frame-z-005069-3-0106,1,Success,TRUE,SAT_26613,0.011450255,36.55558813,-17.55760166,36.48412424,-17.54753506,,2004/12/15 4:42:52,SAT_26613,4.994331711,0.011450255,SAT_27952,4.413661046,2.805447843,SAT_27387,4.309837625,23.40926211
frame-z-005069-3-0104,1,Success,TRUE,SAT_26613,0.212903318,36.21718123,-17.70352392,36.08682867,-17.68511873,,2004/12/15 4:41:40,SAT_26613,5.57671972,0.212903318,SAT_27952,5.837708382,2.078306836,SAT_22489,5.428360251,8.281135325
frame-z-005069-4-0104,1,Success,TRUE,SAT_13491,0.444364218,36.0608934,-17.30380265,36.062876,-17.18955189,,2004/12/15 4:41:40,SAT_13491,0.517499234,0.444364218,SAT_04687,3.591691661,12.75783997,SAT_19909,0.705174919,13.10034399
frame-z-005069-1-0114,1,No match,FALSE,N/A,inf,37.76743297,-18.10324841,37.79907831,-18.07159419,FOVNotMatch,2004/12/15 4:47:39,SAT_23840,4.85120887,16.2270904,SAT_23487,0.508044746,17.27791836,SAT_27526,1.587652624,17.59474913
frame-z-005069-3-0145,1,Success,TRUE,SAT_23232,4.329937672,42.46015471,-16.32499481,42.41461767,-16.31155068,,2004/12/15 5:06:09,SAT_23232,5.890320282,4.329937672,SAT_26613,3.874139775,7.438368489,SAT_21048,3.811722806,12.45778978
frame-z-005071-2-0402,1,No match,FALSE,N/A,inf,177.3657303,29.1971814,177.2656989,29.33936118,FOVNotMatch,2004/12/15 11:00:44,SAT_23708,5.379867412,20.05089692,SAT_10091,16.08679446,N/A,SAT_00879,13.10706941,N/A
frame-z-005071-6-0242,1,No match,FALSE,N/A,inf,150.1190535,26.54180696,150.2533773,26.7032047,FOVNotMatch,2004/12/15 9:25:12,SAT_06826,4.620639699,5.144933188,SAT_07040,4.737565858,8.94726915,SAT_18822,2.53499092,14.40547172
frame-z-005071-6-0243,1,No match,FALSE,N/A,inf,150.4042224,26.58400256,150.4495028,26.64008229,FOVNotMatch,2004/12/15 9:25:48,SAT_06826,4.620639699,5.969641969,SAT_07040,4.737565858,8.122560369,SAT_18822,2.53499092,13.58076294
frame-z-005071-5-0484,1,No match,FALSE,N/A,inf,191.5253444,30.51346348,191.399721,30.69170642,FOVNotMatch,2004/12/15 11:49:41,SAT_27663,14.08436205,N/A,SAT_10091,8.266717128,N/A,SAT_23590,11.6266427,N/A
frame-z-005087-6-0135,1,No match,FALSE,N/A,inf,171.3579991,27.67305133,171.3759772,27.84959144,FOVNotMatch,2004/12/21 10:34:02,SAT_26483,1.886949964,19.14549925,SAT_15267,0.041649092,23.27742854,SAT_09980,5.436973698,28.47734103
frame-z-005087-4-0136,1,No match,FALSE,N/A,inf,171.6047876,26.85263239,171.6288282,27.08068416,FOVNotMatch,2004/12/21 10:34:38,SAT_26483,1.886949964,18.92725597,SAT_15267,0.041649092,23.49567183,SAT_09980,5.436973698,28.69558432
frame-z-005070-1-0033,1,Success,TRUE,SAT_28093,4.757211619,50.30386909,-15.43057378,50.18252612,-15.50360756,,2004/12/15 6:48:58,SAT_28093,5.349396568,4.757211619,SAT_24723,4.119539201,31.96025278,SAT_28155,1.837016974,33.72107306
frame-z-005087-4-0117,1,No match,FALSE,N/A,inf,168.5212913,26.55207993,168.4630774,26.61753832,FOVNotMatch,2004/12/21 10:23:17,SAT_19991,3.321381278,13.70712676,SAT_09980,3.64869675,14.45070974,SAT_20826,1.358865453,50.71887912
frame-z-005080-1-0148,1,No match,FALSE,N/A,inf,135.7602262,17.47545574,135.7664329,17.66641727,FOVNotMatch,2004/12/20 11:15:06,SAT_13897,3.480470796,24.69713339,SAT_16763,3.330012966,24.83929671,SAT_08546,0.008776488,44.5475891
frame-z-005069-2-0185,1,No match,FALSE,N/A,inf,48.60232384,-15.47002569,48.68960832,-15.40436896,FOVNotMatch,2004/12/15 5:30:02,SAT_25359,5.487380869,35.02515891,SAT_04773,1.469996725,37.08372547,SAT_26613,2.262741653,49.10778083
frame-z-005112-2-0307,1,No match,FALSE,N/A,inf,156.2804168,24.09619518,156.1152437,24.05085561,FOVNotMatch,2005/1/17 11:02:26,SAT_16533,5.022632485,58.44313703,SAT_20349,2.871495559,77.52950638,SAT_12755,5.373634559,80.52912438
frame-z-005115-6-0071,1,Success,TRUE,SAT_20583,4.834509268,181.5610516,28.50326794,181.5883995,28.55320011,,2005/1/18 8:55:39,SAT_20583,2.554856461,4.834509268,SAT_19716,10.20195917,N/A,SAT_11054,15.99694658,N/A
frame-z-005116-1-0155,1,No match,FALSE,N/A,inf,193.6951029,23.69153633,193.6409265,23.9177808,FOVNotMatch,2005/1/18 11:57:42,SAT_18103,1.334671176,27.5397859,SAT_28805,5.636420904,71.07713999,SAT_27724,11.07457226,N/A
frame-z-005116-2-0164,1,No match,FALSE,N/A,inf,195.1041818,24.02307584,195.0954992,24.08785492,FOVNotMatch,2005/1/18 12:03:05,SAT_18103,0.086688602,22.37501562,SAT_10439,2.331736701,33.46144473,SAT_27727,11.12247025,N/A
frame-z-005116-4-0232,1,No match,FALSE,N/A,inf,206.2720998,23.78492433,206.3484443,23.90947922,FOVNotMatch,2005/1/18 12:43:41,SAT_02009,4.62154483,16.57728397,SAT_09941,1.836255531,51.45091492,SAT_24876,2.02343473,62.90033224
frame-z-005116-4-0233,1,No match,FALSE,N/A,inf,206.5436912,23.65507037,206.6157788,23.77243874,FOVNotMatch,2005/1/18 12:44:17,SAT_02009,4.62154483,16.65264368,SAT_09941,1.836255531,51.52627463,SAT_24876,2.02343473,62.97569195
frame-z-005125-6-0187,1,No match,FALSE,N/A,inf,156.2623496,23.30571813,156.205753,23.32762524,FOVNotMatch,2005/1/19 11:25:41,SAT_26525,0.658891239,14.84740783,SAT_01857,2.145818174,22.09950951,SAT_07048,1.068900426,33.26286647
frame-z-005125-4-0211,1,Success,TRUE,SAT_14670,1.230439955,160.2099505,23.23042469,160.3746597,23.30824458,,2005/1/19 11:40:00,SAT_14670,1.520784653,1.230439955,SAT_26525,0.113677195,37.06623968,SAT_01778,0.047631115,37.44637479
frame-z-005125-4-0212,1,Success,TRUE,SAT_14670,1.721270221,160.4678342,23.25251355,160.5429591,23.28875827,,2005/1/19 11:40:36,SAT_14670,1.520784653,1.721270221,SAT_26525,0.113677195,37.55706995,SAT_01778,0.047631115,37.93720506
frame-z-005125-5-0239,1,No match,FALSE,N/A,inf,164.7117659,24.25579105,164.7128015,24.48280559,FOVNotMatch,2005/1/19 11:56:43,SAT_07177,3.959090789,9.298969015,SAT_13917,0.187417417,20.99297132,SAT_28164,2.198828878,27.91669865
frame-z-005125-6-0261,1,No match,FALSE,N/A,inf,168.2513149,25.11537941,168.1878425,25.18110021,FOVNotMatch,2005/1/19 12:09:52,SAT_14048,1.300810314,13.45607782,SAT_24727,5.71364675,29.39077641,SAT_24978,2.966286661,31.26385518
frame-z-005125-6-0262,1,No match,FALSE,N/A,inf,168.5330937,25.19946735,168.4449555,25.29089185,FOVNotMatch,2005/1/19 12:10:27,SAT_14048,1.300810314,13.38248237,SAT_24727,5.71364675,29.31718097,SAT_24978,2.966286661,31.19025973
frame-z-005181-2-0088,1,Success,TRUE,SAT_22655,4.049630879,83.18843987,-1.856432714,83.41303308,-1.876842819,,2005/3/10 2:40:24,SAT_22655,4.365391288,4.049630879,SAT_27715,4.178020482,5.209380605,SAT_27954,5.571771958,5.217068481
frame-z-005183-3-0484,1,No match,FALSE,N/A,inf,206.7861648,20.84034851,206.635384,20.98313181,FOVNotMatch,2005/3/10 10:08:38,SAT_16446,4.068303582,18.07677881,SAT_04377,1.075661235,58.23032145,SAT_22952,4.509278183,65.64099703
frame-z-005183-3-0484,2,No match,FALSE,N/A,inf,206.7107345,20.91818388,206.6484373,20.97683058,FOVNotMatch,2005/3/10 10:08:38,SAT_16446,4.068303582,18.23854524,SAT_04377,1.075661235,58.06855502,SAT_22952,4.509278183,65.80276346
frame-z-005181-5-0107,1,No match,FALSE,N/A,inf,84.45054011,-4.84819755,84.48384318,-4.799922234,FOVNotMatch,2005/3/10 2:51:44,SAT_15235,5.128213895,47.19202076,SAT_15994,3.704485959,47.29696877,SAT_22213,5.37999721,47.50164111
frame-z-005183-3-0431,1,Success,TRUE,SAT_07139,1.412192286,198.2951155,21.73886904,198.1745522,21.97420489,,2005/3/10 9:36:59,SAT_07139,1.622387868,1.412192286,SAT_09941,4.960360133,4.419714589,SAT_26626,3.594087683,4.870190386
frame-z-005183-6-0504,1,No match,FALSE,N/A,inf,210.1074126,21.61763854,210.0929173,21.84649646,FOVNotMatch,2005/3/10 10:20:34,SAT_16446,3.385124543,20.75086053,SAT_22952,0.073412429,25.20537185,SAT_17328,1.151208616,27.4550015
frame-z-005183-2-0532,1,No match,FALSE,N/A,inf,214.2431743,19.22581208,214.1056905,19.34495032,FOVNotMatch,2005/3/10 10:37:18,SAT_00732,0.963239873,33.00556552,SAT_04377,3.945890886,50.24004703,SAT_23092,1.428956474,53.71890226
frame-z-005183-2-0532,2,No match,FALSE,N/A,inf,214.2384464,19.22653694,214.1054675,19.3398923,FOVNotMatch,2005/3/10 10:37:18,SAT_00732,0.963239873,33.47487497,SAT_04377,3.945890886,49.77073758,SAT_23092,1.428956474,54.18821171
frame-z-005183-2-0532,3,No match,FALSE,N/A,inf,214.2465279,19.22545836,214.1083038,19.34746737,FOVNotMatch,2005/3/10 10:37:18,SAT_00732,0.963239873,32.47864531,SAT_04377,3.945890886,50.76696724,SAT_23092,1.428956474,53.19198205
frame-z-005183-6-0535,1,No match,FALSE,N/A,inf,214.9031778,20.87083379,215.0389055,21.01920166,FOVNotMatch,2005/3/10 10:39:05,SAT_04377,4.582115703,43.07356041,SAT_01915,1.020024919,45.27719414,SAT_08896,0.130388845,61.93069606
frame-z-005183-6-0536,1,No match,FALSE,N/A,inf,215.1742748,20.76571768,215.2363319,20.83377465,FOVNotMatch,2005/3/10 10:39:41,SAT_04377,4.582115703,43.13806676,SAT_01915,1.020024919,45.34170049,SAT_08896,0.130388845,61.86618971
frame-z-005183-5-0622,1,No match,FALSE,N/A,inf,228.2431963,17.51893927,228.4286229,17.56007042,FOVNotMatch,2005/3/10 11:31:02,SAT_10623,4.407684864,38.80377812,SAT_14979,4.622435639,55.4020836,SAT_28615,0.372540784,60.02093159
frame-z-005194-5-0349,1,No match,FALSE,N/A,inf,166.4712783,21.85890268,166.3671762,21.98216364,FOVNotMatch,2005/3/12 6:25:56,SAT_18540,1.62990127,11.85121952,SAT_19141,5.313709796,15.79386993,SAT_26851,5.862535384,24.51414072
frame-z-005194-5-0350,1,No match,FALSE,N/A,inf,166.7048064,21.99814995,166.6179093,22.10159614,FOVNotMatch,2005/3/12 6:26:32,SAT_18540,1.62990127,11.67592288,SAT_19141,5.313709796,15.61857329,SAT_26851,5.862535384,24.68943736
frame-z-005194-1-0393,1,No match,FALSE,N/A,inf,173.6009581,20.8540303,173.731869,20.99695481,FOVNotMatch,2005/3/12 6:52:12,SAT_05211,3.049694422,9.621074082,SAT_26383,3.402853711,37.43331227,SAT_25485,1.534758462,63.19418852
frame-z-005194-1-0394,1,No match,FALSE,N/A,inf,173.8979947,20.85230735,173.9333499,20.89052167,FOVNotMatch,2005/3/12 6:52:48,SAT_05211,3.049694422,9.915476254,SAT_26383,3.402853711,37.1389101,SAT_25485,1.534758462,63.48859069
frame-z-005194-1-0475,1,No match,FALSE,N/A,inf,186.8585092,21.225345,186.8403531,21.44858143,FOVNotMatch,2005/3/12 7:41:10,SAT_10155,3.68404206,18.87775853,SAT_24731,1.312570165,19.46138627,SAT_26383,5.913380048,88.23346688
frame-z-005194-1-0573,1,No match,FALSE,N/A,inf,202.520441,20.2814465,202.5934789,20.37103593,FOVNotMatch,2005/3/12 8:39:41,SAT_08614,3.729553512,8.120345261,SAT_15206,5.217712638,61.60319803,SAT_22671,0.10344402,61.7041057
frame-z-005194-1-0284,1,No match,FALSE,N/A,inf,156.4122918,18.70179979,156.4883664,18.94355874,FOVNotMatch,2005/3/12 5:47:08,SAT_02255,4.324417703,13.84040542,SAT_03174,2.209586759,30.65667116,SAT_26383,2.526524381,52.76939174
frame-z-005194-6-0789,1,No match,FALSE,N/A,inf,236.1950061,15.42615953,236.3350699,15.55346783,FOVNotMatch,2005/3/12 10:48:39,SAT_10590,0.053859113,60.36809856,SAT_27834,4.923098704,67.19594016,SAT_24292,5.389695044,68.32474782
frame-z-005224-6-0166,1,No match,FALSE,N/A,inf,178.1065379,25.68008034,178.07643,25.74635507,FOVNotMatch,2005/4/2 3:56:18,SAT_19608,3.74878719,37.6900451,SAT_26370,16.01787511,N/A,SAT_21429,13.73940673,N/A
frame-z-005194-6-0843,1,No match,FALSE,N/A,inf,244.2135831,12.87883815,244.2267316,13.08828141,FOVNotMatch,2005/3/12 11:20:54,SAT_20596,2.06533268,12.68671172,SAT_24293,4.011891244,24.52432985,SAT_22849,4.759679534,57.52444181
frame-z-005224-1-0081,1,No match,FALSE,N/A,inf,164.473071,22.33800678,164.3533191,22.48905282,FOVNotMatch,2005/4/2 3:05:33,SAT_20721,4.889235295,31.57113376,SAT_26483,4.343316995,58.17157873,SAT_18693,2.510678534,67.70413813
frame-z-005224-1-0081,2,No match,FALSE,N/A,inf,164.5485974,22.38353427,164.4775186,22.37717012,FOVNotMatch,2005/4/2 3:05:33,SAT_00053,2.459716118,24.22639712,SAT_18693,2.510678534,53.00375103,SAT_26483,4.343316995,62.53631043
frame-z-005224-1-0082,1,No match,FALSE,N/A,inf,164.6915494,22.5095879,164.6459316,22.56767602,FOVNotMatch,2005/4/2 3:06:09,SAT_20721,4.889235295,31.28733891,SAT_26483,4.343316995,57.88778388,SAT_18693,2.510678534,67.42034328
frame-z-005224-6-0100,1,No match,FALSE,N/A,inf,167.2264189,24.78868672,167.3011043,24.88500352,FOVNotMatch,2005/4/2 3:16:54,SAT_21181,4.650602591,7.930096177,SAT_26483,4.363643367,12.74781024,SAT_22195,3.044924962,19.23441117
frame-z-005224-1-0203,1,No match,FALSE,N/A,inf,184.3515157,23.83195304,184.1942064,23.90568044,FOVNotMatch,2005/4/2 4:18:24,SAT_19608,2.35997302,79.38639524,SAT_10150,1.195141936,86.51701798,SAT_27663,13.80839281,N/A
frame-z-005224-3-0263,1,No match,FALSE,N/A,inf,194.0918906,24.30160682,194.11506,24.37364507,FOVNotMatch,2005/4/2 4:54:13,SAT_27663,4.741804596,23.46215521,SAT_23560,2.908808605,30.25698099,SAT_26048,3.370870192,76.24823852
frame-z-005224-1-0264,1,No match,FALSE,N/A,inf,194.1566129,23.45657,194.2267086,23.67707687,FOVNotMatch,2005/4/2 4:54:49,SAT_27663,4.741804596,23.55050369,SAT_23560,2.908808605,30.34532947,SAT_26048,3.370870192,76.336587
frame-z-005224-3-0412,1,No match,FALSE,N/A,inf,218.0849536,20.90709642,218.0603626,21.14130521,FOVNotMatch,2005/4/2 6:23:11,SAT_09829,4.579535191,19.4448328,SAT_11631,4.45459053,27.90916634,SAT_15429,5.848407286,27.96316942
frame-z-005224-3-0412,2,No match,FALSE,N/A,inf,218.088345,20.907222,218.0635884,21.14234799,FOVNotMatch,2005/4/2 6:23:11,SAT_09829,4.579535191,19.42924555,SAT_11631,4.45459053,27.92475359,SAT_15429,5.848407286,27.97875667
frame-z-005237-3-0075,1,No match,FALSE,N/A,inf,219.2134395,20.73781691,219.2700199,20.75503969,FOVNotMatch,2005/4/9 8:06:35,SAT_15387,5.833085327,21.98530175,SAT_05485,2.982089255,30.13448059,SAT_23045,5.932267809,47.75534429
frame-z-005237-4-0100,1,No match,FALSE,N/A,inf,223.2670174,20.1043733,223.3552964,20.31380966,FOVNotMatch,2005/4/9 8:21:31,SAT_27707,4.23383558,42.99724897,SAT_27710,4.783773769,43.44636413,SAT_27834,4.719077042,43.47684467
frame-z-005237-5-0100,1,No match,FALSE,N/A,inf,223.4320177,20.49619118,223.5117514,20.68400485,FOVNotMatch,2005/4/9 8:21:31,SAT_27707,4.23383558,43.08922536,SAT_27710,4.783773769,43.53834052,SAT_27834,4.719077042,43.56882105
frame-z-005308-3-0195,1,Success,TRUE,SAT_25935,0.251187047,221.5645099,16.08188983,221.4998837,16.12149575,,2005/5/9 8:47:24,SAT_25935,0.930091947,0.251187047,SAT_16295,5.057681824,15.4724303,SAT_28284,4.952905309,24.30791623
frame-z-005308-1-0274,1,No match,FALSE,N/A,inf,233.3789196,12.6649939,233.3496102,12.74673626,FOVNotMatch,2005/5/9 9:34:34,SAT_16295,1.697729114,49.22277896,SAT_26353,1.824250208,73.00124017,SAT_01328,0.722422957,73.23079325
frame-z-005308-6-0329,1,No match,FALSE,N/A,inf,241.9628335,12.40697202,242.0975622,12.51573974,FOVNotMatch,2005/5/9 10:07:24,SAT_16293,4.53179212,17.08656521,SAT_21589,2.241518977,24.59290584,SAT_12814,4.198483504,37.98798046
frame-z-005313-2-0029,1,Success,TRUE,SAT_21302,4.077552883,163.2771567,17.8342548,163.2295589,18.05120981,,2005/5/10 5:43:14,SAT_21302,2.362167058,4.077552883,SAT_11301,0.027094818,7.064763669,SAT_19557,5.787313616,29.47663661
frame-z-005312-2-0079,1,No match,FALSE,N/A,inf,143.9956082,14.90339078,144.0507489,14.95350698,FOVNotMatch,2005/5/10 3:47:42,SAT_16533,5.394114631,31.65154014,SAT_15260,4.029886711,69.23157869,SAT_19750,4.199411267,70.1596748
frame-z-005312-2-0079,2,No match,FALSE,N/A,inf,144.0007097,14.89286889,144.0726752,14.95787735,FOVNotMatch,2005/5/10 3:47:42,SAT_16533,5.394114631,31.82705244,SAT_15260,4.029886711,69.407091,SAT_19750,4.199411267,70.3351871
frame-z-005312-2-0079,3,No match,FALSE,N/A,inf,144.0077691,14.87739283,144.1021487,14.96379565,FOVNotMatch,2005/5/10 3:47:42,SAT_16533,5.394114631,31.44551398,SAT_15260,4.029886711,69.02555254,SAT_19750,4.199411267,69.95364864
frame-z-005312-3-0065,1,No match,FALSE,N/A,inf,141.8322091,14.64888339,141.8178369,14.87643457,FOVNotMatch,2005/5/10 3:39:20,SAT_16533,4.878019804,18.41007723,SAT_15261,3.941843277,18.9877778,SAT_15260,0.003197761,20.0158108
frame-z-005312-1-0087,1,Success,TRUE,SAT_21166,0.721793509,145.3454083,14.57726907,145.3504277,14.70755751,,2005/5/10 3:52:28,SAT_21166,3.515635231,0.721793509,SAT_15775,2.240728901,12.79192753,SAT_19750,5.51749806,24.9424335
frame-z-005312-4-0092,1,Success,TRUE,SAT_19750,3.654295602,145.9020282,16.09129125,145.844613,16.2020894,,2005/5/10 3:55:27,SAT_19750,5.51749806,3.654295602,SAT_07828,0.08562166,4.010676518,SAT_08152,4.493072217,7.902258995
frame-z-005312-6-0093,1,Success,TRUE,SAT_19750,3.558318694,145.8548521,16.83476148,145.7477528,17.04145942,,2005/5/10 3:56:03,SAT_19750,5.51749806,3.558318694,SAT_07828,0.08562166,4.106653426,SAT_08152,4.493072217,7.998235903
frame-z-005314-2-0048,1,No match,FALSE,N/A,inf,183.8691788,19.23692434,183.7142172,19.31234847,FOVNotMatch,2005/5/10 7:22:14,SAT_26383,3.468702238,13.45982753,SAT_15832,1.941303395,19.40412876,SAT_12857,2.486304564,27.5513036
frame-z-005314-1-0165,1,No match,FALSE,N/A,inf,202.1636595,17.91232546,202.3272958,18.01370313,FOVNotMatch,2005/5/10 8:32:06,SAT_04298,1.702805286,12.19244014,SAT_01668,0.215565826,25.92497142,SAT_26383,2.756870021,54.75177331
frame-z-005314-6-0151,1,No match,FALSE,N/A,inf,200.2616261,20.41654341,200.1993181,20.38379159,FOVNotMatch,2005/5/10 8:23:44,SAT_04298,1.356788984,7.687119283,SAT_26383,1.103752573,50.28260306,SAT_27624,5.560605704,57.23634619
frame-z-005314-1-0248,1,Success,TRUE,SAT_25119,2.213198182,215.1456837,16.30719854,215.2269241,16.35409804,,2005/5/10 9:21:39,SAT_25119,0.135405278,2.213198182,SAT_04298,4.748421777,15.95969351,SAT_23511,4.01518188,36.86994492
frame-z-005314-4-0265,1,No match,FALSE,N/A,inf,217.9957689,16.98028422,217.9507687,17.2126286,FOVNotMatch,2005/5/10 9:31:48,SAT_22616,1.505689015,5.439173559,SAT_23486,5.980258919,23.1186519,SAT_04298,5.250537762,86.77035793
frame-z-005314-5-0266,1,No match,FALSE,N/A,inf,218.217563,17.36557211,218.1863963,17.53290325,FOVNotMatch,2005/5/10 9:32:24,SAT_22616,1.505689015,5.85153683,SAT_23486,5.980258919,22.70628863,SAT_04298,5.250537762,86.35799466
frame-z-005314-4-0308,1,No match,FALSE,N/A,inf,224.480163,15.83610288,224.52605,15.91450981,FOVNotMatch,2005/5/10 9:57:29,SAT_14977,5.68233142,9.271644851,SAT_05548,0.096224866,36.62129105,SAT_07488,8.641946554,N/A
frame-z-005327-3-0066,1,Success,TRUE,SAT_19922,2.718273014,261.7658988,35.49232561,261.8232012,35.40976421,,2005/5/13 10:20:37,SAT_19922,0.0990326,2.718273014,SAT_25838,5.592129658,47.3467285,SAT_18302,12.44449901,N/A
frame-z-005327-4-0098,1,No match,FALSE,N/A,inf,264.4711385,31.05549217,264.4299106,31.17741069,FOVNotMatch,2005/5/13 10:39:44,SAT_19906,0.156005849,9.821081241,SAT_26737,9.647808041,N/A,SAT_12159,11.22069777,N/A
frame-z-005327-2-0042,1,Success,TRUE,SAT_13132,0.690738133,259.7330364,38.59787229,259.6613603,38.68570743,,2005/5/13 10:06:17,SAT_13132,0.125397587,0.690738133,SAT_17526,0.229620214,4.562968026,SAT_17582,4.764743813,16.91611793
frame-z-005327-2-0043,1,Success,TRUE,SAT_13132,0.506529288,259.7257857,38.51642717,259.8207429,38.3989322,,2005/5/13 10:06:53,SAT_13132,0.125397587,0.506529288,SAT_17526,0.229620214,4.378759181,SAT_17582,4.764743813,16.73190908
frame-z-005327-1-0044,1,No match,FALSE,N/A,inf,259.2353234,38.16467752,259.3318872,38.24947692,FOVNotMatch,2005/5/13 10:07:29,SAT_28476,3.983177043,55.83170542,SAT_17582,4.764743813,57.41816516,SAT_10370,5.660527777,69.09980539
frame-z-005327-2-0046,1,No match,FALSE,N/A,inf,259.9022944,37.93803163,259.9749356,38.00116155,FOVNotMatch,2005/5/13 10:08:41,SAT_28476,3.983177043,55.4421828,SAT_17582,4.764743813,57.80768778,SAT_10370,5.660527777,68.71028277
frame-z-005323-5-0038,1,No match,FALSE,N/A,inf,234.2580246,17.37048538,234.1849967,17.48647383,FOVNotMatch,2005/5/12 9:31:28,SAT_04251,0.070197589,80.46244003,SAT_26353,7.591269188,N/A,SAT_10167,7.345146162,N/A
frame-z-005323-5-0039,1,No match,FALSE,N/A,inf,234.4915014,17.37581135,234.3759128,17.55855247,FOVNotMatch,2005/5/12 9:32:04,SAT_04251,0.070197589,80.35097765,SAT_26353,7.591269188,N/A,SAT_10167,7.345146162,N/A
frame-z-005326-1-0094,1,No match,FALSE,N/A,inf,213.9850807,14.14679616,213.9788538,14.30415502,FOVNotMatch,2005/5/13 7:19:30,SAT_20539,0.027104843,21.18350991,SAT_27619,5.667594969,23.11229854,SAT_12324,5.652593135,23.19195011
frame-z-005326-3-0102,1,No match,FALSE,N/A,inf,215.3394271,14.7975775,215.3201162,15.02686139,FOVNotMatch,2005/5/13 7:24:17,SAT_20539,0.995689354,23.75445113,SAT_27619,5.753963651,25.88986776,SAT_22608,2.964113329,26.14707772
frame-z-005360-5-0230,1,No match,FALSE,N/A,inf,181.0565808,17.88022408,181.0799246,18.10450862,FOVNotMatch,2005/6/1 5:25:28,SAT_23488,1.957628068,6.032722835,SAT_12311,3.478739734,6.505160929,SAT_06216,0.159749847,19.40446145
frame-z-005360-4-0230,1,No match,FALSE,N/A,inf,181.0141902,17.4598396,181.0369754,17.68533896,FOVNotMatch,2005/6/1 5:25:28,SAT_23488,1.957628068,6.183860499,SAT_12311,3.478739734,6.656298593,SAT_06216,0.159749847,19.25332379
frame-z-005360-2-0231,1,No match,FALSE,N/A,inf,181.2427215,16.62605575,181.2653577,16.85062917,FOVNotMatch,2005/6/1 5:26:03,SAT_23488,1.957628068,6.172674658,SAT_12311,3.478739734,6.645112752,SAT_06216,0.159749847,19.26450963
frame-z-005360-6-0124,1,Success,TRUE,SAT_18106,1.368848195,164.4582009,17.47896229,164.4735173,17.51958158,,2005/6/1 4:22:10,SAT_18106,5.372264629,1.368848195,SAT_03842,5.347836859,23.32637016,SAT_03174,2.993542604,37.18402209
frame-z-005360-5-0102,1,No match,FALSE,N/A,inf,161.1219449,16.5048045,161.1362746,16.57427102,FOVNotMatch,2005/6/1 4:09:02,SAT_18106,2.800433791,6.971905655,SAT_21178,4.399270293,14.58636054,SAT_09903,0.173147006,39.79066693
frame-z-005360-1-0155,1,No match,FALSE,N/A,inf,169.5020533,15.63797724,169.5271677,15.75205749,FOVNotMatch,2005/6/1 4:40:41,SAT_15223,5.310510627,16.34279365,SAT_17178,0.08903194,33.80158308,SAT_14809,0.82658313,48.52461136
frame-z-005360-5-0117,1,No match,FALSE,N/A,inf,163.3995562,16.76034558,163.443126,16.99081644,FOVNotMatch,2005/6/1 4:17:59,SAT_18106,5.708290114,8.069470587,SAT_18335,1.342484918,24.30338042,SAT_03174,2.165358375,25.21935517
frame-z-005360-2-0137,1,No match,FALSE,N/A,inf,166.5300422,15.91728874,166.5725078,16.03454562,FOVNotMatch,2005/6/1 4:29:56,SAT_15223,5.269593153,8.424012131,SAT_21180,3.95238342,45.84807314,SAT_10755,4.021388964,51.09546376
frame-z-005360-2-0138,1,No match,FALSE,N/A,inf,166.7990406,15.83153157,166.8512767,15.97651505,FOVNotMatch,2005/6/1 4:30:32,SAT_15223,5.269593153,8.509537151,SAT_21180,3.95238342,45.76254812,SAT_10755,4.021388964,51.00993874
frame-z-005360-1-0139,1,No match,FALSE,N/A,inf,167.000422,15.55899669,167.0350028,15.6565811,FOVNotMatch,2005/6/1 4:31:08,SAT_15223,5.269593153,8.775847661,SAT_21180,3.95238342,45.49623761,SAT_10755,4.021388964,50.74362823
frame-z-005360-1-0265,1,No match,FALSE,N/A,inf,186.5831134,16.23537836,186.6264445,16.30455423,FOVNotMatch,2005/6/1 5:46:21,SAT_05876,1.254705503,20.62712081,SAT_26231,4.928889902,48.10735456,SAT_02050,4.964055517,56.30081163
frame-z-005360-6-0280,1,No match,FALSE,N/A,inf,188.9928526,18.35469794,189.0357919,18.36360946,FOVNotMatch,2005/6/1 5:55:19,SAT_20764,3.77067239,26.77496219,SAT_26048,3.124473167,36.67702553,SAT_22309,17.6092736,N/A
frame-z-005360-1-0349,1,Success,TRUE,SAT_19008,2.001487072,199.7181483,15.76705377,199.5568364,15.78626356,,2005/6/1 6:36:31,SAT_19008,0.182145307,2.001487072,SAT_20764,5.14695896,10.20445471,SAT_26429,1.557891381,40.12823069
frame-z-005362-4-0015,1,Success,TRUE,SAT_24640,1.774301038,227.8972292,67.10327798,228.1435664,67.07901969,,2005/6/1 7:16:06,SAT_24640,4.150947719,1.774301038,SAT_10455,1.752316935,10.81724382,SAT_10925,5.024914212,14.01800167
frame-z-005362-5-0149,1,No match,FALSE,N/A,inf,253.1799331,51.28221159,253.0867598,51.43490474,FOVNotMatch,2005/6/1 8:36:07,SAT_25122,0.049265064,7.636836827,SAT_25850,0.017561491,13.53924292,SAT_24640,5.672794714,16.08826661
frame-z-005362-4-0106,1,No match,FALSE,N/A,inf,246.7743309,56.68590549,246.9501719,56.71286349,FOVNotMatch,2005/6/1 8:10:27,SAT_20944,4.997834397,28.0689035,SAT_23642,0.007850849,34.10667718,SAT_20330,3.448016082,38.92959573
frame-z-005375-1-0033,1,No match,FALSE,N/A,inf,250.6081156,50.48915989,250.76958,50.43941627,FOVNotMatch,2005/6/4 4:38:58,SAT_28050,0.074572728,6.784757985,SAT_27105,3.11858584,6.876396445,SAT_21196,5.086865017,25.86264767
frame-z-005376-5-0013,1,No match,FALSE,N/A,inf,183.9913117,18.1271511,183.9217405,18.1995861,FOVNotMatch,2005/6/4 5:34:44,SAT_21388,4.330511952,8.06194806,SAT_10933,2.565479645,37.33286932,SAT_05215,2.190694939,37.97008236
frame-z-005378-5-0019,1,No match,FALSE,N/A,inf,250.3817771,14.37060804,250.2238353,14.31762625,FOVNotMatch,2005/6/4 8:30:06,SAT_22732,1.307964358,88.66595929,SAT_20745,15.84987385,N/A,SAT_12384,16.65161814,N/A
frame-z-005376-1-0076,1,No match,FALSE,N/A,inf,193.7101311,16.26145017,193.8660427,16.47075403,FOVNotMatch,2005/6/4 6:12:20,SAT_25980,5.919240071,24.15685448,SAT_19884,3.572960663,31.69825333,SAT_21623,3.05258336,63.88389168
frame-z-005374-4-0062,1,No match,FALSE,N/A,inf,161.5901583,16.35651526,161.6600649,16.58240358,FOVNotMatch,2005/6/4 4:02:53,SAT_15271,3.730494809,7.169503497,SAT_16144,5.840897747,38.06947785,SAT_15427,0.068730028,52.72603854
frame-z-005374-1-0035,1,Success,TRUE,SAT_14503,2.440965024,157.5495002,14.57209456,157.5883485,14.80298078,,2005/6/4 3:46:46,SAT_14503,1.129100763,2.440965024,SAT_05729,4.864512345,36.18824502,SAT_09903,0.0895636,40.5282727
frame-z-005378-4-0106,1,No match,FALSE,N/A,inf,262.0852464,8.423427975,262.2852585,8.480350409,FOVNotMatch,2005/6/4 9:22:02,SAT_21634,3.051528845,5.630827008,SAT_28527,5.254885018,13.39481242,SAT_19518,5.507212655,14.57978989
frame-z-005381-4-0107,1,Success,TRUE,SAT_08305,3.820423926,170.1638553,17.1601628,170.1629151,17.38563479,,2005/6/5 4:24:16,SAT_08305,1.973829258,3.820423926,SAT_06217,0.102911406,12.22141278,SAT_05917,5.083366871,31.68418128
frame-z-005381-1-0107,1,Success,TRUE,SAT_08305,3.513317443,170.1731866,16.12325899,170.1753698,15.89863011,,2005/6/5 4:24:16,SAT_08305,1.973829258,3.513317443,SAT_06217,0.102911406,11.9143063,SAT_05917,5.083366871,31.3770748
frame-z-005381-3-0107,1,Success,TRUE,SAT_08305,3.729244921,170.165997,16.96478438,170.1673095,16.73939421,,2005/6/5 4:24:16,SAT_08305,1.973829258,3.729244921,SAT_06217,0.102911406,12.13023378,SAT_05917,5.083366871,31.59300227
frame-z-005381-3-0107,2,Success,TRUE,SAT_24720,0.540864608,170.2367732,16.74495653,170.2493833,16.75041633,,2005/6/5 4:24:16,SAT_24720,4.974152804,0.540864608,SAT_08305,1.973829258,69.71863597,SAT_10526,2.658666506,71.70830414
frame-z-005381-5-0107,1,Success,TRUE,SAT_08305,3.70070349,170.1611483,17.58033925,170.1597164,17.80502795,,2005/6/5 4:24:16,SAT_08305,1.973829258,3.70070349,SAT_06217,0.102911406,12.10169235,SAT_05917,5.083366871,31.56446084
frame-z-005381-1-0082,1,No match,FALSE,N/A,inf,166.3459999,15.80388242,166.2729753,15.59073157,FOVNotMatch,2005/6/5 4:09:21,SAT_23830,0.85176973,37.1842844,SAT_24720,1.993839803,44.23486144,SAT_08154,4.561306006,49.31711965
frame-z-005381-2-0088,1,No match,FALSE,N/A,inf,167.2603602,16.30763832,167.2213913,16.07962815,FOVNotMatch,2005/6/5 4:12:56,SAT_04331,0.703430209,17.97092376,SAT_05922,5.510902939,22.60482384,SAT_25530,0.212571455,36.4318807
frame-z-005377-5-0041,1,No match,FALSE,N/A,inf,244.2670314,-2.361216593,244.2224899,-2.151999183,FOVNotMatch,2005/6/4 7:25:42,SAT_15824,4.476288826,68.27948069,SAT_15994,5.765115758,68.71083328,SAT_25339,5.732374097,72.98575821
frame-z-005377-3-0069,1,No match,FALSE,N/A,inf,247.2829588,-5.377811672,247.238091,-5.259092016,FOVNotMatch,2005/6/4 7:42:25,SAT_20232,0.211322435,9.821370975,SAT_26083,3.162386402,26.50675764,SAT_27667,3.86871651,51.6405393
frame-z-005377-5-0077,1,No match,FALSE,N/A,inf,248.722615,-5.408320159,248.6518194,-5.223553356,FOVNotMatch,2005/6/4 7:47:12,SAT_25998,2.098498346,21.19744029,SAT_27667,4.127525411,50.0750064,SAT_15824,2.760148804,59.55834492
frame-z-005377-5-0077,2,No match,FALSE,N/A,inf,248.7267534,-5.40211023,248.6554963,-5.218658749,FOVNotMatch,2005/6/4 7:47:12,SAT_25998,2.098498346,21.45926262,SAT_27667,4.127525411,49.81318408,SAT_15824,2.760148804,59.2965226
frame-z-005382-4-0027,1,No match,FALSE,N/A,inf,185.271251,17.66688225,185.1007644,17.72263803,FOVNotMatch,2005/6/5 5:44:49,SAT_19008,2.143883863,19.81148354,SAT_02971,0.56438846,37.91359654,SAT_26783,2.751285342,41.51216612
frame-z-005381-3-0197,1,No match,FALSE,N/A,inf,184.2688586,17.29055435,184.3316319,17.37996011,FOVNotMatch,2005/6/5 5:18:01,SAT_17720,0.444958794,70.49800026,SAT_24303,0.096420612,72.90033404,SAT_23613,16.47660571,N/A
frame-z-005390-4-0064,1,No match,FALSE,N/A,inf,182.8985365,17.72063374,182.7297326,17.75103566,FOVNotMatch,2005/6/6 3:57:16,SAT_22177,3.867498431,16.73886309,SAT_20411,0.018638204,22.30223632,SAT_01863,4.45754235,24.61082166
frame-z-005390-4-0065,1,No match,FALSE,N/A,inf,183.0572847,17.7519508,182.9613888,17.76943368,FOVNotMatch,2005/6/6 3:57:52,SAT_22177,3.867498431,16.8685723,SAT_20411,0.018638204,22.43194554,SAT_01863,4.45754235,24.74053087
frame-z-005390-1-0105,1,No match,FALSE,N/A,inf,189.2746099,16.59412797,189.1476079,16.57104768,FOVNotMatch,2005/6/6 4:21:45,SAT_22177,2.114368085,7.591561361,SAT_19595,5.293837378,21.10402443,SAT_28263,2.867105024,26.93857958
frame-z-005390-1-0106,1,No match,FALSE,N/A,inf,189.3510364,16.54542851,189.4722524,16.56692786,FOVNotMatch,2005/6/6 4:22:21,SAT_22177,2.114368085,7.337906279,SAT_19595,5.293837378,20.85036935,SAT_28263,2.867105024,27.19223466
frame-z-005395-2-0054,1,No match,FALSE,N/A,inf,176.6122956,18.97119687,176.4761588,19.17972312,FOVNotMatch,2005/6/7 4:06:55,SAT_12756,5.194989705,6.776539581,SAT_10491,1.360662692,11.96957374,SAT_20764,2.508727332,51.08831651
frame-z-005395-3-0055,1,No match,FALSE,N/A,inf,176.668949,19.38374214,176.6301494,19.44330423,FOVNotMatch,2005/6/7 4:07:30,SAT_12756,5.194989705,6.667483475,SAT_10491,1.360662692,11.86051764,SAT_20764,2.508727332,51.19737262
frame-z-005392-1-0018,1,No match,FALSE,N/A,inf,255.4235556,-5.323067695,255.4176629,-5.411797504,FOVNotMatch,2005/6/6 8:34:05,SAT_15270,0.087181784,8.707319638,SAT_22782,1.097798349,14.08531858,SAT_20237,0.893878585,21.06308495
frame-z-005392-5-0040,1,No match,FALSE,N/A,inf,256.7847983,-1.811415519,256.6877238,-1.846599892,FOVNotMatch,2005/6/6 8:47:14,SAT_17254,3.388955621,5.491346948,SAT_28252,5.173531065,19.94171467,SAT_26056,5.144979772,19.95801985
frame-z-005401-6-0057,1,Success,TRUE,SAT_27710,1.383316225,164.2043674,64.40580515,163.9858411,64.49146441,,2005/6/8 4:10:54,SAT_27710,5.767899125,1.383316225,SAT_09927,5.928373822,1.993022969,SAT_02366,1.944717717,2.620826352
frame-z-005396-5-0085,1,No match,FALSE,N/A,inf,249.1629132,-5.379054814,249.126836,-5.28671669,FOVNotMatch,2005/6/7 5:28:58,SAT_25115,2.271375423,34.55088705,SAT_12376,5.204218963,34.94260258,SAT_24803,0.930085429,35.2766049
frame-z-005408-2-0082,1,No match,FALSE,N/A,inf,162.650336,57.4250009,162.5165362,57.5573186,FOVNotMatch,2005/6/9 3:57:37,SAT_06270,0.141804518,15.22203332,SAT_26870,5.725407902,25.40702496,SAT_01328,4.36385023,67.79171431
frame-z-005408-6-0085,1,No match,FALSE,N/A,inf,162.401842,59.15232104,162.2382124,59.13319138,FOVNotMatch,2005/6/9 3:59:24,SAT_01328,4.36385023,6.526812093,SAT_24640,5.900288895,25.08554724,SAT_26795,3.561122431,32.59025891
frame-z-005408-6-0086,1,No match,FALSE,N/A,inf,162.4313993,59.08269321,162.2945167,59.29518377,FOVNotMatch,2005/6/9 4:00:00,SAT_06270,0.141804518,25.48328573,SAT_26870,5.725407902,35.66827737,SAT_16922,5.465849409,57.57719258
frame-z-005408-6-0087,1,No match,FALSE,N/A,inf,162.871202,59.1611398,162.7811447,59.32452069,FOVNotMatch,2005/6/9 4:00:36,SAT_06270,0.141804518,28.00130846,SAT_26870,5.725407902,38.18630009,SAT_16922,5.465849409,55.05916985
frame-z-005408-6-0087,2,No match,FALSE,N/A,inf,162.9826893,59.18091423,162.8489407,59.39347632,FOVNotMatch,2005/6/9 4:00:36,SAT_06270,0.141804518,25.92826683,SAT_26870,5.725407902,36.11325847,SAT_16922,5.465849409,57.13221148
frame-z-005408-6-0056,1,No match,FALSE,N/A,inf,154.5213501,57.53597591,154.5811494,57.5980257,FOVNotMatch,2005/6/9 3:42:05,SAT_16922,2.61496307,9.224754134,SAT_24640,5.56465158,21.88206366,SAT_25160,2.185869531,48.50185567
frame-z-005402-3-0022,1,No match,FALSE,N/A,inf,184.8625168,4.910332783,184.9415905,5.019222274,FOVNotMatch,2005/6/8 4:38:13,SAT_27489,0.114554292,25.71546822,SAT_19122,5.628451094,43.26704676,SAT_20762,5.469278152,55.10879347
frame-z-005402-3-0023,1,No match,FALSE,N/A,inf,185.0792396,4.794685913,185.1754008,4.927053403,FOVNotMatch,2005/6/8 4:38:49,SAT_27489,0.114554292,25.70040357,SAT_19122,5.628451094,43.25198211,SAT_20762,5.469278152,55.09372883
frame-z-005408-2-0114,1,No match,FALSE,N/A,inf,171.0555104,58.72548333,171.0742021,58.82709162,FOVNotMatch,2005/6/9 4:16:43,SAT_28164,5.639477876,36.97853839,SAT_13797,4.280657883,43.30591184,SAT_08601,5.766066056,43.88263948
frame-z-005408-2-0115,1,No match,FALSE,N/A,inf,171.594684,58.65520624,171.6297479,58.83134141,FOVNotMatch,2005/6/9 4:17:19,SAT_28164,5.639477876,36.52841028,SAT_13797,4.280657883,43.75603995,SAT_08601,5.766066056,44.33276759
frame-z-005405-1-0038,1,No match,FALSE,N/A,inf,274.2289953,0.988534443,274.329145,1.050396435,FOVNotMatch,2005/6/8 9:37:18,SAT_28474,4.636261679,27.59126567,SAT_03686,1.247024966,31.27313116,SAT_27784,2.456527099,34.29700944
frame-z-005598-6-0102,1,Success,TRUE,SAT_19230,3.86769998,357.9564961,8.284524689,357.9920317,8.504446231,,2005/9/12 7:30:49,SAT_19230,3.274746474,3.86769998,SAT_03029,5.047108749,69.66121865,SAT_27884,1.951776493,76.96484491
frame-z-005598-5-0103,1,Success,TRUE,SAT_19230,4.087801515,358.1926051,7.869356296,358.2117681,7.98523244,,2005/9/12 7:31:24,SAT_19230,3.274746474,4.087801515,SAT_03029,5.047108749,69.44111712,SAT_27884,1.951776493,76.74474337
frame-z-005598-3-0201,1,No match,FALSE,N/A,inf,12.95384768,7.009417545,12.84751846,7.093616435,FOVNotMatch,2005/9/12 8:29:55,SAT_26389,3.779888841,9.557921316,SAT_18600,4.025229471,32.78176898,SAT_01000,4.458830552,36.44575271
frame-z-005655-5-0219,1,Success,TRUE,SAT_21847,1.138982825,339.2529598,7.182501129,339.3208231,7.411285895,,2005/9/28 5:22:10,SAT_21847,5.088651615,1.138982825,SAT_19750,4.678564821,3.846196349,SAT_15439,2.721283534,38.57250197
frame-z-005711-1-0160,1,No match,FALSE,N/A,inf,42.33464944,5.07505202,42.17713773,5.125994322,FOVNotMatch,2005/10/11 10:31:19,SAT_02215,4.598417569,15.76752679,SAT_03432,3.044196493,21.66572858,SAT_03431,2.872530231,23.32057662
frame-z-005714-6-0063,1,No match,FALSE,N/A,inf,28.58334542,8.022345698,28.50789212,8.147639841,FOVNotMatch,2005/10/12 9:26:20,SAT_14590,5.750725276,9.065650454,SAT_14135,3.143305573,31.59301755,SAT_15350,5.971769865,40.87306803
frame-z-005714-1-0064,1,Success,TRUE,SAT_14135,3.579983996,28.7100711,6.005074912,28.62837071,6.054246915,,2005/10/12 9:26:56,SAT_14135,3.143305573,3.579983996,SAT_14590,5.750725276,37.07868401,SAT_02863,3.5920155,37.25803069
frame-z-005711-1-0194,1,No match,FALSE,N/A,inf,47.30579189,4.656640454,47.26995796,4.73178802,FOVNotMatch,2005/10/11 10:51:37,SAT_17273,5.27239099,8.68002606,SAT_22283,1.491080722,30.44385414,SAT_07129,0.275101767,32.29926303
frame-z-005714-2-0090,1,No match,FALSE,N/A,inf,32.49384342,6.032434513,32.51250206,6.25657617,FOVNotMatch,2005/10/12 9:42:28,SAT_15350,4.722962544,5.486545495,SAT_25106,0.264402655,19.84561609,SAT_26605,3.352245471,24.25997995
frame-z-005714-5-0091,1,No match,FALSE,N/A,inf,32.71184213,7.280528302,32.86230241,7.354663818,FOVNotMatch,2005/10/12 9:43:03,SAT_27429,3.710056437,8.028426314,SAT_08620,5.227647702,12.36322594,SAT_08366,0.710233797,13.44806969
frame-z-005714-4-0232,1,Success,TRUE,SAT_19857,0.15655617,54.01311885,5.362227307,53.87676177,5.340192791,,2005/10/12 11:07:15,SAT_19857,4.815688473,0.15655617,SAT_08366,3.883267967,0.966600522,SAT_08620,1.501522641,1.567119735
frame-z-005714-4-0211,1,Success,TRUE,SAT_02863,2.77954507,50.81545456,5.517556253,50.69184034,5.520662674,,2005/10/12 10:54:42,SAT_02863,3.862385926,2.77954507,SAT_03431,4.503225713,5.376963645,SAT_08366,2.984458052,10.47477613
frame-z-005815-4-0072,1,No match,FALSE,N/A,inf,133.0537461,14.54397008,133.0130236,14.61749588,FOVNotMatch,2005/11/3 11:35:25,SAT_19822,2.502952639,19.61440726,SAT_11695,0.142571679,20.11382542,SAT_13669,5.778127103,55.38368822
frame-z-005849-3-0132,1,No match,FALSE,N/A,inf,136.0999799,13.23942122,136.0239011,13.29740475,FOVNotMatch,2005/11/10 11:30:09,SAT_20837,5.237092918,28.84476878,SAT_08330,4.578427297,31.02601459,SAT_14333,3.657189677,31.95432129
frame-z-005849-6-0032,1,No match,FALSE,N/A,inf,121.0044434,10.2119623,121.1426984,10.31814056,FOVNotMatch,2005/11/10 10:30:27,SAT_19215,4.853349132,33.86291808,SAT_14133,5.417608834,35.33052891,SAT_12472,3.421767234,38.27890945
frame-z-005849-6-0033,1,No match,FALSE,N/A,inf,121.2038251,10.23455437,121.303845,10.31146867,FOVNotMatch,2005/11/10 10:31:03,SAT_19215,4.853349132,33.89985757,SAT_14133,5.417608834,35.36746839,SAT_12472,3.421767234,38.31584893
frame-z-005849-5-0039,1,No match,FALSE,N/A,inf,122.1380739,10.1658829,122.2763439,10.27233121,FOVNotMatch,2005/11/10 10:34:37,SAT_19215,4.696487052,34.11563912,SAT_14133,5.255755297,35.59583824,SAT_12472,3.451370606,38.60271185
frame-z-005849-5-0061,1,No match,FALSE,N/A,inf,125.4018754,11.2419555,125.3276021,11.30930335,FOVNotMatch,2005/11/10 10:47:46,SAT_08425,4.191722391,25.42352619,SAT_12003,3.462109097,34.59383165,SAT_20837,2.404484118,36.37927207
frame-z-005934-2-0043,1,No match,FALSE,N/A,inf,34.47992615,17.15487693,34.36964041,17.06056796,FOVNotMatch,2005/12/6 6:48:57,SAT_25803,5.542150202,73.71244292,SAT_14069,15.42472704,N/A,SAT_15350,6.050606719,N/A
frame-z-005934-2-0044,1,No match,FALSE,N/A,inf,34.51469827,17.34105134,34.42443127,17.2643315,FOVNotMatch,2005/12/6 6:49:32,SAT_25803,5.542150202,73.85645788,SAT_14069,15.42472704,N/A,SAT_15350,6.050606719,N/A
frame-z-005867-4-0218,1,No match,FALSE,N/A,inf,149.5925462,14.75774362,149.6157669,14.82858427,FOVNotMatch,2005/11/12 12:04:07,SAT_00005,4.287731251,60.44146368,SAT_25360,3.746816767,70.86839023,SAT_00022,0.077842176,71.60204817
frame-z-005849-3-0166,1,No match,FALSE,N/A,inf,141.1900391,14.50093298,141.1627062,14.72567466,FOVNotMatch,2005/11/10 11:50:27,SAT_18562,4.898613115,10.66965724,SAT_16961,5.570657234,12.8116015,SAT_25598,0.053522034,13.96294181
frame-z-005933-5-0111,1,Success,TRUE,SAT_04382,4.218425136,34.17575617,-8.030002919,34.19038872,-7.986965951,,2005/12/6 6:11:49,SAT_04382,1.075816499,4.218425136,SAT_19094,4.250631112,58.93691677,SAT_20110,4.045603505,60.51302591
frame-z-005933-5-0111,2,No match,FALSE,N/A,inf,34.24485498,-7.922066675,34.18088803,-7.886245025,FOVNotMatch,2005/12/6 6:11:49,SAT_23950,5.198522909,27.63280064,SAT_25913,3.043045063,29.53585445,SAT_28790,2.654289774,29.53773888
frame-z-005935-4-0147,1,No match,FALSE,N/A,inf,138.3502476,14.02703214,138.3111926,14.24905105,FOVNotMatch,2005/12/6 10:44:53,SAT_06939,0.002734912,9.551488421,SAT_23344,1.423437838,43.51675648,SAT_12635,5.856958786,73.68724929
frame-z-005935-5-0147,1,No match,FALSE,N/A,inf,138.2776113,14.44227761,138.2514525,14.59104443,FOVNotMatch,2005/12/6 10:44:53,SAT_06939,0.002734912,9.571340576,SAT_23344,1.423437838,43.49690433,SAT_12635,5.856958786,73.70710144
frame-z-005935-3-0196,1,No match,FALSE,N/A,inf,145.7979801,15.31972797,145.7244735,15.53337964,FOVNotMatch,2005/12/6 11:14:09,SAT_16494,3.4352562,12.82415454,SAT_15053,3.776925072,15.78790207,SAT_13917,5.654864139,38.21858654
frame-z-005935-3-0165,1,No match,FALSE,N/A,inf,141.2112014,14.36403389,141.1318598,14.50046227,FOVNotMatch,2005/12/6 10:55:38,SAT_25253,5.057610606,51.11394376,SAT_12635,5.960453808,53.15025243,SAT_10925,9.974845985,N/A
frame-z-005935-6-0233,1,No match,FALSE,N/A,inf,151.2100279,17.68271909,151.1047441,17.7858951,FOVNotMatch,2005/12/6 11:36:14,SAT_21030,4.812585757,43.68740615,SAT_03373,1.794776848,44.8415864,SAT_10150,0.074416402,66.38888105
frame-z-005935-6-0233,2,No match,FALSE,N/A,inf,151.1890299,17.679343,151.1208449,17.70733035,FOVNotMatch,2005/12/6 11:36:14,SAT_03373,1.794776848,22.33467578,SAT_21030,4.812585757,66.19431677,SAT_10150,0.074416402,88.89579167
frame-z-005935-6-0234,1,No match,FALSE,N/A,inf,151.4444521,17.7580447,151.2546658,17.83680975,FOVNotMatch,2005/12/6 11:36:50,SAT_03373,1.794776848,22.57765309,SAT_21030,4.812585757,65.95133946,SAT_10150,0.074416402,88.65281436
frame-z-005935-6-0234,2,No match,FALSE,N/A,inf,151.4314269,17.82473285,151.3233223,17.93172446,FOVNotMatch,2005/12/6 11:36:50,SAT_21030,4.812585757,43.38159692,SAT_03373,1.794776848,45.14739564,SAT_10150,0.074416402,66.08307182
frame-z-005935-1-0177,1,No match,FALSE,N/A,inf,143.2076504,13.93533734,143.0533172,14.08358517,FOVNotMatch,2005/12/6 11:02:48,SAT_12635,5.741701469,36.70925625,SAT_03764,5.050111244,65.32084258,SAT_12115,0.118514033,69.83507589
frame-z-005935-2-0182,1,No match,FALSE,N/A,inf,143.7413848,14.43998898,143.7173508,14.66394217,FOVNotMatch,2005/12/6 11:05:47,SAT_03764,5.050111244,25.96372021,SAT_12115,0.118514033,30.47795352,SAT_12635,5.741701469,76.06637862
frame-z-005935-2-0280,1,No match,FALSE,N/A,inf,158.8127565,17.23622843,158.7510661,17.45313614,FOVNotMatch,2005/12/6 12:04:18,SAT_27055,0.002623652,12.50027294,SAT_01360,5.167364845,48.01770294,SAT_06826,6.372394676,N/A
frame-z-005935-1-0063,1,No match,FALSE,N/A,inf,126.2960201,9.625290452,126.2035931,9.53251748,FOVNotMatch,2005/12/6 9:54:44,SAT_27518,4.596053543,30.15801431,SAT_16597,2.685872915,44.46512158,SAT_10953,5.7298924,50.86907376
frame-z-005972-6-0200,1,No match,FALSE,N/A,inf,145.1320573,14.55859651,145.1280229,14.68398922,FOVNotMatch,2006/1/6 10:15:39,SAT_12769,3.452111459,13.10991783,SAT_24292,0.066516697,18.66404545,SAT_23439,5.872276843,31.00369876
frame-z-005972-5-0201,1,No match,FALSE,N/A,inf,145.4509423,14.0899213,145.4444974,14.3171042,FOVNotMatch,2006/1/6 10:16:15,SAT_12769,3.452111459,13.31775898,SAT_24292,0.066516697,18.8718866,SAT_23439,5.872276843,30.79585761
frame-z-005972-6-0201,1,No match,FALSE,N/A,inf,145.4384656,14.51530937,145.4330895,14.69843681,FOVNotMatch,2006/1/6 10:16:15,SAT_12769,3.452111459,13.26584582,SAT_24292,0.066516697,18.81997344,SAT_23439,5.872276843,30.84777077
frame-z-005972-4-0202,1,No match,FALSE,N/A,inf,145.7663585,13.7224498,145.7628569,13.84138659,FOVNotMatch,2006/1/6 10:16:51,SAT_12769,3.452111459,13.25524501,SAT_24292,0.066516697,18.80937263,SAT_23439,5.872276843,30.85837159
frame-z-005972-6-0165,1,No match,FALSE,N/A,inf,140.0053873,13.42752899,139.9955065,13.58639803,FOVNotMatch,2006/1/6 9:54:45,SAT_19753,3.768031365,16.89737633,SAT_15260,0.072568485,17.59792137,SAT_19754,3.237101001,18.01586223
frame-z-005972-6-0152,1,No match,FALSE,N/A,inf,137.8939571,13.06664431,137.8831174,13.1990593,FOVNotMatch,2006/1/6 9:47:00,SAT_19753,0.07889696,16.40425119,SAT_15260,3.45607824,17.27032294,SAT_19754,5.676835664,17.79079306
frame-z-005973-2-0039,1,Success,TRUE,SAT_20902,3.174716154,174.3319312,-5.101079763,174.3069307,-5.202956911,,2006/1/6 11:25:14,SAT_20902,3.702880488,3.174716154,SAT_16445,5.038259904,30.96320614,SAT_08746,2.437077915,64.62287087
frame-z-005973-2-0039,2,No match,FALSE,N/A,inf,174.5183504,-5.139533264,174.5125831,-5.129766565,FOVNotMatch,2006/1/6 11:25:14,SAT_16445,5.038259904,13.23213139,SAT_12445,5.980165526,33.97862971,SAT_27684,5.369521126,41.17692939
frame-z-005973-1-0040,1,No match,FALSE,N/A,inf,174.9230326,-5.277824752,174.8329971,-5.135293301,FOVNotMatch,2006/1/6 11:25:50,SAT_16445,5.038259904,14.9443043,SAT_12445,5.980165526,32.2664568,SAT_27684,5.369521126,39.46475648
frame-z-005973-6-0059,1,Success,TRUE,SAT_21657,2.434240603,174.3046763,-1.779798436,174.2513596,-1.696545068,,2006/1/6 11:37:11,SAT_21657,5.879449765,2.434240603,SAT_16445,4.109296164,15.72607717,SAT_15643,5.889198427,40.86312264
frame-z-005973-3-0092,1,No match,FALSE,N/A,inf,177.7721686,1.948821311,177.8511476,2.091444838,FOVNotMatch,2006/1/6 11:56:53,SAT_20046,5.855955038,19.37293614,SAT_11691,5.71389256,47.91365765,SAT_22911,1.91445258,61.91306104
frame-z-005976-4-0206,1,No match,FALSE,N/A,inf,177.5830222,2.5678701,177.5304514,2.557266845,FOVNotMatch,2006/1/7 12:18:02,SAT_26745,5.09746173,11.91783746,SAT_26101,3.315881521,12.10651513,SAT_26497,5.041713992,13.01291129
frame-z-005976-3-0183,1,Success,TRUE,SAT_25909,1.959974064,176.3020831,-0.61019438,176.2320079,-0.547849917,,2006/1/7 12:04:18,SAT_25909,4.645321017,1.959974064,SAT_19256,0.172217413,16.37904426,SAT_04659,4.457323753,20.69465067
frame-z-005982-1-0107,1,No match,FALSE,N/A,inf,171.7932734,-10.85032121,171.737245,-10.79152647,FOVNotMatch,2006/1/9 12:01:02,SAT_13875,1.877301787,27.82632108,SAT_07318,5.806652943,31.57655137,SAT_03692,0.00425587,35.30463137
frame-z-006005-5-0016,1,Success,TRUE,SAT_13468,1.166771282,189.8197755,-22.04268464,189.8118934,-22.08328127,,2006/1/31 10:19:22,SAT_13468,0.919632818,1.166771282,SAT_20327,2.001466276,27.99841877,SAT_09829,4.307241196,28.73251609
frame-z-006005-5-0017,1,Success,TRUE,SAT_13468,1.094611434,189.8315038,-21.77156027,189.8000614,-21.93258077,,2006/1/31 10:19:57,SAT_13468,0.919632818,1.094611434,SAT_20327,2.001466276,27.92625893,SAT_09829,4.307241196,28.80467594
frame-z-006005-2-0070,1,Success,TRUE,SAT_20169,2.008305303,191.7420034,-13.98597993,191.6832173,-13.99010401,,2006/1/31 10:51:36,SAT_20169,4.743269507,2.008305303,SAT_22032,3.324015799,2.84557878,SAT_02216,4.713983761,6.17158533
frame-z-006005-6-0121,1,No match,FALSE,N/A,inf,190.2467929,-6.372140364,190.2960498,-6.268780835,FOVNotMatch,2006/1/31 11:22:03,SAT_10446,2.850402927,5.870874934,SAT_20834,5.099779128,35.02647173,SAT_08175,0.006276145,47.51077457
frame-z-006005-1-0164,1,Success,TRUE,SAT_21444,2.99351469,192.732849,0.120081666,192.7013899,-0.003703296,,2006/1/31 11:47:44,SAT_21444,5.993194436,2.99351469,SAT_23441,0.080273069,24.34576423,SAT_21199,5.342476066,34.20465769
frame-z-006074-3-0048,1,No match,FALSE,N/A,inf,67.49883626,81.56188836,67.17530148,81.51479577,FOVNotMatch,2006/3/25 4:01:40,SAT_16594,3.726469318,12.70231231,SAT_01570,0.335150466,30.28367316,SAT_21109,4.585629813,32.13948671
frame-z-006074-3-0048,2,No match,FALSE,N/A,inf,67.59513503,81.58502037,67.70486713,81.67795522,FOVNotMatch,2006/3/25 4:01:40,SAT_16594,3.726469318,48.26302379,SAT_02847,3.200854615,63.09247291,SAT_01570,0.335150466,65.84438464
frame-z-006074-3-0049,1,No match,FALSE,N/A,inf,68.04081255,81.593523,68.85815416,81.70700066,FOVNotMatch,2006/3/25 4:02:16,SAT_16594,3.726469318,11.72753766,SAT_01570,0.335150466,29.3088985,SAT_21109,4.585629813,31.16471205
frame-z-006075-2-0021,1,Success,TRUE,SAT_18600,0.476170335,91.72846597,82.69506045,91.07723782,82.65804021,,2006/3/25 4:49:26,SAT_18600,1.453139015,0.476170335,SAT_02757,2.85410726,2.709102341,SAT_05197,5.368083043,5.822125742
frame-z-006073-3-0047,1,No match,FALSE,N/A,inf,83.56849431,-2.825670245,83.63021361,-2.857301303,FOVNotMatch,2006/3/25 3:05:22,SAT_26500,3.39302116,10.20001352,SAT_26495,4.646760738,27.19217331,SAT_26639,2.954729935,27.20658435
frame-z-006104-4-0070,1,No match,FALSE,N/A,inf,247.0950069,16.68507072,247.1948732,16.79796049,FOVNotMatch,2006/4/21 7:34:47,SAT_20767,0.051917854,23.90845084,SAT_24810,1.408733229,40.2108955,SAT_28608,15.41227803,N/A
frame-z-006103-2-0153,1,No match,FALSE,N/A,inf,178.4886189,67.46665889,178.4465585,67.53986821,FOVNotMatch,2006/4/21 6:30:51,SAT_26994,5.685772468,43.81481525,SAT_21426,3.067741948,49.68804476,SAT_23420,2.773944673,59.51121426
frame-z-006103-2-0154,1,No match,FALSE,N/A,inf,178.7012776,67.24348586,178.6111794,67.40399436,FOVNotMatch,2006/4/21 6:31:27,SAT_26994,5.685772468,43.62753643,SAT_21426,3.067741948,49.87532358,SAT_23420,2.773944673,59.69849308
frame-z-006118-4-0026,1,Success,TRUE,SAT_20436,0.544172638,131.7955363,83.39737175,131.0805925,83.44831122,,2006/4/30 5:08:44,SAT_20436,0.044748646,0.544172638,SAT_25225,1.938296694,11.61554827,SAT_10589,0.825918166,12.09377602
frame-z-006118-4-0027,1,Success,TRUE,SAT_20436,2.2204457,133.5102977,83.30961362,132.5044058,83.38690899,,2006/4/30 5:09:20,SAT_20436,0.044748646,2.2204457,SAT_25225,1.938296694,9.939275203,SAT_10589,0.825918166,10.41750295
frame-z-006118-5-0116,1,No match,FALSE,N/A,inf,177.6415992,72.69154453,177.7218486,72.76546485,FOVNotMatch,2006/4/30 6:02:28,SAT_25803,5.539640388,40.56987769,SAT_22258,5.318099516,62.05171229,SAT_04946,1.317139416,68.77228889
frame-z-006122-1-0062,1,Success,TRUE,SAT_22196,1.331736131,238.4672105,59.67564721,238.1030543,59.67677295,,2006/5/1 8:30:00,SAT_22196,2.898497578,1.331736131,SAT_28923,5.186771508,29.34581997,SAT_10925,5.65284843,31.30864925
frame-z-006122-1-0064,1,Success,TRUE,SAT_22196,1.703038497,238.8586411,59.94964631,238.6062939,59.95123897,,2006/5/1 8:31:12,SAT_22196,2.898497578,1.703038497,SAT_28923,5.186771508,29.71712234,SAT_10925,5.65284843,30.93734689
frame-z-006122-5-0019,1,No match,FALSE,N/A,inf,226.1065699,57.56537355,225.8249645,57.68156416,FOVNotMatch,2006/5/1 8:04:20,SAT_08951,2.324576316,5.21198868,SAT_23625,5.262779423,6.290568818,SAT_23734,2.460181953,9.748595386
frame-z-006122-3-0079,1,Success,TRUE,SAT_17328,3.461885945,242.2310039,61.47035235,242.098449,61.47007179,,2006/5/1 8:40:10,SAT_17328,5.480542405,3.461885945,SAT_18946,5.073735301,9.141623237,SAT_21231,4.77491175,31.43655833
frame-z-006122-3-0080,1,Success,TRUE,SAT_17328,2.894913971,242.7047923,61.58931807,242.5623307,61.58968843,,2006/5/1 8:40:45,SAT_17328,5.480542405,2.894913971,SAT_18946,5.073735301,9.708595211,SAT_21231,4.77491175,30.86958635
frame-z-006122-4-0101,1,No match,FALSE,N/A,inf,248.3762121,63.13849826,248.4581163,63.26798645,FOVNotMatch,2006/5/1 8:53:17,SAT_16398,2.479860865,24.61807702,SAT_20330,1.094004674,24.8299653,SAT_26007,3.272108502,25.72460881
frame-z-006121-5-0095,1,No match,FALSE,N/A,inf,190.3293986,-10.10062043,190.2056597,-10.03289228,FOVNotMatch,2006/5/1 6:31:55,SAT_11862,4.058720342,12.01216587,SAT_07648,0.828892532,12.7644041,SAT_23866,5.449716119,21.95699682
frame-z-006121-4-0166,1,Success,TRUE,SAT_28252,4.137465003,191.3362755,0.59085889,191.135425,0.576255912,,2006/5/1 7:14:19,SAT_28252,5.91225138,4.137465003,SAT_28884,5.745536709,4.19014279,SAT_24786,5.188067095,4.330882917
frame-z-006162-5-0012,1,No match,FALSE,N/A,inf,223.6685038,56.78042169,223.7476633,56.95653062,FOVNotMatch,2006/5/24 5:50:19,SAT_01570,4.647581981,43.42586754,SAT_20742,5.362155435,45.50978736,SAT_15714,1.06478148,51.91008083
frame-z-006162-2-0014,1,No match,FALSE,N/A,inf,225.5130546,56.2291388,225.3348097,56.09290716,FOVNotMatch,2006/5/24 5:51:31,SAT_01570,4.647581981,21.15178865,SAT_20742,5.362155435,23.23570848,SAT_15714,1.06478148,29.63600194
frame-z-006162-2-0015,1,No match,FALSE,N/A,inf,225.7722597,56.28850289,225.6730569,56.21334655,FOVNotMatch,2006/5/24 5:52:07,SAT_01570,4.647581981,20.97573697,SAT_20742,5.362155435,23.0596568,SAT_15714,1.06478148,29.45995026
frame-z-006162-1-0070,1,No match,FALSE,N/A,inf,239.5625095,60.26314118,239.1439023,60.31610776,FOVNotMatch,2006/5/24 6:24:57,SAT_20649,5.521827643,20.77894285,SAT_26407,5.293136558,21.27188268,SAT_20742,4.192315832,37.8327856
frame-z-006160-4-0042,1,No match,FALSE,N/A,inf,163.138091,9.509852663,162.9683712,9.566257439,FOVNotMatch,2006/5/24 3:47:33,SAT_21824,5.847847638,14.64503688,SAT_28360,1.954595314,40.90542669,SAT_02327,0.118899182,41.08398352
frame-z-006160-3-0032,1,No match,FALSE,N/A,inf,161.5846301,8.988892683,161.6452788,9.098663262,FOVNotMatch,2006/5/24 3:41:34,SAT_13910,2.328313141,6.305831008,SAT_07156,4.026217101,22.21459596,SAT_21797,2.449797667,38.17049088
frame-z-006162-3-0153,1,Success,TRUE,SAT_27617,0.599027071,265.0997903,64.43514174,264.7390061,64.32552094,,2006/5/24 7:14:31,SAT_27617,3.63111895,0.599027071,SAT_18701,4.347605818,1.247376555,SAT_20028,4.853989932,2.410067467
frame-z-006169-2-0039,1,No match,FALSE,N/A,inf,288.7773645,62.38217291,288.7682893,62.41522677,FOVNotMatch,2006/5/25 8:24:20,SAT_19223,3.666001895,34.18475114,SAT_26483,5.360781251,36.63368648,SAT_17147,2.285445472,49.1098243
frame-z-006169-3-0040,1,No match,FALSE,N/A,inf,289.3224266,62.53587093,289.2768672,62.70853245,FOVNotMatch,2006/5/25 8:24:56,SAT_19223,3.666001895,33.85373085,SAT_26483,5.360781251,36.96470678,SAT_17147,2.285445472,48.77880401
frame-z-006166-2-0050,1,No match,FALSE,N/A,inf,201.7334525,7.70558434,201.6433021,7.833216644,FOVNotMatch,2006/5/25 3:53:39,SAT_16449,0.019136668,19.75074238,SAT_21442,3.850484071,21.39956349,SAT_28918,12.11517812,N/A
frame-z-006166-2-0051,1,No match,FALSE,N/A,inf,201.7750587,7.549691047,201.7231072,7.623386363,FOVNotMatch,2006/5/25 3:54:15,SAT_16449,0.019136668,19.709684,SAT_21442,3.850484071,21.3585051,SAT_28918,12.11517812,N/A
frame-z-006166-5-0129,1,Success,TRUE,SAT_28970,1.401473692,207.6667627,-2.54714338,207.7468085,-2.411138589,,2006/5/25 4:40:50,SAT_28970,5.316169801,1.401473692,SAT_16404,3.888020796,10.66706185,SAT_28363,2.581877721,13.68299836
frame-z-006166-5-0138,1,No match,FALSE,N/A,inf,208.2024758,-3.78149839,208.2801987,-3.813437545,FOVNotMatch,2006/5/25 4:46:12,SAT_19483,0.983516453,7.792187376,SAT_13631,1.114683701,10.5508155,SAT_13035,5.329886438,11.26882211
frame-z-006177-5-0219,1,Success,TRUE,SAT_06779,1.159687039,316.2518756,23.96277275,316.3533161,23.9592286,,2006/5/27 8:44:24,SAT_06779,4.392103648,1.159687039,SAT_13957,1.54091044,3.190403518,SAT_27643,5.19133532,16.60119886
frame-z-006174-1-0075,1,No match,FALSE,N/A,inf,203.3541385,3.31121405,203.4379236,3.270792605,FOVNotMatch,2006/5/26 4:17:11,SAT_13631,4.893293177,14.28772797,SAT_14234,5.148040273,16.01463532,SAT_14565,1.675970945,16.16156029
frame-z-006174-3-0100,1,Success,TRUE,SAT_22581,2.901208859,205.787507,0.20495939,205.8558987,0.301126011,,2006/5/26 4:32:07,SAT_22581,4.263705156,2.901208859,SAT_22056,4.930222783,14.07977081,SAT_16398,5.613024306,15.43346138
frame-z-006174-5-0105,1,No match,FALSE,N/A,inf,206.9305072,-0.127860241,206.9509124,-0.100650266,FOVNotMatch,2006/5/26 4:35:06,SAT_16398,4.292159357,16.74177646,SAT_14595,4.547969335,16.84331221,SAT_20330,2.966706126,20.53818178
frame-z-006177-5-0276,1,Success,TRUE,SAT_27878,2.578513653,323.1907831,18.33959508,323.3300696,18.29603443,,2006/5/27 9:18:26,SAT_27878,4.258374545,2.578513653,SAT_25650,0.156698746,43.45457956,SAT_19796,4.123910745,86.44743003
frame-z-006174-1-0148,1,No match,FALSE,N/A,inf,207.8320492,-6.741088824,207.9312274,-6.548344762,FOVNotMatch,2006/5/26 5:00:46,SAT_11896,1.802199628,6.236757878,SAT_18357,4.66642949,7.020760206,SAT_07044,4.768814138,7.067882641
frame-z-006174-1-0148,2,No match,FALSE,N/A,inf,207.8393161,-6.766088321,207.98636,-6.559407523,FOVNotMatch,2006/5/26 5:00:46,SAT_11896,1.802199628,14.4119658,SAT_18357,4.66642949,15.19596813,SAT_07044,4.768814138,15.24309057
frame-z-006174-2-0150,1,No match,FALSE,N/A,inf,208.3177642,-6.81843157,208.3396255,-6.775614289,FOVNotMatch,2006/5/26 5:01:58,SAT_11896,1.802199628,6.049294172,SAT_18357,4.66642949,6.8332965,SAT_07044,4.768814138,6.880418935
frame-z-006182-2-0231,1,Success,TRUE,SAT_17134,0.567694506,336.3790591,36.98739153,336.5671281,37.1667563,,2006/5/30 9:42:05,SAT_17134,5.398465321,0.567694506,SAT_20262,3.261981704,17.13377582,SAT_21847,5.677966234,17.88288499
frame-z-006354-5-0255,1,No match,FALSE,N/A,inf,353.2286117,12.74279931,353.3298337,12.90341673,FOVNotMatch,2006/9/16 6:25:42,SAT_25379,2.592050506,54.14985375,SAT_19535,3.519600309,54.24283454,SAT_04902,17.53391221,N/A
frame-z-006354-5-0256,1,No match,FALSE,N/A,inf,353.4499032,12.61272781,353.5060862,12.70073754,FOVNotMatch,2006/9/16 6:26:18,SAT_25379,2.592050506,54.49680158,SAT_19535,3.519600309,54.58978236,SAT_04902,17.53391221,N/A
frame-z-006366-1-0040,1,No match,FALSE,N/A,inf,341.1158761,30.23978221,341.1505508,30.19943266,FOVNotMatch,2006/9/18 2:30:06,SAT_25980,0.022369479,12.83050796,SAT_22238,3.385498045,13.7935892,SAT_26188,5.210048013,35.75113922
frame-z-006366-6-0021,1,No match,FALSE,N/A,inf,341.5923015,33.74096324,341.5294001,33.7492319,FOVNotMatch,2006/9/18 2:18:45,SAT_03051,2.890358707,5.164030015,SAT_14965,0.130721652,5.490909491,SAT_13511,1.472041863,8.05127586
frame-z-006366-6-0108,1,No match,FALSE,N/A,inf,348.5271578,22.12616756,348.5501451,22.17868426,FOVNotMatch,2006/9/18 3:10:42,SAT_15698,4.239998453,6.444979641,SAT_15644,3.659253652,73.88048029,SAT_12997,5.334125195,77.57658722
frame-z-006366-4-0152,1,No match,FALSE,N/A,inf,350.9888227,15.88315059,350.9410968,16.04221051,FOVNotMatch,2006/9/18 3:36:58,SAT_03848,3.910950057,11.69878812,SAT_20284,5.877860994,26.99201993,SAT_13875,4.858291952,35.21439091
frame-z-006361-3-0079,1,No match,FALSE,N/A,inf,4.098024852,-11.65304715,3.967343575,-11.55196213,FOVNotMatch,2006/9/17 7:14:03,SAT_28706,2.726775917,25.91100106,SAT_26039,5.822439742,29.99910069,SAT_23201,4.563674993,34.36749825
frame-z-006361-4-0105,1,No match,FALSE,N/A,inf,6.091870236,-14.87005047,6.276802527,-14.92862913,FOVNotMatch,2006/9/17 7:29:34,SAT_25540,2.334218275,14.56985175,SAT_22911,3.956715266,20.35844447,SAT_22796,3.280911868,21.3225912
frame-z-006361-5-0026,1,No match,FALSE,N/A,inf,1.379734021,-4.158181825,1.361162718,-4.057298183,FOVNotMatch,2006/9/17 6:42:24,SAT_28923,4.283580203,18.46742686,SAT_16001,4.930442418,53.87704259,SAT_25843,5.623932815,63.71188741
frame-z-006361-1-0085,1,No match,FALSE,N/A,inf,3.669568863,-12.8600508,3.746733663,-12.79354609,FOVNotMatch,2006/9/17 7:17:38,SAT_10953,5.099939111,25.63247025,SAT_19483,4.052935125,28.62758816,SAT_14134,1.127044956,30.56297521
frame-z-006361-1-0087,1,No match,FALSE,N/A,inf,3.63292586,-13.07617363,3.691650669,-13.01344581,FOVNotMatch,2006/9/17 7:18:50,SAT_10953,5.099939111,31.79307058,SAT_19483,4.052935125,34.78818849,SAT_14134,1.127044956,36.72357555
frame-z-006361-1-0036,1,Success,TRUE,SAT_25503,2.005038872,0.400164647,-6.226755382,0.50043808,-6.238128734,,2006/9/17 6:48:23,SAT_25503,5.153746909,2.005038872,SAT_10589,2.569036051,3.188561912,SAT_23201,2.846236489,3.75141991
frame-z-006372-2-0015,1,Success,TRUE,SAT_24778,3.025349036,355.1780297,5.903705999,355.3988984,5.963529508,,2006/9/19 6:55:37,SAT_24778,1.489216366,3.025349036,SAT_03029,4.666141248,4.639646164,SAT_22849,2.069316307,14.28519629
frame-z-001302-6-0145,1,No match,FALSE,N/A,inf,125.1705334,48.81050952,125.263382,48.93847782,FOVNotMatch,2000/3/30 6:37:08,SAT_07276,5.051847227,14.53172488,SAT_21826,4.695533914,43.56988698,SAT_20413,5.426021784,60.97091875
frame-z-001302-5-0082,1,No match,FALSE,N/A,inf,117.7855877,40.94423479,117.6904691,41.11889542,FOVNotMatch,2000/3/30 5:59:31,SAT_17722,5.35169444,15.17809814,SAT_19593,4.29259028,15.33458266,SAT_13502,5.232139191,22.02310839
frame-z-001302-3-0202,1,No match,FALSE,N/A,inf,136.0969373,54.33536797,136.013288,54.37872615,FOVNotMatch,2000/3/30 7:11:10,SAT_14469,3.600466927,9.687930075,SAT_20413,5.462758358,14.35557075,SAT_02685,0.396375582,52.92179416
frame-z-001302-2-0244,1,No match,FALSE,N/A,inf,145.2460788,58.14090609,145.2186176,57.95684471,FOVNotMatch,2000/3/30 7:36:15,SAT_09989,2.591633628,23.58674675,SAT_13480,1.361733762,42.11869886,SAT_07276,5.681326813,51.66023836
frame-z-001302-6-0330,1,Success,TRUE,SAT_17134,0.363887048,168.2819602,65.11579824,168.4659847,65.21526197,,2000/3/30 8:27:36,SAT_17134,3.741021914,0.363887048,SAT_00327,2.731052307,14.45618439,SAT_22309,2.081165228,23.2240681
frame-z-001332-3-0014,1,No match,FALSE,N/A,inf,147.9579618,59.18421373,147.8907086,59.22430668,FOVNotMatch,2000/4/4 7:09:54,SAT_13302,4.73052429,6.128383396,SAT_03341,0.670418198,8.873473072,SAT_25805,4.012920908,42.1291421
frame-z-001336-3-0095,1,No match,FALSE,N/A,inf,261.4932401,52.8526868,261.5611223,52.81980809,FOVNotMatch,2000/4/4 10:06:08,SAT_09711,1.745894892,11.04269151,SAT_07276,4.141321606,17.57268036,SAT_10620,1.630822087,33.10784612
frame-z-001339-6-0033,1,Success,TRUE,SAT_24960,1.313795446,257.9219959,62.04877071,258.0072641,62.02970768,,2000/4/4 10:42:14,SAT_24960,5.653406543,1.313795446,SAT_12156,3.401303976,6.462081989,SAT_11896,4.561830292,14.2420299
frame-z-001339-1-0035,1,No match,FALSE,N/A,inf,253.7635068,60.94636588,254.0093408,60.82071107,FOVNotMatch,2000/4/4 10:43:25,SAT_20150,1.904702128,6.479771683,SAT_12156,3.401303976,14.45468608,SAT_24960,5.653406543,19.60297262
frame-z-001339-6-0037,1,No match,FALSE,N/A,inf,258.3191331,61.48040755,258.4192514,61.47626286,FOVNotMatch,2000/4/4 10:44:37,SAT_11896,4.561830292,6.295658565,SAT_24960,5.653406543,21.85148391,SAT_08701,5.699202709,22.50291597
frame-z-001339-6-0038,1,No match,FALSE,N/A,inf,258.5048157,61.19888612,258.5955276,61.19492043,FOVNotMatch,2000/4/4 10:45:13,SAT_11896,4.561830292,6.066081992,SAT_24960,5.653406543,21.62190734,SAT_08701,5.699202709,22.73249255
frame-z-001339-5-0063,1,No match,FALSE,N/A,inf,259.7522154,57.47568794,259.9359594,57.47810661,FOVNotMatch,2000/4/4 11:00:08,SAT_15265,3.967624159,17.72259902,SAT_25854,0.138193882,24.21150581,SAT_12156,5.809000414,37.19529779
frame-z-001345-5-0177,1,No match,FALSE,N/A,inf,133.1665737,53.83524444,132.9306418,53.79108597,FOVNotMatch,2000/4/5 4:29:49,SAT_11543,2.223634402,22.89510905,SAT_20646,3.754094096,30.47959213,SAT_17328,0.671032435,34.59061894
frame-z-001334-1-0038,1,No match,FALSE,N/A,inf,202.2614667,-0.891158387,202.4238226,-0.825947284,FOVNotMatch,2000/4/4 8:17:59,SAT_23301,5.563326523,11.76391652,SAT_23244,3.493205408,16.9570367,SAT_23313,4.424632559,21.83637511
frame-z-001345-3-0305,1,No match,FALSE,N/A,inf,165.7398872,63.51876167,165.5530948,63.56168257,FOVNotMatch,2000/4/5 5:46:14,SAT_19168,3.36734595,9.76208708,SAT_21007,3.227608275,14.7843819,SAT_04259,5.67326361,23.31336196
frame-z-001345-4-0546,1,No match,FALSE,N/A,inf,236.3048927,53.78874967,236.3930865,53.82510558,FOVNotMatch,2000/4/5 8:10:08,SAT_12159,4.427766857,10.86458762,SAT_25614,4.931779619,24.30093231,SAT_16849,2.894783702,24.54131857
frame-z-001345-1-0753,1,No match,FALSE,N/A,inf,259.4213265,27.80938935,259.6895656,27.81120962,FOVNotMatch,2000/4/5 10:13:44,SAT_09634,1.381300241,55.26011013,SAT_23050,2.555669418,62.14028629,SAT_13066,3.706401395,63.76240854
frame-z-001350-4-0040,1,No match,FALSE,N/A,inf,113.2207422,37.10058935,112.961103,37.06892476,FOVNotMatch,2000/4/6 3:13:08,SAT_23561,0.19301919,55.31045633,SAT_18701,5.720527447,79.70944296,SAT_23952,1.942233419,86.90829881
frame-z-001350-5-0047,1,Success,TRUE,SAT_04084,2.123942613,113.207007,38.26897756,113.1169023,38.2172713,,2000/4/6 3:17:19,SAT_04084,0.187219507,2.123942613,SAT_08395,4.862683977,45.47586529,SAT_23460,5.624319078,58.01784122
frame-z-001350-5-0186,1,No match,FALSE,N/A,inf,130.6569246,55.40865439,130.5762775,55.3794604,FOVNotMatch,2000/4/6 4:40:18,SAT_20646,5.476181989,13.19566234,SAT_17328,3.38022566,17.57119154,SAT_10615,1.502829075,30.80247935
frame-z-001350-2-0255,1,No match,FALSE,N/A,inf,147.2018186,61.36529913,147.2178404,61.44097195,FOVNotMatch,2000/4/6 5:21:30,SAT_19445,4.924344653,24.84229218,SAT_05763,0.808541763,39.71965392,SAT_17328,2.003703738,40.40550993
frame-z-001350-2-0227,1,No match,FALSE,N/A,inf,140.3885921,58.96617986,140.246319,58.91555326,FOVNotMatch,2000/4/6 5:04:47,SAT_12442,4.910137424,5.932237127,SAT_20646,2.289343975,7.209915161,SAT_17328,0.222771471,11.98183362
frame-z-001350-2-0396,1,No match,FALSE,N/A,inf,194.8657687,66.36065844,194.7952219,66.36060693,FOVNotMatch,2000/4/6 6:45:41,SAT_07376,4.652546994,15.2441809,SAT_15223,0.053596334,19.0888362,SAT_19716,1.844527394,29.2735092
frame-z-001350-2-0397,1,No match,FALSE,N/A,inf,195.1535216,66.31203675,195.5641777,66.31173899,FOVNotMatch,2000/4/6 6:46:17,SAT_07376,4.652546994,15.03645151,SAT_15223,0.053596334,18.88110681,SAT_19716,1.844527394,29.06577981
frame-z-001363-5-0012,1,Success,TRUE,SAT_15930,0.3470987,110.9671701,34.93488034,110.8807963,34.85490859,,2000/4/7 3:18:54,SAT_15930,0.135664254,0.3470987,SAT_21025,1.343127914,12.55601157,SAT_18701,5.440082473,59.67453194
frame-z-001363-5-0013,1,Success,TRUE,SAT_15930,0.70372761,111.0595625,35.13068985,111.0193961,35.09406119,,2000/4/7 3:19:29,SAT_15930,0.135664254,0.70372761,SAT_21025,1.343127914,12.19938266,SAT_18701,5.440082473,60.03116085
frame-z-001356-3-0026,1,Success,TRUE,SAT_00741,1.716411839,258.1401733,65.11224292,258.5757366,65.02204433,,2000/4/6 9:07:58,SAT_00741,5.952221147,1.716411839,SAT_16125,3.006351775,4.028762456,SAT_25379,2.658085552,13.40190776
frame-z-001356-3-0027,1,Success,TRUE,SAT_00741,1.427503514,258.2268344,64.85604828,258.4042384,64.81946547,,2000/4/6 9:08:34,SAT_00741,5.952221147,1.427503514,SAT_16125,3.006351775,3.739854131,SAT_25379,2.658085552,13.11299943
frame-z-001356-1-0091,1,No match,FALSE,N/A,inf,262.1436598,55.54568485,262.2788934,55.52329136,FOVNotMatch,2000/4/6 9:46:47,SAT_16125,5.670252495,16.10079647,SAT_08462,0.047503457,62.40656887,SAT_14796,4.866201712,76.4609481
frame-z-001359-4-0057,1,Success,TRUE,SAT_14520,4.534712317,261.6285522,60.6485642,261.7870594,60.61461547,,2000/4/6 11:02:33,SAT_14520,4.574151307,4.534712317,SAT_11896,5.685352303,4.844887701,SAT_12156,5.093548624,14.95420922
frame-z-001363-2-0113,1,No match,FALSE,N/A,inf,122.4883697,47.27719261,122.439162,47.31559365,FOVNotMatch,2000/4/7 4:19:12,SAT_25159,4.885500499,8.145436706,SAT_00446,0.105044461,24.51339833,SAT_00158,3.18944182,67.98693121
frame-z-001363-2-0114,1,No match,FALSE,N/A,inf,122.8572675,47.4336201,122.6923248,47.56109622,FOVNotMatch,2000/4/7 4:19:48,SAT_25159,4.885500499,7.97829541,SAT_00446,0.105044461,24.34625703,SAT_00158,3.18944182,68.15407251
frame-z-001365-3-0013,1,Success,TRUE,SAT_20646,3.410964022,148.3095822,62.55410068,148.014239,62.47818372,,2000/4/7 5:49:08,SAT_20646,2.023036865,3.410964022,SAT_25544,1.829568608,4.250230919,SAT_17328,0.036539273,9.0296867
frame-z-001365-2-0028,1,Success,TRUE,SAT_20646,3.718814599,152.9951005,63.38892618,152.6771151,63.31643431,,2000/4/7 5:58:06,SAT_20646,1.761543189,3.718814599,SAT_17328,1.127214288,9.480511449,SAT_22309,5.241262635,22.40395935
frame-z-001365-4-0090,1,No match,FALSE,N/A,inf,172.9460097,67.33888983,173.2157696,67.47938496,FOVNotMatch,2000/4/7 6:35:07,SAT_05012,0.126010405,7.274485655,SAT_23502,5.147634518,21.18723498,SAT_20646,5.193732508,31.26989777
frame-z-001365-4-0091,1,No match,FALSE,N/A,inf,173.4910515,67.28278192,173.7394001,67.40997078,FOVNotMatch,2000/4/7 6:35:42,SAT_05012,0.126010405,6.741203297,SAT_23502,5.147634518,20.65395262,SAT_20646,5.193732508,30.73661542
frame-z-001365-4-0124,1,No match,FALSE,N/A,inf,186.2555004,67.78170036,186.5925108,67.81837306,FOVNotMatch,2000/4/7 6:55:25,SAT_02671,0.953863672,6.198148912,SAT_11133,3.10908905,21.32376519,SAT_15223,1.239150557,26.83841464
frame-z-001365-3-0124,1,Success,TRUE,SAT_11133,0.074849244,186.6599478,67.40834236,186.2913335,67.30016204,,2000/4/7 6:55:25,SAT_11133,3.10908905,0.074849244,SAT_02671,0.953863672,27.44706485,SAT_15223,1.239150557,48.08733058
frame-z-001365-4-0125,1,No match,FALSE,N/A,inf,186.9460264,67.76311199,187.0800389,67.77723102,FOVNotMatch,2000/4/7 6:56:01,SAT_02671,0.953863672,5.693352608,SAT_11133,3.10908905,21.82856149,SAT_15223,1.239150557,26.33361833
frame-z-001402-5-0189,1,No match,FALSE,N/A,inf,132.5226277,56.8651072,132.5948516,57.05049013,FOVNotMatch,2000/4/25 5:22:30,SAT_13591,4.411783832,33.0903167,SAT_16393,3.508192962,37.62818727,SAT_07654,2.085716726,73.3462415
frame-z-001412-6-0145,1,Success,TRUE,SAT_17328,0.455047,175.4647662,68.35899232,175.2909727,68.33486183,,2000/4/27 5:40:05,SAT_17328,5.468897972,0.455047,SAT_20646,3.961858291,7.1651323,SAT_18946,5.64012829,16.08440644
frame-z-001412-4-0124,1,No match,FALSE,N/A,inf,167.5606091,66.73224112,167.5127908,66.75806307,FOVNotMatch,2000/4/27 5:27:33,SAT_19753,5.345143966,9.878273013,SAT_08800,1.291088644,10.913177,SAT_26197,5.706831581,11.76048079
frame-z-001412-4-0125,1,No match,FALSE,N/A,inf,168.2906896,66.81329084,167.9368882,67.00726415,FOVNotMatch,2000/4/27 5:28:09,SAT_19753,5.345143966,10.47413339,SAT_08800,1.291088644,11.50903739,SAT_26197,5.706831581,12.35634117
frame-z-001412-6-0129,1,No match,FALSE,N/A,inf,168.7941791,67.77171367,169.1088684,67.96148267,FOVNotMatch,2000/4/27 5:30:32,SAT_22312,5.577230684,14.46363517,SAT_18946,4.939220721,18.89519737,SAT_13591,5.341248317,25.46993739
frame-z-001412-3-0189,1,No match,FALSE,N/A,inf,192.5389657,67.1566917,192.865687,67.30672178,FOVNotMatch,2000/4/27 6:06:22,SAT_10653,5.810020145,15.27163798,SAT_17333,2.451040079,23.70340726,SAT_14430,3.582350454,27.34673589
frame-z-001412-3-0190,1,No match,FALSE,N/A,inf,193.184029,67.06485563,193.3443355,67.13720737,FOVNotMatch,2000/4/27 6:06:58,SAT_10653,5.810020145,14.62974898,SAT_17333,2.451040079,23.06151826,SAT_14430,3.582350454,26.70484689
frame-z-001412-3-0198,1,Success,TRUE,SAT_24963,0.263863202,195.9904814,67.02950611,196.252357,67.10310838,,2000/4/27 6:11:44,SAT_24963,4.692626095,0.263863202,SAT_17333,1.587279215,10.89180734,SAT_10756,0.52891378,32.06896298
frame-z-001412-3-0199,1,Success,TRUE,SAT_24963,1.099407139,196.6103839,66.93846312,196.7813819,66.98526227,,2000/4/27 6:12:20,SAT_24963,4.692626095,1.099407139,SAT_17333,1.587279215,10.0562634,SAT_10756,0.52891378,32.90450692
frame-z-001412-6-0215,1,No match,FALSE,N/A,inf,203.1831024,67.66470299,203.2457551,67.62957239,FOVNotMatch,2000/4/27 6:21:53,SAT_03557,3.491022601,11.5916635,SAT_03132,5.35978095,19.56286667,SAT_20232,0.282868358,22.8509379
frame-z-001412-3-0238,1,Success,TRUE,SAT_17333,0.572056433,210.2442296,65.20893362,210.6003819,65.26114118,,2000/4/27 6:35:37,SAT_17333,3.594049874,0.572056433,SAT_11896,4.329041422,7.11931182,SAT_24963,0.085875298,9.947944301
frame-z-001412-6-0260,1,No match,FALSE,N/A,inf,218.576079,64.94520591,218.5249819,64.84157711,FOVNotMatch,2000/4/27 6:48:45,SAT_14736,2.626621234,24.03177685,SAT_12933,3.799143829,33.93653055,SAT_07219,4.257372079,36.84585947
frame-z-001412-4-0273,1,No match,FALSE,N/A,inf,221.3989708,63.00416641,221.505529,63.09183434,FOVNotMatch,2000/4/27 6:56:31,SAT_14736,0.17608828,8.15768965,SAT_23704,1.413865187,19.10504685,SAT_24963,4.130422032,38.33476793
frame-z-001453-1-0074,1,No match,FALSE,N/A,inf,250.2932917,43.61312267,250.3171072,43.69309301,FOVNotMatch,2000/5/3 9:32:37,SAT_11074,0.71350689,57.99457873,SAT_00706,7.957027137,N/A,SAT_13070,12.96270589,N/A
frame-z-001453-6-0041,1,No match,FALSE,N/A,inf,248.7859435,48.91308662,248.7688752,49.01928386,FOVNotMatch,2000/5/3 9:12:55,SAT_17328,5.405993208,24.58482259,SAT_16070,2.676208234,30.69508239,SAT_04738,4.391909825,39.38417287
frame-z-001451-2-0068,1,No match,FALSE,N/A,inf,205.2033546,-0.566237909,205.2649092,-0.62413452,FOVNotMatch,2000/5/3 7:10:13,SAT_20712,4.362279459,25.20280086,SAT_15574,5.224792224,31.58224373,SAT_22266,3.279533681,31.8462372
frame-z-001451-4-0026,1,Success,TRUE,SAT_25986,3.366025489,199.0246474,0.255471785,198.9709991,0.214788344,,2000/5/3 6:45:09,SAT_25986,3.018680502,3.366025489,SAT_26056,5.716584513,37.16845345,SAT_25331,5.906385307,37.20621527
frame-z-001451-1-0030,1,Success,TRUE,SAT_02161,4.530513396,199.4686228,-0.894345119,199.5578136,-0.932337708,,2000/5/3 6:47:32,SAT_02161,1.760342125,4.530513396,SAT_20712,2.912597016,6.41346881,SAT_08330,5.742813164,9.376290199
frame-z-001452-5-0034,1,Success,TRUE,SAT_22117,2.426570674,201.8922697,0.565297903,201.8237351,0.562355282,,2000/5/3 7:39:40,SAT_22117,5.856338826,2.426570674,SAT_19874,4.421999501,3.538314581,SAT_18877,3.190902088,4.352699331
frame-z-001458-3-0124,1,Success,TRUE,SAT_18877,2.133730237,143.299777,1.861718626,143.462256,1.872017935,,2000/5/4 4:06:35,SAT_18877,4.653723217,2.133730237,SAT_19874,4.80432223,2.429246025,SAT_23426,5.599348822,2.447881711
frame-z-001458-3-0126,1,Success,TRUE,SAT_18877,2.216117707,143.5994217,1.860010851,143.7612548,1.870502766,,2000/5/4 4:07:47,SAT_18877,4.653723217,2.216117707,SAT_19874,4.80432223,2.511633495,SAT_23426,5.599348822,2.530269181
frame-z-001458-3-0128,1,Success,TRUE,SAT_18877,2.150717032,143.8986328,1.858245644,144.0612631,1.868602955,,2000/5/4 4:08:58,SAT_18877,4.653723217,2.150717032,SAT_19874,4.80432223,2.44623282,SAT_23426,5.599348822,2.464868506
frame-z-001458-3-0130,1,Success,TRUE,SAT_18877,2.198503345,144.1987059,1.856416917,144.3609689,1.866886662,,2000/5/4 4:10:10,SAT_18877,4.653723217,2.198503345,SAT_19874,4.80432223,2.494019133,SAT_23426,5.599348822,2.512654819
frame-z-001458-3-0133,1,Success,TRUE,SAT_18877,2.162049415,144.6482858,1.853431442,144.8103818,1.863583435,,2000/5/4 4:11:57,SAT_18877,4.675868839,2.162049415,SAT_19874,4.815055722,2.436940607,SAT_23426,5.610796448,2.437291631
frame-z-001458-3-0134,1,Success,TRUE,SAT_18877,2.23101169,144.797679,1.852258961,144.9604507,1.862649875,,2000/5/4 4:12:33,SAT_18877,4.675868839,2.23101169,SAT_19874,4.815055722,2.505902882,SAT_23426,5.610796448,2.506253906
frame-z-001458-2-0148,1,No match,FALSE,N/A,inf,146.9071263,1.424278668,146.948553,1.570405904,FOVNotMatch,2000/5/4 4:20:55,SAT_08343,5.15594464,12.20950199,SAT_10141,0.093433353,39.38384881,SAT_18232,5.142248001,44.39957777
frame-z-001458-3-0153,1,Success,TRUE,SAT_18877,2.645955821,147.6456336,1.820203837,147.8079491,1.831424577,,2000/5/4 4:23:54,SAT_18877,4.293923887,2.645955821,SAT_23426,4.793181575,2.860439116,SAT_19874,3.995166355,2.888512348
frame-z-001458-3-0159,1,Success,TRUE,SAT_18877,2.536344178,148.5557727,1.807765642,148.7080907,1.817806514,,2000/5/4 4:27:29,SAT_18877,4.546512827,2.536344178,SAT_23426,4.8247293,2.711658207,SAT_19874,4.009305723,2.757973133
frame-z-001458-5-0171,1,No match,FALSE,N/A,inf,150.3792702,2.693568931,150.3576374,2.916337492,FOVNotMatch,2000/5/4 4:34:39,SAT_22198,3.267581264,8.455810341,SAT_07269,0.467204949,8.528578766,SAT_01684,0.133238381,69.25402124
frame-z-001458-2-0193,1,Success,TRUE,SAT_18877,3.21002688,153.8039508,1.70922194,153.6418868,1.697501021,,2000/5/4 4:47:47,SAT_18877,4.515706138,3.21002688,SAT_23426,5.260209743,3.223841374,SAT_19874,4.470715668,3.344687882
frame-z-001458-2-0195,1,Success,TRUE,SAT_18877,3.223875321,154.1039749,1.701067831,153.9416896,1.689291445,,2000/5/4 4:48:58,SAT_18877,4.515706138,3.223875321,SAT_23426,5.260209743,3.237689815,SAT_19874,4.470715668,3.358536322
frame-z-001458-2-0199,1,Success,TRUE,SAT_18877,3.174883223,154.7032155,1.684171211,154.541371,1.672565759,,2000/5/4 4:51:22,SAT_18877,4.515706138,3.174883223,SAT_23426,5.260209743,3.188697717,SAT_19874,4.470715668,3.309544225
frame-z-001458-2-0200,1,Success,TRUE,SAT_23426,3.165594492,154.8535219,1.67977366,154.691517,1.668304234,,2000/5/4 4:51:58,SAT_23426,5.267351288,3.165594492,SAT_18877,4.536596429,3.182338217,SAT_19874,4.479827624,3.300419809
frame-z-001458-2-0204,1,Success,TRUE,SAT_23426,3.32968348,155.4528766,1.662272204,155.290774,1.650329284,,2000/5/4 4:54:21,SAT_23426,5.267351288,3.32968348,SAT_18877,4.536596429,3.346427205,SAT_19874,4.479827624,3.464508797
frame-z-001458-2-0205,1,Success,TRUE,SAT_23426,3.348967721,155.6027934,1.65764857,155.4408203,1.645660366,,2000/5/4 4:54:57,SAT_23426,5.267351288,3.348967721,SAT_18877,4.536596429,3.365711447,SAT_19874,4.479827624,3.483793038
frame-z-001458-2-0206,1,Success,TRUE,SAT_23426,3.376896933,155.7522919,1.652957818,155.5908424,1.640929242,,2000/5/4 4:55:32,SAT_23426,5.267351288,3.376896933,SAT_18877,4.536596429,3.393640658,SAT_19874,4.479827624,3.51172225
frame-z-001458-2-0215,1,Success,TRUE,SAT_23426,3.561498358,156.9392286,1.597078318,157.101909,1.609546554,,2000/5/4 5:00:55,SAT_23426,5.282001945,3.561498358,SAT_18877,4.581966611,3.64365551,SAT_19874,4.499566745,3.726113325
frame-z-001458-2-0207,1,Success,TRUE,SAT_23426,3.383966663,155.9025552,1.648332333,155.7410815,1.636364438,,2000/5/4 4:56:08,SAT_23426,5.274373012,3.383966663,SAT_18877,4.557690268,3.431254035,SAT_19874,4.489077822,3.532724478
frame-z-001458-2-0208,1,Success,TRUE,SAT_23426,3.217420646,156.0524407,1.643416131,155.8898844,1.631842791,,2000/5/4 4:56:44,SAT_23426,5.274373012,3.217420646,SAT_18877,4.557690268,3.264708019,SAT_19874,4.489077822,3.366178462
frame-z-001458-2-0210,1,Success,TRUE,SAT_23426,3.452369217,156.3523538,1.634175404,156.1913782,1.62205117,,2000/5/4 4:57:56,SAT_23426,5.274373012,3.452369217,SAT_18877,4.557690268,3.49965659,SAT_19874,4.489077822,3.601127032
frame-z-001458-2-0211,1,Success,TRUE,SAT_23426,3.301118263,156.5018088,1.629111948,156.3396975,1.617332266,,2000/5/4 4:58:32,SAT_23426,5.274373012,3.301118263,SAT_18877,4.557690268,3.348405636,SAT_19874,4.489077822,3.449876079
frame-z-001458-2-0212,1,Success,TRUE,SAT_23426,3.427244067,156.6517729,1.624623992,156.4899746,1.612509059,,2000/5/4 4:59:07,SAT_23426,5.274373012,3.427244067,SAT_18877,4.557690268,3.47453144,SAT_19874,4.489077822,3.576001883
frame-z-001458-2-0213,1,Success,TRUE,SAT_23426,3.32953366,156.6394678,1.607662151,156.8016558,1.619528295,,2000/5/4 4:59:43,SAT_23426,5.274373012,3.32953366,SAT_18877,4.557690268,3.376821033,SAT_19874,4.489077822,3.478291475
frame-z-001458-2-0226,1,No match,FALSE,N/A,inf,158.6613588,1.708232042,158.6430293,1.739632866,FOVNotMatch,2000/5/4 5:07:29,SAT_05775,3.148932506,48.23144945,SAT_23204,5.102954633,50.59870777,SAT_14307,3.284605236,51.63333339
frame-z-001458-1-0240,1,Success,TRUE,SAT_23426,3.756528133,160.7450039,1.46148456,160.6865695,1.456915819,,2000/5/4 5:15:51,SAT_23426,4.885231953,3.756528133,SAT_18877,4.360348739,3.947235827,SAT_19874,4.113893162,3.970170129
frame-z-001458-1-0241,1,Success,TRUE,SAT_23426,3.697598038,160.9986173,1.463052501,160.8361456,1.450517571,,2000/5/4 5:16:26,SAT_23426,4.885231953,3.697598038,SAT_18877,4.360348739,3.888305733,SAT_19874,4.113893162,3.911240035
frame-z-001458-1-0242,1,Success,TRUE,SAT_23426,3.727023563,161.1486491,1.456947372,160.9875369,1.444434081,,2000/5/4 5:17:02,SAT_23426,4.885231953,3.727023563,SAT_18877,4.360348739,3.917731258,SAT_19874,4.113893162,3.94066556
frame-z-001458-1-0243,1,Success,TRUE,SAT_23426,3.65530203,161.2984974,1.450448075,161.1363432,1.438057942,,2000/5/4 5:17:38,SAT_23426,4.885231953,3.65530203,SAT_18877,4.360348739,3.846009724,SAT_19874,4.113893162,3.868944026
frame-z-001458-1-0245,1,Success,TRUE,SAT_23426,3.666772634,161.5986377,1.437851071,161.4362027,1.425406719,,2000/5/4 5:18:50,SAT_23426,4.885231953,3.666772634,SAT_18877,4.360348739,3.857480328,SAT_19874,4.113893162,3.88041463
frame-z-001458-1-0246,1,Success,TRUE,SAT_23426,3.731303938,161.7479748,1.431407459,161.586425,1.418847905,,2000/5/4 5:19:26,SAT_23426,4.885231953,3.731303938,SAT_18877,4.360348739,3.922011633,SAT_19874,4.113893162,3.944945935
frame-z-001458-1-0248,1,Success,TRUE,SAT_23426,3.681520818,162.0479071,1.41815779,161.885997,1.40581118,,2000/5/4 5:20:37,SAT_23426,4.891938901,3.681520818,SAT_18877,4.386700651,3.906783412,SAT_19874,4.124829303,3.910660918
frame-z-001458-1-0249,1,Success,TRUE,SAT_23426,3.880859052,162.1972527,1.412158365,162.0358407,1.399284889,,2000/5/4 5:21:13,SAT_23426,4.891938901,3.880859052,SAT_18877,4.386700651,4.106121646,SAT_19874,4.124829303,4.109999152
frame-z-001458-1-0250,1,Success,TRUE,SAT_23426,3.796076555,162.3475356,1.405151191,162.1852965,1.392453207,,2000/5/4 5:21:49,SAT_23426,4.891938901,3.796076555,SAT_18877,4.386700651,4.021339149,SAT_19874,4.124829303,4.025216656
frame-z-001458-1-0251,1,Success,TRUE,SAT_23426,3.845940831,162.4974125,1.398630678,162.3353314,1.385803131,,2000/5/4 5:22:25,SAT_23426,4.891938901,3.845940831,SAT_18877,4.386700651,4.071203425,SAT_19874,4.124829303,4.075080932
frame-z-001458-1-0252,1,Success,TRUE,SAT_23426,3.859470386,162.6473173,1.392002581,162.4857026,1.379173527,,2000/5/4 5:23:00,SAT_23426,4.891938901,3.859470386,SAT_18877,4.386700651,4.08473298,SAT_19874,4.124829303,4.088610487
frame-z-001458-1-0253,1,Success,TRUE,SAT_23426,3.754894101,162.7972979,1.384959697,162.6355612,1.37241786,,2000/5/4 5:23:36,SAT_23426,4.891938901,3.754894101,SAT_18877,4.386700651,3.980156695,SAT_19874,4.124829303,3.984034202
frame-z-001458-1-0255,1,Success,TRUE,SAT_10144,2.414094234,163.0971323,1.371413736,162.9347428,1.358746864,,2000/5/4 5:24:48,SAT_10144,5.138176334,2.414094234,SAT_23426,4.897559279,3.811868105,SAT_19874,4.134419056,4.054484035
frame-z-001458-1-0256,1,Success,TRUE,SAT_10144,2.40816996,163.2467635,1.364439057,163.0845606,1.351803581,,2000/5/4 5:25:24,SAT_10144,5.138176334,2.40816996,SAT_23426,4.897559279,3.805943831,SAT_19874,4.134419056,4.048559761
frame-z-001458-1-0257,1,Success,TRUE,SAT_10144,2.385632626,163.3966972,1.357428682,163.2342974,1.34484207,,2000/5/4 5:26:00,SAT_10144,5.138176334,2.385632626,SAT_23426,4.897559279,3.783406497,SAT_19874,4.134419056,4.026022427
frame-z-001458-1-0258,1,Success,TRUE,SAT_10144,2.444766947,163.5465364,1.350538836,163.3845593,1.337816808,,2000/5/4 5:26:35,SAT_10144,5.138176334,2.444766947,SAT_23426,4.897559279,3.842540818,SAT_19874,4.134419056,4.085156748
frame-z-001458-1-0259,1,Success,TRUE,SAT_10144,2.417492688,163.6965268,1.343656991,163.533868,1.330959264,,2000/5/4 5:27:11,SAT_10144,5.138176334,2.417492688,SAT_23426,4.897559279,3.815266559,SAT_19874,4.134419056,4.057882489
frame-z-001458-1-0260,1,Success,TRUE,SAT_10144,2.483140171,163.8462342,1.336481248,163.6844328,1.323663934,,2000/5/4 5:27:47,SAT_10144,5.138176334,2.483140171,SAT_23426,4.897559279,3.880914042,SAT_19874,4.134419056,4.123529972
frame-z-001458-1-0261,1,Success,TRUE,SAT_10144,2.499816791,163.9962185,1.329453824,163.8337645,1.31653721,,2000/5/4 5:28:23,SAT_10144,5.138176334,2.499816791,SAT_23426,4.897559279,3.897590662,SAT_19874,4.134419056,4.140206592
frame-z-001458-1-0262,1,Success,TRUE,SAT_23426,3.941529339,164.1461825,1.32227907,163.984517,1.309388701,,2000/5/4 5:28:59,SAT_23426,4.902983366,3.941529339,SAT_19874,4.14406198,4.197536351,SAT_18877,4.433445396,4.226980714
frame-z-001458-1-0264,1,Success,TRUE,SAT_23426,3.877295222,164.4458108,1.307859684,164.2940722,1.295931901,,2000/5/4 5:30:10,SAT_23426,4.902983366,3.877295222,SAT_19874,4.14406198,4.133302233,SAT_18877,4.433445396,4.162746597
frame-z-001458-5-0352,1,No match,FALSE,N/A,inf,177.6106876,3.194325461,177.4784382,3.338232046,FOVNotMatch,2000/5/4 6:22:43,SAT_11541,5.250974344,15.86232106,SAT_05775,2.939898206,33.50452592,SAT_14307,1.353112284,36.57244339
frame-z-001458-4-0309,1,No match,FALSE,N/A,inf,171.0099409,2.729640412,171.0670115,2.866993309,FOVNotMatch,2000/5/4 5:57:02,SAT_25962,5.985088745,10.15464019,SAT_13901,5.27261194,27.90106782,SAT_21367,5.790629797,53.3733474
frame-z-001458-1-0428,1,No match,FALSE,N/A,inf,188.86721,1.451871923,188.8382317,1.539783213,FOVNotMatch,2000/5/4 7:08:06,SAT_16854,0.081691697,37.03420997,SAT_11007,3.625739912,44.46100564,SAT_05775,3.996825295,57.02583589
frame-z-001458-1-0494,1,Success,TRUE,SAT_25330,0.586271704,198.755812,1.386128942,198.8388393,1.558954614,,2000/5/4 7:47:30,SAT_25330,2.890025742,0.586271704,SAT_14401,0.348170914,35.82132694,SAT_21223,5.200008689,62.44789104
frame-z-001462-4-0223,1,Success,TRUE,SAT_13970,0.033267368,158.8536556,2.275276362,158.7033393,2.294653787,,2000/5/5 5:29:50,SAT_13970,5.730267453,0.033267368,SAT_14307,3.347601384,0.465134408,SAT_15995,2.332901879,0.753853348
frame-z-001462-5-0227,1,No match,FALSE,N/A,inf,159.4457669,2.906185088,159.2921523,2.86442085,FOVNotMatch,2000/5/5 5:32:13,SAT_19874,5.793467187,14.80737691,SAT_15561,3.204266131,15.28902594,SAT_21762,2.304747511,16.31378022
frame-z-001462-2-0260,1,No match,FALSE,N/A,inf,164.4193889,1.729561528,164.2574091,1.684733005,FOVNotMatch,2000/5/5 5:51:56,SAT_23429,5.557733073,14.82909797,SAT_19874,5.24801805,15.2909805,SAT_15561,2.430500187,15.98385451
frame-z-001462-2-0261,1,No match,FALSE,N/A,inf,164.5696015,1.692579536,164.4077198,1.648057421,FOVNotMatch,2000/5/5 5:52:31,SAT_23429,5.557733073,14.73692951,SAT_19874,5.24801805,15.19881204,SAT_15561,2.430500187,15.89168606
frame-z-001462-2-0262,1,No match,FALSE,N/A,inf,164.7199663,1.6565968,164.5578394,1.611211738,FOVNotMatch,2000/5/5 5:53:07,SAT_23429,5.557733073,14.99779251,SAT_19874,5.24801805,15.45967504,SAT_15561,2.430500187,16.15254906
frame-z-001462-2-0263,1,No match,FALSE,N/A,inf,164.8705799,1.619782708,164.7078524,1.574736573,FOVNotMatch,2000/5/5 5:53:43,SAT_23429,5.557733073,14.83177114,SAT_19874,5.24801805,15.29365367,SAT_15561,2.430500187,15.98652768
frame-z-001462-2-0264,1,No match,FALSE,N/A,inf,165.0202603,1.58267887,164.8582347,1.537581697,FOVNotMatch,2000/5/5 5:54:19,SAT_23429,5.557733073,14.91208821,SAT_19874,5.24801805,15.37397074,SAT_15561,2.430500187,16.06684476
frame-z-001462-2-0265,1,No match,FALSE,N/A,inf,165.1710199,1.546178037,165.0700537,1.518010864,FOVNotMatch,2000/5/5 5:54:55,SAT_23429,5.557733073,14.94606863,SAT_19874,5.24801805,15.40795115,SAT_15561,2.430500187,16.10082517
frame-z-001462-4-0238,1,No match,FALSE,N/A,inf,161.091063,2.517037706,160.9474431,2.47803802,FOVNotMatch,2000/5/5 5:38:47,SAT_19874,5.947572291,14.88035665,SAT_15561,3.129604815,15.4482832,SAT_21762,2.498968156,16.50064864
frame-z-001462-4-0240,1,No match,FALSE,N/A,inf,161.4103152,2.451032302,161.2485331,2.406683767,FOVNotMatch,2000/5/5 5:39:59,SAT_19874,5.947572291,15.01715183,SAT_15561,3.129604815,15.58507838,SAT_21762,2.498968156,16.63744382
frame-z-001462-4-0242,1,No match,FALSE,N/A,inf,161.7114212,2.379803052,161.5491582,2.335348432,FOVNotMatch,2000/5/5 5:41:11,SAT_19874,5.947572291,15.00793563,SAT_15561,3.129604815,15.57586218,SAT_21762,2.498968156,16.62822761
frame-z-001462-5-0231,1,No match,FALSE,N/A,inf,160.0555661,2.768766094,159.8948697,2.724964285,FOVNotMatch,2000/5/5 5:34:37,SAT_15561,3.50300672,15.42137033,SAT_21762,2.845400598,16.46104989,SAT_20370,5.984167317,16.63663093
frame-z-001462-1-0271,1,No match,FALSE,N/A,inf,166.0726473,1.324332477,165.9113946,1.279308807,FOVNotMatch,2000/5/5 5:58:30,SAT_23429,5.180918674,15.00453191,SAT_19874,4.910934152,15.48946006,SAT_15561,2.09883643,16.24396815
frame-z-001462-1-0272,1,No match,FALSE,N/A,inf,166.2228066,1.287372222,166.0613217,1.241973001,FOVNotMatch,2000/5/5 5:59:06,SAT_23429,5.180918674,15.10656172,SAT_19874,4.910934152,15.59148987,SAT_15561,2.09883643,16.34599795
frame-z-001462-1-0273,1,No match,FALSE,N/A,inf,166.3744815,1.140713265,166.210811,1.267214004,FOVNotMatch,2000/5/5 5:59:41,SAT_07545,2.799272507,11.47175388,SAT_14497,5.739958023,21.72700005,SAT_11984,3.879535484,23.31540658
frame-z-001462-4-0406,1,No match,FALSE,N/A,inf,186.2871674,2.62879629,186.1271638,2.581093453,FOVNotMatch,2000/5/5 7:19:06,SAT_19874,5.959373268,17.35721595,SAT_25135,5.81077416,18.43005201,SAT_15561,3.951743981,18.80162078
frame-z-001462-4-0407,1,No match,FALSE,N/A,inf,186.436604,2.583710004,186.3672373,2.563259948,FOVNotMatch,2000/5/5 7:19:42,SAT_19874,5.959373268,17.18154931,SAT_25135,5.81077416,18.25438537,SAT_15561,3.951743981,18.62595414
frame-z-001462-6-0561,1,No match,FALSE,N/A,inf,209.4590498,3.346245038,209.3981195,3.123794394,FOVNotMatch,2000/5/5 8:51:39,SAT_25614,1.898945343,19.81546195,SAT_24959,4.480064991,24.52212036,SAT_20944,0.037350761,28.27499726
frame-z-001462-2-0610,1,No match,FALSE,N/A,inf,216.8353948,1.306438752,216.7733925,1.517367964,FOVNotMatch,2000/5/5 9:20:54,SAT_07820,1.961334182,11.38095992,SAT_10518,2.196216275,24.8343817,SAT_26353,1.452458509,48.82773544
frame-z-001462-3-0611,1,No match,FALSE,N/A,inf,216.9960155,1.767479876,216.9471961,1.933640624,FOVNotMatch,2000/5/5 9:21:30,SAT_07820,1.961334182,11.37020953,SAT_10518,2.196216275,24.82363131,SAT_26353,1.452458509,48.83848583
frame-z-001478-4-0064,1,No match,FALSE,N/A,inf,217.7063262,4.350811558,217.6856893,4.345054733,FOVNotMatch,2000/5/10 9:07:32,SAT_15390,1.296080404,43.59458009,SAT_21254,3.204436513,77.23551001,SAT_22354,0.342461862,77.26859546
frame-z-001478-1-0169,1,No match,FALSE,N/A,inf,233.2966859,2.199769805,233.2100736,2.15474153,FOVNotMatch,2000/5/10 10:10:14,SAT_10627,5.572895501,23.14533619,SAT_10181,3.534195033,24.04472994,SAT_25624,3.819805578,24.456217
frame-z-001473-6-0069,1,No match,FALSE,N/A,inf,153.3262376,1.14360683,153.3457862,1.171708115,FOVNotMatch,2000/5/7 3:49:18,SAT_23246,3.493332397,51.34705809,SAT_19508,4.036318261,54.44687081,SAT_23778,4.47262424,54.64128515
frame-z-001473-1-0071,1,No match,FALSE,N/A,inf,153.6918366,-1.106520307,153.6677407,-0.924633651,FOVNotMatch,2000/5/7 3:50:30,SAT_07297,0.132025728,33.81279296,SAT_07229,5.606301226,66.79163472,SAT_02862,1.950988929,69.37956017
frame-z-001473-2-0072,1,No match,FALSE,N/A,inf,153.9385054,-0.712520524,153.9105703,-0.505635937,FOVNotMatch,2000/5/7 3:51:05,SAT_07297,0.132025728,33.6685339,SAT_07229,5.606301226,66.64737566,SAT_02862,1.950988929,69.23530111
frame-z-001481-3-0058,1,No match,FALSE,N/A,inf,164.845481,-0.310563226,164.8011676,-0.202734282,FOVNotMatch,2000/5/11 3:39:06,SAT_07158,0.596792798,7.852559413,SAT_25649,3.457909999,25.09796018,SAT_20413,5.594336845,27.53736484
frame-z-006481-1-0075,1,No match,FALSE,N/A,inf,125.2176452,41.71987737,125.1107014,41.66727598,FOVNotMatch,2006/10/22 11:41:20,SAT_12775,4.081035936,13.62181633,SAT_07143,4.93022669,20.07694683,SAT_10485,1.280091988,29.88123698
frame-z-006481-5-0084,1,No match,FALSE,N/A,inf,126.7298446,43.39198997,126.5363069,43.55220983,FOVNotMatch,2006/10/22 11:46:42,SAT_19754,5.859220296,18.13975785,SAT_10485,0.792660765,69.32444359,SAT_10930,0.11630834,79.75766863
frame-z-006469-3-0098,1,No match,FALSE,N/A,inf,54.10071918,16.76884411,54.22961374,16.75949624,FOVNotMatch,2006/10/20 7:13:33,SAT_10723,4.691989506,11.3075581,SAT_01953,3.070606793,77.95988525,SAT_20469,13.15257486,N/A
frame-z-006469-3-0098,2,No match,FALSE,N/A,inf,54.27489622,16.88826557,54.23087768,16.94633941,FOVNotMatch,2006/10/20 7:13:33,SAT_01953,3.070606793,52.32023548,SAT_10723,4.691989506,61.02743736,SAT_20469,13.15257486,N/A
frame-z-006475-6-0058,1,No match,FALSE,N/A,inf,48.49263836,19.83087645,48.35324767,19.83748174,FOVNotMatch,2006/10/21 8:46:16,SAT_03048,4.88397338,25.72192372,SAT_29433,1.693192771,55.87718637,SAT_29437,1.217681819,56.65859891
frame-z-006475-6-0058,2,No match,FALSE,N/A,inf,48.53475802,19.96047477,48.48839839,20.01753571,FOVNotMatch,2006/10/21 8:46:16,SAT_29433,1.693192771,6.123290609,SAT_29437,1.217681819,6.904703152,SAT_23420,0.041148499,58.65418565
frame-z-006485-5-0101,1,Success,TRUE,SAT_27907,3.367121167,58.221203,12.20818744,58.23930109,12.27603208,,2006/10/23 10:51:33,SAT_27907,0.065814475,3.367121167,SAT_26042,1.176713872,8.096740214,SAT_07435,0.7388047,39.20230619
frame-z-006485-5-0101,2,Success,TRUE,SAT_20835,0.208472219,58.33087407,12.33137693,58.29328887,12.32815538,,2006/10/23 10:51:33,SAT_20835,1.530911384,0.208472219,SAT_07578,2.233499649,0.997698404,SAT_29014,3.365208745,1.488450328
frame-z-006485-4-0080,1,Success,TRUE,SAT_27907,0.256962624,56.17327585,9.74315307,56.18960933,9.816028381,,2006/10/23 10:39:01,SAT_27907,4.782970711,0.256962624,SAT_26742,4.809545459,41.91335225,SAT_10801,4.31467868,47.79791743
frame-z-006485-3-0083,1,Success,TRUE,SAT_27907,0.157125262,56.72841435,9.808691565,56.75621614,9.933735093,,2006/10/23 10:40:48,SAT_27907,4.782970711,0.157125262,SAT_26742,4.809545459,41.81351489,SAT_10801,4.31467868,47.69808007
frame-z-006485-3-0084,1,Success,TRUE,SAT_27907,0.206563643,56.91368635,9.830483184,56.9573412,10.02598736,,2006/10/23 10:41:24,SAT_27907,4.782970711,0.206563643,SAT_26742,4.809545459,41.86295327,SAT_10801,4.31467868,47.74751845
frame-z-006485-1-0061,1,No match,FALSE,N/A,inf,54.82673672,6.983847046,54.91386266,7.13035635,FOVNotMatch,2006/10/23 10:27:40,SAT_04597,0.734768284,9.328288273,SAT_11304,5.874121014,21.96938251,SAT_20862,3.344888489,29.42869021
frame-z-006519-1-0014,1,Success,TRUE,SAT_17838,4.58239214,64.49761836,4.734993006,64.53989115,4.885759324,,2006/11/1 10:11:32,SAT_17838,1.184423421,4.58239214,SAT_00144,4.904389076,13.59268697,SAT_25417,4.150966424,39.55644585
frame-z-006572-1-0039,1,No match,FALSE,N/A,inf,25.16280255,-19.99695846,25.17885971,-19.97092105,FOVNotMatch,2006/11/18 4:16:57,SAT_04996,2.282963391,7.627656989,SAT_08182,2.857146323,8.879489382,SAT_26115,3.973578429,15.14889719
frame-z-006572-1-0039,2,Success,TRUE,SAT_20621,2.33770301,25.17349647,-19.91853193,25.11815308,-19.79979958,,2006/11/18 4:16:57,SAT_20621,5.809887351,2.33770301,SAT_14595,3.006545919,2.823230593,SAT_10839,4.053388412,3.494254093
frame-z-006572-1-0040,1,No match,FALSE,N/A,inf,25.33758643,-19.91858932,25.4151685,-19.79322789,FOVNotMatch,2006/11/18 4:17:32,SAT_04996,2.282963391,7.735267558,SAT_08182,2.857146323,8.987099951,SAT_26115,3.973578429,15.25650776
frame-z-006572-4-0114,1,No match,FALSE,N/A,inf,33.09844836,-11.65378495,33.09668962,-11.53182397,FOVNotMatch,2006/11/18 5:01:43,SAT_03045,0.716840932,40.31298943,SAT_20107,4.379070162,78.56793678,SAT_13631,5.804193935,78.66200998
frame-z-006572-6-0128,1,Success,TRUE,SAT_10459,0.190995141,34.09255193,-9.604938792,34.11626528,-9.482122066,,2006/11/18 5:10:05,SAT_10459,5.082600775,0.190995141,SAT_26082,3.257810906,35.32762414,SAT_13513,0.678787619,40.54932985
frame-z-006585-2-0184,1,No match,FALSE,N/A,inf,111.7881365,31.09256326,111.7764816,31.32647512,FOVNotMatch,2006/11/21 12:08:29,SAT_23398,5.730225326,22.58345099,SAT_21011,2.239474668,24.36140709,SAT_26377,5.445664755,43.88415795
frame-z-006581-6-0221,1,No match,FALSE,N/A,inf,115.2593608,33.63994911,115.2184568,33.86411383,FOVNotMatch,2006/11/20 12:00:14,SAT_19750,1.819786453,17.26524582,SAT_19168,0.036799895,18.4253776,SAT_15055,2.234248069,18.43280766
frame-z-006574-4-0207,1,No match,FALSE,N/A,inf,145.9030552,6.583126919,145.7916077,6.66099789,FOVNotMatch,2006/11/18 11:16:44,SAT_08366,3.906548786,20.96153384,SAT_11569,4.900752341,21.08426114,SAT_10002,1.232740254,21.13699128
frame-z-006574-5-0208,1,No match,FALSE,N/A,inf,145.8739792,6.936591065,145.7328713,7.034702584,FOVNotMatch,2006/11/18 11:17:20,SAT_08366,3.906548786,20.84938575,SAT_11569,4.900752341,20.97211305,SAT_10002,1.232740254,21.02484319
frame-z-006591-6-0029,1,No match,FALSE,N/A,inf,20.73727232,-20.32102246,20.62679051,-20.25001143,FOVNotMatch,2006/11/22 5:21:25,SAT_28660,5.640108996,31.04374553,SAT_11474,0.218457761,34.6887654,SAT_22489,0.126260861,35.54145922
frame-z-006574-5-0122,1,Success,TRUE,SAT_11926,2.794608413,134.6758208,0.444170833,134.633925,0.459679514,,2006/11/18 10:25:59,SAT_11926,3.550969322,2.794608413,SAT_07229,4.614502672,8.104614773,SAT_11569,4.349116688,8.135564775
frame-z-006574-6-0124,1,Success,TRUE,SAT_11926,3.103046315,134.9096689,0.854875014,134.8516724,0.875987682,,2006/11/18 10:27:11,SAT_11926,3.550969322,3.103046315,SAT_07229,4.614502672,7.796176871,SAT_11569,4.349116688,7.827126873
frame-z-006708-5-0050,1,Success,TRUE,SAT_10011,1.227305369,70.74800538,-5.533773405,70.84371647,-5.366467733,,2007/2/7 2:09:29,SAT_10011,0.89679487,1.227305369,SAT_25454,5.498717126,7.597616448,SAT_29673,5.379100019,9.299798609
frame-z-006708-5-0050,2,No match,FALSE,N/A,inf,70.68114324,-5.410074597,70.76309802,-5.287939311,FOVNotMatch,2007/2/7 2:09:29,SAT_10011,0.89679487,5.31301592,SAT_25454,5.498717126,11.683327,SAT_29673,5.379100019,13.38550916
frame-z-006708-2-0050,1,Success,TRUE,SAT_29642,3.986587492,71.38929935,-6.496755786,71.2586546,-6.481672559,,2007/2/7 2:09:29,SAT_29642,2.73259695,3.986587492,SAT_28936,1.441457452,6.086597279,SAT_24315,3.727964662,6.615660715
frame-z-006708-5-0051,1,No match,FALSE,N/A,inf,70.85147622,-5.410246993,70.95470566,-5.255754872,FOVNotMatch,2007/2/7 2:10:05,SAT_10011,0.89679487,5.201915655,SAT_25454,5.498717126,11.57222673,SAT_29673,5.379100019,13.27440889
frame-z-006708-5-0051,2,Success,TRUE,SAT_10011,1.327904382,70.99913637,-5.416837007,71.02095377,-5.378851523,,2007/2/7 2:10:05,SAT_10011,0.89679487,1.327904382,SAT_25454,5.498717126,7.698215461,SAT_29673,5.379100019,9.400397622
frame-z-006708-2-0051,1,Success,TRUE,SAT_29642,3.666922725,71.54075878,-6.341886101,71.47752223,-6.334938301,,2007/2/7 2:10:05,SAT_29642,2.73259695,3.666922725,SAT_28936,1.441457452,5.766932512,SAT_24315,3.727964662,6.295995948
frame-z-006708-5-0052,1,No match,FALSE,N/A,inf,71.02757591,-5.402026173,71.12529721,-5.255818732,FOVNotMatch,2007/2/7 2:10:40,SAT_10011,0.89679487,5.209544456,SAT_25454,5.498717126,11.57985554,SAT_29673,5.379100019,13.2820377
frame-z-006708-4-0055,1,No match,FALSE,N/A,inf,71.53394278,-5.409984965,71.59387027,-5.320050966,FOVNotMatch,2007/2/7 2:12:28,SAT_10011,0.89679487,5.127862892,SAT_25454,5.498717126,11.49817397,SAT_29673,5.379100019,13.20035613
frame-z-006708-4-0056,1,No match,FALSE,N/A,inf,71.70500122,-5.409690927,71.80760105,-5.255365231,FOVNotMatch,2007/2/7 2:13:04,SAT_10011,0.89679487,5.068893651,SAT_25454,5.498717126,11.43920473,SAT_29673,5.379100019,13.14138689
frame-z-006709-1-0022,1,No match,FALSE,N/A,inf,117.2592552,31.9690894,117.2135982,32.19078777,FOVNotMatch,2007/2/7 4:35:26,SAT_16962,5.97595908,12.02453343,SAT_19168,4.712337465,12.58541192,SAT_13610,2.563702158,12.64535473
frame-z-006708-2-0066,1,No match,FALSE,N/A,inf,73.42048581,-5.423215797,73.52281259,-5.267972899,FOVNotMatch,2007/2/7 2:19:02,SAT_07198,0.251195143,10.25120069,SAT_23622,4.437380712,13.7038071,SAT_22032,4.072793839,46.11474462
frame-z-006708-2-0067,1,No match,FALSE,N/A,inf,73.59174557,-5.423172701,73.6935831,-5.267555765,FOVNotMatch,2007/2/7 2:19:38,SAT_07198,0.251195143,10.0622759,SAT_23622,4.437380712,13.5148823,SAT_22032,4.072793839,46.30366942
frame-z-006708-2-0068,1,No match,FALSE,N/A,inf,73.82286297,-5.331317588,73.86456615,-5.267622973,FOVNotMatch,2007/2/7 2:20:14,SAT_07198,0.251195143,10.07722772,SAT_23622,4.437380712,13.52983413,SAT_22032,4.072793839,46.28871759
frame-z-006708-5-0082,1,No match,FALSE,N/A,inf,74.89405271,-3.108490959,74.97265186,-3.022372555,FOVNotMatch,2007/2/7 2:28:35,SAT_12332,5.990626755,12.97735851,SAT_23622,4.252419768,22.55680921,SAT_23267,1.364148418,38.28407579
frame-z-006752-4-0048,1,No match,FALSE,N/A,inf,178.7495177,60.04704732,178.9703186,60.09963858,FOVNotMatch,2007/3/14 8:48:46,SAT_24276,5.814494999,18.66417245,SAT_23642,5.045919265,27.64049928,SAT_10614,5.257085306,32.81036559
frame-z-006708-5-0085,1,No match,FALSE,N/A,inf,75.36380558,-3.031601939,75.48007352,-2.903733566,FOVNotMatch,2007/2/7 2:30:23,SAT_24946,3.836575966,21.17914933,SAT_20266,5.913758559,37.22533173,SAT_15677,5.449371648,37.88786797
frame-z-006708-4-0090,1,No match,FALSE,N/A,inf,76.14839212,-2.902389704,76.22302184,-2.819819156,FOVNotMatch,2007/2/7 2:33:22,SAT_24946,3.836575966,21.0105119,SAT_20266,5.913758559,37.39396916,SAT_15677,5.449371648,38.05650539
frame-z-006708-4-0093,1,No match,FALSE,N/A,inf,76.61758106,-2.827083172,76.73369214,-2.698251441,FOVNotMatch,2007/2/7 2:35:09,SAT_23257,5.256145489,21.06598917,SAT_13380,5.350143593,24.08560684,SAT_27374,5.89982624,34.96405836
frame-z-006708-3-0098,1,No match,FALSE,N/A,inf,77.40210016,-2.699269601,77.47987126,-2.612773837,FOVNotMatch,2007/2/7 2:38:08,SAT_23257,5.256145489,21.13087158,SAT_13380,5.350143593,24.02072444,SAT_27374,5.89982624,34.89917595
frame-z-006751-5-0104,1,No match,FALSE,N/A,inf,209.3424557,2.852274708,209.4214763,2.819625873,FOVNotMatch,2007/3/14 7:36:12,SAT_19121,2.975639286,13.38434002,SAT_20401,5.549816219,13.82487452,SAT_23429,2.946869635,15.90921326
frame-z-006781-2-0030,1,No match,FALSE,N/A,inf,175.194291,-3.481648219,175.1395059,-3.432896197,FOVNotMatch,2007/4/15 4:28:40,SAT_27878,3.157973719,16.29256322,SAT_07298,4.976399791,23.52168964,SAT_06052,0.099495724,25.30431869
frame-z-006781-4-0046,1,No match,FALSE,N/A,inf,175.6094646,-1.000033978,175.5594126,-0.926461788,FOVNotMatch,2007/4/15 4:38:14,SAT_06052,3.592136339,39.31306766,SAT_12850,5.850668282,39.32339689,SAT_29002,2.107419296,42.83224194
frame-z-006781-1-0089,1,No match,FALSE,N/A,inf,179.8023178,3.962180184,179.710488,3.946797806,FOVNotMatch,2007/4/15 5:03:54,SAT_22724,4.56334473,10.90833051,SAT_22911,4.047832287,10.97994316,SAT_21149,5.673197915,11.96704934
frame-z-006782-1-0147,1,No match,FALSE,N/A,inf,223.2225128,-9.024041978,223.1213563,-8.881273698,FOVNotMatch,2007/4/15 7:08:21,SAT_12808,1.679008317,9.411174148,SAT_11964,4.607806005,41.08737918,SAT_14050,0.090744413,41.55481295
frame-z-006782-1-0148,1,No match,FALSE,N/A,inf,223.3801304,-9.061373994,223.2787378,-8.918248532,FOVNotMatch,2007/4/15 7:08:57,SAT_12808,1.679008317,9.403928229,SAT_11964,4.607806005,41.0946251,SAT_14050,0.090744413,41.56205887
frame-z-006782-1-0149,1,No match,FALSE,N/A,inf,223.5372778,-9.097758347,223.4362906,-8.955447855,FOVNotMatch,2007/4/15 7:09:33,SAT_12808,1.679008317,9.44705724,SAT_11964,4.607806005,41.05149609,SAT_14050,0.090744413,41.51892985
frame-z-006782-1-0150,1,No match,FALSE,N/A,inf,223.6957848,-9.13547535,223.6092733,-9.014518546,FOVNotMatch,2007/4/15 7:10:08,SAT_12808,1.679008317,9.655402713,SAT_11964,4.607806005,40.84315061,SAT_14050,0.090744413,41.31058438
frame-z-006782-2-0154,1,No match,FALSE,N/A,inf,224.2924831,-9.23631144,224.2242658,-9.141531522,FOVNotMatch,2007/4/15 7:12:32,SAT_26205,2.743555899,24.55168554,SAT_11964,4.633955434,40.83144038,SAT_14050,0.112330663,41.21860609
frame-z-006782-2-0155,1,No match,FALSE,N/A,inf,224.4843306,-9.320928263,224.4167197,-9.226833555,FOVNotMatch,2007/4/15 7:13:08,SAT_26205,2.743555899,24.49991996,SAT_11964,4.633955434,40.88320596,SAT_14050,0.112330663,41.27037166
frame-z-006782-6-0127,1,No match,FALSE,N/A,inf,221.9298888,-5.59048045,221.8169295,-5.53601847,FOVNotMatch,2007/4/15 6:56:24,SAT_14050,3.121793509,12.21507668,SAT_19777,3.64764081,12.62241301,SAT_21041,3.588319959,13.64323331
frame-z-006850-2-0149,1,No match,FALSE,N/A,inf,322.2120845,17.20749142,322.4143753,17.23770544,FOVNotMatch,2007/6/13 9:43:55,SAT_00602,4.040833731,72.36697044,SAT_29668,5.296437879,76.21818492,SAT_07493,0.1425257,78.30286661
frame-z-006793-3-0065,1,Success,TRUE,SAT_25086,0.381595368,170.4299009,-0.201902528,170.2730433,-0.200658849,,2007/4/20 6:06:21,SAT_25086,5.227480061,0.381595368,SAT_25922,5.513106005,0.484274306,SAT_21726,3.162647386,0.530411485
frame-z-006850-4-0183,1,No match,FALSE,N/A,inf,326.7085918,14.414,326.8947309,14.55258858,FOVNotMatch,2007/6/13 10:04:13,SAT_23953,0.04769695,19.04221994,SAT_28114,4.7873106,28.99640271,SAT_02122,3.061153544,42.18534199
frame-z-006793-1-0124,1,No match,FALSE,N/A,inf,179.1504672,-1.253399375,179.1267749,-1.157185761,FOVNotMatch,2007/4/20 6:41:35,SAT_27958,3.04726241,7.055881746,SAT_11696,4.932111584,12.65595398,SAT_00357,5.521653677,21.08838192
frame-z-006794-1-0021,1,No match,FALSE,N/A,inf,216.2591334,-4.031044419,216.1992499,-3.938371224,FOVNotMatch,2007/4/20 7:14:30,SAT_19776,1.364849857,43.90392375,SAT_13631,3.633647477,44.53182832,SAT_14133,0.080380787,44.60075879
frame-z-006794-6-0055,1,No match,FALSE,N/A,inf,221.5037869,-5.319764056,221.4577188,-5.200637671,FOVNotMatch,2007/4/20 7:34:48,SAT_00409,0.369563928,12.82074898,SAT_06677,0.620659472,45.54740053,SAT_19776,1.828671747,55.62490387
frame-z-006794-2-0140,1,No match,FALSE,N/A,inf,231.4097757,-13.72484564,231.3804078,-13.5766762,FOVNotMatch,2007/4/20 8:25:33,SAT_11144,2.952909113,64.32063326,SAT_11964,5.960683368,65.77642431,SAT_19776,5.490685274,66.11454099
frame-z-007178-4-0138,1,No match,FALSE,N/A,inf,86.66652789,2.930325051,86.78165194,3.061026368,FOVNotMatch,2007/11/19 10:36:59,SAT_08435,4.907003633,29.83398813,SAT_23230,4.752253052,32.45893019,SAT_31535,4.911235892,35.76086786
frame-z-007178-3-0143,1,No match,FALSE,N/A,inf,87.45576129,3.049552821,87.51798517,3.120305994,FOVNotMatch,2007/11/19 10:39:58,SAT_08435,4.907003633,29.78748937,SAT_23230,4.752253052,32.50542894,SAT_31535,4.911235892,35.71436911
frame-z-007178-3-0147,1,Success,TRUE,SAT_06324,0.384588257,88.13927809,3.202430357,88.20240346,3.274162933,,2007/11/19 10:42:21,SAT_06324,3.325408837,0.384588257,SAT_09982,5.49100039,21.96698655,SAT_23230,5.19071096,32.69586198
frame-z-007183-1-0029,1,No match,FALSE,N/A,inf,11.03251137,-1.253276019,10.96328298,-1.028993947,FOVNotMatch,2007/11/20 4:51:02,SAT_18271,4.464422751,17.52187623,SAT_22563,2.022986665,52.94280088,SAT_25510,3.156604334,68.93950688
frame-z-007183-2-0030,1,No match,FALSE,N/A,inf,11.20238372,-0.833869928,11.13319247,-0.60973743,FOVNotMatch,2007/11/20 4:51:38,SAT_18271,4.464422751,17.525904,SAT_22563,2.022986665,52.93877312,SAT_25510,3.156604334,68.93547911
frame-z-007183-3-0031,1,No match,FALSE,N/A,inf,11.37189721,-0.414082264,11.3028857,-0.190456501,FOVNotMatch,2007/11/20 4:52:13,SAT_18271,4.464422751,17.52150971,SAT_22563,2.022986665,52.94316741,SAT_25510,3.156604334,68.9398734
frame-z-007183-5-0032,1,No match,FALSE,N/A,inf,11.41262362,0.424036314,11.39605302,0.477571698,FOVNotMatch,2007/11/20 4:52:49,SAT_18271,4.464422751,17.56953067,SAT_22563,2.022986665,52.89514645,SAT_25510,3.156604334,68.89185244
frame-z-007183-5-0033,1,No match,FALSE,N/A,inf,11.70844684,0.435777761,11.64298406,0.647979235,FOVNotMatch,2007/11/20 4:53:25,SAT_18271,4.464422751,17.51530123,SAT_22563,2.022986665,52.94937588,SAT_25510,3.156604334,68.94608188
frame-z-007183-6-0033,1,No match,FALSE,N/A,inf,11.58215956,0.844322968,11.54556431,0.96302766,FOVNotMatch,2007/11/20 4:53:25,SAT_18271,4.464422751,17.50326988,SAT_22563,2.022986665,52.96140723,SAT_25510,3.156604334,68.95811323
frame-z-007264-1-0037,1,Success,TRUE,SAT_28420,1.115812485,30.83917761,-15.1610987,30.80796458,-14.97354231,,2008/1/1 3:41:57,SAT_28420,5.462903728,1.115812485,SAT_25346,2.511790048,4.386136813,SAT_10717,0.511415824,15.38597891
frame-z-007264-3-0121,1,Success,TRUE,SAT_16996,4.080467791,39.6085484,-6.028667381,39.64821675,-5.89864721,,2008/1/1 4:32:06,SAT_16996,5.402498777,4.080467791,SAT_24715,4.900560339,55.96516749,SAT_19397,4.902721268,59.77998987
frame-z-007264-1-0097,1,Success,TRUE,SAT_22354,4.16191521,37.52781055,-9.090883168,37.55586009,-8.951168814,,2008/1/1 4:17:46,SAT_22354,1.744952538,4.16191521,SAT_26233,5.553225187,8.852060541,SAT_17271,0.97913769,14.17147948
frame-z-007264-1-0098,1,Success,TRUE,SAT_22354,4.115893772,37.71434163,-9.070353629,37.75432248,-8.872017373,,2008/1/1 4:18:22,SAT_22354,1.744952538,4.115893772,SAT_26233,5.553225187,8.898081979,SAT_17271,0.97913769,14.21750091
frame-z-007264-1-0099,1,Success,TRUE,SAT_22354,4.081308988,37.92679768,-8.919690282,37.94068862,-8.850980734,,2008/1/1 4:18:58,SAT_22354,1.744952538,4.081308988,SAT_26233,5.553225187,8.932666762,SAT_17271,0.97913769,14.2520857
frame-z-007674-1-0035,1,No match,FALSE,N/A,inf,3.607052222,-4.025022044,3.558171045,-4.008659469,FOVNotMatch,2008/9/6 8:13:41,SAT_19106,0.573328431,14.65606209,SAT_29106,5.241762762,17.87457331,SAT_08882,2.972546289,18.49456856
frame-z-007675-4-0142,1,Success,TRUE,SAT_03029,0.451882237,40.99589486,2.265995851,41.08383142,2.267852989,,2008/9/6 11:01:38,SAT_03029,5.96017908,0.451882237,SAT_03289,2.229119821,2.023000073,SAT_02863,5.648046185,2.332011005
frame-z-007708-2-0011,1,No match,FALSE,N/A,inf,329.0118014,19.80082175,329.0077995,20.03090914,FOVNotMatch,2008/10/1 7:45:17,SAT_23830,0.543734631,9.497911697,SAT_33378,0.078486306,26.39230715,SAT_33383,0.062636536,26.81807437
frame-z-007709-6-0095,1,No match,FALSE,N/A,inf,36.58186179,22.73958194,36.56499539,22.7883742,FOVNotMatch,2008/10/1 11:29:12,SAT_11681,2.164678061,9.112066931,SAT_31449,2.224709653,11.24038497,SAT_07272,0.846321286,11.41662492
frame-z-007709-6-0120,1,No match,FALSE,N/A,inf,40.68137902,21.94921202,40.62064533,22.07226971,FOVNotMatch,2008/10/1 11:44:07,SAT_29933,2.379297168,6.635216657,SAT_08183,5.784497091,10.90425991,SAT_27893,5.356002196,17.85615748
frame-z-007709-6-0135,1,No match,FALSE,N/A,inf,42.87374801,21.49098182,42.93087443,21.51163504,FOVNotMatch,2008/10/1 11:53:05,SAT_26076,3.861250669,11.08512752,SAT_04907,1.650891572,15.28934793,SAT_23756,3.24750579,38.01618623
frame-z-007709-6-0136,1,No match,FALSE,N/A,inf,42.99817098,21.34478879,43.20106813,21.41931797,FOVNotMatch,2008/10/1 11:53:41,SAT_26076,3.861250669,11.37823441,SAT_04907,1.650891572,15.58245482,SAT_23756,3.24750579,38.30929312
frame-z-007709-6-0137,1,No match,FALSE,N/A,inf,43.19981189,21.22731863,43.32492844,21.27289729,FOVNotMatch,2008/10/1 11:54:16,SAT_26076,3.861250669,11.19897586,SAT_04907,1.650891572,15.40319627,SAT_23756,3.24750579,38.13003457
frame-z-007713-1-0257,1,No match,FALSE,N/A,inf,4.166723529,16.49947637,4.05526627,16.58068018,FOVNotMatch,2008/10/2 9:13:53,SAT_26899,2.943183536,10.84665994,SAT_28144,3.236617863,36.91283931,SAT_23756,4.542519497,44.52436648
frame-z-007713-3-0312,1,No match,FALSE,N/A,inf,12.83432659,17.32575364,12.80945804,17.36172683,FOVNotMatch,2008/10/2 9:46:44,SAT_26899,2.315399808,27.58505414,SAT_23590,2.968135704,48.29838866,SAT_23756,4.528636406,59.24596228
frame-z-007713-6-0348,1,No match,FALSE,N/A,inf,18.39637184,18.18465475,18.54870321,18.31840128,FOVNotMatch,2008/10/2 10:08:13,SAT_15836,1.302070555,20.93937571,SAT_26777,3.101299343,22.97404436,SAT_20760,3.516546038,29.93847297
frame-z-007713-2-0402,1,Success,TRUE,SAT_15836,0.648540886,26.75644911,15.84477768,26.83864242,15.87303548,,2008/10/2 10:40:28,SAT_15836,5.817480309,0.648540886,SAT_00739,5.134056191,21.97959725,SAT_23756,5.611671606,24.09317229
frame-z-007712-1-0096,1,No match,FALSE,N/A,inf,324.9948083,0.907664037,325.1339151,1.097312467,FOVNotMatch,2008/10/2 2:50:44,SAT_32398,4.281406856,18.17037194,SAT_02219,5.994293702,50.24728085,SAT_00643,2.79458077,56.17276117
frame-z-007712-1-0097,1,No match,FALSE,N/A,inf,325.2828134,0.901334687,325.3066095,0.933983366,FOVNotMatch,2008/10/2 2:51:19,SAT_32398,4.281406856,17.99761623,SAT_02219,5.994293702,50.42003656,SAT_00643,2.79458077,56.00000546
frame-z-007717-1-0269,1,No match,FALSE,N/A,inf,350.9690849,1.169995465,351.0437886,1.251264439,FOVNotMatch,2008/10/3 4:44:40,SAT_15245,3.715744557,13.76351889,SAT_07318,4.427813274,32.77480731,SAT_25000,3.124562606,36.80963404
frame-z-007717-1-0269,2,Success,TRUE,SAT_21327,2.477868859,351.040852,1.240543562,350.8862318,1.259981427,,2008/10/3 4:44:40,SAT_21327,5.454397344,2.477868859,SAT_25090,1.904216693,3.900355685,SAT_27025,5.254428577,7.111220647
frame-z-007717-1-0279,1,No match,FALSE,N/A,inf,352.4702918,1.184620462,352.5413243,1.215684747,FOVNotMatch,2008/10/3 4:50:38,SAT_07318,4.072684088,9.044206984,SAT_25000,2.86503495,13.11247177,SAT_28556,0.364634553,16.64145745
frame-z-007717-3-0352,1,Success,TRUE,SAT_23412,1.796684136,3.389865833,2.081838358,3.345428457,2.305911689,,2008/10/3 5:34:13,SAT_23412,0.233857158,1.796684136,SAT_29441,4.727627023,8.647346325,SAT_14483,3.278757124,11.49504703
frame-z-007717-6-0425,1,No match,FALSE,N/A,inf,14.36107749,3.311318407,14.41369226,3.378842979,FOVNotMatch,2008/10/3 6:17:48,SAT_21601,1.191570326,13.64669887,SAT_14884,5.144864978,17.83098885,SAT_21589,3.88742965,25.43932092
frame-z-007718-2-0125,1,No match,FALSE,N/A,inf,20.55846126,4.227927522,20.4874642,4.251105344,FOVNotMatch,2008/10/3 9:44:56,SAT_04297,4.011737301,25.79756197,SAT_03745,0.547682886,26.34717475,SAT_29014,4.681145347,31.57239164
frame-z-007717-3-0467,1,No match,FALSE,N/A,inf,20.69598254,2.018497026,20.53517221,2.147220092,FOVNotMatch,2008/10/3 6:42:53,SAT_08179,4.740543878,35.83105484,SAT_02215,5.806907936,38.88797149,SAT_32763,2.690770467,42.71499325
frame-z-007717-4-0625,1,No match,FALSE,N/A,inf,44.25425674,2.081260042,44.36316532,2.160305765,FOVNotMatch,2008/10/3 8:17:13,SAT_15386,4.551375383,20.82905728,SAT_12967,5.553834724,22.20966278,SAT_20107,5.594924591,22.56174152
frame-z-007718-5-0176,1,No match,FALSE,N/A,inf,28.09579632,5.435386552,28.12276782,5.403731039,FOVNotMatch,2008/10/3 10:15:23,SAT_28185,4.490732267,18.19396724,SAT_10144,3.83254978,51.02064902,SAT_04297,4.093994694,55.96305636
frame-z-007718-5-0177,1,No match,FALSE,N/A,inf,28.37552431,5.44902571,28.4090701,5.410152828,FOVNotMatch,2008/10/3 10:15:59,SAT_28185,4.490732267,17.83381465,SAT_10144,3.83254978,50.66049643,SAT_04297,4.093994694,55.60290377
frame-z-007727-6-0106,1,No match,FALSE,N/A,inf,5.901716599,5.871290296,5.980123078,5.857224766,FOVNotMatch,2008/10/8 8:54:28,SAT_25743,4.608796382,8.72933685,SAT_03431,5.309011215,19.38430483,SAT_20799,4.78817692,24.70807703
frame-z-007727-6-0107,1,No match,FALSE,N/A,inf,6.054218638,5.897993916,6.216070088,5.868524381,FOVNotMatch,2008/10/8 8:55:04,SAT_25743,4.608796382,8.579271791,SAT_03431,5.309011215,19.53436989,SAT_20799,4.78817692,24.85814209
frame-z-007718-1-0201,1,No match,FALSE,N/A,inf,31.88123628,3.573012414,31.78500499,3.592679307,FOVNotMatch,2008/10/3 10:30:19,SAT_04297,5.107646672,17.11009481,SAT_25983,1.295660498,21.22026435,SAT_29014,5.789544149,23.10985457
frame-z-007718-6-0259,1,No match,FALSE,N/A,inf,40.63498751,5.122102962,40.73181186,5.340936673,FOVNotMatch,2008/10/3 11:04:57,SAT_22332,5.278302343,20.32356648,SAT_05696,3.437938997,21.07845783,SAT_31094,0.593037792,21.77106528
frame-z-007727-2-0207,1,No match,FALSE,N/A,inf,21.22422709,4.152506022,21.20332031,4.192114686,FOVNotMatch,2008/10/8 9:54:47,SAT_21905,2.956934022,8.379019229,SAT_26899,3.379718826,26.73448954,SAT_18651,5.501439878,34.90568426
frame-z-007727-1-0214,1,No match,FALSE,N/A,inf,22.1618498,3.606916481,22.26456509,3.712503548,FOVNotMatch,2008/10/8 9:58:57,SAT_11147,3.68423675,27.98300023,SAT_06976,5.351513612,30.21526827,SAT_29014,1.542460813,33.3506102
frame-z-007727-4-0220,1,No match,FALSE,N/A,inf,23.07294015,4.87223753,23.03306273,4.888163391,FOVNotMatch,2008/10/8 10:02:32,SAT_26899,4.396845351,14.14809407,SAT_03431,2.335562532,28.78672342,SAT_20799,1.044401309,34.09827661
frame-z-007727-4-0220,2,Success,TRUE,SAT_03431,4.272642684,23.0350014,4.965978492,23.19822546,4.973567388,,2008/10/8 10:02:32,SAT_03431,2.335562532,4.272642684,SAT_20799,1.044401309,9.584195871,SAT_29014,1.542460813,9.825699656
frame-z-007727-4-0251,1,Success,TRUE,SAT_03431,0.581221497,27.69091142,4.821295981,27.72747918,4.824781668,,2008/10/8 10:21:03,SAT_03431,2.360018729,0.581221497,SAT_20799,1.114150947,5.804185758,SAT_29014,1.659360006,6.048432769
frame-z-007718-2-0293,1,No match,FALSE,N/A,inf,45.75044317,3.318927947,45.58877832,3.340545149,FOVNotMatch,2008/10/3 11:25:15,SAT_02218,5.991319892,5.85726818,SAT_04297,5.702370456,10.29234475,SAT_25025,3.940427802,11.61400054
frame-z-007718-2-0294,1,No match,FALSE,N/A,inf,45.90068164,3.321521523,45.73832026,3.343238325,FOVNotMatch,2008/10/3 11:25:51,SAT_02218,5.991319892,5.859532627,SAT_04297,5.702370456,10.29460919,SAT_25025,3.940427802,11.61626499
frame-z-007718-2-0295,1,No match,FALSE,N/A,inf,46.05099419,3.324279275,45.88872822,3.346084426,FOVNotMatch,2008/10/3 11:26:27,SAT_02218,5.991319892,5.894682544,SAT_04297,5.702370456,10.32975911,SAT_25025,3.940427802,11.65141491
frame-z-007729-4-0021,1,Success,TRUE,SAT_14497,4.641625916,353.8627368,7.533028442,353.9731107,7.543955562,,2008/10/9 8:24:43,SAT_14497,2.901214629,4.641625916,SAT_24772,2.224847559,7.228210737,SAT_22501,5.241261149,8.338426882
frame-z-007729-2-0129,1,No match,FALSE,N/A,inf,10.19142109,6.676720392,10.33034019,6.742946886,FOVNotMatch,2008/10/9 9:29:12,SAT_28809,4.325134822,11.21991328,SAT_29014,4.714835331,12.07994053,SAT_23324,1.028211203,12.63512079
frame-z-007741-1-0037,1,No match,FALSE,N/A,inf,318.2484627,3.912192268,318.1763851,4.109735139,FOVNotMatch,2008/10/19 1:51:41,SAT_22744,4.137238843,31.57598631,SAT_21876,0.116106962,38.14579979,SAT_26234,5.695975361,42.84599928
frame-z-007741-2-0037,1,No match,FALSE,N/A,inf,318.1068459,4.300743613,318.0278561,4.517474834,FOVNotMatch,2008/10/19 1:51:41,SAT_22744,4.137238843,31.54585426,SAT_21876,0.116106962,38.11566774,SAT_26234,5.695975361,42.81586723
frame-z-007729-3-0159,1,No match,FALSE,N/A,inf,14.69763678,7.080927543,14.86261971,7.134340168,FOVNotMatch,2008/10/9 9:47:07,SAT_29014,4.105310689,5.15007789,SAT_10442,3.553330354,7.130045745,SAT_03431,4.155708764,10.7777053
frame-z-007729-4-0159,1,No match,FALSE,N/A,inf,14.82227176,7.43454443,14.86903372,7.416677137,FOVNotMatch,2008/10/9 9:47:07,SAT_32023,4.346514675,11.51293212,SAT_03431,4.155708764,28.36414964,SAT_10442,3.553330354,32.01180919
frame-z-007757-1-0192,1,No match,FALSE,N/A,inf,27.67317117,24.61102251,27.60051631,24.64600635,FOVNotMatch,2008/10/25 9:37:37,SAT_00575,1.942755561,9.206004152,SAT_01587,0.704873522,12.75318814,SAT_06939,2.301741107,21.24444493
frame-z-007754-1-0103,1,No match,FALSE,N/A,inf,328.3887286,2.970210412,328.2874702,3.187916057,FOVNotMatch,2008/10/25 2:35:59,SAT_10121,0.137509909,5.284789445,SAT_28163,0.033476494,43.93982837,SAT_21049,2.860515414,80.84519105
frame-z-007754-6-0287,1,No match,FALSE,N/A,inf,355.9661559,6.170575905,355.9019876,6.212195603,FOVNotMatch,2008/10/25 4:25:50,SAT_03029,4.404925392,42.29573986,SAT_04250,5.039080967,44.99438932,SAT_04902,5.88455252,46.87793778
frame-z-007759-6-0018,1,No match,FALSE,N/A,inf,333.2373229,7.227967454,333.193384,7.449939973,FOVNotMatch,2008/10/26 4:53:21,SAT_20028,4.135837292,11.22751929,SAT_23511,2.536135545,11.76493901,SAT_18153,0.153983673,17.94432377
frame-z-007760-3-0060,1,Success,TRUE,SAT_25868,0.858687719,16.3576327,6.989912747,16.27120604,7.00800198,,2008/10/26 7:04:54,SAT_25868,2.59322322,0.858687719,SAT_04068,2.8035419,21.38971224,SAT_20799,4.331026488,25.39825611
frame-z-007760-3-0149,1,Success,TRUE,SAT_14131,4.646021178,29.68167233,6.402909132,29.74940934,6.587082641,,2008/10/26 7:58:03,SAT_14131,4.965560586,4.646021178,SAT_32776,1.970047655,10.29962513,SAT_07350,4.994582952,32.52587293
frame-z-007765-4-0172,1,Success,TRUE,SAT_26072,0.606727246,337.5646576,4.636113134,337.4904116,4.66494412,,2008/10/28 5:39:14,SAT_26072,3.094548679,0.606727246,SAT_32405,5.975129515,15.00905731,SAT_26807,5.164027839,16.45290091
frame-z-007767-2-0082,1,Success,TRUE,SAT_02867,0.205942172,22.07382564,9.057957617,22.12416553,9.062747645,,2008/10/28 8:42:46,SAT_02867,4.809451215,0.205942172,SAT_17728,3.490932807,2.976184351,SAT_04881,3.235508285,7.043556747
frame-z-007770-4-0074,1,Success,TRUE,SAT_02337,0.247842827,323.2836986,7.540800835,323.4393499,7.52358775,,2008/10/29 2:11:28,SAT_02337,0.154072558,0.247842827,SAT_28155,4.610107588,8.549764006,SAT_08790,5.586870123,66.13081419
frame-z-007767-3-0108,1,Success,TRUE,SAT_32764,3.17133603,25.98930236,9.191699124,26.05076974,9.17199001,,2008/10/28 8:58:18,SAT_32764,1.717394978,3.17133603,SAT_08840,5.719235302,13.78043906,SAT_02867,5.018009613,22.49979794
frame-z-007773-1-0170,1,No match,FALSE,N/A,inf,338.7505563,10.19446535,338.7846342,10.27728562,FOVNotMatch,2008/10/29 6:28:20,SAT_16103,2.870152136,11.9615922,SAT_20886,3.038143846,30.0833929,SAT_21030,1.679062566,35.74073203
frame-z-007773-6-0213,1,Success,TRUE,SAT_02327,0.061740248,345.0402547,12.99303112,345.1468352,12.9817515,,2008/10/29 6:54:01,SAT_02327,4.669903548,0.061740248,SAT_19561,0.289597198,10.16250443,SAT_26789,4.423055823,11.27936827
frame-z-007773-1-0339,1,No match,FALSE,N/A,inf,4.377566002,11.45437001,4.525794763,11.59109916,FOVNotMatch,2008/10/29 8:09:15,SAT_20435,4.611461026,30.03926845,SAT_07488,2.464619167,34.12205555,SAT_03132,5.73091484,39.92054632
frame-z-007778-3-0080,1,No match,FALSE,N/A,inf,324.5868,-2.108222839,324.4693658,-2.045413469,FOVNotMatch,2008/10/30 3:50:28,SAT_28627,4.365086723,23.31039713,SAT_23201,3.906078019,23.84450453,SAT_28138,3.711028437,24.20860587
frame-z-007778-5-0085,1,Success,TRUE,SAT_28790,1.402809872,325.2424039,-1.228568451,325.4052402,-1.224569969,,2008/10/30 3:53:27,SAT_28790,4.895779953,1.402809872,SAT_25922,3.266920148,1.418877127,SAT_33275,4.959758292,1.431363318
frame-z-007778-5-0087,1,Success,TRUE,SAT_28790,1.533852763,325.5414541,-1.253115593,325.704319,-1.248740866,,2008/10/30 3:54:39,SAT_28790,5.465601237,1.533852763,SAT_25922,4.076236376,1.550960629,SAT_33275,5.519810289,1.562802397
frame-z-007778-1-0231,1,No match,FALSE,N/A,inf,347.1600595,-3.423304456,347.0780021,-3.263890503,FOVNotMatch,2008/10/30 5:20:37,SAT_25367,5.913142489,12.33084712,SAT_26605,0.950834861,55.9119375,SAT_32254,5.402284456,60.15133592
frame-z-007778-2-0233,1,No match,FALSE,N/A,inf,347.5421566,-3.008932428,347.4263089,-2.783185097,FOVNotMatch,2008/10/30 5:21:49,SAT_25367,5.913142489,12.26968728,SAT_26605,0.950834861,55.85077765,SAT_32254,5.402284456,60.21249576
frame-z-007778-4-0236,1,No match,FALSE,N/A,inf,348.0032765,-2.169318322,347.8904907,-1.950078709,FOVNotMatch,2008/10/30 5:23:36,SAT_14405,5.147752244,22.74277989,SAT_12977,2.915448175,34.41926582,SAT_26605,0.018586227,55.88556128
frame-z-007778-6-0301,1,No match,FALSE,N/A,inf,357.5853634,-1.35216427,357.7481125,-1.399630648,FOVNotMatch,2008/10/30 6:02:25,SAT_29011,4.469577703,6.498081779,SAT_26471,5.798335695,7.333152709,SAT_10856,1.745061217,14.85663245
frame-z-007778-6-0302,1,No match,FALSE,N/A,inf,357.7352995,-1.31055484,357.8980438,-1.357759173,FOVNotMatch,2008/10/30 6:03:01,SAT_29011,4.469577703,6.582967617,SAT_26471,5.798335695,7.24826687,SAT_10856,1.745061217,14.77174662
frame-z-007778-6-0305,1,No match,FALSE,N/A,inf,358.2511907,-1.204672801,358.3479074,-1.232527046,FOVNotMatch,2008/10/30 6:04:48,SAT_29011,4.469577703,6.692280659,SAT_26471,5.798335695,7.138953829,SAT_10856,1.745061217,14.66243357
frame-z-007778-5-0293,1,No match,FALSE,N/A,inf,356.3846985,-1.686823031,356.5451847,-1.733908371,FOVNotMatch,2008/10/30 5:57:38,SAT_29011,5.525098441,5.675726812,SAT_15618,0.09225885,7.586520238,SAT_26471,5.243006789,8.134231279
frame-z-007778-5-0294,1,No match,FALSE,N/A,inf,356.5350967,-1.645010129,356.6979958,-1.692663726,FOVNotMatch,2008/10/30 5:58:14,SAT_29011,5.525098441,5.721302274,SAT_15618,0.09225885,7.540944776,SAT_26471,5.243006789,8.088655817
frame-z-007778-5-0295,1,No match,FALSE,N/A,inf,356.7274816,-1.61551754,356.8480879,-1.65085267,FOVNotMatch,2008/10/30 5:58:50,SAT_29011,5.525098441,5.698108207,SAT_15618,0.09225885,7.564138843,SAT_26471,5.243006789,8.111849884
frame-z-007778-2-0297,1,Success,TRUE,SAT_29011,4.086168083,357.1291326,-3.01377587,356.9760467,-2.964257141,,2008/10/30 6:00:02,SAT_29011,5.525098441,4.086168083,SAT_15618,0.09225885,9.176078967,SAT_26471,5.243006789,9.723790008
frame-z-007778-6-0502,1,No match,FALSE,N/A,inf,27.82394713,-1.249960509,27.80982931,-1.179143092,FOVNotMatch,2008/10/30 8:02:26,SAT_17290,5.856860167,9.621778808,SAT_32776,0.038304921,20.64463887,SAT_26113,2.974277812,24.32498662
frame-z-007778-4-0622,1,No match,FALSE,N/A,inf,45.75084399,-1.625008901,45.68738899,-1.457622031,FOVNotMatch,2008/10/30 9:14:05,SAT_32777,4.913149994,30.7659108,SAT_14790,3.488921846,31.34555814,SAT_03292,1.659210041,67.49634745
frame-z-007780-4-0027,1,No match,FALSE,N/A,inf,18.6871213,-2.379283846,18.84643497,-2.422304897,FOVNotMatch,2008/10/31 7:16:58,SAT_04632,5.008251295,5.40576795,SAT_23538,0.008905472,5.537463799,SAT_25743,3.94925408,6.509548144
frame-z-007780-4-0030,1,No match,FALSE,N/A,inf,19.13549903,-2.248037257,19.29910451,-2.29207769,FOVNotMatch,2008/10/31 7:18:45,SAT_04632,5.008251295,5.358824969,SAT_23538,0.008905472,5.490520818,SAT_25743,3.94925408,6.556491126
frame-z-007780-3-0017,1,No match,FALSE,N/A,inf,17.33503413,-2.85642318,17.19223828,-2.81724313,FOVNotMatch,2008/10/31 7:11:00,SAT_04632,5.511142615,5.701720943,SAT_25743,4.81648916,6.131946872,SAT_23538,1.586005883,6.411088447
frame-z-007780-3-0019,1,No match,FALSE,N/A,inf,17.49180272,-2.729623284,17.65538732,-2.774404012,FOVNotMatch,2008/10/31 7:12:11,SAT_04632,5.511142615,5.666977069,SAT_25743,4.81648916,6.166690746,SAT_23538,1.586005883,6.376344572
frame-z-007780-3-0021,1,No match,FALSE,N/A,inf,17.79050648,-2.641627503,17.95429268,-2.686448479,FOVNotMatch,2008/10/31 7:13:23,SAT_04632,5.511142615,5.661050713,SAT_25743,4.81648916,6.172617102,SAT_23538,1.586005883,6.370418216
frame-z-007780-5-0022,1,No match,FALSE,N/A,inf,18.01717748,-1.787145002,18.08030412,-1.848990112,FOVNotMatch,2008/10/31 7:13:59,SAT_05018,3.534563907,15.08659454,SAT_07065,5.390376833,18.38874508,SAT_25743,4.81648916,22.93389813
frame-z-007780-4-0032,1,Success,TRUE,SAT_23538,4.656672997,19.54289271,-2.190218396,19.59789799,-2.204767436,,2008/10/31 7:19:57,SAT_23538,0.894608861,4.656672997,SAT_04632,5.655485362,5.058793105,SAT_25743,4.336895354,6.92893006
frame-z-007780-5-0123,1,No match,FALSE,N/A,inf,33.05872497,-1.649042189,33.21759764,-1.776348236,FOVNotMatch,2008/10/31 8:14:17,SAT_23485,2.071595055,15.22415099,SAT_26741,3.901732963,34.68749164,SAT_08418,2.705792835,35.79297843
frame-z-007780-2-0136,1,No match,FALSE,N/A,inf,35.19696321,-2.912346483,35.06177371,-2.883502356,FOVNotMatch,2008/10/31 8:22:03,SAT_26741,4.248322403,7.417639469,SAT_26850,4.008761255,10.12007665,SAT_02218,4.01574016,10.56172739
frame-z-007787-5-0078,1,Success,TRUE,SAT_25117,1.435567474,341.1532467,12.04760139,340.9826694,12.08870439,,2008/11/2 6:19:11,SAT_25117,3.759504163,1.435567474,SAT_26789,4.888221588,8.967081459,SAT_14839,0.141311782,20.90598288
frame-z-007787-5-0090,1,Success,TRUE,SAT_16103,2.480760174,342.8320422,12.03467272,342.8609585,12.25078691,,2008/11/2 6:26:21,SAT_16103,2.452957181,2.480760174,SAT_19807,0.026266358,24.13425416,SAT_27056,1.227973523,26.10805014
frame-z-007787-4-0091,1,Success,TRUE,SAT_16103,2.529420951,343.0791228,11.62432799,343.1092289,11.85116983,,2008/11/2 6:26:57,SAT_16103,2.452957181,2.529420951,SAT_19807,0.026266358,24.08559338,SAT_27056,1.227973523,26.05938937
frame-z-007787-1-0093,1,Success,TRUE,SAT_16103,2.734186356,343.5214833,10.39676733,343.5506292,10.62364314,,2008/11/2 6:28:09,SAT_16103,2.452957181,2.734186356,SAT_19807,0.026266358,23.88082797,SAT_27056,1.227973523,25.85462396
frame-z-007787-5-0105,1,No match,FALSE,N/A,inf,345.1810183,12.381695,345.2383392,12.43310145,FOVNotMatch,2008/11/2 6:35:19,SAT_14136,1.607293368,20.28125484,SAT_21948,5.071988382,27.42223759,SAT_32979,2.88015878,35.09303399
frame-z-007780-3-0203,1,Success,TRUE,SAT_25913,3.033600022,45.07493433,-2.312589845,45.22625164,-2.304343578,,2008/10/31 9:02:03,SAT_25913,4.564289031,3.033600022,SAT_28252,5.74227433,3.051098078,SAT_28790,4.695108381,3.091195524
frame-z-007784-4-0400,1,No match,FALSE,N/A,inf,30.90315685,9.054293681,31.01121139,9.010061507,FOVNotMatch,2008/11/1 9:44:20,SAT_21948,5.834808427,15.59247573,SAT_03431,5.245242995,26.51084199,SAT_21635,3.589478802,31.30821821
frame-z-007787-2-0298,1,No match,FALSE,N/A,inf,14.77342859,11.71232824,14.85380191,11.67348955,FOVNotMatch,2008/11/2 8:30:33,SAT_25309,5.087301432,12.35932845,SAT_19106,5.294677341,26.48855123,SAT_06992,3.807013607,33.15817712
frame-z-007787-1-0299,1,Success,TRUE,SAT_25309,4.275062366,14.81877882,11.11413161,14.89403583,11.06366026,,2008/11/2 8:31:09,SAT_25309,5.087301432,4.275062366,SAT_06992,3.807013607,25.07391103,SAT_19106,5.294677341,34.57281732
frame-z-007808-4-0034,1,No match,FALSE,N/A,inf,333.7619412,8.784950423,333.821102,8.820373465,FOVNotMatch,2008/11/17 2:51:16,SAT_25064,5.610956558,38.56064249,SAT_22098,0.013331038,52.0647798,SAT_10089,2.794128372,83.6511732
frame-z-007812-3-0079,1,No match,FALSE,N/A,inf,320.1392613,-2.187162572,320.1958501,-2.103564347,FOVNotMatch,2008/11/18 1:58:31,SAT_28556,1.270735759,36.61944225,SAT_02651,2.855034895,52.45129406,SAT_02649,3.215661068,52.52249135
frame-z-007812-6-0148,1,Success,TRUE,SAT_13535,0.501480898,330.4565392,-1.214744824,330.3972732,-1.100632687,,2008/11/18 2:39:43,SAT_13535,2.863447557,0.501480898,SAT_08152,4.899235657,2.205360423,SAT_15002,0.104560703,3.315915167
frame-z-007824-1-0125,1,Success,TRUE,SAT_00058,3.73018491,331.1553113,-5.174243556,331.3188893,-5.190147141,,2008/11/20 3:53:48,SAT_00058,1.901763696,3.73018491,SAT_28240,5.036701202,5.033932365,SAT_26495,4.917566973,5.562480649
frame-z-007824-1-0126,1,Success,TRUE,SAT_00058,3.694687904,331.3061792,-5.17416542,331.4692533,-5.189918447,,2008/11/20 3:54:24,SAT_00058,1.901763696,3.694687904,SAT_28240,5.036701202,4.998435359,SAT_26495,4.917566973,5.526983643
frame-z-007824-1-0127,1,Success,TRUE,SAT_00058,3.751814344,331.457019,-5.173910149,331.6198849,-5.189806328,,2008/11/20 3:55:00,SAT_00058,1.901763696,3.751814344,SAT_28240,5.036701202,5.055561799,SAT_26495,4.917566973,5.584110083
frame-z-007824-1-0130,1,Success,TRUE,SAT_00058,3.6867332,331.9083005,-5.17361092,332.0713726,-5.189341002,,2008/11/20 3:56:47,SAT_00058,1.901763696,3.6867332,SAT_28240,5.036701202,4.990480655,SAT_26495,4.917566973,5.519028939
frame-z-007824-1-0134,1,Success,TRUE,SAT_10221,3.500868028,332.5104698,-5.173110174,332.6733771,-5.188479488,,2008/11/20 3:59:11,SAT_10221,1.221703406,3.500868028,SAT_23867,5.64692399,3.665827438,SAT_28240,4.988963903,4.982298074
frame-z-007824-1-0165,1,Success,TRUE,SAT_07079,4.303549423,337.3092834,-5.469227942,337.1693506,-5.284040474,,2008/11/20 4:17:41,SAT_07079,5.444866187,4.303549423,SAT_02643,0.514784857,9.273113249,SAT_13533,3.316176445,10.85879954
frame-z-007824-1-0166,1,Success,TRUE,SAT_07079,4.394621868,337.4825984,-5.313063444,337.4348081,-5.250016682,,2008/11/20 4:18:17,SAT_07079,5.444866187,4.394621868,SAT_02643,0.514784857,9.182040804,SAT_13533,3.316176445,10.94987198
frame-z-007824-5-0237,1,Success,TRUE,SAT_23867,4.950302755,348.1937682,-4.091293427,348.0326355,-4.037031291,,2008/11/20 5:00:40,SAT_23867,5.950544142,4.950302755,SAT_23847,5.788004277,13.64764307,SAT_32022,1.27912046,13.67374285
frame-z-007824-5-0239,1,Success,TRUE,SAT_23867,4.772559413,348.4975777,-4.006729951,348.3350763,-3.952560849,,2008/11/20 5:01:52,SAT_23867,5.950544142,4.772559413,SAT_23847,5.788004277,13.46989972,SAT_32022,1.27912046,13.8514862
frame-z-007824-5-0240,1,Success,TRUE,SAT_23867,4.587941287,348.6486233,-3.964182154,348.5559409,-3.93361657,,2008/11/20 5:02:28,SAT_23867,5.950544142,4.587941287,SAT_23847,5.788004277,13.2852816,SAT_32022,1.27912046,14.03610432
frame-z-007824-6-0246,1,No match,FALSE,N/A,inf,349.5541929,-3.710236595,349.3927058,-3.656627772,FOVNotMatch,2008/11/20 5:06:03,SAT_20673,0.282338326,6.178532659,SAT_26471,1.327426891,14.09763252,SAT_26495,5.059334235,18.39943419
frame-z-007824-6-0324,1,No match,FALSE,N/A,inf,1.179585521,-3.930692997,1.112066573,-3.903746839,FOVNotMatch,2008/11/20 5:52:37,SAT_26471,3.699190812,11.8638697,SAT_25964,3.432771419,16.45511702,SAT_26495,4.41136602,21.81006661
frame-z-007845-3-0052,1,No match,FALSE,N/A,inf,16.18649566,16.77171736,16.12654375,16.83065732,FOVNotMatch,2008/12/4 7:03:41,SAT_25164,5.096547921,49.60905246,SAT_07066,2.046477404,53.4097035,SAT_04907,3.810521428,56.41697481
frame-z-007845-6-0071,1,No match,FALSE,N/A,inf,19.15066347,18.04638343,19.29059768,17.9793245,FOVNotMatch,2008/12/4 7:15:01,SAT_08784,4.751167317,30.20975106,SAT_16229,2.908852695,33.66658142,SAT_21355,0.896366596,35.43800264
frame-z-007845-6-0070,1,No match,FALSE,N/A,inf,18.96314928,18.00780138,19.06590201,17.95864408,FOVNotMatch,2008/12/4 7:14:26,SAT_26913,5.486097484,22.05267944,SAT_21209,0.129728841,28.97500858,SAT_07181,0.356188838,31.1824645
frame-z-007880-3-0028,1,Success,TRUE,SAT_23614,0.683057321,357.6758189,9.919014337,357.7313896,9.8905532,,2008/12/30 2:09:13,SAT_23614,4.64126777,0.683057321,SAT_13160,3.943882035,18.14985423,SAT_07029,0.154125763,37.79672269
frame-z-007880-3-0029,1,Success,TRUE,SAT_23614,0.684714867,357.9509118,9.940107288,357.9937184,9.918183499,,2008/12/30 2:09:49,SAT_23614,4.64126777,0.684714867,SAT_13160,3.943882035,18.15151178,SAT_07029,0.154125763,37.79838024
frame-z-007865-1-0029,1,No match,FALSE,N/A,inf,17.16717243,-5.930710124,17.21385306,-5.779937641,FOVNotMatch,2008/12/22 4:18:38,SAT_01952,3.163246315,22.90231282,SAT_02255,5.477209652,24.74331211,SAT_10637,4.435246487,25.17205979
frame-z-007880-4-0067,1,No match,FALSE,N/A,inf,3.751380585,10.20715807,3.73605276,10.22786902,FOVNotMatch,2008/12/30 2:32:30,SAT_23614,2.728535708,25.57863525,SAT_12164,0.053192083,71.36598691,SAT_12850,15.87099824,N/A
frame-z-007880-6-0112,1,No match,FALSE,N/A,inf,10.46122589,11.06459871,10.54450882,11.22759032,FOVNotMatch,2008/12/30 2:59:22,SAT_00147,2.176245149,48.94874451,SAT_19576,2.671838225,51.41874238,SAT_12327,0.083306926,53.41688362
frame-z-007881-1-0125,1,Success,TRUE,SAT_02532,0.807335625,15.46121908,-6.166244867,15.43405282,-5.97637809,,2008/12/30 4:26:03,SAT_02532,0.938785637,0.807335625,SAT_16070,1.765900927,20.98942647,SAT_10637,2.988268188,50.92051259
frame-z-007881-4-0126,1,Success,TRUE,SAT_02532,0.727611179,15.58113755,-4.905760694,15.56637187,-4.803374395,,2008/12/30 4:26:39,SAT_02532,0.938785637,0.727611179,SAT_16070,1.765900927,21.06915092,SAT_10637,2.988268188,51.00023704
frame-z-007881-1-0126,1,Success,TRUE,SAT_02532,0.685756314,15.75063113,-6.07984471,15.73004832,-5.938130498,,2008/12/30 4:26:39,SAT_02532,0.938785637,0.685756314,SAT_16070,1.765900927,21.11100579,SAT_10637,2.988268188,51.04209191
frame-z-007881-3-0126,1,Success,TRUE,SAT_02532,0.771863292,15.64124526,-5.324143628,15.60934366,-5.101837988,,2008/12/30 4:26:39,SAT_02532,0.938785637,0.771863292,SAT_16070,1.765900927,21.02489881,SAT_10637,2.988268188,50.95598493
frame-z-007881-5-0042,1,Success,TRUE,SAT_32295,0.353077348,2.944949719,-4.552291858,3.002230819,-4.542535889,,2008/12/30 3:36:30,SAT_32295,4.434092189,0.353077348,SAT_19226,1.204104151,2.182346053,SAT_21712,5.65051144,2.860652622
frame-z-007881-6-0200,1,No match,FALSE,N/A,inf,26.70764482,-3.773449232,26.65480439,-3.760416379,FOVNotMatch,2008/12/30 5:10:50,SAT_26475,1.092467357,9.908892167,SAT_01317,5.788769151,13.41416894,SAT_25776,4.067033159,13.69512931
frame-z-001484-5-0017,1,No match,FALSE,N/A,inf,189.927956,55.69203907,189.9067301,55.74524822,FOVNotMatch,2000/5/11 5:10:57,SAT_20944,2.489754058,24.61857825,SAT_24676,3.564711007,26.74256189,SAT_20941,4.064942442,27.59172571
frame-z-001662-6-0091,1,Success,TRUE,SAT_06052,0.409850477,343.9704719,-8.318519218,343.8783708,-8.339353263,,2000/9/4 9:44:10,SAT_06052,4.686315461,0.409850477,SAT_07578,3.768074384,1.88077933,SAT_22670,1.68824017,2.23286573
frame-z-001481-1-0097,1,Success,TRUE,SAT_20394,0.200116591,170.7457049,-0.94619767,170.6224301,-0.938376887,,2000/5/11 4:02:23,SAT_20394,2.57313514,0.200116591,SAT_20800,2.982967965,0.795895496,SAT_19765,3.391206133,0.833719724
frame-z-001662-4-0121,1,No match,FALSE,N/A,inf,348.3787526,-9.55092506,348.3668305,-9.477333409,FOVNotMatch,2000/9/4 10:02:04,SAT_00932,3.72314043,7.532512202,SAT_25097,5.063061794,11.3016932,SAT_21406,3.928751336,15.43596353
frame-z-001662-1-0122,1,No match,FALSE,N/A,inf,348.4766258,-10.839873,348.4704875,-10.79334078,FOVNotMatch,2000/9/4 10:02:40,SAT_00932,3.72314043,5.837542444,SAT_25097,5.063061794,9.606723441,SAT_21406,3.928751336,13.74099377
frame-z-001662-4-0122,1,No match,FALSE,N/A,inf,348.6806614,-9.557957375,348.6546671,-9.401746317,FOVNotMatch,2000/9/4 10:02:40,SAT_00932,3.72314043,7.775799094,SAT_25097,5.063061794,11.54498009,SAT_21406,3.928751336,15.67925042
frame-z-001659-4-0282,1,No match,FALSE,N/A,inf,347.513655,-9.290592209,347.634128,-9.232449458,FOVNotMatch,2000/9/3 7:07:41,SAT_22089,0.852458992,7.824209749,SAT_05587,0.583177295,9.481052405,SAT_04902,1.759004256,9.506876996
frame-z-001662-4-0151,1,No match,FALSE,N/A,inf,353.0103214,-9.771252723,352.9202114,-9.644516526,FOVNotMatch,2000/9/4 10:19:59,SAT_19234,1.710837863,29.66490011,SAT_12532,2.942916238,35.93192003,SAT_19112,1.702100508,38.8999066
frame-z-001663-3-0070,1,Success,TRUE,SAT_11144,0.021737317,25.77491033,-9.573337278,25.70837656,-9.59120325,,2000/9/4 11:14:39,SAT_11144,4.021824794,0.021737317,SAT_09862,3.375561117,2.565873677,SAT_13636,2.489543311,3.617649111
frame-z-001666-2-0179,1,No match,FALSE,N/A,inf,358.148599,-10.61147351,357.9838352,-10.56271158,FOVNotMatch,2000/9/5 10:01:36,SAT_15788,5.288934307,7.781025005,SAT_26466,3.175732438,16.0676163,SAT_08132,3.111452838,16.6997158
frame-z-001666-2-0180,1,No match,FALSE,N/A,inf,358.3013985,-10.57279509,358.162372,-10.53163042,FOVNotMatch,2000/9/5 10:02:11,SAT_15788,5.288934307,7.786816601,SAT_26466,3.175732438,16.07340789,SAT_08132,3.111452838,16.70550739
frame-z-001666-3-0185,1,No match,FALSE,N/A,inf,358.9755067,-10.3526148,358.9018582,-10.33112041,FOVNotMatch,2000/9/5 10:05:11,SAT_15788,5.288934307,7.549337936,SAT_26466,3.175732438,15.83592923,SAT_08132,3.111452838,16.46802873
frame-z-001666-1-0170,1,No match,FALSE,N/A,inf,356.7684351,-10.95719593,356.6332768,-10.91661913,FOVNotMatch,2000/9/5 9:56:13,SAT_00202,0.192128667,12.28184325,SAT_15144,2.183450659,16.96727136,SAT_23016,5.791547255,16.97275637
frame-z-001666-2-0176,1,No match,FALSE,N/A,inf,357.6889194,-10.72710155,357.523834,-10.67780349,FOVNotMatch,2000/9/5 9:59:48,SAT_00202,0.192128667,12.18418876,SAT_15144,2.183450659,16.86961688,SAT_23016,5.791547255,16.87510188
frame-z-001666-3-0188,1,No match,FALSE,N/A,inf,359.5253765,-10.26234001,359.3610706,-10.21490443,FOVNotMatch,2000/9/5 10:06:58,SAT_26466,4.271158202,15.13190389,SAT_10143,0.067558858,16.29979393,SAT_22117,4.760021432,16.30888294
frame-z-001666-3-0190,1,No match,FALSE,N/A,inf,359.8313987,-10.18454105,359.676059,-10.13958985,FOVNotMatch,2000/9/5 10:08:10,SAT_26466,4.271158202,15.16412916,SAT_10143,0.067558858,16.3320192,SAT_22117,4.760021432,16.34110821
frame-z-001666-1-0166,1,No match,FALSE,N/A,inf,356.1539447,-11.1103488,355.9895938,-11.05977059,FOVNotMatch,2000/9/5 9:53:50,SAT_09821,3.959820052,9.543685971,SAT_22117,5.522227033,17.37029888,SAT_23016,5.364895778,17.38185349
frame-z-001666-1-0167,1,No match,FALSE,N/A,inf,356.3075697,-11.0718657,356.1439267,-11.02206015,FOVNotMatch,2000/9/5 9:54:26,SAT_09821,3.959820052,9.361177191,SAT_22117,5.522227033,17.1877901,SAT_23016,5.364895778,17.19934471
frame-z-001666-1-0228,1,No match,FALSE,N/A,inf,5.518081937,-11.19764666,5.448546439,-11.16010407,FOVNotMatch,2000/9/5 10:30:51,SAT_00862,5.943240012,10.45773141,SAT_21833,4.568997559,18.13829403,SAT_23866,5.073572768,18.95904347
frame-z-001666-1-0228,2,Success,TRUE,SAT_21833,1.907692535,5.6136513,-11.06593605,5.568009992,-11.02105123,,2000/9/5 10:30:51,SAT_21833,4.568997559,1.907692535,SAT_00862,5.943240012,26.68833291,SAT_23866,5.073572768,35.18964497
frame-z-001666-1-0268,1,No match,FALSE,N/A,inf,11.63418798,-11.18071329,11.70716318,-11.0045622,FOVNotMatch,2000/9/5 10:54:44,SAT_25372,2.232727569,40.66502226,SAT_01359,0.518463697,42.45032536,SAT_14616,0.039309205,47.21064948
frame-z-001729-4-0073,1,No match,FALSE,N/A,inf,358.5294416,-9.826302043,358.4475206,-9.927464634,FOVNotMatch,2000/9/26 7:10:09,SAT_10000,1.725548755,35.29063538,SAT_24654,1.681880365,35.4570731,SAT_11353,4.412590832,37.4024838
frame-z-001729-3-0172,1,No match,FALSE,N/A,inf,13.60780563,-10.24546841,13.56973452,-10.08701937,FOVNotMatch,2000/9/26 8:09:15,SAT_11888,1.270667634,23.75559798,SAT_25843,2.705529931,71.3765249,SAT_25372,1.780233359,72.69677309
frame-z-001729-6-0159,1,No match,FALSE,N/A,inf,11.66502541,-9.04476284,11.50015816,-9.010582682,FOVNotMatch,2000/9/26 8:01:30,SAT_25843,2.926010258,6.740975513,SAT_25493,2.574686003,10.30884652,SAT_25611,4.627237386,11.7630504
frame-z-001729-6-0162,1,No match,FALSE,N/A,inf,12.11796223,-8.932753475,11.95260303,-8.898718608,FOVNotMatch,2000/9/26 8:03:17,SAT_25843,2.926010258,6.654326815,SAT_25493,2.574686003,10.22219782,SAT_25611,4.627237386,11.6764017
frame-z-001729-6-0163,1,No match,FALSE,N/A,inf,12.26796169,-8.895182962,12.10372515,-8.862063507,FOVNotMatch,2000/9/26 8:03:53,SAT_25843,2.926010258,6.421387781,SAT_25493,2.574686003,9.989258787,SAT_25611,4.627237386,11.44346266
frame-z-001729-1-0223,1,Success,TRUE,SAT_14394,0.905916911,21.45906669,-10.75500901,21.29531466,-10.79073779,,2000/9/26 8:39:43,SAT_14394,4.269884991,0.905916911,SAT_15484,2.670921016,1.148985456,SAT_08838,3.879568299,1.231627975
frame-z-001729-1-0224,1,Success,TRUE,SAT_14394,0.705677732,21.61239563,-10.77311789,21.57140038,-10.78221024,,2000/9/26 8:40:18,SAT_14394,4.269884991,0.705677732,SAT_08838,3.879568299,1.031388796,SAT_15484,2.670921016,1.349224635
frame-z-001729-1-0269,1,Success,TRUE,SAT_23725,0.538874023,28.35364445,-10.4048905,28.28850458,-10.37979907,,2000/9/26 9:07:10,SAT_23725,4.485058523,0.538874023,SAT_23239,4.488644833,12.87983909,SAT_25843,2.037026196,13.21993483
frame-z-001729-1-0270,1,Success,TRUE,SAT_10091,4.649638744,28.55407048,-10.21119639,28.57779776,-10.25793099,,2000/9/26 9:07:46,SAT_10091,4.313037197,4.649638744,SAT_24293,4.927623369,8.245382834,SAT_23725,4.485058523,42.60486863
frame-z-001729-2-0270,1,Success,TRUE,SAT_10091,3.254011509,28.46260868,-10.02160437,28.40603584,-9.902936842,,2000/9/26 9:07:46,SAT_10091,4.313037197,3.254011509,SAT_24293,4.927623369,6.849755599,SAT_23725,4.485058523,44.00049586
frame-z-001729-3-0285,1,No match,FALSE,N/A,inf,30.79718354,-9.434060841,30.81557229,-9.356496344,FOVNotMatch,2000/9/26 9:16:44,SAT_14259,3.964673938,6.1128523,SAT_15261,5.458352563,6.381138129,SAT_21937,3.119237185,23.17076857
frame-z-001729-6-0318,1,Success,TRUE,SAT_15560,0.286237528,35.68504738,-7.648240393,35.52200602,-7.670284262,,2000/9/26 9:36:26,SAT_15560,5.84729604,0.286237528,SAT_14050,2.489436563,2.727389845,SAT_15484,2.50241839,3.945206375
frame-z-001729-6-0308,1,Success,TRUE,SAT_15560,0.566107284,34.17404202,-7.706758643,34.01178113,-7.727729904,,2000/9/26 9:30:28,SAT_15560,5.587791717,0.566107284,SAT_14050,2.837056888,3.011133281,SAT_15484,2.705341425,4.276755944
frame-z-001729-6-0325,1,Success,TRUE,SAT_15560,0.050973931,36.74252009,-7.60621975,36.58038873,-7.62917799,,2000/9/26 9:40:37,SAT_15560,5.843329227,0.050973931,SAT_14050,2.55446696,2.38706359,SAT_24809,5.685240903,2.516630639
frame-z-001729-6-0326,1,Success,TRUE,SAT_15560,0.009301953,36.89410431,-7.600256073,36.73162471,-7.623144437,,2000/9/26 9:41:12,SAT_15560,5.843329227,0.009301953,SAT_14050,2.55446696,2.428735568,SAT_24809,5.685240903,2.474958661
frame-z-001729-6-0327,1,Success,TRUE,SAT_15560,0.240390863,37.04506052,-7.593939066,36.95101432,-7.60757141,,2000/9/26 9:41:48,SAT_15560,5.843329227,0.240390863,SAT_14050,2.55446696,2.197646658,SAT_24809,5.685240903,2.706047571
frame-z-001729-1-0392,1,No match,FALSE,N/A,inf,47.04831133,-8.709491151,46.88216793,-8.691434222,FOVNotMatch,2000/9/26 10:20:37,SAT_22911,4.345544372,6.244255302,SAT_22930,3.898584797,6.247800008,SAT_23313,3.222240071,6.249629571
frame-z-001729-3-0436,1,No match,FALSE,N/A,inf,53.42911181,-6.864410391,53.36096714,-6.933116334,FOVNotMatch,2000/9/26 10:46:53,SAT_13957,2.89022122,22.82276047,SAT_16993,1.087859189,24.08203492,SAT_25542,4.641245665,30.96112996
frame-z-001729-3-0437,1,No match,FALSE,N/A,inf,53.67162818,-6.88181101,53.57852144,-6.975621998,FOVNotMatch,2000/9/26 10:47:29,SAT_13957,2.89022122,22.80546189,SAT_16993,1.087859189,24.09933351,SAT_25542,4.641245665,30.94383137
frame-z-001736-5-0030,1,No match,FALSE,N/A,inf,309.9481162,-5.289748022,309.7903305,-5.243344298,FOVNotMatch,2000/9/27 2:10:54,SAT_25024,3.606366683,5.451347884,SAT_25743,1.164152856,8.49742056,SAT_15994,4.072923605,13.62365447
frame-z-001736-5-0036,1,Success,TRUE,SAT_25767,0.986979846,310.8594164,-5.289646474,310.7015425,-5.243716731,,2000/9/27 2:14:29,SAT_25767,5.04692536,0.986979846,SAT_00125,2.961894434,1.888654095,SAT_25024,2.998822489,4.524755837
frame-z-001740-5-0023,1,No match,FALSE,N/A,inf,0.214755665,-9.327152981,0.082422347,-9.254338867,FOVNotMatch,2000/9/27 8:31:01,SAT_15199,3.403284664,23.73771562,SAT_25843,1.639037474,26.62436841,SAT_25493,2.050958242,28.91481081
frame-z-001740-3-0104,1,Success,TRUE,SAT_19347,0.260302942,12.48751349,-10.08872631,12.38859889,-10.10117056,,2000/9/27 9:19:23,SAT_19347,3.242424378,0.260302942,SAT_16214,2.092242506,2.60757166,SAT_04986,0.228887938,3.285962097
frame-z-001752-1-0134,1,No match,FALSE,N/A,inf,40.96085697,-1.044427406,40.88018999,-0.819520801,FOVNotMatch,2000/10/1 9:11:59,SAT_15775,4.251209596,20.01238082,SAT_12675,5.523291313,22.80515365,SAT_12107,3.434981279,35.71213492
frame-z-001752-2-0135,1,No match,FALSE,N/A,inf,41.10889547,-0.624109017,41.02899908,-0.400374798,FOVNotMatch,2000/10/1 9:12:35,SAT_15775,4.251209596,20.09017369,SAT_12675,5.523291313,22.72736078,SAT_12107,3.434981279,35.63434204
frame-z-001752-5-0239,1,No match,FALSE,N/A,inf,56.71392789,0.647720953,56.63745469,0.671037352,FOVNotMatch,2000/10/1 10:14:41,SAT_26109,2.89697392,8.427257501,SAT_25068,4.847800403,19.19521214,SAT_19951,4.653362309,22.32180353
frame-z-001752-5-0252,1,No match,FALSE,N/A,inf,58.6302769,0.768861071,58.49865329,0.714758445,FOVNotMatch,2000/10/1 10:22:27,SAT_10953,2.405013483,10.30002643,SAT_14117,3.534437701,10.57250647,SAT_10855,5.41037235,10.71370116
frame-z-001752-1-0322,1,No match,FALSE,N/A,inf,69.06595213,-0.819870365,68.97837499,-0.910024932,FOVNotMatch,2000/10/1 11:04:14,SAT_07376,3.940266337,24.06652297,SAT_15270,1.778313066,32.33784679,SAT_15484,4.911130599,35.58091505
frame-z-001752-6-0322,1,Success,TRUE,SAT_15560,0.274531358,69.06378667,1.20335781,68.97825728,1.191377354,,2000/10/1 11:04:14,SAT_15560,3.178827603,0.274531358,SAT_13631,2.424534832,0.350864318,SAT_14532,5.880179862,1.974965256
frame-z-001752-6-0323,1,Success,TRUE,SAT_15560,0.034047295,69.28974625,1.193346732,69.12722876,1.171473708,,2000/10/1 11:04:50,SAT_15560,3.178827603,0.034047295,SAT_13631,2.424534832,0.042285666,SAT_14532,5.880179862,2.283543909
frame-z-001752-6-0325,1,Success,TRUE,SAT_13631,0.12661535,69.58939444,1.153309449,69.42765889,1.13202649,,2000/10/1 11:06:02,SAT_13631,2.424534832,0.12661535,SAT_15560,3.178827603,0.202948311,SAT_14532,5.880179862,2.452444925
frame-z-001752-6-0327,1,Success,TRUE,SAT_13631,0.072866164,69.88910877,1.112990037,69.72696247,1.091497995,,2000/10/1 11:07:13,SAT_13631,2.424534832,0.072866164,SAT_15560,3.178827603,0.149199125,SAT_14532,5.880179862,2.398695739
frame-z-001752-6-0328,1,Success,TRUE,SAT_15560,0.102598412,70.03846162,1.093095493,69.87607629,1.070845148,,2000/10/1 11:07:49,SAT_15560,3.178827603,0.102598412,SAT_13631,2.424534832,0.178931373,SAT_14532,5.880179862,2.146898202
frame-z-001752-6-0329,1,Success,TRUE,SAT_15560,0.11332052,70.18829134,1.073049593,70.04314434,1.053268206,,2000/10/1 11:08:25,SAT_15560,4.526212191,0.11332052,SAT_13631,4.211509798,0.182653269,SAT_14117,5.134468657,1.958701405
frame-z-001752-3-0342,1,Success,TRUE,SAT_13631,2.21194624,72.0902889,0.017489654,71.99314606,0.008456209,,2000/10/1 11:16:11,SAT_13631,3.56902596,2.21194624,SAT_15560,3.879150281,2.273234209,SAT_25070,4.853744895,2.960460622
frame-z-001752-3-0346,1,Success,TRUE,SAT_13631,1.7798717,72.73334779,-0.036116974,72.57090604,-0.052271591,,2000/10/1 11:18:34,SAT_13631,2.727367042,1.7798717,SAT_15560,3.367166661,1.832053417,SAT_15677,5.863426035,1.846551983
frame-z-001755-2-0325,1,No match,FALSE,N/A,inf,352.3920242,-0.680683075,352.2796443,-0.644017812,FOVNotMatch,2000/10/2 8:00:59,SAT_05017,0.408895771,7.401092377,SAT_01576,5.295958144,15.85634472,SAT_20945,4.668169609,18.02639651
frame-z-001755-1-0353,1,No match,FALSE,N/A,inf,356.6169623,-1.195502931,356.4866638,-1.050020092,FOVNotMatch,2000/10/2 8:17:42,SAT_11062,3.50378483,37.57866949,SAT_20945,4.761038788,48.11477332,SAT_22096,4.457415494,48.12051542
frame-z-001755-3-0415,1,Success,TRUE,SAT_00118,2.56076817,5.846115496,-0.434011727,5.755101729,-0.414580004,,2000/10/2 8:54:43,SAT_00118,0.768065553,2.56076817,SAT_22096,4.883075593,12.01227857,SAT_20945,5.167672655,12.01534829
frame-z-001755-2-0415,1,Success,TRUE,SAT_07324,3.937829115,5.915171641,-0.699045121,5.762580561,-0.75690833,,2000/10/2 8:54:43,SAT_07324,3.658979387,3.937829115,SAT_03431,3.154841863,6.439697442,SAT_21512,3.973883282,8.299749436
frame-z-001755-4-0509,1,Success,TRUE,SAT_20474,0.298989659,19.93142896,-0.01502953,19.82667657,0.015140106,,2000/10/2 9:50:51,SAT_20474,1.354012109,0.298989659,SAT_23238,4.951802321,13.81335443,SAT_24786,5.121921618,15.980516
frame-z-001755-4-0511,1,Success,TRUE,SAT_20474,0.432784243,20.28893359,0.054416694,20.12621231,0.101693625,,2000/10/2 9:52:02,SAT_20474,1.354012109,0.432784243,SAT_23238,4.951802321,13.94714902,SAT_24786,5.121921618,16.11431059
frame-z-001755-4-0512,1,Success,TRUE,SAT_20474,0.244160764,20.43887887,0.097306864,20.27629113,0.14396505,,2000/10/2 9:52:38,SAT_20474,1.354012109,0.244160764,SAT_23238,4.951802321,13.75852554,SAT_24786,5.121921618,15.92568711
frame-z-001755-4-0513,1,Success,TRUE,SAT_20474,0.400996428,20.58861521,0.14029237,20.42635107,0.187338729,,2000/10/2 9:53:14,SAT_20474,1.354012109,0.400996428,SAT_23238,4.951802321,13.9153612,SAT_24786,5.121921618,16.08252277
frame-z-001755-4-0514,1,Success,TRUE,SAT_20474,0.379126978,20.73860046,0.183411836,20.64756931,0.209767412,,2000/10/2 9:53:50,SAT_20474,1.354012109,0.379126978,SAT_23238,4.951802321,13.89349175,SAT_24786,5.121921618,16.06065332
frame-z-001755-6-0530,1,No match,FALSE,N/A,inf,23.13366981,0.865936797,22.97186671,0.911917253,FOVNotMatch,2000/10/2 10:03:23,SAT_26072,3.901499948,11.35168339,SAT_23238,5.821249975,12.7508955,SAT_24786,5.965679705,15.7685932
frame-z-001755-6-0531,1,No match,FALSE,N/A,inf,23.28346114,0.90811696,23.12099084,0.95418309,FOVNotMatch,2000/10/2 10:03:59,SAT_26072,3.901499948,11.38542843,SAT_23238,5.821249975,12.71715046,SAT_24786,5.965679705,15.73484816
frame-z-001755-6-0532,1,No match,FALSE,N/A,inf,23.43333357,0.950377387,23.27080663,0.996083832,FOVNotMatch,2000/10/2 10:04:35,SAT_26072,3.901499948,11.5079399,SAT_23238,5.821249975,12.59463899,SAT_24786,5.965679705,15.61233669
frame-z-001755-6-0533,1,No match,FALSE,N/A,inf,23.58255875,0.992407348,23.42126382,1.038096288,FOVNotMatch,2000/10/2 10:05:10,SAT_26072,3.901499948,11.39950058,SAT_23238,5.821249975,12.70307831,SAT_24786,5.965679705,15.72077601
frame-z-001755-6-0534,1,No match,FALSE,N/A,inf,23.73264542,1.034421262,23.68316762,1.048573412,FOVNotMatch,2000/10/2 10:05:46,SAT_26072,3.901499948,11.25270525,SAT_23238,5.821249975,12.84987364,SAT_24786,5.965679705,15.86757134
frame-z-001755-5-0519,1,Success,TRUE,SAT_20474,1.376542871,21.46456589,0.404432479,21.32441994,0.444608465,,2000/10/2 9:56:49,SAT_20474,4.379452844,1.376542871,SAT_26072,5.147637773,10.9076111,SAT_23238,5.362217745,13.3431294
frame-z-001755-5-0521,1,Success,TRUE,SAT_20474,1.363880982,21.78687124,0.482930995,21.62333625,0.529850542,,2000/10/2 9:58:01,SAT_20474,4.379452844,1.363880982,SAT_26072,5.147637773,10.89494921,SAT_23238,5.362217745,13.35579129
frame-z-001755-5-0522,1,Success,TRUE,SAT_20474,1.370246268,21.93611805,0.525896967,21.77364016,0.572493368,,2000/10/2 9:58:36,SAT_20474,4.379452844,1.370246268,SAT_26072,5.147637773,10.9013145,SAT_23238,5.362217745,13.349426
frame-z-001755-5-0523,1,Success,TRUE,SAT_20474,1.58681814,22.08610407,0.568672353,21.92281985,0.614832443,,2000/10/2 9:59:12,SAT_20474,4.379452844,1.58681814,SAT_26072,5.147637773,11.11788637,SAT_23238,5.362217745,13.13285413
frame-z-001855-5-0062,1,No match,FALSE,N/A,inf,354.1557429,-9.132291476,354.010546,-9.043763568,FOVNotMatch,2000/11/17 4:02:11,SAT_18519,1.592853673,16.53942,SAT_16274,1.371689841,31.64258636,SAT_25331,3.232300978,31.65931677
frame-z-001855-4-0063,1,No match,FALSE,N/A,inf,354.1640549,-9.403709824,354.1933458,-9.38314531,FOVNotMatch,2000/11/17 4:02:47,SAT_06974,0.607131025,18.10860474,SAT_08366,1.399686004,19.38818973,SAT_10001,4.757378078,19.44791002
frame-z-001855-5-0097,1,No match,FALSE,N/A,inf,359.4783435,-9.204409024,359.3248779,-9.160908251,FOVNotMatch,2000/11/17 4:23:05,SAT_15199,5.643072259,13.10372553,SAT_19169,1.91943706,14.45216197,SAT_06974,0.933124741,15.96380978
frame-z-001862-6-0052,1,Success,TRUE,SAT_12351,1.342205771,33.90469515,-7.599788592,33.80412895,-7.63001766,,2000/11/18 4:33:43,SAT_12351,5.501193697,1.342205771,SAT_07790,3.452747195,2.811772289,SAT_15141,3.050147072,3.209105165
frame-z-001862-6-0053,1,Success,TRUE,SAT_12351,1.471902628,34.11746691,-7.601215257,33.95795983,-7.649551174,,2000/11/18 4:34:19,SAT_12351,5.501193697,1.471902628,SAT_07790,3.452747195,2.941469146,SAT_15141,3.050147072,3.338802021
frame-z-001869-6-0059,1,No match,FALSE,N/A,inf,34.00481183,-7.684230359,33.89490965,-7.649397489,FOVNotMatch,2000/11/20 6:51:36,SAT_20713,5.273166546,11.8925524,SAT_21635,1.9553125,14.42241312,SAT_22117,5.61746067,17.69990813
frame-z-001886-1-0061,1,Success,TRUE,SAT_23246,0.695765834,34.75919234,-9.73295126,34.60415561,-9.700411727,,2000/11/26 3:55:14,SAT_23246,5.565223188,0.695765834,SAT_24892,5.574631173,6.568506137,SAT_23741,5.425487312,11.99990495
frame-z-001886-1-0062,1,Success,TRUE,SAT_23246,0.653865835,34.91894275,-9.677786241,34.75047167,-9.642548058,,2000/11/26 3:55:50,SAT_23246,5.565223188,0.653865835,SAT_24892,5.574631173,6.526606138,SAT_23741,5.425487312,11.95800495
frame-z-001886-2-0074,1,No match,FALSE,N/A,inf,36.6185951,-8.980859165,36.51886524,-8.970284577,FOVNotMatch,2000/11/26 4:03:00,SAT_23246,5.243564378,5.628623324,SAT_23741,5.581280327,6.105869886,SAT_24936,5.282676636,6.112568718
frame-z-001886-2-0075,1,Success,TRUE,SAT_18864,2.75033407,36.83338735,-8.944266814,36.69071331,-8.929876319,,2000/11/26 4:03:35,SAT_18864,3.764934305,2.75033407,SAT_23741,4.947078554,5.808439386,SAT_24936,5.92765543,5.814799072
frame-z-001886-5-0130,1,No match,FALSE,N/A,inf,44.89813908,-7.061731126,44.84944126,-7.008885753,FOVNotMatch,2000/11/26 4:36:26,SAT_26475,3.039015065,13.24644042,SAT_10358,1.839326815,17.95992873,SAT_26072,3.760933644,19.56894605
frame-z-001889-6-0240,1,Success,TRUE,SAT_20649,1.954723745,140.1139896,55.02493709,139.974784,54.94243519,,2000/11/26 10:34:49,SAT_20649,5.05650551,1.954723745,SAT_25943,3.492175889,39.27672622,SAT_21543,9.435194939,N/A
frame-z-001888-5-0032,1,No match,FALSE,N/A,inf,30.05949028,-8.433251708,30.05701156,-8.373427547,FOVNotMatch,2000/11/26 7:16:56,SAT_12658,2.279721098,16.61014992,SAT_15697,5.606194665,22.11481629,SAT_00558,1.554839089,32.34296942
frame-z-001888-2-0034,1,No match,FALSE,N/A,inf,30.49933363,-9.643103194,30.40063048,-9.615942948,FOVNotMatch,2000/11/26 7:18:08,SAT_24786,5.779249135,15.55042539,SAT_26495,4.234917419,15.58349685,SAT_20945,3.197432363,15.62574381
frame-z-001888-2-0035,1,No match,FALSE,N/A,inf,30.71175838,-9.597600749,30.57214191,-9.559076604,FOVNotMatch,2000/11/26 7:18:44,SAT_24786,5.779249135,15.58900137,SAT_26495,4.234917419,15.62207283,SAT_20945,3.197432363,15.66431979
frame-z-001888-6-0077,1,No match,FALSE,N/A,inf,36.74400692,-7.380083505,36.75032544,-7.240153076,FOVNotMatch,2000/11/26 7:43:49,SAT_12384,4.988490187,14.15724275,SAT_16533,0.045652283,16.01775778,SAT_00192,1.688632291,16.38900374
frame-z-001888-4-0078,1,No match,FALSE,N/A,inf,37.00369323,-8.283863656,37.01405916,-8.057828885,FOVNotMatch,2000/11/26 7:44:24,SAT_12384,4.988490187,14.122557,SAT_16533,0.045652283,16.05244353,SAT_00192,1.688632291,16.42368949
frame-z-001889-1-0330,1,No match,FALSE,N/A,inf,163.9303266,59.58570466,163.9963712,59.75544952,FOVNotMatch,2000/11/26 11:28:33,SAT_01312,3.010562001,17.7892071,SAT_10866,4.887477232,21.95371381,SAT_13432,5.345751245,45.89204528
frame-z-001892-2-0027,1,Success,TRUE,SAT_10345,2.559801597,351.2496832,-10.30420863,351.0874714,-10.28766663,,2000/11/27 2:42:08,SAT_10345,5.223680188,2.559801597,SAT_23429,2.585152594,5.452952625,SAT_23313,5.032393489,5.924286859
frame-z-001893-2-0097,1,No match,FALSE,N/A,inf,42.89928309,-8.384719503,42.86676833,-8.329832137,FOVNotMatch,2000/11/27 4:02:43,SAT_09880,3.65733485,7.68758277,SAT_10834,3.923075589,18.4505484,SAT_26389,5.495192579,23.80654352
frame-z-001893-4-0087,1,Success,TRUE,SAT_25525,2.102860184,41.43768774,-7.632339039,41.27868275,-7.692952776,,2000/11/27 3:56:45,SAT_25525,3.310771429,2.102860184,SAT_10295,4.446840965,2.161084317,SAT_15484,3.168701434,9.297788298
frame-z-001893-4-0088,1,Success,TRUE,SAT_25525,2.417744198,41.59249855,-7.656871961,41.43347777,-7.718484489,,2000/11/27 3:57:21,SAT_25525,3.310771429,2.417744198,SAT_10295,4.446840965,2.475968331,SAT_15484,3.168701434,9.612672312
frame-z-001893-4-0089,1,Success,TRUE,SAT_25525,2.46464143,41.74687802,-7.682193737,41.58862206,-7.74365431,,2000/11/27 3:57:56,SAT_25525,3.310771429,2.46464143,SAT_10295,4.446840965,2.522865563,SAT_15484,3.168701434,9.659569544
frame-z-001893-4-0090,1,Success,TRUE,SAT_25525,2.665205767,41.90109448,-7.707819679,41.79718379,-7.748589533,,2000/11/27 3:58:32,SAT_25525,3.310771429,2.665205767,SAT_10295,4.446840965,2.7234299,SAT_15484,3.168701434,9.860133881
frame-z-001894-4-0046,1,Success,TRUE,SAT_24273,2.568529518,38.03100226,0.224405567,37.93960796,0.001975918,,2000/11/27 4:54:00,SAT_24273,4.05889439,2.568529518,SAT_16963,2.414983011,2.899938673,SAT_26309,4.931499383,42.43258505
frame-z-001895-2-0083,1,No match,FALSE,N/A,inf,120.0416614,38.18184621,119.9908804,38.0109942,FOVNotMatch,2000/11/27 7:11:33,SAT_18527,5.315334962,8.672051954,SAT_19419,4.377679412,28.24686697,SAT_23645,15.51370101,N/A
frame-z-001895-3-0200,1,No match,FALSE,N/A,inf,136.2961151,51.47585669,136.1489512,51.43945121,FOVNotMatch,2000/11/27 8:21:24,SAT_20631,0.045212248,12.0206525,SAT_00552,1.020198265,52.97992713,SAT_12333,1.832322857,69.61363512
frame-z-001895-3-0200,2,No match,FALSE,N/A,inf,136.2650766,51.49052061,136.1011909,51.37131214,FOVNotMatch,2000/11/27 8:21:24,SAT_20631,0.045212248,15.72475711,SAT_00552,1.020198265,25.23451752,SAT_12333,1.832322857,41.86822551
frame-z-001895-3-0201,1,No match,FALSE,N/A,inf,136.4733505,51.58083058,136.3398866,51.48443504,FOVNotMatch,2000/11/27 8:22:00,SAT_20631,0.045212248,15.58754669,SAT_00552,1.020198265,25.37172794,SAT_12333,1.832322857,42.00543592
frame-z-001895-4-0267,1,Success,TRUE,SAT_15265,2.863766201,149.8151248,57.7457138,149.531273,57.76079105,,2000/11/27 9:01:25,SAT_15265,4.682842755,2.863766201,SAT_00738,2.408794836,33.55067002,SAT_16266,12.11173645,N/A
frame-z-001895-4-0268,1,Success,TRUE,SAT_15265,2.646606848,150.0451791,57.91185173,149.7779387,57.92652491,,2000/11/27 9:02:00,SAT_15265,4.682842755,2.646606848,SAT_00738,2.408794836,33.33351067,SAT_16266,12.11173645,N/A
frame-z-001895-4-0323,1,No match,FALSE,N/A,inf,164.8190285,61.43663488,164.693126,61.29548413,FOVNotMatch,2000/11/27 9:34:51,SAT_02371,4.851077671,12.51036692,SAT_18779,4.793289047,22.35765294,SAT_22040,3.824934393,23.8761629
frame-z-001895-4-0339,1,Success,TRUE,SAT_02520,2.679046122,169.6662248,61.960004,169.4515203,61.90062505,,2000/11/27 9:44:24,SAT_02520,5.683082392,2.679046122,SAT_17617,4.441033745,6.001133648,SAT_25274,5.327964525,12.34806865
frame-z-001896-2-0097,1,No match,FALSE,N/A,inf,163.4023535,60.09421031,163.2870395,59.99438565,FOVNotMatch,2000/11/27 11:03:25,SAT_25807,5.657952078,21.67453161,SAT_13432,4.276022017,22.02345874,SAT_00728,3.336151477,33.64643208
frame-z-001896-4-0111,1,No match,FALSE,N/A,inf,167.1828747,61.46865315,166.8799927,61.51023271,FOVNotMatch,2000/11/27 11:11:46,SAT_02674,5.498260959,11.70671987,SAT_20959,3.280400525,13.11743845,SAT_18083,0.494222769,46.29532387
frame-z-001896-5-0115,1,No match,FALSE,N/A,inf,168.189098,61.99294621,167.8057996,62.04228948,FOVNotMatch,2000/11/27 11:14:09,SAT_02674,5.498260959,12.40965149,SAT_20959,3.280400525,13.82037007,SAT_18083,0.494222769,46.99825549
frame-z-001896-6-0176,1,No match,FALSE,N/A,inf,187.9711952,63.46113672,187.7124077,63.52427844,FOVNotMatch,2000/11/27 11:50:35,SAT_23645,3.733867427,7.152578114,SAT_16993,3.486548295,17.94011806,SAT_22512,4.614862567,22.88186073
frame-z-001904-3-0111,1,No match,FALSE,N/A,inf,353.9654632,14.55703012,353.8445712,14.52146671,FOVNotMatch,2000/11/30 4:44:37,SAT_26631,4.831506881,5.980099981,SAT_15205,4.646352847,16.4339323,SAT_26388,16.17840766,N/A
frame-z-001904-6-0119,1,No match,FALSE,N/A,inf,355.1746758,15.90615364,355.0617134,15.83848285,FOVNotMatch,2000/11/30 4:49:23,SAT_20669,5.004185521,8.489926283,SAT_26175,4.025527129,20.86835822,SAT_13533,3.498032316,88.53695371
frame-z-001904-6-0197,1,No match,FALSE,N/A,inf,7.259848883,16.04131916,7.161935654,16.12864524,FOVNotMatch,2000/11/30 5:35:58,SAT_26475,3.435918834,16.51222154,SAT_01646,3.047512316,37.30138767,SAT_16001,4.042294434,42.55978799
frame-z-001904-2-0207,1,No match,FALSE,N/A,inf,8.846606796,14.42734591,8.679837295,14.47698886,FOVNotMatch,2000/11/30 5:41:56,SAT_26475,2.460789939,10.6597081,SAT_16001,0.085668028,31.65382667,SAT_20669,2.571357421,36.52915599
frame-z-001907-5-0199,1,No match,FALSE,N/A,inf,152.4789346,2.940087144,152.319757,2.87512766,FOVNotMatch,2000/11/30 11:21:58,SAT_25649,3.720924241,17.41589701,SAT_16650,4.88798428,20.90720857,SAT_13984,1.887849564,21.91589451
frame-z-001927-4-0015,1,Success,TRUE,SAT_26352,1.841894578,77.4504639,-5.466119641,77.28679478,-5.460562663,,2000/12/8 6:55:10,SAT_26352,1.010472869,1.841894578,SAT_23192,3.224934589,1.938967468,SAT_23846,2.130129848,1.939505864
frame-z-001992-4-0098,1,Success,TRUE,SAT_18944,1.334705519,164.5742886,2.571264713,164.5013878,2.77810559,,2000/12/23 11:33:45,SAT_18944,5.592786649,1.334705519,SAT_11672,3.303499748,15.64352517,SAT_20413,1.670876841,19.00775967
frame-z-001992-5-0120,1,No match,FALSE,N/A,inf,167.8932863,3.245364932,167.7610772,3.212056388,FOVNotMatch,2000/12/23 11:46:53,SAT_15824,5.588481442,14.77402188,SAT_15629,4.862191669,15.85252111,SAT_13631,4.543445754,17.05159908
frame-z-001992-5-0122,1,No match,FALSE,N/A,inf,168.2245408,3.185580188,168.0627756,3.144687641,FOVNotMatch,2000/12/23 11:48:04,SAT_15824,5.588481442,14.81908911,SAT_15629,4.862191669,15.89758834,SAT_13631,4.543445754,17.09666631
frame-z-001992-6-0108,1,No match,FALSE,N/A,inf,166.0654129,3.639942937,165.9558588,3.613106339,FOVNotMatch,2000/12/23 11:39:43,SAT_26488,5.488461962,5.150511381,SAT_22176,5.301588425,8.610348249,SAT_15677,5.878761758,13.36577032
frame-z-001992-6-0109,1,No match,FALSE,N/A,inf,166.2688331,3.620191788,166.1073133,3.580056095,FOVNotMatch,2000/12/23 11:40:19,SAT_26488,5.488461962,5.340863788,SAT_22176,5.301588425,8.800700656,SAT_15677,5.878761758,13.55612273
frame-z-001992-6-0110,1,No match,FALSE,N/A,inf,166.2568142,3.546699971,166.4198075,3.587708868,FOVNotMatch,2000/12/23 11:40:55,SAT_26488,5.488461962,5.508421215,SAT_22176,5.301588425,8.968258083,SAT_15677,5.878761758,13.72368015
frame-z-001992-6-0114,1,No match,FALSE,N/A,inf,166.9135014,3.427529279,167.0214817,3.454516081,FOVNotMatch,2000/12/23 11:43:18,SAT_26488,5.488461962,5.41613907,SAT_22176,5.301588425,8.875975938,SAT_15677,5.878761758,13.63139801
frame-z-001992-4-0132,1,No match,FALSE,N/A,inf,169.7277529,2.843591971,169.566474,2.802656263,FOVNotMatch,2000/12/23 11:54:03,SAT_25021,5.466683899,13.91511392,SAT_15677,5.246865126,14.08891807,SAT_15824,4.4287623,15.08349522
frame-z-001992-4-0133,1,No match,FALSE,N/A,inf,169.8785456,2.809499665,169.7165268,2.768308445,FOVNotMatch,2000/12/23 11:54:39,SAT_25021,5.466683899,13.93722523,SAT_15677,5.246865126,14.11102937,SAT_15824,4.4287623,15.10560652
frame-z-001992-4-0134,1,No match,FALSE,N/A,inf,170.0289543,2.775297203,169.8663467,2.733605203,FOVNotMatch,2000/12/23 11:55:14,SAT_25021,5.466683899,14.05308705,SAT_15677,5.246865126,14.22689119,SAT_15824,4.4287623,15.22146834
frame-z-001992-4-0136,1,No match,FALSE,N/A,inf,170.3294205,2.705313279,170.1669232,2.664189401,FOVNotMatch,2000/12/23 11:56:26,SAT_25021,5.466683899,13.87336989,SAT_15677,5.246865126,14.04717404,SAT_15824,4.4287623,15.04175119
frame-z-001992-4-0137,1,No match,FALSE,N/A,inf,170.4798024,2.670898347,170.3206183,2.630455228,FOVNotMatch,2000/12/23 11:57:02,SAT_25021,5.466683899,13.92638858,SAT_15677,5.246865126,14.10019273,SAT_15824,4.4287623,15.09476987
frame-z-001992-5-0125,1,No match,FALSE,N/A,inf,168.5131851,3.042556224,168.6763083,3.083678455,FOVNotMatch,2000/12/23 11:49:52,SAT_25021,5.872420659,13.77437791,SAT_15677,5.561969803,13.92418541,SAT_15824,4.625655687,14.88689793
frame-z-001992-5-0126,1,No match,FALSE,N/A,inf,168.8259706,3.049369018,168.7560627,3.031894694,FOVNotMatch,2000/12/23 11:50:28,SAT_25021,5.872420659,13.6590934,SAT_15677,5.561969803,13.80890089,SAT_15824,4.625655687,14.77161341
frame-z-001992-4-0131,1,No match,FALSE,N/A,inf,169.4466682,2.844980663,169.4150705,2.836909494,FOVNotMatch,2000/12/23 11:53:27,SAT_25021,5.872420659,13.95173857,SAT_15677,5.561969803,14.10154607,SAT_15824,4.625655687,15.06425858
frame-z-001992-1-0166,1,No match,FALSE,N/A,inf,174.8266404,1.63835184,174.6736911,1.598931663,FOVNotMatch,2000/12/23 12:14:21,SAT_22796,5.675580945,14.16173186,SAT_25021,4.264641341,14.36162461,SAT_15677,4.407216254,14.65103023
frame-z-001992-3-0143,1,No match,FALSE,N/A,inf,171.218836,2.41963153,171.3228591,2.446213668,FOVNotMatch,2000/12/23 12:00:37,SAT_25021,5.064174642,14.08327194,SAT_15677,4.949407839,14.29466768,SAT_15824,4.269359156,15.33863565
frame-z-001992-3-0144,1,No match,FALSE,N/A,inf,171.5315456,2.426267921,171.3689288,2.384672419,FOVNotMatch,2000/12/23 12:01:13,SAT_25021,5.064174642,14.09633021,SAT_15677,4.949407839,14.30772595,SAT_15824,4.269359156,15.35169393
frame-z-001992-3-0148,1,No match,FALSE,N/A,inf,172.1320111,2.285269908,171.9702513,2.243638269,FOVNotMatch,2000/12/23 12:03:36,SAT_25021,5.064174642,14.17987409,SAT_15677,4.949407839,14.39126983,SAT_15824,4.269359156,15.4352378
frame-z-001992-2-0157,1,No match,FALSE,N/A,inf,173.4833579,1.964980339,173.321712,1.923222755,FOVNotMatch,2000/12/23 12:08:58,SAT_25021,4.665191977,14.33043214,SAT_15677,4.671683076,14.58941548,SAT_15824,4.145900719,15.69497493
frame-z-001992-2-0158,1,No match,FALSE,N/A,inf,173.633832,1.929139559,173.4715924,1.887187093,FOVNotMatch,2000/12/23 12:09:34,SAT_25021,4.665191977,14.34388155,SAT_15677,4.671683076,14.60286489,SAT_15824,4.145900719,15.70842434
frame-z-001992-2-0160,1,No match,FALSE,N/A,inf,173.9339061,1.85703847,173.8124197,1.825604772,FOVNotMatch,2000/12/23 12:10:46,SAT_25021,4.665191977,14.35190194,SAT_15677,4.671683076,14.61088529,SAT_15824,4.145900719,15.71644474
frame-z-001992-2-0186,1,No match,FALSE,N/A,inf,177.7650167,1.853063458,177.7274636,1.901841454,FOVNotMatch,2000/12/23 12:26:17,SAT_26583,5.307987356,33.33941764,SAT_09852,3.262041593,36.58680688,SAT_12851,1.061055828,38.47512483
frame-z-002029-4-0248,1,No match,FALSE,N/A,inf,182.4621453,0.153867361,182.6245723,0.193704578,FOVNotMatch,2001/1/14 11:24:33,SAT_26497,5.55459911,6.855086848,SAT_23671,4.216422721,8.339960714,SAT_22796,4.917954304,13.81461885
frame-z-002029-3-0256,1,No match,FALSE,N/A,inf,183.6589941,-0.142408866,183.8219535,-0.101954266,FOVNotMatch,2001/1/14 11:29:20,SAT_26497,5.630297104,7.388418888,SAT_10262,0.356460284,8.500397263,SAT_23671,4.106049749,8.800210471
frame-z-002029-3-0257,1,No match,FALSE,N/A,inf,183.8089583,-0.17915434,183.9716327,-0.138962227,FOVNotMatch,2001/1/14 11:29:55,SAT_26497,5.630297104,7.324808364,SAT_10262,0.356460284,8.43678674,SAT_23671,4.106049749,8.736599948
frame-z-002029-3-0258,1,No match,FALSE,N/A,inf,183.9588979,-0.216500628,184.1215846,-0.175734974,FOVNotMatch,2001/1/14 11:30:31,SAT_26497,5.630297104,7.514047962,SAT_10262,0.356460284,8.626026337,SAT_23671,4.106049749,8.925839545
frame-z-002029-2-0267,1,No match,FALSE,N/A,inf,185.3066984,-0.552625035,185.4686555,-0.512193848,FOVNotMatch,2001/1/14 11:35:54,SAT_23671,2.57013918,9.117565892,SAT_25954,5.164262518,14.00840223,SAT_23192,5.265496237,14.00909358
frame-z-002029-2-0268,1,No match,FALSE,N/A,inf,185.4556952,-0.590387687,185.6185967,-0.549597947,FOVNotMatch,2001/1/14 11:36:29,SAT_23671,2.57013918,9.158301019,SAT_25954,5.164262518,14.04913736,SAT_23192,5.265496237,14.0498287
frame-z-002029-2-0269,1,No match,FALSE,N/A,inf,185.6053432,-0.628115907,185.7680352,-0.586843176,FOVNotMatch,2001/1/14 11:37:05,SAT_23671,2.57013918,9.335705111,SAT_25954,5.164262518,14.22654145,SAT_23192,5.265496237,14.2272328
frame-z-002065-3-0099,1,No match,FALSE,N/A,inf,180.3296958,64.48794061,180.5279971,64.60014667,FOVNotMatch,2001/1/24 11:47:11,SAT_17081,5.356480577,13.73387222,SAT_14465,4.122595511,15.59272955,SAT_25600,4.448210745,17.35075335
frame-z-002065-6-0182,1,Success,TRUE,SAT_13012,1.219209053,209.1370923,63.95278679,209.3351225,64.02666287,,2001/1/24 12:36:44,SAT_13012,5.162332585,1.219209053,SAT_07780,3.490073946,1.382663342,SAT_26483,4.175656022,1.409513615
frame-z-002065-1-0188,1,No match,FALSE,N/A,inf,209.3697248,61.64813799,209.3564099,61.76160562,FOVNotMatch,2001/1/24 12:40:19,SAT_24726,0.073039414,9.113250643,SAT_23630,3.549914639,39.00014505,SAT_13585,5.387810208,39.8573931
frame-z-002065-6-0174,1,Success,TRUE,SAT_21706,0.841566003,206.5006892,64.2524466,206.660207,64.32141686,,2001/1/24 12:31:58,SAT_21706,3.209121761,0.841566003,SAT_07780,5.219611993,1.582906298,SAT_26483,5.80594795,2.098606819
frame-z-002065-5-0175,1,Success,TRUE,SAT_21706,0.535594274,206.5352787,63.88829436,206.7930114,63.99991353,,2001/1/24 12:32:33,SAT_21706,3.209121761,0.535594274,SAT_07780,5.219611993,1.276934569,SAT_26483,5.80594795,1.79263509
frame-z-002065-5-0176,1,Success,TRUE,SAT_21706,0.101250403,207.0797223,63.74670813,207.2253986,63.80921649,,2001/1/24 12:33:09,SAT_21706,3.209121761,0.101250403,SAT_07780,5.219611993,0.842590698,SAT_26483,5.80594795,1.358291219
frame-z-002029-2-0272,1,No match,FALSE,N/A,inf,186.0943063,-0.731091895,186.2171441,-0.700207881,FOVNotMatch,2001/1/14 11:38:53,SAT_23671,2.085009502,9.427487389,SAT_25954,4.749797878,14.1052368,SAT_23192,4.856886045,14.10536394
frame-z-002029-1-0278,1,No match,FALSE,N/A,inf,186.9527014,-0.967472554,187.1158451,-0.926305957,FOVNotMatch,2001/1/14 11:42:28,SAT_23671,2.565225748,9.692922914,SAT_22911,5.995063393,14.13635491,SAT_23192,4.762407722,14.15517817
frame-z-002029-1-0281,1,No match,FALSE,N/A,inf,187.4018235,-1.081352203,187.5642336,-1.040577359,FOVNotMatch,2001/1/14 11:44:15,SAT_23671,2.565225748,9.624829497,SAT_22911,5.995063393,14.06826149,SAT_23192,4.762407722,14.08708475
frame-z-002029-1-0282,1,No match,FALSE,N/A,inf,187.5517638,-1.119263403,187.7141964,-1.078463787,FOVNotMatch,2001/1/14 11:44:51,SAT_23671,2.565225748,9.6313432,SAT_22911,5.995063393,14.07477519,SAT_23192,4.762407722,14.09359845
frame-z-002069-4-0031,1,Success,TRUE,SAT_19347,2.95350573,123.9049551,2.52580969,123.7433411,2.508602774,,2001/1/25 6:59:33,SAT_19347,5.456610607,2.95350573,SAT_21135,2.889557374,2.98210484,SAT_15677,4.874115755,3.184173323
frame-z-002069-4-0032,1,Success,TRUE,SAT_19347,2.798561068,124.054615,2.532561187,123.8936145,2.515859472,,2001/1/25 7:00:08,SAT_19347,5.456610607,2.798561068,SAT_21135,2.889557374,2.827160177,SAT_15677,4.874115755,3.029228661
frame-z-002069-4-0033,1,Success,TRUE,SAT_19347,3.005717769,124.2049561,2.539758325,124.0431458,2.522381696,,2001/1/25 7:00:44,SAT_19347,5.456610607,3.005717769,SAT_21135,2.889557374,3.034316879,SAT_15677,4.874115755,3.236385362
frame-z-002069-4-0034,1,Success,TRUE,SAT_19347,2.909328072,124.1924093,2.529363848,124.3543712,2.546481367,,2001/1/25 7:01:20,SAT_19347,5.456610607,2.909328072,SAT_21135,2.889557374,2.937927182,SAT_15677,4.874115755,3.139995665
frame-z-002069-4-0035,1,Success,TRUE,SAT_19347,2.986823094,124.3421712,2.536247359,124.5037247,2.553542396,,2001/1/25 7:01:56,SAT_19347,5.456610607,2.986823094,SAT_21135,2.889557374,3.015422204,SAT_15677,4.874115755,3.217490687
frame-z-002069-4-0036,1,Success,TRUE,SAT_19347,3.025243707,124.4920606,2.542853243,124.6540806,2.560307914,,2001/1/25 7:02:32,SAT_19347,5.456610607,3.025243707,SAT_21135,2.889557374,3.053842816,SAT_15677,4.874115755,3.2559113
frame-z-002069-4-0037,1,Success,TRUE,SAT_19347,3.02228604,124.6419291,2.549580074,124.8037434,2.567004051,,2001/1/25 7:03:08,SAT_19347,5.456610607,3.02228604,SAT_21135,2.889557374,3.05088515,SAT_15677,4.874115755,3.252953633
frame-z-002069-4-0045,1,Success,TRUE,SAT_21135,3.45720583,125.8405935,2.601113286,126.0021511,2.618994315,,2001/1/25 7:07:54,SAT_21135,2.974127394,3.45720583,SAT_19347,5.481123111,3.505398661,SAT_15677,4.928082324,3.535110402
frame-z-002069-4-0046,1,Success,TRUE,SAT_21135,3.389128187,125.9902699,2.60780565,126.1524156,2.625556881,,2001/1/25 7:08:30,SAT_21135,2.974127394,3.389128187,SAT_19347,5.481123111,3.437321019,SAT_15677,4.928082324,3.467032759
frame-z-002069-4-0047,1,Success,TRUE,SAT_21135,3.31868061,126.1399621,2.61397304,126.3011364,2.631417521,,2001/1/25 7:09:06,SAT_21135,2.974127394,3.31868061,SAT_19347,5.481123111,3.366873442,SAT_15677,4.928082324,3.396585182
frame-z-002069-4-0048,1,Success,TRUE,SAT_21135,3.329500595,126.2892702,2.620111288,126.4512145,2.63766994,,2001/1/25 7:09:42,SAT_21135,2.974127394,3.329500595,SAT_19347,5.481123111,3.377693426,SAT_15677,4.928082324,3.407405167
frame-z-002069-4-0049,1,Success,TRUE,SAT_21135,3.416168149,126.4397385,2.625903198,126.6016519,2.643705991,,2001/1/25 7:10:17,SAT_21135,2.974127394,3.416168149,SAT_19347,5.481123111,3.464360981,SAT_15677,4.928082324,3.494072721
frame-z-002069-4-0050,1,Success,TRUE,SAT_21135,3.264078337,126.5895463,2.632156728,126.74905,2.649266536,,2001/1/25 7:10:53,SAT_21135,2.974127394,3.264078337,SAT_19347,5.481123111,3.312271168,SAT_15677,4.928082324,3.341982909
frame-z-002069-4-0051,1,Success,TRUE,SAT_21135,3.443899853,126.739126,2.637989101,126.9016102,2.655933987,,2001/1/25 7:11:29,SAT_21135,2.974127394,3.443899853,SAT_19347,5.481123111,3.492092685,SAT_15677,4.928082324,3.521804426
frame-z-002069-4-0038,1,Success,TRUE,SAT_21135,3.190639035,124.7912158,2.55625593,124.9535447,2.573799012,,2001/1/25 7:03:43,SAT_21135,2.931409233,3.190639035,SAT_19347,5.468969445,3.200480981,SAT_15677,4.901035883,3.330685759
frame-z-002069-4-0039,1,Success,TRUE,SAT_21135,3.089652773,124.9411513,2.562936139,125.1039167,2.580236406,,2001/1/25 7:04:19,SAT_21135,2.931409233,3.089652773,SAT_19347,5.468969445,3.099494719,SAT_15677,4.901035883,3.229699497
frame-z-002069-4-0040,1,Success,TRUE,SAT_21135,3.217156137,125.0909623,2.569349784,125.2537206,2.587015225,,2001/1/25 7:04:55,SAT_21135,2.931409233,3.217156137,SAT_19347,5.468969445,3.226998083,SAT_15677,4.901035883,3.35720286
frame-z-002069-4-0041,1,Success,TRUE,SAT_21135,3.193163353,125.2407639,2.575992752,125.4023374,2.593461119,,2001/1/25 7:05:31,SAT_21135,2.931409233,3.193163353,SAT_19347,5.468969445,3.203005299,SAT_15677,4.901035883,3.333210077
frame-z-002069-4-0042,1,Success,TRUE,SAT_21135,3.159830074,125.3905466,2.582520437,125.5532868,2.600019165,,2001/1/25 7:06:07,SAT_21135,2.931409233,3.159830074,SAT_19347,5.468969445,3.16967202,SAT_15677,4.901035883,3.299876798
frame-z-002069-4-0043,1,Success,TRUE,SAT_21135,3.154064123,125.5406919,2.58901887,125.7030723,2.606462303,,2001/1/25 7:06:43,SAT_21135,2.931409233,3.154064123,SAT_19347,5.468969445,3.163906069,SAT_15677,4.901035883,3.294110847
frame-z-002069-4-0044,1,Success,TRUE,SAT_21135,3.199187323,125.6902422,2.595223464,125.8528814,2.612824055,,2001/1/25 7:07:18,SAT_21135,2.931409233,3.199187323,SAT_19347,5.468969445,3.20902927,SAT_15677,4.901035883,3.339234047
frame-z-002069-3-0086,1,Success,TRUE,SAT_15677,4.019632463,131.9858179,2.812518278,132.1468633,2.830726082,,2001/1/25 7:32:23,SAT_15677,4.670280738,4.019632463,SAT_23270,4.933934316,4.228206923,SAT_21135,2.981017145,4.306868505
frame-z-002069-3-0087,1,Success,TRUE,SAT_15677,4.001050487,132.1354657,2.816705477,132.2975468,2.83497714,,2001/1/25 7:32:59,SAT_15677,4.670280738,4.001050487,SAT_23270,4.933934316,4.209624947,SAT_21135,2.981017145,4.288286529
frame-z-002069-3-0088,1,Success,TRUE,SAT_15677,4.036713471,132.2855992,2.820432564,132.4475884,2.838795801,,2001/1/25 7:33:35,SAT_15677,4.670280738,4.036713471,SAT_23270,4.933934316,4.245287931,SAT_21135,2.981017145,4.323949513
frame-z-002069-3-0089,1,Success,TRUE,SAT_15677,4.009672951,132.4358516,2.824241943,132.5973046,2.842467248,,2001/1/25 7:34:10,SAT_15677,4.670280738,4.009672951,SAT_23270,4.933934316,4.218247411,SAT_21135,2.981017145,4.296908993
frame-z-002069-3-0090,1,Success,TRUE,SAT_15677,4.093485987,132.5854694,2.828058735,132.7468033,2.846509305,,2001/1/25 7:34:46,SAT_15677,4.670280738,4.093485987,SAT_23270,4.933934316,4.302060448,SAT_21135,2.981017145,4.380722029
frame-z-002069-3-0091,1,Success,TRUE,SAT_15677,4.055480724,132.7353306,2.832032712,132.8982128,2.850550974,,2001/1/25 7:35:22,SAT_15677,4.670280738,4.055480724,SAT_23270,4.933934316,4.264055184,SAT_21135,2.981017145,4.342716766
frame-z-002069-3-0092,1,Success,TRUE,SAT_15677,4.073598123,132.8859534,2.835506655,133.047907,2.853971099,,2001/1/25 7:35:58,SAT_15677,4.670280738,4.073598123,SAT_23270,4.933934316,4.282172583,SAT_21135,2.981017145,4.360834165
frame-z-002069-3-0093,1,Success,TRUE,SAT_02788,3.622715965,133.0354651,2.839521094,133.1978856,2.857794189,,2001/1/25 7:36:34,SAT_02788,0.302801774,3.622715965,SAT_15677,4.698361308,4.050760034,SAT_23270,4.966978145,4.253717584
frame-z-002069-3-0094,1,Success,TRUE,SAT_02788,3.552878342,133.1853388,2.842841266,133.3477577,2.861314381,,2001/1/25 7:37:10,SAT_02788,0.302801774,3.552878342,SAT_15677,4.698361308,4.120597657,SAT_23270,4.966978145,4.323555207
frame-z-002069-3-0095,1,Success,TRUE,SAT_02788,3.476159707,133.3354522,2.846392726,133.4973686,2.865028012,,2001/1/25 7:37:45,SAT_02788,0.302801774,3.476159707,SAT_15677,4.698361308,4.197316292,SAT_23270,4.966978145,4.400273842
frame-z-002069-3-0096,1,Success,TRUE,SAT_02788,3.471596522,133.4858227,2.849909414,133.6478549,2.868571022,,2001/1/25 7:38:21,SAT_02788,0.302801774,3.471596522,SAT_15677,4.698361308,4.201879477,SAT_23270,4.966978145,4.404837027
frame-z-002069-3-0097,1,Success,TRUE,SAT_02788,3.560969508,133.635682,2.853547786,133.7972826,2.871904563,,2001/1/25 7:38:57,SAT_02788,0.302801774,3.560969508,SAT_15677,4.698361308,4.112506491,SAT_23270,4.966978145,4.315464041
frame-z-002069-3-0098,1,Success,TRUE,SAT_02788,3.480246421,133.785973,2.856791715,133.9475328,2.87537412,,2001/1/25 7:39:33,SAT_02788,0.302801774,3.480246421,SAT_15677,4.698361308,4.193229578,SAT_23270,4.966978145,4.396187128
frame-z-002069-3-0099,1,Success,TRUE,SAT_02788,3.53129087,133.9353627,2.860102173,134.0982363,2.878688805,,2001/1/25 7:40:09,SAT_02788,0.302801774,3.53129087,SAT_15677,4.698361308,4.142185129,SAT_23270,4.966978145,4.345142679
frame-z-002069-3-0100,1,Success,TRUE,SAT_15677,4.1254735,134.0854766,2.863609038,134.2479406,2.881919574,,2001/1/25 7:40:45,SAT_15677,4.726457992,4.1254735,SAT_23270,4.999951562,4.322740911,SAT_20217,4.541452464,4.516184094
frame-z-002069-3-0101,1,Success,TRUE,SAT_15677,4.18155702,134.2357806,2.866651394,134.3975884,2.885048145,,2001/1/25 7:41:20,SAT_15677,4.726457992,4.18155702,SAT_23270,4.999951562,4.378824431,SAT_20217,4.541452464,4.572267615
frame-z-002069-3-0102,1,Success,TRUE,SAT_15677,4.301313089,134.3859137,2.869697022,134.5478319,2.888448744,,2001/1/25 7:41:56,SAT_15677,4.726457992,4.301313089,SAT_23270,4.999951562,4.4985805,SAT_20217,4.541452464,4.692023683
frame-z-002069-3-0103,1,Success,TRUE,SAT_15677,4.258848332,134.5355632,2.872805584,134.6977389,2.891465421,,2001/1/25 7:42:32,SAT_15677,4.726457992,4.258848332,SAT_23270,4.999951562,4.456115742,SAT_20217,4.541452464,4.649558926
frame-z-002069-3-0104,1,Success,TRUE,SAT_15677,4.250399866,134.6860653,2.87587049,134.8474009,2.894409555,,2001/1/25 7:43:08,SAT_15677,4.726457992,4.250399866,SAT_23270,4.999951562,4.447667276,SAT_20217,4.541452464,4.64111046
frame-z-002069-3-0105,1,Success,TRUE,SAT_15677,4.174821297,134.8360821,2.879077758,134.9983,2.897501635,,2001/1/25 7:43:44,SAT_15677,4.726457992,4.174821297,SAT_23270,4.999951562,4.372088708,SAT_20217,4.541452464,4.565531891
frame-z-002069-3-0106,1,Success,TRUE,SAT_15677,4.249192366,134.9862537,2.881772478,135.1479813,2.90035303,,2001/1/25 7:44:19,SAT_15677,4.726457992,4.249192366,SAT_23270,4.999951562,4.446459777,SAT_20217,4.541452464,4.63990296
frame-z-002069-3-0107,1,Success,TRUE,SAT_15677,4.242754067,135.1361979,2.884640663,135.2975665,2.902979217,,2001/1/25 7:44:55,SAT_15677,4.754722595,4.242754067,SAT_23270,5.033026429,4.434260749,SAT_20217,4.528218129,4.668332432
frame-z-002069-3-0108,1,Success,TRUE,SAT_15677,4.263272648,135.2864651,2.887806358,135.4484524,2.906273863,,2001/1/25 7:45:31,SAT_15677,4.754722595,4.263272648,SAT_23270,5.033026429,4.454779329,SAT_20217,4.528218129,4.688851012
frame-z-002069-3-0109,1,Success,TRUE,SAT_15677,4.290159457,135.4362911,2.890526277,135.5986043,2.909107948,,2001/1/25 7:46:07,SAT_15677,4.754722595,4.290159457,SAT_23270,5.033026429,4.481666138,SAT_20217,4.528218129,4.715737822
frame-z-002069-3-0110,1,Success,TRUE,SAT_15677,4.303179905,135.5868387,2.893175605,135.7481601,2.911680789,,2001/1/25 7:46:43,SAT_15677,4.754722595,4.303179905,SAT_23270,5.033026429,4.494686586,SAT_20217,4.528218129,4.72875827
frame-z-002069-3-0111,1,Success,TRUE,SAT_15677,4.223483335,135.736097,2.895934387,135.8984594,2.914330453,,2001/1/25 7:47:19,SAT_15677,4.754722595,4.223483335,SAT_23270,5.033026429,4.414990016,SAT_20217,4.528218129,4.6490617
frame-z-002069-3-0112,1,Success,TRUE,SAT_15677,4.313808278,135.8861717,2.898604925,136.0486348,2.917271485,,2001/1/25 7:47:54,SAT_15677,4.754722595,4.313808278,SAT_23270,5.033026429,4.505314959,SAT_20217,4.528218129,4.739386643
frame-z-002069-3-0113,1,Success,TRUE,SAT_15677,4.435152697,136.0365045,2.900926001,136.1984585,2.919881191,,2001/1/25 7:48:30,SAT_15677,4.754722595,4.435152697,SAT_23270,5.033026429,4.626659378,SAT_20217,4.528218129,4.860731062
frame-z-002069-3-0114,1,Success,TRUE,SAT_15677,4.472948037,136.3482603,2.922002039,136.1869524,2.903199343,,2001/1/25 7:49:06,SAT_15677,4.783038272,4.472948037,SAT_23270,5.066056837,4.658623996,SAT_20217,4.515958919,4.933215812
frame-z-002069-3-0115,1,Success,TRUE,SAT_15677,4.408889638,136.4981026,2.924434055,136.3366373,2.905795781,,2001/1/25 7:49:42,SAT_15677,4.783038272,4.408889638,SAT_23270,5.066056837,4.594565597,SAT_20217,4.515958919,4.869157414
frame-z-002069-3-0116,1,Success,TRUE,SAT_15677,4.415353016,136.6488963,2.926951236,136.5415854,2.914551921,,2001/1/25 7:50:18,SAT_15677,4.783038272,4.415353016,SAT_23270,5.066056837,4.601028975,SAT_20217,4.515958919,4.875620791
frame-z-002074-1-0031,1,Success,TRUE,SAT_26652,3.339265268,124.0033373,41.16945329,124.1828056,41.26926014,,2001/1/26 4:49:23,SAT_26652,3.498542306,3.339265268,SAT_20045,1.791966931,11.40532395,SAT_13295,0.135458317,28.90826012
frame-z-002074-1-0032,1,Success,TRUE,SAT_26652,3.639591766,124.2692122,41.40862371,124.0895281,41.31000017,,2001/1/26 4:49:59,SAT_26652,3.498542306,3.639591766,SAT_20045,1.791966931,11.70565045,SAT_13295,0.135458317,29.20858661
frame-z-002069-3-0131,1,No match,FALSE,N/A,inf,138.7527499,3.044108001,138.8238902,3.272460322,FOVNotMatch,2001/1/25 7:59:15,SAT_02371,4.006569689,28.43908057,SAT_25963,5.062388539,33.35331929,SAT_03036,2.800385982,36.63738348
frame-z-002076-5-0143,1,No match,FALSE,N/A,inf,124.3284653,44.51488125,124.3370575,44.59010722,FOVNotMatch,2001/1/26 9:09:43,SAT_12892,2.9786499,13.60682568,SAT_22615,0.406327426,48.53052192,SAT_08546,3.254672664,63.98538337
frame-z-002075-5-0068,1,No match,FALSE,N/A,inf,127.1819971,46.27499876,127.1093467,46.27763151,FOVNotMatch,2001/1/26 7:25:37,SAT_14670,5.685621998,8.784724822,SAT_25054,5.025996034,10.98829257,SAT_24960,9.51321168,N/A
frame-z-002073-3-0084,1,Success,TRUE,SAT_12993,0.583010062,37.96448663,-8.615711612,37.99597725,-8.499072939,,2001/1/26 3:37:04,SAT_12993,4.22909663,0.583010062,SAT_20959,0.062340895,14.95121711,SAT_25101,0.492948109,15.73875547
frame-z-002073-2-0085,1,Success,TRUE,SAT_12993,0.459806179,38.15146585,-9.019387794,38.19516999,-8.856269865,,2001/1/26 3:37:40,SAT_12993,4.22909663,0.459806179,SAT_20959,0.062340895,15.07442099,SAT_25101,0.492948109,15.61555158
frame-z-002076-6-0167,1,Success,TRUE,SAT_20742,4.031831148,127.4258038,47.46590268,127.3301215,47.36221793,,2001/1/26 9:24:03,SAT_20742,4.834735697,4.031831148,SAT_12892,4.21078882,12.80968165,SAT_13769,1.990324825,37.04912291
frame-z-002076-6-0167,2,Success,TRUE,SAT_20742,4.037253245,127.3359168,47.35891208,127.4333543,47.46448133,,2001/1/26 9:24:03,SAT_20742,4.834735697,4.037253245,SAT_12892,4.21078882,12.81510375,SAT_13769,1.990324825,37.05454501
frame-z-002078-2-0061,1,Success,TRUE,SAT_21847,1.589216794,170.7924452,63.46970457,170.9886987,63.57055417,,2001/1/26 10:27:03,SAT_21847,2.091916696,1.589216794,SAT_21900,3.521491182,5.763860187,SAT_12156,2.395601726,34.41961389
frame-z-002078-2-0062,1,Success,TRUE,SAT_21847,0.868274666,171.3624218,63.49165679,171.4716982,63.54640611,,2001/1/26 10:27:39,SAT_21847,2.091916696,0.868274666,SAT_21900,3.521491182,5.042918059,SAT_12156,2.395601726,33.69867176
frame-z-002078-1-0209,1,Success,TRUE,SAT_14319,1.01000075,217.8117132,59.6658722,218.0065152,59.71716994,,2001/1/26 11:55:25,SAT_14319,5.717208196,1.01000075,SAT_15811,4.171931502,6.862075187,SAT_18980,1.255136493,14.50736412
frame-z-002078-2-0151,1,No match,FALSE,N/A,inf,201.1968189,63.38602912,201.2973068,63.43632344,FOVNotMatch,2001/1/26 11:20:47,SAT_08425,4.525191595,7.856383585,SAT_10644,5.162602148,11.67194155,SAT_14319,1.752358223,12.69727262
frame-z-002078-2-0152,1,No match,FALSE,N/A,inf,201.5704122,63.17484495,201.8856168,63.33063788,FOVNotMatch,2001/1/26 11:21:23,SAT_08425,4.525191595,7.341877115,SAT_10644,5.162602148,11.15743508,SAT_14319,1.752358223,12.18276615
frame-z-002078-2-0219,1,No match,FALSE,N/A,inf,220.9117435,59.21557759,220.9633172,59.30929533,FOVNotMatch,2001/1/26 12:01:23,SAT_16103,2.935984288,22.2875254,SAT_11050,2.584250313,25.52449128,SAT_18980,0.060788429,32.97076839
frame-z-002125-6-0083,1,No match,FALSE,N/A,inf,131.251786,3.835508227,131.1455996,3.798715927,FOVNotMatch,2001/2/20 4:20:07,SAT_19008,3.836389167,6.957443553,SAT_21641,1.94927599,15.47860021,SAT_21702,3.24615169,16.44670081
frame-z-002125-4-0102,1,No match,FALSE,N/A,inf,134.1485754,3.256206534,133.9898459,3.200685785,FOVNotMatch,2001/2/20 4:31:28,SAT_21641,1.200429011,16.01072397,SAT_23330,5.391952349,16.76768788,SAT_21702,2.489456564,16.9016382
frame-z-002125-5-0093,1,No match,FALSE,N/A,inf,132.7769504,3.533597834,132.6276509,3.481775139,FOVNotMatch,2001/2/20 4:26:05,SAT_21641,1.565062478,15.70025261,SAT_23330,5.780383498,16.5620445,SAT_21702,2.868062224,16.62805357
frame-z-002125-3-0114,1,No match,FALSE,N/A,inf,135.9777765,2.878956852,135.9361778,2.864579859,FOVNotMatch,2001/2/20 4:38:37,SAT_21641,0.886103775,16.03251851,SAT_23330,5.013367653,16.64892879,SAT_21702,2.126107414,16.8733856
frame-z-002125-2-0119,1,No match,FALSE,N/A,inf,136.7383294,2.719166748,136.5794595,2.663054117,FOVNotMatch,2001/2/20 4:41:37,SAT_21641,0.886103775,16.41757147,SAT_23330,5.013367653,17.03398175,SAT_21702,2.126107414,17.25843856
frame-z-002125-2-0120,1,No match,FALSE,N/A,inf,136.89108,2.687227325,136.7318389,2.630970827,FOVNotMatch,2001/2/20 4:42:12,SAT_21641,0.886103775,16.42118974,SAT_23330,5.013367653,17.03760002,SAT_21702,2.126107414,17.26205683
frame-z-002125-1-0129,1,No match,FALSE,N/A,inf,138.2611376,2.395379935,138.1019731,2.338959084,FOVNotMatch,2001/2/20 4:47:35,SAT_21641,0.653533234,16.78428001,SAT_23330,4.225797795,17.22390498,SAT_21702,1.378217408,17.56126116
frame-z-002125-1-0130,1,No match,FALSE,N/A,inf,138.4126077,2.362555396,138.2537174,2.306130285,FOVNotMatch,2001/2/20 4:48:11,SAT_21641,0.653533234,16.81638007,SAT_23330,4.225797795,17.25600504,SAT_21702,1.378217408,17.59336122
frame-z-002125-1-0133,1,No match,FALSE,N/A,inf,138.8704041,2.264321111,138.710844,2.207767797,FOVNotMatch,2001/2/20 4:49:58,SAT_21641,0.653533234,16.78013648,SAT_23330,4.225797795,17.21976145,SAT_21702,1.378217408,17.55711763
frame-z-002125-1-0185,1,No match,FALSE,N/A,inf,146.6456731,2.74105045,146.4847303,2.714226588,FOVNotMatch,2001/2/20 5:21:01,SAT_23330,5.692062201,7.674330372,SAT_21641,1.262273562,7.900567088,SAT_15994,5.383876911,8.402896211
frame-z-002125-1-0186,1,No match,FALSE,N/A,inf,146.7964395,2.732797827,146.7586992,2.726356675,FOVNotMatch,2001/2/20 5:21:37,SAT_23330,5.692062201,7.897616957,SAT_21641,1.262273562,8.123853673,SAT_15994,5.383876911,8.626182795
frame-z-002125-6-0307,1,No match,FALSE,N/A,inf,164.8208602,5.537109826,164.7095539,5.62372309,FOVNotMatch,2001/2/20 6:33:52,SAT_20830,5.149568,22.88409,SAT_08585,3.194153011,23.31929239,SAT_21948,5.101093192,27.30649573
frame-z-002125-5-0265,1,Success,TRUE,SAT_07269,1.610396406,158.4369404,5.121305139,158.4093678,5.069621817,,2001/2/20 6:08:47,SAT_07269,1.132246075,1.610396406,SAT_10619,1.03852911,7.765523305,SAT_13901,2.104851811,36.28187468
frame-z-002126-6-0050,1,No match,FALSE,N/A,inf,126.5762658,3.808036369,126.5669199,3.826330982,FOVNotMatch,2001/2/20 7:23:58,SAT_25420,4.370593396,33.69491908,SAT_11669,4.627815507,59.06014751,SAT_07815,5.687581761,60.84274328
frame-z-002126-6-0050,2,No match,FALSE,N/A,inf,126.5421008,3.869325344,126.5241454,3.900945859,FOVNotMatch,2001/2/20 7:23:58,SAT_25420,4.370593396,31.17078198,SAT_11669,4.627815507,56.53601042,SAT_07815,5.687581761,58.31860618
frame-z-002131-2-0137,1,No match,FALSE,N/A,inf,125.3466002,39.99116366,125.4013326,40.09597646,FOVNotMatch,2001/2/21 3:42:38,SAT_12086,5.023213947,6.299351743,SAT_13016,15.52902088,N/A,SAT_25054,16.98478766,N/A
frame-z-002131-2-0137,2,No match,FALSE,N/A,inf,125.2752583,39.98369987,125.2427763,40.0180465,FOVNotMatch,2001/2/21 3:42:38,SAT_12086,5.023213947,64.01057838,SAT_13016,15.52902088,N/A,SAT_25054,16.98478766,N/A
frame-z-002126-2-0295,1,No match,FALSE,N/A,inf,163.478396,4.029218908,163.4168278,4.053656489,FOVNotMatch,2001/2/20 9:50:15,SAT_11684,0.478698487,8.246884313,SAT_11669,3.230144599,10.89068997,SAT_07815,3.429008993,11.80246303
frame-z-002134-1-0327,1,No match,FALSE,N/A,inf,255.3846938,33.60583076,255.5127882,33.56935724,FOVNotMatch,2001/2/21 12:03:00,SAT_12866,4.332338866,63.13075028,SAT_06910,0.364887517,77.23277307,SAT_26574,2.2246456,78.35191401
frame-z-002133-6-0011,1,No match,FALSE,N/A,inf,172.0517805,65.39712728,172.1910915,65.51282062,FOVNotMatch,2001/2/21 7:07:59,SAT_26013,4.568885545,25.96579036,SAT_26411,5.157835272,30.19455209,SAT_24340,5.234408288,31.06680495
frame-z-002134-2-0254,1,No match,FALSE,N/A,inf,248.0102704,42.77825458,248.1202683,42.75186846,FOVNotMatch,2001/2/21 11:19:25,SAT_23743,5.599243511,66.08937153,SAT_21496,5.567571769,71.13399244,SAT_15808,1.220920558,79.48987712
frame-z-002133-2-0107,1,No match,FALSE,N/A,inf,205.00508,62.86737573,205.3099153,62.89689095,FOVNotMatch,2001/2/21 8:05:18,SAT_13016,2.285304219,9.081699329,SAT_22275,5.176658508,13.18278322,SAT_14319,5.185254539,27.73810797
frame-z-002133-6-0027,1,Success,TRUE,SAT_16402,1.944006692,177.6507975,65.85005748,177.7814294,65.84308592,,2001/2/21 7:17:32,SAT_16402,2.701420757,1.944006692,SAT_07276,1.221710946,18.29809012,SAT_25379,0.649413775,25.20463318
frame-z-002140-6-0054,1,No match,FALSE,N/A,inf,125.7724371,42.94811731,125.6324547,43.00169001,FOVNotMatch,2001/2/22 7:23:56,SAT_11141,3.449001421,24.64022903,SAT_20539,1.409264233,35.01282451,SAT_14679,0.130359317,41.95459337
frame-z-002137-2-0295,1,No match,FALSE,N/A,inf,146.5548475,52.97433253,146.4600475,52.91719211,FOVNotMatch,2001/2/22 4:52:38,SAT_00579,3.866543936,10.37637775,SAT_22186,2.3843205,13.38094663,SAT_08615,1.847852209,45.69625083
frame-z-002138-1-0134,1,No match,FALSE,N/A,inf,176.8384071,58.84458305,176.7454494,58.85201135,FOVNotMatch,2001/2/22 6:29:35,SAT_07376,4.315707922,34.45183472,SAT_26330,1.114696842,48.70568303,SAT_19749,2.616972329,50.56574106
frame-z-002138-1-0135,1,No match,FALSE,N/A,inf,177.3452648,58.88576141,177.0203679,58.91344644,FOVNotMatch,2001/2/22 6:30:11,SAT_07376,4.315707922,33.86563614,SAT_26330,1.114696842,49.2918816,SAT_19749,2.616972329,49.97954249
frame-z-002138-1-0136,1,No match,FALSE,N/A,inf,177.6230952,58.94529991,177.5805391,58.94944543,FOVNotMatch,2001/2/22 6:30:46,SAT_07376,4.315707922,32.53883057,SAT_19749,2.616972329,48.65273692,SAT_26330,1.114696842,50.61868717
frame-z-002143-6-0017,1,No match,FALSE,N/A,inf,222.112057,44.14527404,222.277285,44.16862479,FOVNotMatch,2001/2/22 12:10:11,SAT_04384,5.793195066,42.87518071,SAT_22309,2.821570394,70.17364986,SAT_09829,10.85974486,N/A
frame-z-002141-1-0107,1,Success,TRUE,SAT_15387,4.100692547,158.7032236,-1.162050337,158.6003242,-1.103163653,,2001/2/22 9:17:33,SAT_15387,2.990555847,4.100692547,SAT_03598,5.026227505,10.50075174,SAT_04297,2.5938622,13.5093002
frame-z-002141-4-0221,1,No match,FALSE,N/A,inf,175.60926,0.100398176,175.6926004,0.228403879,FOVNotMatch,2001/2/22 10:25:37,SAT_16186,5.014537336,16.60984578,SAT_24721,0.513450553,39.99509174,SAT_19178,5.537792506,51.89858762
frame-z-002141-5-0275,1,No match,FALSE,N/A,inf,183.6941308,0.564251531,183.7777296,0.648400054,FOVNotMatch,2001/2/22 10:57:52,SAT_22117,5.857666749,45.14914729,SAT_25922,5.846036504,45.20434429,SAT_19919,5.649223424,46.43150512
frame-z-002167-1-0196,1,No match,FALSE,N/A,inf,175.6208034,58.45179526,175.446982,58.49251949,FOVNotMatch,2001/3/12 4:57:54,SAT_07376,3.697751977,14.97878813,SAT_20767,2.450107135,31.51852448,SAT_23398,2.535157731,33.75465312
frame-z-002167-4-0174,1,Success,TRUE,SAT_21383,0.421688289,168.7789625,59.14590894,168.7525814,59.06071259,,2001/3/12 4:44:46,SAT_21383,1.489111676,0.421688289,SAT_21446,1.044291037,12.79462062,SAT_13446,4.100357907,35.59931395
frame-z-002167-4-0175,1,Success,TRUE,SAT_21383,0.91772641,169.2870385,59.0368099,169.3294126,59.1664164,,2001/3/12 4:45:22,SAT_21383,1.489111676,0.91772641,SAT_21446,1.044291037,12.29858249,SAT_13446,4.100357907,35.10327583
frame-z-002189-3-0109,1,No match,FALSE,N/A,inf,188.9124505,64.83401336,188.635241,64.9038936,FOVNotMatch,2001/3/19 6:43:37,SAT_16402,2.564601193,11.18737125,SAT_25379,4.655750415,23.11143824,SAT_12156,3.869213464,25.27378068
frame-z-002189-4-0070,1,No match,FALSE,N/A,inf,175.1647324,64.87250601,174.7884662,64.98641292,FOVNotMatch,2001/3/19 6:20:20,SAT_07439,5.292261749,7.509608312,SAT_19168,4.614703414,7.852315147,SAT_16402,4.339825838,25.16044829
frame-z-002189-4-0070,2,No match,FALSE,N/A,inf,175.1933814,64.87379097,175.0335068,64.87991873,FOVNotMatch,2001/3/19 6:20:20,SAT_16402,4.339825838,5.224310541,SAT_12156,2.12555464,5.73594463,SAT_24960,5.41881725,17.01767618
frame-z-002189-4-0071,1,No match,FALSE,N/A,inf,175.5258433,65.02094971,175.2519206,65.10483962,FOVNotMatch,2001/3/19 6:20:56,SAT_07439,5.292261749,7.059395529,SAT_19168,4.614703414,7.402102364,SAT_16402,4.339825838,25.61066107
frame-z-002187-3-0020,1,Success,TRUE,SAT_19787,4.994173102,118.725461,-1.102754835,118.7595764,-0.993129668,,2001/3/19 2:29:20,SAT_19787,2.20110036,4.994173102,SAT_14278,3.925126995,17.5411291,SAT_04391,0.092051018,30.76127211
frame-z-002188-6-0026,1,No match,FALSE,N/A,inf,126.1095823,-0.166433334,126.1018637,-0.017770974,FOVNotMatch,2001/3/19 3:22:55,SAT_12879,0.092121997,12.58261387,SAT_07158,0.182858547,19.89843776,SAT_19008,3.853407273,68.81758448
frame-z-002188-4-0079,1,Success,TRUE,SAT_25822,3.083785208,133.9407097,-1.244281262,134.0099645,-1.235756357,,2001/3/19 3:54:34,SAT_25822,4.76307556,3.083785208,SAT_15677,3.494726324,4.367989973,SAT_23330,0.943758845,4.45448191
frame-z-002190-6-0044,1,No match,FALSE,N/A,inf,188.5956148,6.037238307,188.5503333,6.183132247,FOVNotMatch,2001/3/19 7:49:33,SAT_19111,4.015282155,7.817558883,SAT_14943,5.91805807,61.12277123,SAT_19483,4.551314396,63.51594765
frame-z-002190-6-0077,1,Success,TRUE,SAT_10885,3.146449224,193.4356831,6.114646249,193.5153764,6.215042183,,2001/3/19 8:09:15,SAT_10885,4.923909282,3.146449224,SAT_26496,5.511553885,48.15573542,SAT_07049,2.623517118,59.6613527
frame-z-002190-6-0078,1,Success,TRUE,SAT_10885,3.741122954,193.7488589,6.126909457,193.6586804,6.015678361,,2001/3/19 8:09:51,SAT_10885,4.923909282,3.741122954,SAT_26496,5.511553885,47.56106169,SAT_07049,2.623517118,60.25602643
frame-z-002190-2-0199,1,No match,FALSE,N/A,inf,211.884165,3.995676825,211.7265369,4.035994121,FOVNotMatch,2001/3/19 9:22:06,SAT_16293,4.259343238,19.05321584,SAT_22997,4.654899428,31.63331342,SAT_13493,5.640840424,46.16538249
