fits_file,streak_id,status,matched,satellite_name,min_angle_error,start_ra,start_dec,end_ra,end_dec,error,obs_time,candidate_1_name,candidate_1_separation,candidate_1_angle_error,candidate_2_name,candidate_2_separation,candidate_2_angle_error,candidate_3_name,candidate_3_separation,candidate_3_angle_error
frame-g-007907-3-0024,1,No match,FALSE,,inf,352.8107015,-2.778770391,352.9736356,-2.817898589,FOVNotMatch,2009/1/16 1:34:21.00,SAT_28138,4.028494467,8.13481999,SAT_11715,0.807704574,9.029883046,SAT_19455,3.725711702,10.97891322
frame-g-007881-3-0267,1,No match,FALSE,,inf,36.75282213,-4.571145336,36.9176221,-4.59163152,FOVNotMatch,2008/12/30 5:52:02.00,SAT_23754,2.695888989,7.146818465,SAT_25585,3.049455059,7.894866604,SAT_33059,3.162248707,8.06638229
frame-g-007881-3-0270,1,No match,FALSE,,inf,37.1995248,-4.474289649,37.36422616,-4.494375048,FOVNotMatch,2008/12/30 5:53:49.00,SAT_23754,2.695888989,7.012336622,SAT_25585,3.049455059,7.760384761,SAT_33059,3.162248707,7.931900447
frame-g-007881-3-0272,1,No match,FALSE,,inf,37.4970233,-4.409512185,37.66187471,-4.429579617,FOVNotMatch,2008/12/30 5:55:01.00,SAT_23754,2.695888989,6.999272467,SAT_25585,3.049455059,7.747320606,SAT_33059,3.162248707,7.918836292
frame-g-007881-4-0283,1,Success,TRUE,SAT_01317,4.64378285,39.13333027,-4.054397525,39.29826223,-4.073706247,,2008/12/30 6:01:35.00,SAT_01317,5.911243761,4.64378285,SAT_23754,2.84723744,6.73317276,SAT_25585,3.264710829,7.5031728
frame-g-007881-4-0285,1,Success,TRUE,SAT_01317,4.600699917,39.47233212,-3.994668764,39.59563278,-4.009011026,,2008/12/30 6:02:47.00,SAT_01317,5.911243761,4.600699917,SAT_23754,2.84723744,6.690089828,SAT_25585,3.264710829,7.460089868
frame-g-007885-6-0063,1,Success,TRUE,SAT_25667,1.818079808,27.24834996,-5.727987742,27.41356386,-5.749830088,,2009/1/1 5:03:39.00,SAT_25667,3.808379054,1.818079808,SAT_26110,5.787854446,5.716234834,SAT_02215,5.811594213,6.799698348
frame-g-007885-6-0065,1,Success,TRUE,SAT_25667,1.937325897,27.54596824,-5.658652058,27.7114211,-5.680180031,,2009/1/1 5:04:51.00,SAT_25667,3.808379054,1.937325897,SAT_26110,5.787854446,5.596988745,SAT_02215,5.811594213,6.680452259
frame-g-007885-6-0066,1,Success,TRUE,SAT_25667,2.022108737,27.79243142,-5.636457536,27.86029701,-5.645186708,,2009/1/1 5:05:27.00,SAT_25667,3.808379054,2.022108737,SAT_26110,5.787854446,5.512205906,SAT_02215,5.811594213,6.595669419
frame-g-007885-5-0046,1,Success,TRUE,SAT_25667,0.370803268,24.7139671,-6.318044754,24.87965985,-6.341385199,,2009/1/1 4:53:30.00,SAT_25667,3.657019467,0.370803268,SAT_26471,5.520374211,0.539848268,SAT_26110,4.357964305,6.633049156
frame-g-007885-5-0047,1,Success,TRUE,SAT_25667,0.353051531,24.86325376,-6.283416487,25.02879051,-6.30678852,,2009/1/1 4:54:06.00,SAT_25667,3.657019467,0.353051531,SAT_26471,5.520374211,0.522096532,SAT_26110,4.357964305,6.650800892
frame-g-007885-5-0050,1,Success,TRUE,SAT_25667,0.398038906,25.3108845,-6.179332762,25.47639274,-6.202573629,,2009/1/1 4:55:54.00,SAT_25667,3.657019467,0.398038906,SAT_26471,5.520374211,0.567083907,SAT_26110,4.357964305,6.605813517
frame-g-007885-5-0051,1,Success,TRUE,SAT_25667,0.569766525,25.58756667,-6.162660368,25.62564617,-6.16789211,,2009/1/1 4:56:29.00,SAT_25667,3.657019467,0.569766525,SAT_26471,5.520374211,0.738811526,SAT_26110,4.357964305,6.434085898
frame-g-007907-4-0081,1,No match,FALSE,,inf,1.356271655,-2.352705223,1.475621489,-2.263326263,FOVNotMatch,2009/1/16 2:08:23.00,SAT_25175,4.590446226,5.174589261,SAT_14948,3.522617003,20.13249102,SAT_15141,3.572659889,20.58177823
frame-g-007907-4-0128,1,Success,TRUE,SAT_24892,0.345212999,8.461909787,-2.3716634,8.562022456,-2.346962932,,2009/1/16 2:36:27.00,SAT_24892,3.937778191,0.345212999,SAT_30229,4.813802981,0.671694821,SAT_14913,2.784954188,0.709523094
frame-g-007907-1-0152,1,Success,TRUE,SAT_28138,4.816642131,12.00164129,-3.620286024,12.11968514,-3.653293185,,2009/1/16 2:50:47.00,SAT_28138,4.476028618,4.816642131,SAT_32501,4.998136105,7.161419289,SAT_11715,2.82946801,9.52536747
frame-g-007907-1-0153,1,Success,TRUE,SAT_28138,4.828678962,12.15139215,-3.576679399,12.31514205,-3.622505698,,2009/1/16 2:51:22.00,SAT_28138,4.476028618,4.828678962,SAT_32501,4.998136105,7.149382458,SAT_11715,2.82946801,9.537404301
frame-g-007907-1-0154,1,Success,TRUE,SAT_28138,4.799488331,12.30125765,-3.53310827,12.46484773,-3.578802311,,2009/1/16 2:51:58.00,SAT_28138,4.476028618,4.799488331,SAT_32501,4.998136105,7.178573089,SAT_11715,2.82946801,9.50821367
frame-g-007907-1-0155,1,Success,TRUE,SAT_28138,4.744917216,12.50859926,-3.505672128,12.6145623,-3.535162304,,2009/1/16 2:52:34.00,SAT_28138,4.476028618,4.744917216,SAT_32501,4.998136105,7.233144204,SAT_11715,2.82946801,9.453642555
frame-g-007907-2-0160,1,Success,TRUE,SAT_28138,4.203286505,13.19934781,-3.271700425,13.32172921,-3.305652197,,2009/1/16 2:55:33.00,SAT_28138,5.124751126,4.203286505,SAT_32501,5.492823726,7.596544284,SAT_11715,3.300497146,9.324053251
frame-g-007907-2-0163,1,Success,TRUE,SAT_28138,4.130205915,13.64844195,-3.141356687,13.81206822,-3.186532026,,2009/1/16 2:57:21.00,SAT_28138,5.124751126,4.130205915,SAT_32501,5.492823726,7.669624874,SAT_11715,3.300497146,9.25097266
frame-g-007907-3-0170,1,Success,TRUE,SAT_28138,3.523118643,14.83367507,-2.875159702,14.69563934,-2.837436296,,2009/1/16 3:01:31.00,SAT_28138,5.12414612,3.523118643,SAT_11715,4.139409776,9.030082904,SAT_27402,4.806829836,13.55638633
frame-g-007907-3-0171,1,Success,TRUE,SAT_28138,3.556630663,15.00891918,-2.838919483,14.8451343,-2.794054763,,2009/1/16 3:02:07.00,SAT_28138,5.12414612,3.556630663,SAT_11715,4.139409776,9.063594924,SAT_27402,4.806829836,13.58989835
frame-g-007907-3-0172,1,Success,TRUE,SAT_28138,3.518780932,14.99489397,-2.750794086,15.15854032,-2.795506436,,2009/1/16 3:02:43.00,SAT_28138,5.12414612,3.518780932,SAT_11715,4.139409776,9.025745193,SAT_27402,4.806829836,13.55204862
frame-g-007907-3-0189,1,No match,FALSE,,inf,17.6168395,-2.794442073,17.69874271,-2.62664028,FOVNotMatch,2009/1/16 3:12:52.00,SAT_26813,1.436921457,5.707177444,SAT_22807,3.50959486,20.3768097,SAT_14948,1.644088626,47.51016588
frame-g-007912-3-0061,1,Success,TRUE,SAT_03488,3.073239633,345.1277615,16.23601964,345.0699449,16.23333971,,2009/1/17 1:58:06.00,SAT_03488,2.160346679,3.073239633,SAT_01646,0.174738987,3.079519661,SAT_00204,2.785105546,4.634340387
frame-g-007912-3-0062,1,Success,TRUE,SAT_03488,3.049504445,345.2242303,16.25657299,345.3944608,16.26439465,,2009/1/17 1:58:41.00,SAT_03488,2.160346679,3.049504445,SAT_01646,0.174738987,3.055784474,SAT_00204,2.785105546,4.6106052
frame-g-007912-4-0115,1,No match,FALSE,,inf,353.4487823,17.35495188,353.4695821,17.39324033,FOVNotMatch,2009/1/17 2:30:20.00,SAT_00635,3.970781425,42.23377995,SAT_29260,2.853044249,43.28957375,SAT_21229,4.090647993,46.23876488
frame-g-007912-5-0129,1,No match,FALSE,,inf,355.6536337,17.92667531,355.7926878,17.88608467,FOVNotMatch,2009/1/17 2:38:42.00,SAT_00227,1.715090128,5.457832649,SAT_01716,0.04867883,12.57176936,SAT_29285,2.43530269,23.93393768
frame-g-007912-6-0147,1,No match,FALSE,,inf,358.4414551,18.25067405,358.4535359,18.4569176,FOVNotMatch,2009/1/17 2:49:26.00,SAT_29569,2.153255627,71.09489032,SAT_21229,3.73378892,71.85810451,SAT_29790,3.099865454,73.19202131
frame-g-007912-6-0148,1,No match,FALSE,,inf,358.7555277,18.24247891,358.7655939,18.40881106,FOVNotMatch,2009/1/17 2:50:02.00,SAT_29569,2.153255627,70.98900049,SAT_21229,3.73378892,71.75221467,SAT_29790,3.099865454,73.08613148
frame-g-007912-6-0151,1,No match,FALSE,,inf,359.0672215,18.42573715,359.0976154,18.47779471,FOVNotMatch,2009/1/17 2:51:50.00,SAT_29569,2.153255627,45.29770019,SAT_21229,3.73378892,46.06091438,SAT_29790,3.099865454,47.39483118
frame-g-007912-6-0152,1,No match,FALSE,,inf,359.2786075,18.25800151,359.3959033,18.45775562,FOVNotMatch,2009/1/17 2:52:26.00,SAT_29569,2.153255627,45.14531739,SAT_21229,3.73378892,45.90853157,SAT_29790,3.099865454,47.24244838
frame-g-007913-3-0014,1,No match,FALSE,,inf,8.890488587,19.88969004,8.959013432,19.97372097,FOVNotMatch,2009/1/17 3:55:19.00,SAT_13513,3.963542933,40.47081694,SAT_21229,3.492021876,42.59949696,SAT_26843,0.696361685,42.60854114
frame-g-007912-5-0204,1,No match,FALSE,,inf,7.425822855,18.03515457,7.596409877,17.96130142,FOVNotMatch,2009/1/17 3:23:28.00,SAT_16229,4.245135906,13.11726011,SAT_29440,5.948642645,26.50985194,SAT_25909,3.034711308,30.98771092
frame-g-007912-3-0193,1,No match,FALSE,,inf,5.690150004,17.16752933,5.739119104,17.30485937,FOVNotMatch,2009/1/17 3:16:54.00,SAT_05553,4.729911205,24.68635601,SAT_13474,1.695812089,56.12915857,SAT_21229,3.353889881,58.28707212
frame-g-007912-2-0194,1,No match,FALSE,,inf,5.887773274,16.84261566,5.902826808,16.88506429,FOVNotMatch,2009/1/17 3:17:30.00,SAT_05553,4.729911205,24.62539991,SAT_13474,1.695812089,56.19011467,SAT_21229,3.353889881,58.34802822
frame-g-007912-3-0194,1,No match,FALSE,,inf,5.972411229,17.0802472,6.01820373,17.20735259,FOVNotMatch,2009/1/17 3:17:30.00,SAT_05553,4.729911205,24.87600704,SAT_13474,1.695812089,55.93950754,SAT_21229,3.353889881,58.09742109
frame-g-007913-3-0024,1,No match,FALSE,,inf,10.57244402,19.82415932,10.65665343,19.92711338,FOVNotMatch,2009/1/17 4:01:17.00,SAT_27105,5.723271888,33.66364606,SAT_31001,5.400711692,36.38537736,SAT_13564,0.906066532,40.70177755
frame-g-007908-6-0134,1,No match,FALSE,,inf,41.84068658,-5.163776372,41.92767613,-5.00101786,FOVNotMatch,2009/1/16 4:50:38.00,SAT_32032,2.731164828,8.398937394,SAT_10660,2.555440866,24.12737241,SAT_04986,2.307974801,26.18305298
frame-g-007917-5-0066,1,No match,FALSE,,inf,353.6836575,22.73658592,353.7306981,22.9641201,FOVNotMatch,2009/1/18 2:42:27.00,SAT_07194,5.021964007,54.07302212,SAT_24870,0.191207431,65.02580312,SAT_21568,0.139931287,66.79882138
frame-g-007917-6-0089,1,No match,FALSE,,inf,357.5198462,23.37762931,357.5407485,23.41375001,FOVNotMatch,2009/1/18 2:56:11.00,SAT_25908,4.382762076,10.89901773,SAT_16614,3.596591584,17.81015372,SAT_29747,4.757846529,28.8664668
frame-g-007917-2-0114,1,No match,FALSE,,inf,1.552204391,21.97194786,1.481579133,21.97934475,FOVNotMatch,2009/1/18 3:11:07.00,SAT_01000,0.052592466,5.794036998,SAT_19595,3.264655378,6.33539755,SAT_16137,4.93230842,7.18129961
frame-g-007917-2-0115,1,No match,FALSE,,inf,1.818554568,21.98457935,1.642205868,22.00318148,FOVNotMatch,2009/1/18 3:11:43.00,SAT_01000,0.052592466,5.840650462,SAT_19595,3.264655378,6.382011015,SAT_16137,4.93230842,7.227913074
frame-g-007923-1-0099,1,No match,FALSE,,inf,347.1097333,17.993857,347.1502588,18.03265023,FOVNotMatch,2009/1/21 2:24:11.00,SAT_32290,5.64808139,29.44892189,SAT_09569,1.902323765,31.76932323,SAT_31029,1.698775644,32.41129702
frame-g-007923-2-0150,1,No match,FALSE,,inf,355.0430343,18.88502813,355.0554809,19.11043204,FOVNotMatch,2009/1/21 2:54:38.00,SAT_00252,2.114265116,14.27658387,SAT_32495,4.856656497,35.99463712,SAT_29790,0.57061041,74.06884417
frame-g-007923-1-0150,1,No match,FALSE,,inf,355.0197706,18.46362257,355.0320555,18.68906741,FOVNotMatch,2009/1/21 2:54:38.00,SAT_00252,2.114265116,14.24465415,SAT_32495,4.856656497,36.02656685,SAT_29790,0.57061041,74.1007739
frame-g-007923-4-0126,1,No match,FALSE,,inf,351.2410892,19.47305691,351.2842145,19.55970363,FOVNotMatch,2009/1/21 2:40:18.00,SAT_00879,4.019074996,29.17829691,SAT_21403,4.228896579,32.18197598,SAT_29580,0.20200557,51.71599819
frame-g-007923-2-0113,1,No match,FALSE,,inf,349.2431347,18.4654886,349.2653753,18.69288996,FOVNotMatch,2009/1/21 2:32:33.00,SAT_00879,2.125296453,9.627848772,SAT_00622,0.528006408,26.13864236,SAT_08015,5.263601897,26.69477581
frame-g-008038-4-0011.fits.bz2,,Failed,FALSE,,,,,,,No valid TLE files in window,,,,,,,,,,
frame-g-008038-2-0056.fits.bz2,,Failed,FALSE,,,,,,,No valid TLE files in window,,,,,,,,,,
frame-g-008038-6-0194.fits.bz2,,Failed,FALSE,,,,,,,No valid TLE files in window,,,,,,,,,,
frame-g-007932-4-0017,1,No match,FALSE,,inf,0.964436681,22.51649393,1.015968076,22.54327316,FOVNotMatch,2009/1/26 3:15:13.00,SAT_28815,5.727602205,11.97331014,SAT_02834,2.328818606,14.66061692,SAT_26416,5.116476335,15.13696315
frame-g-007932-4-0018,1,No match,FALSE,,inf,1.162922863,22.45901258,1.30319713,22.53182539,FOVNotMatch,2009/1/26 3:15:48.00,SAT_28815,5.727602205,11.93922877,SAT_02834,2.328818606,14.62653555,SAT_26416,5.116476335,15.10288178
frame-g-007932-4-0094,1,No match,FALSE,,inf,13.43801355,22.30972629,13.53177146,22.42631235,FOVNotMatch,2009/1/26 4:01:11.00,SAT_28815,4.892549792,40.37937904,SAT_22970,0.108796425,44.12059657,SAT_12530,2.657995084,47.13949153
frame-g-007932-2-0048,1,No match,FALSE,,inf,6.160051199,21.73883792,6.033844182,21.76240005,FOVNotMatch,2009/1/26 3:33:43.00,SAT_16528,0.010302345,10.93842123,SAT_17425,0.774055329,11.23694194,SAT_13535,0.791789965,17.40463755
frame-g-007937-3-0135,1,No match,FALSE,,inf,14.18705824,27.17566164,14.23361124,27.21351234,FOVNotMatch,2009/1/29 3:58:02.00,SAT_06063,4.808783083,24.80666419,SAT_25636,0.846074361,29.55970079,SAT_29835,1.323472974,31.41958429
frame-g-007937-4-0019,1,No match,FALSE,,inf,354.6457266,27.41967674,354.7276785,27.39609869,FOVNotMatch,2009/1/29 2:48:46.00,SAT_15362,4.625352434,28.30756465,SAT_13653,4.896133054,28.99957735,SAT_19904,4.859377256,29.02538111
frame-g-008049-5-0121,1,Success,TRUE,SAT_19611,0.337303487,18.24222374,7.729075808,18.30237394,7.950136796,,2009/9/23 11:44:41.00,SAT_19611,4.74022487,0.337303487,SAT_13090,2.131636504,8.499425145,SAT_00738,0.548133456,22.39298812
frame-g-008049-3-0123,1,Success,TRUE,SAT_19611,0.204221336,18.64974859,6.986515666,18.67992675,7.098662559,,2009/9/23 11:45:52.00,SAT_19611,4.74022487,0.204221336,SAT_13090,2.131636504,8.366342994,SAT_00738,0.548133456,22.52607027
frame-g-008049-4-0100,1,No match,FALSE,,inf,15.05722541,7.39336631,15.16388076,7.613411912,FOVNotMatch,2009/9/23 11:32:08.00,SAT_19611,4.193246919,11.07449575,SAT_31692,3.381969817,39.52694362,SAT_17911,3.762287509,48.033274
frame-g-008049-2-0102,1,Success,TRUE,SAT_33438,0.165333127,15.34940476,6.761564003,15.42826639,6.768613883,,2009/9/23 11:33:20.00,SAT_33438,2.021294532,0.165333127,SAT_25623,3.186422819,0.793573963,SAT_21052,4.25743132,2.566232716
frame-g-008049-5-0131,1,Success,TRUE,SAT_13090,3.899275918,19.74897416,7.682104475,19.78227042,7.904274554,,2009/9/23 11:50:39.00,SAT_13090,2.208387551,3.899275918,SAT_09958,2.195490889,4.021443803,SAT_19611,5.441846893,6.379657475
frame-g-008049-3-0132,1,Success,TRUE,SAT_13090,3.827109591,19.92665336,6.836312191,19.95968242,7.059051209,,2009/9/23 11:51:15.00,SAT_13090,2.208387551,3.827109591,SAT_09958,2.195490889,3.949277475,SAT_19611,5.441846893,6.451823803
frame-g-008049-2-0132,1,Success,TRUE,SAT_13090,3.779197929,19.88150184,6.529327017,19.89807042,6.641797488,,2009/9/23 11:51:15.00,SAT_13090,2.208387551,3.779197929,SAT_09958,2.195490889,3.901365813,SAT_19611,5.441846893,6.499735464
frame-g-008049-5-0132,1,Success,TRUE,SAT_13090,3.86301841,20.05089135,7.671362197,20.06103905,7.73938331,,2009/9/23 11:51:15.00,SAT_13090,2.208387551,3.86301841,SAT_09958,2.195490889,3.985186294,SAT_19611,5.441846893,6.415914984
frame-g-008054-6-0108,1,Success,TRUE,SAT_15199,3.737246419,337.0914501,-3.231831567,336.9290792,-3.204873253,,2009/9/26 7:28:50.00,SAT_15199,4.817531176,3.737246419,SAT_15166,5.008242783,4.765536112,SAT_33537,5.285095728,6.17638434
frame-g-008056-3-0130,1,No match,FALSE,,inf,30.2120239,24.78940891,30.2821904,24.82400112,FOVNotMatch,2009/9/26 11:20:10.00,SAT_00130,0.112963533,14.41279682,SAT_00082,4.951623981,48.15997236,SAT_32496,5.631535939,65.95100456
frame-g-008056-5-0152,1,No match,FALSE,,inf,33.87825185,24.93394495,33.99586055,25.13843025,FOVNotMatch,2009/9/26 11:33:18.00,SAT_16455,5.000985643,27.47948005,SAT_08142,0.023443692,30.3966097,SAT_33733,0.629107178,34.80047467
frame-g-008061-5-0014,1,Success,TRUE,SAT_14756,4.965989425,17.6539141,3.140517632,17.817145,3.101709849,,2009/9/27 8:30:54.00,SAT_14756,5.170917679,4.965989425,SAT_02217,5.854919793,13.33553425,SAT_32998,4.65745428,13.5369898
frame-g-008061-5-0015,1,Success,TRUE,SAT_14756,4.998283102,17.80415094,3.173254385,17.96738412,3.134544337,,2009/9/27 8:31:30.00,SAT_14756,5.170917679,4.998283102,SAT_02217,5.854919793,13.30324058,SAT_32998,4.65745428,13.50469612
frame-g-008061-5-0018,1,No match,FALSE,,inf,18.25519581,3.270699105,18.41802758,3.232160861,FOVNotMatch,2009/9/27 8:33:17.00,SAT_14756,5.170917679,5.02261754,SAT_02217,5.854919793,13.27890614,SAT_32998,4.65745428,13.48036169
frame-g-008061-5-0019,1,Success,TRUE,SAT_14756,4.958016894,18.48094139,3.285301665,18.568454,3.264486011,,2009/9/27 8:33:53.00,SAT_14756,5.170917679,4.958016894,SAT_02217,5.854919793,13.34350679,SAT_32998,4.65745428,13.54496233
frame-g-008062-2-0037,1,Success,TRUE,SAT_34942,0.90914003,21.04835103,1.992947496,21.21161712,1.984966485,,2009/9/27 9:31:34.00,SAT_34942,2.587296486,0.90914003,SAT_32998,3.165534786,1.764212043,SAT_02653,5.393120373,2.993544806
frame-g-008066-5-0019,1,No match,FALSE,,inf,341.5511705,-4.135527908,341.3902249,-4.075420141,FOVNotMatch,2009/9/28 8:16:55.00,SAT_15199,2.799318713,12.10141723,SAT_27855,2.650154995,15.50228943,SAT_03956,2.628544021,19.77186754
frame-g-008066-3-0020,1,No match,FALSE,,inf,341.5165034,-4.775072356,341.6655781,-4.818681947,FOVNotMatch,2009/9/28 8:17:31.00,SAT_15199,2.799318713,7.934452403,SAT_27855,2.650154995,11.3353246,SAT_03956,2.628544021,15.60490271
frame-g-008062-2-0085,1,No match,FALSE,,inf,28.23554386,1.669637691,28.27113389,1.759609874,FOVNotMatch,2009/9/27 10:00:14.00,SAT_17216,2.669674522,10.96965296,SAT_08290,2.942774097,11.60077027,SAT_30143,3.768377583,13.72890965
frame-g-008062-2-0086,1,No match,FALSE,,inf,28.53501115,1.664597857,28.54788219,1.697100576,FOVNotMatch,2009/9/27 10:00:49.00,SAT_17216,2.669674522,10.99137986,SAT_08290,2.942774097,11.62249718,SAT_30143,3.768377583,13.75063656
frame-g-008062-3-0113,1,No match,FALSE,,inf,32.60077964,2.121614758,32.53124194,2.233481368,FOVNotMatch,2009/9/27 10:16:57.00,SAT_29328,2.101597122,7.525093228,SAT_32030,5.204138598,7.655522644,SAT_22315,5.589277079,26.27410202
frame-g-008066-6-0092,1,Success,TRUE,SAT_27855,2.015574507,352.5065976,-3.967606296,352.3668998,-3.944305973,,2009/9/28 9:00:30.00,SAT_27855,4.738605856,2.015574507,SAT_00701,3.138068595,7.130198191,SAT_26639,5.452113755,9.462138088
frame-g-008067-4-0088,1,Success,TRUE,SAT_28379,2.099509093,17.85796556,-6.921920617,18.02310533,-6.958011762,,2009/9/28 10:34:13.00,SAT_28379,4.510045415,2.099509093,SAT_33462,4.642697178,4.872757644,SAT_25928,5.251556814,5.317799173
frame-g-008067-4-0089,1,Success,TRUE,SAT_28379,1.855196921,18.17222385,-6.915840876,18.10407574,-6.901248355,,2009/9/28 10:34:49.00,SAT_28379,4.510045415,1.855196921,SAT_33462,4.642697178,4.628445472,SAT_25928,5.251556814,5.073487001
frame-g-008083-3-0148,1,Success,TRUE,SAT_22196,3.827859962,334.784063,-4.725433625,334.9024585,-4.615791543,,2009/10/10 3:31:49.00,SAT_22196,3.269837636,3.827859962,SAT_28887,5.304681106,27.38729052,SAT_20799,5.581307918,27.4415738
frame-g-008095-5-0071,1,Success,TRUE,SAT_34662,2.780874152,325.6202456,-5.354944394,325.6498442,-5.326766196,,2009/10/15 2:26:42.00,SAT_34662,3.155394188,2.780874152,SAT_20799,5.394341504,28.8129919,SAT_04353,5.448951478,31.11246331
frame-g-008095-6-0120,1,Success,TRUE,SAT_03745,0.26484914,333.0365606,-5.333729951,332.8740057,-5.311130278,,2009/10/15 2:55:57.00,SAT_03745,2.581818063,0.26484914,SAT_26039,3.121617614,1.551897402,SAT_25282,5.439079093,3.392112555
frame-g-008095-6-0112,1,Success,TRUE,SAT_26039,2.243201282,331.8035299,-5.329626018,331.6684761,-5.309958083,,2009/10/15 2:51:11.00,SAT_26039,2.83743663,2.243201282,SAT_25282,4.070201725,2.7785073,SAT_26827,5.120206084,3.190000319
frame-g-008095-2-0113,1,Success,TRUE,SAT_09666,0.256798891,331.8305896,-7.125353902,331.8590315,-7.0531067,,2009/10/15 2:51:46.00,SAT_09666,2.221925845,0.256798891,SAT_18755,3.327328817,1.142603604,SAT_14735,5.728327041,7.13518839
frame-g-008096-4-0251,1,Success,TRUE,SAT_26780,0.33027341,3.795093001,20.41963164,3.620653413,20.41859076,,2009/10/15 9:04:13.00,SAT_26780,3.259565145,0.33027341,SAT_06764,3.131883551,4.802610867,SAT_17588,3.412733056,8.79792739
frame-g-008095-6-0379,1,Success,TRUE,SAT_25126,3.972251702,12.00404844,-6.514688289,11.83967248,-6.50218901,,2009/10/15 5:30:36.00,SAT_25126,3.373352266,3.972251702,SAT_17253,4.150658237,4.229379816,SAT_26985,5.301693406,4.342922754
frame-g-008095-6-0381,1,Success,TRUE,SAT_25126,3.808680153,12.3048414,-6.482300678,12.14045394,-6.470268664,,2009/10/15 5:31:47.00,SAT_25126,3.373352266,3.808680153,SAT_26985,5.301693406,4.179351205,SAT_29236,2.980448666,4.189950851
frame-g-008095-6-0377,1,Success,TRUE,SAT_17253,3.881466225,11.70334032,-6.547502023,11.53902673,-6.534649333,,2009/10/15 5:29:24.00,SAT_17253,4.023476041,3.881466225,SAT_10144,1.306654192,4.048605743,SAT_25126,3.083921083,4.050112385
frame-g-008095-5-0405,1,No match,FALSE,,inf,15.80801846,-6.9426469,15.76788678,-6.909778916,FOVNotMatch,2009/10/15 5:46:07.00,SAT_09330,3.78255783,22.0115035,SAT_25503,1.969127598,28.26308512,SAT_17253,4.776095283,30.19643135
frame-g-008095-5-0406,1,No match,FALSE,,inf,16.08358302,-6.914178549,15.9661918,-6.818154222,FOVNotMatch,2009/10/15 5:46:43.00,SAT_09330,3.78255783,21.97297025,SAT_25503,1.969127598,28.22455187,SAT_17253,4.776095283,30.1578981
frame-g-008100-3-0049,1,Success,TRUE,SAT_26681,4.596246646,319.3493834,-5.356669812,319.1875581,-5.326201998,,2009/10/16 1:52:34.00,SAT_26681,5.460091845,4.596246646,SAT_28447,5.859946243,6.129851917,SAT_25126,1.637881251,8.636753702
frame-g-008100-3-0050,1,Success,TRUE,SAT_26681,4.499085019,319.5003591,-5.356707077,319.3385327,-5.326521963,,2009/10/16 1:53:10.00,SAT_26681,5.460091845,4.499085019,SAT_28447,5.859946243,6.227013543,SAT_25126,1.637881251,8.539592076
frame-g-008100-3-0051,1,Success,TRUE,SAT_26681,4.494090817,319.4902436,-5.326898946,319.6515686,-5.356976019,,2009/10/16 1:53:46.00,SAT_26681,5.460091845,4.494090817,SAT_28447,5.859946243,6.232007745,SAT_25126,1.637881251,8.534597874
frame-g-008100-3-0054,1,Success,TRUE,SAT_26681,4.413434608,320.1043585,-5.357028313,319.9424136,-5.327070543,,2009/10/16 1:55:33.00,SAT_26681,5.460091845,4.413434608,SAT_28447,5.859946243,6.312663954,SAT_25126,1.637881251,8.453941665
frame-g-008100-3-0055,1,Success,TRUE,SAT_26681,4.476533735,320.2555268,-5.35733548,320.0934523,-5.327169853,,2009/10/16 1:56:09.00,SAT_26681,5.460091845,4.476533735,SAT_28447,5.859946243,6.249564827,SAT_25126,1.637881251,8.517040792
frame-g-008100-3-0059,1,Success,TRUE,SAT_33278,0.027514187,320.8468823,-5.490644443,320.7445848,-5.49642509,,2009/10/16 1:58:32.00,SAT_33278,2.8776731,0.027514187,SAT_25881,3.254928729,0.309985682,SAT_02219,3.870607094,0.697208027
frame-g-008100-1-0074,1,No match,FALSE,,inf,323.0005033,-6.547977813,322.8497654,-6.596834425,FOVNotMatch,2009/10/16 2:07:30.00,SAT_03431,3.304403908,7.031763698,SAT_32763,1.087909063,12.02877958,SAT_26722,0.731293743,13.33333131
frame-g-008100-1-0075,1,No match,FALSE,,inf,323.0814739,-6.644999333,323.1644217,-6.618136221,FOVNotMatch,2009/10/16 2:08:06.00,SAT_03431,3.304403908,7.020212466,SAT_32763,1.087909063,12.01722835,SAT_26722,0.731293743,13.32178007
frame-g-008100-4-0076,1,Success,TRUE,SAT_26681,1.671893675,323.2634813,-5.330924313,323.4256989,-5.359039198,,2009/10/16 2:08:42.00,SAT_26681,2.259150389,1.671893675,SAT_28447,4.942847941,7.481733831,SAT_25126,1.063663787,7.867305881
frame-g-008100-4-0077,1,Success,TRUE,SAT_26681,1.677618525,323.4145521,-5.330880478,323.5766438,-5.358990176,,2009/10/16 2:09:17.00,SAT_26681,2.259150389,1.677618525,SAT_28447,4.942847941,7.476008981,SAT_25126,1.063663787,7.873030731
frame-g-008100-4-0079,1,Success,TRUE,SAT_26681,0.915265756,323.7160418,-5.331187588,323.8784664,-5.359011308,,2009/10/16 2:10:29.00,SAT_26681,2.450443521,0.915265756,SAT_09798,1.259897925,2.506370207,SAT_03386,5.826103544,4.992917963
frame-g-008100-4-0084,1,Success,TRUE,SAT_26681,0.843469212,324.4707683,-5.331877734,324.6328708,-5.359438063,,2009/10/16 2:13:28.00,SAT_26681,2.450443521,0.843469212,SAT_09798,1.259897925,2.578166751,SAT_03386,5.826103544,4.921121419
frame-g-008100-4-0085,1,Success,TRUE,SAT_26681,0.77391137,324.6214731,-5.332033798,324.7837911,-5.359428883,,2009/10/16 2:14:04.00,SAT_26681,2.450443521,0.77391137,SAT_09798,1.259897925,2.647724592,SAT_03386,5.826103544,4.851563577
frame-g-008100-5-0111,1,No match,FALSE,,inf,328.7050195,-5.360838784,328.5427851,-5.335759953,FOVNotMatch,2009/10/16 2:29:35.00,SAT_25126,1.870719274,6.942887423,SAT_27775,4.934302046,7.627859032,SAT_28466,5.192171134,7.692354006
frame-g-008100-5-0116,1,No match,FALSE,,inf,329.4592525,-5.361216035,329.2967049,-5.336574967,FOVNotMatch,2009/10/16 2:32:35.00,SAT_25126,1.870719274,6.774748985,SAT_27775,4.934302046,7.459720594,SAT_28466,5.192171134,7.524215568
frame-g-008100-5-0117,1,No match,FALSE,,inf,329.6098617,-5.361241872,329.4474202,-5.336612796,FOVNotMatch,2009/10/16 2:33:10.00,SAT_25126,1.870719274,6.776171061,SAT_27775,4.934302046,7.461142669,SAT_28466,5.192171134,7.525637643
frame-g-008100-5-0105,1,No match,FALSE,,inf,327.6388145,-5.335035841,327.695947,-5.343917101,FOVNotMatch,2009/10/16 2:26:00.00,SAT_27793,2.745350671,5.125305119,SAT_25126,1.411023431,6.960789858,SAT_27775,4.808558483,7.580356108
frame-g-008100-5-0108,1,No match,FALSE,,inf,328.0906717,-5.335366576,328.2532151,-5.360623048,FOVNotMatch,2009/10/16 2:27:48.00,SAT_27793,2.745350671,5.121638273,SAT_25126,1.411023431,6.957123011,SAT_27775,4.808558483,7.576689262
frame-g-008100-4-0089,1,Success,TRUE,SAT_26681,0.278985607,325.3014738,-5.345384368,325.3873982,-5.359612716,,2009/10/16 2:16:27.00,SAT_26681,5.911811509,0.278985607,SAT_25126,1.705770714,7.487391506,SAT_28466,4.965918914,8.011038339
frame-g-008100-3-0091,1,Success,TRUE,SAT_06271,0.202651728,325.5012006,-6.008407068,325.5318101,-5.933214539,,2009/10/16 2:17:39.00,SAT_06271,0.382171361,0.202651728,SAT_29094,4.451756719,5.571552419,SAT_12151,4.755753583,11.77037603
frame-g-008100-6-0163,1,Success,TRUE,SAT_25881,3.762375931,336.3790983,-5.342758814,336.5420412,-5.363014196,,2009/10/16 3:00:38.00,SAT_25881,3.404855322,3.762375931,SAT_24712,5.252332841,4.496020348,SAT_25126,1.970746487,5.431617921
frame-g-008100-6-0164,1,Success,TRUE,SAT_25881,3.762633971,336.5297155,-5.342683956,336.6926617,-5.362940497,,2009/10/16 3:01:14.00,SAT_25881,3.404855322,3.762633971,SAT_24712,5.252332841,4.496278388,SAT_25126,1.970746487,5.431875961
frame-g-008100-5-0120,1,No match,FALSE,,inf,330.0625744,-5.361445853,329.8998489,-5.336950453,FOVNotMatch,2009/10/16 2:34:58.00,SAT_25126,1.837954877,6.746796502,SAT_27775,4.863738773,7.496782866,SAT_28466,5.116027371,7.587961852
frame-g-008100-5-0124,1,No match,FALSE,,inf,330.6652676,-5.361567748,330.5027384,-5.337707399,FOVNotMatch,2009/10/16 2:37:21.00,SAT_25126,1.837954877,6.537088672,SAT_27775,4.863738773,7.287075036,SAT_28466,5.116027371,7.378254022
frame-g-008100-5-0125,1,No match,FALSE,,inf,330.816425,-5.361620763,330.7425184,-5.350774813,FOVNotMatch,2009/10/16 2:37:57.00,SAT_25126,1.837954877,6.534107915,SAT_27775,4.863738773,7.284094279,SAT_28466,5.116027371,7.375273265
frame-g-008100-6-0148,1,No match,FALSE,,inf,334.1199344,-5.341026855,334.2823655,-5.362595145,FOVNotMatch,2009/10/16 2:51:41.00,SAT_25881,3.323471905,5.093096887,SAT_24712,5.546919017,5.789548002,SAT_25126,2.017072538,5.850998412
frame-g-008100-6-0150,1,No match,FALSE,,inf,334.4205184,-5.3410919,334.5836526,-5.362584905,FOVNotMatch,2009/10/16 2:52:53.00,SAT_25881,3.323471905,5.03463625,SAT_24712,5.546919017,5.731087365,SAT_25126,2.017072538,5.792537775
frame-g-008100-6-0151,1,No match,FALSE,,inf,334.5711755,-5.341221144,334.7343553,-5.362712087,FOVNotMatch,2009/10/16 2:53:28.00,SAT_25881,3.323471905,5.031840044,SAT_24712,5.546919017,5.728291159,SAT_25126,2.017072538,5.789741569
frame-g-008100-6-0155,1,Success,TRUE,SAT_25881,4.426590928,335.1741653,-5.341793579,335.3369777,-5.362648967,,2009/10/16 2:55:52.00,SAT_25881,3.369875658,4.426590928,SAT_24712,5.380472913,5.136755541,SAT_25126,1.99464391,5.613489156
frame-g-008100-6-0156,1,Success,TRUE,SAT_25881,4.458505932,335.325065,-5.341900719,335.4876223,-5.362815083,,2009/10/16 2:56:27.00,SAT_25881,3.369875658,4.458505932,SAT_24712,5.380472913,5.168670545,SAT_25126,1.99464391,5.64540416
frame-g-008100-6-0157,1,Success,TRUE,SAT_25881,4.336979486,335.475216,-5.34213517,335.6382583,-5.362761963,,2009/10/16 2:57:03.00,SAT_25881,3.369875658,4.336979486,SAT_24712,5.380472913,5.047144099,SAT_25126,1.99464391,5.523877714
frame-g-008100-6-0158,1,Success,TRUE,SAT_25881,4.313115194,335.6258159,-5.342143369,335.78886,-5.362701684,,2009/10/16 2:57:39.00,SAT_25881,3.369875658,4.313115194,SAT_24712,5.380472913,5.023279806,SAT_25126,1.99464391,5.500013422
frame-g-008100-5-0141,1,Success,TRUE,SAT_25881,4.912233739,333.041042,-5.682262833,333.2043411,-5.702234723,,2009/10/16 2:47:30.00,SAT_25881,3.660525588,4.912233739,SAT_27783,1.927493322,5.211577286,SAT_25126,1.771895128,5.234330354
frame-g-008100-6-0147,1,No match,FALSE,,inf,333.9687493,-5.340717457,334.1316798,-5.36252937,FOVNotMatch,2009/10/16 2:51:05.00,SAT_25881,3.660525588,5.563219537,SAT_27783,1.927493322,5.862563084,SAT_25126,1.771895128,5.885316153
frame-g-008100-1-0248,1,Success,TRUE,SAT_25661,0.428569803,349.0723214,-8.10624187,349.238048,-8.070189187,,2009/10/16 3:51:23.00,SAT_25661,4.371803187,0.428569803,SAT_27625,3.599448477,1.299772111,SAT_12472,4.899066703,1.41697021
frame-g-008100-1-0298,1,No match,FALSE,,inf,356.7921154,-8.466211483,356.6281051,-8.397392598,FOVNotMatch,2009/10/16 4:21:15.00,SAT_33415,3.131345421,5.126082153,SAT_25881,3.954538434,12.91600488,SAT_27463,2.008496503,13.2169236
frame-g-008100-1-0300,1,No match,FALSE,,inf,357.0966264,-8.351841911,356.9329017,-8.283804996,FOVNotMatch,2009/10/16 4:22:26.00,SAT_33415,3.131345421,5.33088694,SAT_25881,3.954538434,12.71120009,SAT_27463,2.008496503,13.01211881
frame-g-008100-1-0301,1,No match,FALSE,,inf,357.24884,-8.294698917,357.1405768,-8.249798326,FOVNotMatch,2009/10/16 4:23:02.00,SAT_33415,3.131345421,5.37370746,SAT_25881,3.954538434,12.66837957,SAT_27463,2.008496503,12.96929829
frame-g-008100-4-0302,1,Success,TRUE,SAT_33415,4.137030787,357.2824512,-6.993824368,357.3457752,-7.033478426,,2009/10/16 4:23:38.00,SAT_33415,3.131345421,4.137030787,SAT_25881,3.954538434,22.17911782,SAT_27463,2.008496503,22.48003654
frame-g-008105-5-0156,1,No match,FALSE,,inf,34.22587276,27.58880794,34.28009316,27.61195451,FOVNotMatch,2009/10/16 11:31:30.00,SAT_28330,1.359563535,8.943048981,SAT_35047,0.25347124,10.70820211,SAT_04028,5.818732351,14.29760418
frame-g-008105-1-0104,1,Success,TRUE,SAT_16409,0.387921761,25.22076905,27.48633775,25.41722328,27.53418207,,2009/10/16 11:00:27.00,SAT_16409,0.228954466,0.387921761,SAT_35471,0.631305899,1.331672839,SAT_04842,3.809641651,2.74191231
frame-g-008108-5-0031,1,No match,FALSE,,inf,326.4965941,18.43096733,326.6614116,18.47931936,FOVNotMatch,2009/10/17 1:59:46.00,SAT_24675,0.049998811,6.645989034,SAT_13971,2.102476417,32.23689747,SAT_23968,3.421191219,38.74036764
frame-g-008108-4-0094,1,Success,TRUE,SAT_21030,1.874251631,336.3984692,19.98123543,336.413356,20.21064276,,2009/10/17 2:37:23.00,SAT_21030,2.075743371,1.874251631,SAT_19505,5.2069709,24.97073436,SAT_08425,2.548825825,27.66578761
frame-g-008100-2-0307,1,No match,FALSE,,inf,358.1620322,-7.952744404,357.9982432,-7.885501316,FOVNotMatch,2009/10/16 4:26:37.00,SAT_12652,4.088580348,5.397706127,SAT_33415,2.142652292,5.779282404,SAT_27463,1.199633508,12.55104969
frame-g-008100-3-0314,1,Success,TRUE,SAT_35018,3.551906271,359.0628216,-7.487845689,359.225808,-7.55400163,,2009/10/16 4:30:48.00,SAT_35018,4.666325362,3.551906271,SAT_33415,1.357563451,6.16506343,SAT_31345,4.127583339,8.184078954
frame-g-008100-4-0321,1,No match,FALSE,,inf,0.287162849,-7.155564077,0.123214833,-7.089812669,FOVNotMatch,2009/10/16 4:34:59.00,SAT_17353,2.947249294,5.853924665,SAT_33415,0.878481414,6.556783962,SAT_25881,2.541866727,10.88912702
frame-g-008100-4-0321,2,Success,TRUE,SAT_25661,0.430518935,0.122434031,-7.224133077,0.286707709,-7.198125705,,2009/10/16 4:34:59.00,SAT_25661,4.779037885,0.430518935,SAT_27625,0.230298201,2.544225034,SAT_32763,5.149879257,3.831032397
frame-g-008100-4-0322,1,Success,TRUE,SAT_25661,0.299184925,0.396987314,-7.231489916,0.437503616,-7.224981211,,2009/10/16 4:35:34.00,SAT_25661,4.779037885,0.299184925,SAT_27625,0.230298201,2.412891023,SAT_32763,5.149879257,3.962366407
frame-g-008100-4-0322,2,No match,FALSE,,inf,0.280841397,-7.035619907,0.438810097,-7.098148203,FOVNotMatch,2009/10/16 4:35:34.00,SAT_17353,2.947249294,5.59181403,SAT_33415,0.878481414,6.818894596,SAT_25881,2.541866727,10.62701639
frame-g-008112-2-0094,1,Success,TRUE,SAT_10684,3.505640627,26.74590912,30.11827272,26.79111815,30.0741519,,2009/10/17 11:26:50.00,SAT_10684,3.239094538,3.505640627,SAT_11540,1.463884389,22.20710206,SAT_33982,3.140092316,61.3785685
frame-g-008115-5-0052,1,No match,FALSE,,inf,326.4180149,27.15131925,326.5322431,27.03030445,FOVNotMatch,2009/10/18 2:02:21.00,SAT_22061,4.864668357,16.05930881,SAT_17582,0.094189833,40.83063378,SAT_24978,9.73809094,
frame-g-008116-2-0269,1,No match,FALSE,,inf,6.587115918,29.2657979,6.715134567,29.36776091,FOVNotMatch,2009/10/18 6:20:02.00,SAT_09820,5.059629226,15.82547274,SAT_35622,2.708555924,19.06095758,SAT_07024,3.051221532,27.38903642
frame-g-008116-2-0270,1,No match,FALSE,,inf,6.797904987,29.15675458,6.946373409,29.27423952,FOVNotMatch,2009/10/18 6:20:38.00,SAT_09820,5.059629226,16.03900609,SAT_35622,2.708555924,18.84742423,SAT_07024,3.051221532,27.17550307
frame-g-008117-2-0077,1,No match,FALSE,,inf,353.1678356,28.85783983,353.3382878,28.92788439,FOVNotMatch,2009/10/18 8:25:05.00,SAT_34662,3.331162478,8.459336914,SAT_00575,3.3911943,24.67437412,SAT_35511,5.401179693,59.01406262
frame-g-008142-2-0053,1,No match,FALSE,,inf,330.5914388,24.80641546,330.6423559,24.83720769,FOVNotMatch,2009/11/10 1:33:09.00,SAT_02778,2.943522437,48.90800325,SAT_28915,4.644478392,78.87845531,SAT_10894,5.620616734,80.15186214
frame-g-008142-6-0071,1,No match,FALSE,,inf,332.8721654,27.13544333,332.8212213,27.19388682,FOVNotMatch,2009/11/10 1:43:54.00,SAT_25485,4.216652693,14.64917913,SAT_10894,0.743745157,15.46012663,SAT_17239,0.113137607,28.68047102
frame-g-008149-1-0093,1,Success,TRUE,SAT_28382,1.597043182,332.7493252,27.21430885,332.7232767,27.38730695,,2009/11/16 1:55:58.00,SAT_28382,1.289602686,1.597043182,SAT_01729,0.264603212,38.77411162,SAT_25904,5.576809889,88.8742358
frame-g-008149-1-0093,2,No match,FALSE,,inf,332.7309776,27.20978734,332.6672535,27.42667102,FOVNotMatch,2009/11/16 1:55:58.00,SAT_28382,1.289602686,8.606610749,SAT_01729,0.264603212,45.78367919,SAT_25904,5.576809889,81.86466823
frame-g-000094-5-0170,1,No match,FALSE,N/A,inf,0.228947744,0.781568034,0.35037262,0.770298876,FOVNotMatch,1998/9/19 7:15:00.00,SAT_24721,4.201570936,20.41991933,SAT_04998,0.169792719,21.12893733,SAT_03029,3.175542229,21.79501699
frame-g-000094-4-0281,1,No match,FALSE,N/A,inf,16.91636029,0.227706584,16.89675931,0.336395244,FOVNotMatch,1998/9/19 8:21:16.00,SAT_23581,5.779258472,79.71407902,SAT_23846,5.698665725,79.73807353,SAT_20946,5.753683161,79.7591813
frame-g-000094-2-0230,1,No match,FALSE,N/A,inf,9.228985874,-0.464447743,9.327814091,-0.512687493,FOVNotMatch,1998/9/19 7:50:49.00,SAT_21634,4.80909227,22.32265918,SAT_23846,4.8543252,25.97651444,SAT_23581,4.996803719,25.99040897
frame-g-000094-4-0478,1,Success,TRUE,SAT_07324,0.049736039,46.32393849,0.277645076,46.41054055,0.300362452,,1998/9/19 10:18:52.00,SAT_07324,3.378164514,0.049736039,SAT_14005,2.644135544,0.393229936,SAT_13900,4.911504834,0.957235101
frame-g-000109-4-0092,1,Success,TRUE,SAT_08330,1.578693492,48.36603819,0.152245166,48.50725255,0.180583928,,1998/9/22 10:15:20.00,SAT_08330,4.85936559,1.578693492,SAT_10953,4.360348134,1.715040983,SAT_07324,5.58455828,2.229818417
frame-g-000109-4-0093,1,Success,TRUE,SAT_07324,0.751691944,48.51570077,0.078246155,48.64761359,0.11194112,,1998/9/22 10:15:56.00,SAT_07324,5.58455828,0.751691944,SAT_10953,4.360348134,1.266469378,SAT_08330,4.85936559,1.402816869
frame-g-000109-4-0093,2,Success,TRUE,SAT_08330,1.585359083,48.57005582,0.133074714,48.67900596,0.154925564,,1998/9/22 10:15:56.00,SAT_08330,4.85936559,1.585359083,SAT_10953,4.360348134,1.721706573,SAT_07324,5.58455828,2.236484007
frame-g-000109-4-0094,1,Success,TRUE,SAT_07324,0.634032523,48.73303808,0.058072195,48.82844491,0.082233722,,1998/9/22 10:16:32.00,SAT_07324,5.58455828,0.634032523,SAT_10953,4.360348134,1.148809957,SAT_08330,4.85936559,1.285157448
frame-g-000109-4-0094,2,No match,FALSE,N/A,inf,48.81843879,0.234395803,48.82828508,0.243516165,FOVNotMatch,1998/9/22 10:16:32.00,SAT_11147,4.145100388,26.38338876,SAT_18375,4.459635486,28.33289235,SAT_07324,5.58455828,29.23117871
frame-g-000109-1-0097,1,Success,TRUE,SAT_08747,0.304035493,49.1122764,-1.199134928,49.27556498,-1.238965895,,1998/9/22 10:18:19.00,SAT_08747,2.41791694,0.304035493,SAT_08746,2.329624131,0.323785115,SAT_23581,5.728165386,13.52262469
frame-g-000109-5-0125,1,Success,TRUE,SAT_19777,0.452631794,53.3060704,0.624272739,53.45606754,0.645039088,,1998/9/22 10:35:03.00,SAT_19777,5.951205342,0.452631794,SAT_19483,5.664516536,2.077099533,SAT_10953,3.671404313,4.739226195
frame-g-000109-1-0100,1,Success,TRUE,SAT_08747,0.418753936,49.56132381,-1.089129677,49.72450342,-1.128989927,,1998/9/22 10:20:06.00,SAT_08747,3.05536271,0.418753936,SAT_08746,2.985696875,0.438236213,SAT_23581,4.596327963,13.53684775
frame-g-000109-5-0181,1,Success,TRUE,SAT_08195,2.503481168,61.6972482,0.661461835,61.74202625,0.538358802,,1998/9/22 11:08:29.00,SAT_08195,4.934368329,2.503481168,SAT_19137,0.021515807,13.6978125,SAT_22040,0.688210252,13.70043724
frame-g-000109-1-0139,1,No match,FALSE,N/A,inf,55.47273929,-1.240540653,55.45162732,-1.01584579,FOVNotMatch,1998/9/22 10:43:23.00,SAT_15398,0.124834966,13.07019918,SAT_05359,4.760316295,19.23196476,SAT_20399,2.131545781,32.72771891
frame-g-000125-3-0089,1,No match,FALSE,N/A,inf,2.167796357,-0.177046791,2.136506248,-0.235423927,FOVNotMatch,1998/9/25 6:59:05.00,SAT_19230,3.083222302,20.29247586,SAT_04250,4.965466702,45.09439537,SAT_04353,5.611622198,45.40025583
frame-g-000125-3-0090,1,No match,FALSE,N/A,inf,2.355102218,-0.382787463,2.449540919,-0.210021508,FOVNotMatch,1998/9/25 6:59:41.00,SAT_19230,3.083222302,20.76327612,SAT_04250,4.965466702,44.62359512,SAT_04353,5.611622198,44.92945557
frame-g-000125-1-0335,1,No match,FALSE,N/A,inf,38.95259901,-1.01683167,38.97941893,-1.110489684,FOVNotMatch,1998/9/25 9:25:53.00,SAT_08746,3.931164236,61.24836997,SAT_08747,3.988421028,61.26122509,SAT_23581,5.643700742,73.87108394
frame-g-000125-6-0320,1,No match,FALSE,N/A,inf,36.73427789,0.93226775,36.85755517,1.08064747,FOVNotMatch,1998/9/25 9:16:56.00,SAT_05435,2.507152133,15.10612317,SAT_22781,1.645141012,15.85130008,SAT_04902,3.353775551,35.36413754
frame-g-000125-5-0359,1,No match,FALSE,N/A,inf,42.61837473,0.437426978,42.6925385,0.536441034,FOVNotMatch,1998/9/25 9:40:13.00,SAT_10516,5.163023012,38.42627625,SAT_04902,4.350481509,39.22625332,SAT_10953,4.996035483,39.65478078
frame-g-000125-6-0409,1,Success,TRUE,SAT_08747,4.631453176,50.00980925,1.050143304,50.05889085,1.041957441,,1998/9/25 10:10:03.00,SAT_08747,2.105470856,4.631453176,SAT_08746,1.998997657,4.644414412,SAT_23581,5.170475444,9.283569056
frame-g-000125-3-0409,1,No match,FALSE,N/A,inf,50.01583984,-0.177660986,50.03305025,-0.195007329,FOVNotMatch,1998/9/25 10:10:03.00,SAT_08746,1.998997657,31.11090012,SAT_08747,2.105470856,31.12386136,SAT_23581,5.170475444,45.03888359
frame-g-000125-3-0409,2,No match,FALSE,N/A,inf,50.10468313,-0.324111983,50.13567345,-0.401790957,FOVNotMatch,1998/9/25 10:10:03.00,SAT_07382,0.274297844,43.90861131,SAT_08746,1.998997657,54.13603866,SAT_08747,2.105470856,54.1489999
frame-g-000125-6-0410,1,Success,TRUE,SAT_08747,4.456137227,50.15953116,1.076136404,50.32252164,1.048109232,,1998/9/25 10:10:38.00,SAT_08747,1.955784697,4.456137227,SAT_08746,1.7553256,4.469217551,SAT_25313,5.84441566,13.83545679
frame-g-000125-6-0411,1,Success,TRUE,SAT_08747,4.744028862,50.43010316,1.08085013,50.47185477,1.073886501,,1998/9/25 10:11:14.00,SAT_08747,1.955784697,4.744028862,SAT_08746,1.7553256,4.757109186,SAT_25313,5.84441566,13.54756515
frame-g-000125-6-0486,1,Success,TRUE,SAT_10844,0.750320434,61.66294107,0.902601426,61.68001564,0.855330184,,1998/9/25 10:56:00.00,SAT_10844,0.666910823,0.750320434,SAT_12311,5.438662364,31.35985234,SAT_23420,0.160314091,39.96276621
frame-g-000240-6-0055,1,No match,FALSE,N/A,inf,21.83572811,1.069304403,21.93682057,1.049147988,FOVNotMatch,1998/11/15 4:56:58.00,SAT_03029,2.642728087,25.44245875,SAT_04250,2.076374322,26.64690781,SAT_04353,1.07673808,26.84469858
frame-g-000240-6-0048,1,No match,FALSE,N/A,inf,20.72625585,0.870863512,20.85725433,0.84476208,FOVNotMatch,1998/11/15 4:52:47.00,SAT_03029,2.379818083,25.59340223,SAT_04250,2.076592281,26.75600443,SAT_04353,1.359378146,26.9288888
frame-g-000240-6-0052,1,No match,FALSE,N/A,inf,21.32517473,0.99151224,21.48799498,0.959167751,FOVNotMatch,1998/11/15 4:55:10.00,SAT_03029,2.379818083,25.56077986,SAT_04250,2.076592281,26.72338206,SAT_04353,1.359378146,26.89626642
frame-g-000240-6-0053,1,No match,FALSE,N/A,inf,21.47448264,1.021803855,21.63737862,0.988954802,FOVNotMatch,1998/11/15 4:55:46.00,SAT_03029,2.379818083,25.7264507,SAT_04250,2.076592281,26.8890529,SAT_04353,1.359378146,27.06193727
frame-g-000240-6-0054,1,No match,FALSE,N/A,inf,21.62397147,1.051856162,21.786613,1.019499826,FOVNotMatch,1998/11/15 4:56:22.00,SAT_03029,2.379818083,25.5770315,SAT_04250,2.076592281,26.73963369,SAT_04353,1.359378146,26.91251806
frame-g-000240-2-0068,1,No match,FALSE,N/A,inf,23.80555917,-0.608888611,23.87136681,-0.677174929,FOVNotMatch,1998/11/15 5:04:42.00,SAT_12156,1.733570742,22.4889946,SAT_24315,5.971203658,46.04510059,SAT_20946,5.38746442,46.05396355
frame-g-000250-6-0030,1,No match,FALSE,N/A,inf,18.21981384,1.298301971,18.25217584,1.278528875,FOVNotMatch,1998/11/16 4:38:43.00,SAT_23879,3.538259975,15.33868356,SAT_02222,3.55644053,40.04573999,SAT_05690,1.579939492,44.31839573
frame-g-000250-5-0184,1,Success,TRUE,SAT_08746,3.758469181,41.23467299,0.736263343,41.29169163,0.726874694,,1998/11/16 6:10:37.00,SAT_08746,2.589897323,3.758469181,SAT_08747,3.01247224,3.822918968,SAT_20874,4.287090933,4.075632128
frame-g-000250-5-0185,1,Success,TRUE,SAT_08746,3.646290562,41.38414753,0.761326588,41.54713189,0.734161961,,1998/11/16 6:11:12.00,SAT_08746,2.589897323,3.646290562,SAT_08747,3.01247224,3.710740348,SAT_20874,4.287090933,4.187810747
frame-g-000250-5-0189,1,Success,TRUE,SAT_08746,3.672969967,41.98238857,0.861257836,42.1451389,0.83421075,,1998/11/16 6:13:36.00,SAT_08746,2.589897323,3.672969967,SAT_08747,3.01247224,3.737419753,SAT_20874,4.287090933,4.161131342
frame-g-000250-5-0254,1,No match,FALSE,N/A,inf,51.70609461,0.852381882,51.8689963,0.791513837,FOVNotMatch,1998/11/16 6:52:23.00,SAT_08747,2.044521377,6.098157689,SAT_08746,1.067065064,6.132379322,SAT_20874,3.218930993,12.58386112
frame-g-000250-5-0255,1,No match,FALSE,N/A,inf,51.90417286,0.889896324,52.01859065,0.846983005,FOVNotMatch,1998/11/16 6:52:59.00,SAT_08747,2.044521377,6.169204152,SAT_08746,1.067065064,6.203425785,SAT_20874,3.218930993,12.65490758
frame-g-000259-2-0192,1,Success,TRUE,SAT_08747,3.513499063,35.31476827,-0.526237336,35.47798402,-0.572422507,,1998/11/17 5:43:04.00,SAT_08747,5.184726573,3.513499063,SAT_08746,5.027352957,3.594447219,SAT_20946,4.891033181,15.78184282
frame-g-000259-2-0193,1,Success,TRUE,SAT_08747,3.431653195,35.46433201,-0.484115139,35.62786666,-0.530138664,,1998/11/17 5:43:39.00,SAT_08747,5.184726573,3.431653195,SAT_08746,5.027352957,3.512601352,SAT_20946,4.891033181,15.69999695
frame-g-000259-2-0196,1,Success,TRUE,SAT_08747,3.242557697,36.02963237,-0.390676717,36.07618271,-0.403611925,,1998/11/17 5:45:27.00,SAT_08747,5.184726573,3.242557697,SAT_08746,5.027352957,3.323505854,SAT_20946,4.891033181,15.51090146
frame-g-000259-3-0205,1,Success,TRUE,SAT_08747,2.947474475,37.26044482,0.019003586,37.42386567,-0.026446112,,1998/11/17 5:50:50.00,SAT_08747,4.431480329,2.947474475,SAT_08746,4.217323669,3.023417283,SAT_20946,5.301378976,15.52106549
frame-g-000259-1-0317,1,Success,TRUE,SAT_08746,1.879210017,54.02385121,-0.975332891,54.18692465,-1.012051622,,1998/11/17 6:57:41.00,SAT_08746,1.324428373,1.879210017,SAT_08747,2.072147927,1.906812388,SAT_20946,4.489040337,12.65288805
frame-g-000259-1-0318,1,Success,TRUE,SAT_08746,1.864078814,54.17390641,-0.94147626,54.33588342,-0.97799342,,1998/11/17 6:58:17.00,SAT_08746,1.324428373,1.864078814,SAT_08747,2.072147927,1.891681186,SAT_20946,4.489040337,12.66801926
frame-g-000259-1-0319,1,Success,TRUE,SAT_08746,2.001677062,54.3232071,-0.908153338,54.48630411,-0.944512031,,1998/11/17 6:58:53.00,SAT_08746,1.324428373,2.001677062,SAT_08747,2.072147927,2.029279433,SAT_20946,4.489040337,12.53042101
frame-g-000259-1-0320,1,Success,TRUE,SAT_08746,1.97192194,54.47290054,-0.874436008,54.63618546,-0.910925942,,1998/11/17 6:59:29.00,SAT_08746,1.324428373,1.97192194,SAT_08747,2.072147927,1.999524311,SAT_20946,4.489040337,12.56017613
frame-g-000259-1-0321,1,Success,TRUE,SAT_08746,2.027741045,54.62254087,-0.840948804,54.78551949,-0.87720396,,1998/11/17 7:00:05.00,SAT_08746,1.324428373,2.027741045,SAT_08747,2.072147927,2.055343416,SAT_20946,4.489040337,12.50435703
frame-g-000273-2-0103,1,No match,FALSE,N/A,inf,25.28057804,-0.602381435,25.35724293,-0.826138064,FOVNotMatch,1998/11/19 4:55:08.00,SAT_02511,5.645228468,18.50136336,SAT_07629,2.794838741,29.24836561,SAT_11027,1.95092836,34.83346821
frame-g-000273-1-0103,1,No match,FALSE,N/A,inf,25.42435631,-1.021910027,25.43446046,-1.051117603,FOVNotMatch,1998/11/19 4:55:08.00,SAT_02511,5.645228468,18.66972112,SAT_07629,2.794838741,29.41672337,SAT_11027,1.95092836,34.66511045
frame-g-000273-5-0106,1,No match,FALSE,N/A,inf,25.75052896,0.655153446,25.8274991,0.431344102,FOVNotMatch,1998/11/19 4:56:55.00,SAT_02511,5.645228468,18.56770448,SAT_07629,2.794838741,29.31470672,SAT_11027,1.95092836,34.7671271
frame-g-000273-6-0186,1,No match,FALSE,N/A,inf,37.70444016,1.074792293,37.73252946,1.046584676,FOVNotMatch,1998/11/19 5:44:40.00,SAT_08709,2.387955099,17.94237644,SAT_11896,5.287705764,24.33331143,SAT_21778,4.39998566,26.60850954
frame-g-000287-3-0351,1,Success,TRUE,SAT_20946,4.072883777,87.37648123,-0.129936178,87.45602133,-0.13567273,,1998/11/21 8:55:01.00,SAT_20946,5.967548171,4.072883777,SAT_23846,5.952877667,4.105034486,SAT_22927,5.912629804,5.717433969
frame-g-000287-3-0352,1,Success,TRUE,SAT_20946,4.079549971,87.52606232,-0.119182806,87.68927084,-0.130972742,,1998/11/21 8:55:37.00,SAT_20946,5.967548171,4.079549971,SAT_23846,5.952877667,4.111700679,SAT_22927,5.912629804,5.724100163
frame-g-000727-5-0063,1,No match,FALSE,N/A,inf,242.8692358,0.417899407,242.9454829,0.627629271,FOVNotMatch,1999/3/14 11:50:33.00,SAT_22452,2.892757275,13.78255007,SAT_00608,4.004143534,20.36318735,SAT_20338,0.06689773,40.08858001
frame-g-000745-4-0033,1,No match,FALSE,N/A,inf,163.6435218,0.337172804,163.7525527,0.384680748,FOVNotMatch,1999/3/20 6:11:14.00,SAT_15642,3.948339035,23.02623179,SAT_15677,3.250280596,23.21847616,SAT_23846,5.623773714,23.48847003
frame-g-000745-4-0035,1,No match,FALSE,N/A,inf,163.9452268,0.207978983,164.1055551,0.277705284,FOVNotMatch,1999/3/20 6:12:25.00,SAT_15642,3.948339035,22.9859071,SAT_15677,3.250280596,23.17815148,SAT_23846,5.623773714,23.44814535
frame-g-000727-6-0011,1,No match,FALSE,N/A,inf,235.1062963,1.061416371,235.1677863,0.939604039,FOVNotMatch,1999/3/14 11:19:31.00,SAT_04384,1.42249544,8.693375539,SAT_18525,3.486219663,32.05032001,SAT_18600,3.074142515,44.75325626
frame-g-000745-1-0094,1,No match,FALSE,N/A,inf,172.8394739,-1.017535461,172.9333358,-0.980847121,FOVNotMatch,1999/3/20 6:47:38.00,SAT_21727,3.750586194,19.89757655,SAT_15642,2.628055149,21.11220131,SAT_23846,4.356436014,21.30164507
frame-g-000745-3-0019,1,No match,FALSE,N/A,inf,161.6087256,-0.173185967,161.7116652,-0.107017739,FOVNotMatch,1999/3/20 6:02:52.00,SAT_15642,3.549231025,32.15183606,SAT_15677,2.853932024,32.31605876,SAT_15994,1.285548993,32.67524331
frame-g-000745-3-0377,1,No match,FALSE,N/A,inf,215.2052937,0.012017202,215.2772383,-0.176875771,FOVNotMatch,1999/3/20 9:36:33.00,SAT_12032,4.906859792,31.68367517,SAT_11896,0.01637629,41.66667434,SAT_19483,2.623358612,59.18619267
frame-g-000745-4-0377,1,No match,FALSE,N/A,inf,215.1138963,0.252985881,215.1313741,0.20731258,FOVNotMatch,1999/3/20 9:36:33.00,SAT_12032,4.906859792,31.77329772,SAT_11896,0.01637629,41.75629689,SAT_19483,2.623358612,59.09657013
frame-g-000745-1-0514,1,No match,FALSE,N/A,inf,235.7343895,-1.050464742,235.6750722,-0.846302472,FOVNotMatch,1999/3/20 10:58:19.00,SAT_22633,5.198389037,35.00584882,SAT_11694,0.028304234,36.75795186,SAT_17802,1.060455698,53.03348855
frame-g-000745-1-0504,1,No match,FALSE,N/A,inf,234.2198696,-1.050416276,234.1456821,-0.825652343,FOVNotMatch,1999/3/20 10:52:20.00,SAT_22543,2.781991006,5.284270429,SAT_22633,0.458009485,36.49225169,SAT_08308,0.046836711,37.97374635
frame-g-000745-5-0556,1,No match,FALSE,N/A,inf,242.03292,0.628097691,242.0616114,0.706875608,FOVNotMatch,1999/3/20 11:23:23.00,SAT_10881,1.431039558,15.92004008,SAT_00574,2.58279044,18.81437835,SAT_08419,0.092028045,27.51225403
frame-g-000752-3-0106,1,No match,FALSE,N/A,inf,159.3640076,-0.298617314,159.488258,-0.418313275,FOVNotMatch,1999/3/21 5:50:13.00,SAT_03029,2.60289384,27.45650683,SAT_02969,4.223089269,27.81371362,SAT_04250,2.3060472,28.00309336
frame-g-000752-4-0147,1,Success,TRUE,SAT_15642,3.176149535,165.4975636,0.207325911,165.6602732,0.217668086,,1999/3/21 6:14:41.00,SAT_15642,3.723157118,3.176149535,SAT_15677,3.036402944,3.393513145,SAT_23846,5.41414493,3.581620755
frame-g-000752-4-0150,1,Success,TRUE,SAT_15642,3.480713191,165.9461178,0.176840551,166.1090673,0.18806797,,1999/3/21 6:16:29.00,SAT_15642,3.723157118,3.480713191,SAT_15677,3.036402944,3.698076801,SAT_23846,5.41414493,3.886184411
frame-g-000752-4-0150,2,No match,FALSE,N/A,inf,166.0933408,0.070821389,166.1094691,0.05506539,FOVNotMatch,1999/3/21 6:16:29.00,SAT_03029,4.662161253,27.7035653,SAT_04902,1.739972714,27.86279783,SAT_04250,2.758181352,27.96109882
frame-g-002190-3-0226,1,No match,FALSE,N/A,inf,215.7912163,4.300904052,215.8196816,4.310352677,FOVNotMatch,2001/3/19 9:39:25.00,SAT_16483,3.702900217,15.18011425,SAT_25629,5.227543183,17.16542522,SAT_00058,1.65375083,24.08296941
frame-g-002194-5-0146,1,No match,FALSE,N/A,inf,132.1089427,-0.864653126,132.1327694,-1.089330316,FOVNotMatch,2001/3/20 3:18:58.00,SAT_05213,3.933224166,6.080498803,SAT_11321,3.238520214,17.37499584,SAT_10744,0.163931843,26.99936778
frame-g-002194-1-0333,1,No match,FALSE,N/A,inf,159.9783814,-3.498363119,160.1317149,-3.474639161,FOVNotMatch,2001/3/20 5:10:37.00,SAT_26469,5.208446179,8.720595565,SAT_25086,2.420661755,8.766386724,SAT_26298,2.704796403,8.778877456
frame-g-002206-6-0104,1,Success,TRUE,SAT_10710,0.920774997,236.3130214,57.65412527,236.4761493,57.74797052,,2001/3/23 7:06:55.00,SAT_10710,4.184194972,0.920774997,SAT_19544,5.723650878,23.03644698,SAT_16266,11.52020777,N/A
frame-g-002206-5-0333,1,Success,TRUE,SAT_05361,3.128336646,262.4427618,28.63483006,262.7072087,28.66728085,,2001/3/23 9:23:39.00,SAT_05361,1.563123189,3.128336646,SAT_02669,3.011231829,40.93706141,SAT_19196,0.851660948,42.68278229
frame-g-002243-2-0046,1,No match,FALSE,N/A,inf,123.2823576,38.40944672,123.4007564,38.3898098,FOVNotMatch,2001/4/15 2:47:56.00,SAT_12166,0.025707417,38.4215492,SAT_20742,2.998330592,77.09750104,SAT_22275,15.33220786,N/A
frame-g-002243-3-0047,1,No match,FALSE,N/A,inf,123.1262505,38.70594679,123.2538646,38.68451828,FOVNotMatch,2001/4/15 2:48:32.00,SAT_12166,0.025707417,38.22896858,SAT_20742,2.998330592,77.29008166,SAT_22275,15.33220786,N/A
frame-g-002207-5-0120,1,Success,TRUE,SAT_25736,2.044444999,257.0413146,37.84881917,257.2116516,37.74483361,,2001/3/23 11:08:49.00,SAT_25736,0.230566194,2.044444999,SAT_22231,3.550538196,14.88928817,SAT_21475,5.35388132,39.21650108
frame-g-002243-2-0226,1,Success,TRUE,SAT_24276,2.478139213,154.6852102,55.52646022,154.9416155,55.34719727,,2001/4/15 4:35:24.00,SAT_24276,1.843814115,2.478139213,SAT_20234,0.117401573,16.29168877,SAT_20185,5.626399317,38.38271842
frame-g-002247-4-0115,1,Success,TRUE,SAT_00702,0.937322884,177.9545846,4.962891755,177.974152,5.185571772,,2001/4/16 3:47:40.00,SAT_00702,4.448889512,0.937322884,SAT_13585,4.526256442,8.087754963,SAT_04682,0.105842566,12.15710952
frame-g-002247-3-0125,1,No match,FALSE,N/A,inf,179.4450738,4.557519208,179.5768353,4.782063282,FOVNotMatch,2001/4/16 3:53:38.00,SAT_13585,4.697494269,17.02567139,SAT_20843,3.14660069,38.5990989,SAT_22624,4.844050008,61.00133954
frame-g-002247-4-0213,1,No match,FALSE,N/A,inf,192.6372227,5.141734841,192.7273494,5.179620926,FOVNotMatch,2001/4/16 4:46:11.00,SAT_00126,5.945653892,21.30757064,SAT_22624,5.741431065,25.3226676,SAT_22176,1.306100497,32.93848048
frame-g-002247-4-0213,2,Success,TRUE,SAT_00126,0.014007251,192.7618254,5.066508034,192.8008745,5.104338705,,2001/4/16 4:46:11.00,SAT_00126,5.945653892,0.014007251,SAT_25778,3.948471568,13.71009524,SAT_15530,3.85653043,41.31001922
frame-g-002247-6-0229,1,No match,FALSE,N/A,inf,195.1627671,5.761196167,195.0532008,5.871459241,FOVNotMatch,2001/4/16 4:55:44.00,SAT_19105,2.031853146,6.42023695,SAT_10842,2.329701982,35.18352291,SAT_00700,3.955313267,57.91378799
frame-g-002267-2-0052,1,No match,FALSE,N/A,inf,142.2632382,-2.480672578,142.3808027,-2.497106366,FOVNotMatch,2001/4/24 3:07:54.00,SAT_26724,4.73927356,7.87108075,SAT_21222,5.368070068,7.993826792,SAT_23246,1.173836941,12.84026673
frame-g-002267-2-0053,1,No match,FALSE,N/A,inf,142.4129929,-2.468827471,142.5750251,-2.49132058,FOVNotMatch,2001/4/24 3:08:29.00,SAT_26724,4.73927356,7.816650455,SAT_21222,5.368070068,7.939396497,SAT_23246,1.173836941,12.78583643
frame-g-002259-3-0086,1,Success,TRUE,SAT_25821,0.790683985,133.634352,-1.862575236,133.7686827,-1.855066096,,2001/4/17 3:47:00.00,SAT_25821,4.858754213,0.790683985,SAT_23330,4.649995074,1.167180158,SAT_21762,3.086859937,1.252624083
frame-g-002259-3-0087,1,Success,TRUE,SAT_25821,0.817877521,133.8427993,-1.877603057,133.9469578,-1.871830169,,2001/4/17 3:47:36.00,SAT_25821,4.858754213,0.817877521,SAT_23330,4.649995074,1.139986622,SAT_21762,3.086859937,1.225430547
frame-g-002259-5-0120,1,Success,TRUE,SAT_23203,3.673840652,138.7492207,-1.245171534,138.7969271,-1.082952422,,2001/4/17 4:07:18.00,SAT_23203,4.902926226,3.673840652,SAT_23625,5.510175636,3.925990136,SAT_08180,3.09683836,5.860186023
frame-g-002299-3-0275,1,No match,FALSE,N/A,inf,239.228796,48.17294447,239.4345015,48.18184072,FOVNotMatch,2001/5/17 7:17:30.00,SAT_15808,5.282472307,53.39102302,SAT_11896,4.702656191,56.07387757,SAT_23793,2.224518806,84.46480236
frame-g-002299-3-0276,1,No match,FALSE,N/A,inf,239.4086302,47.95072698,239.5698615,47.95875652,FOVNotMatch,2001/5/17 7:18:06.00,SAT_15808,5.282472307,52.84899705,SAT_11896,4.702656191,56.61590354,SAT_23793,2.224518806,85.00682833
frame-g-002299-4-0069,1,Success,TRUE,SAT_13012,3.068146995,189.1883635,62.65486595,189.5552936,62.73936008,,2001/5/17 5:14:30.00,SAT_13012,4.744001464,3.068146995,SAT_8701U,3.388161055,8.494681408,SAT_21706,5.604370087,10.12506452
frame-g-002299-2-0055,1,No match,FALSE,N/A,inf,184.6314885,61.95800132,184.781856,62.08204573,FOVNotMatch,2001/5/17 5:06:08.00,SAT_5842U,0.31228867,6.135096055,SAT_22633,5.831529165,8.13511773,SAT_23622,2.693699432,8.478351695
frame-g-002299-5-0207,1,No match,FALSE,N/A,inf,227.7620217,55.56553293,228.0601377,55.59229184,FOVNotMatch,2001/5/17 6:36:54.00,SAT_13070,4.247865441,30.13619427,SAT_5017U,5.866026111,40.05524535,SAT_05017,5.864816129,40.08575566
frame-g-002304-6-0029,1,No match,FALSE,N/A,inf,138.1182954,54.17891067,138.4226076,54.21697059,FOVNotMatch,2001/5/18 3:00:38.00,SAT_20742,4.504632382,37.51932835,SAT_12406,3.964271525,58.28239198,SAT_17018,2.584691271,60.89363356
frame-g-002304-6-0030,1,No match,FALSE,N/A,inf,138.2248646,54.33652863,138.5344114,54.3749649,FOVNotMatch,2001/5/18 3:01:13.00,SAT_20742,4.504632382,37.55892728,SAT_12406,3.964271525,58.24279305,SAT_17018,2.584691271,60.85403462
frame-g-002304-3-0060,1,No match,FALSE,N/A,inf,146.1648959,55.97445697,145.9798804,56.17600775,FOVNotMatch,2001/5/18 3:19:08.00,SAT_20944,0.04316895,13.18692777,SAT_10757,4.131650781,13.38256503,SAT_14466,3.689548942,17.17755678
frame-g-002305-2-0124,1,Success,TRUE,SAT_10442,0.641433321,256.0523556,31.19453402,255.9909643,31.11778948,,2001/5/18 7:29:10.00,SAT_10442,1.851963124,0.641433321,SAT_23835,0.096088131,49.07687229,SAT_22231,3.947115441,68.7800313
frame-g-002304-6-0336,1,No match,FALSE,N/A,inf,225.3265096,56.96915353,225.7819862,57.03759675,FOVNotMatch,2001/5/18 6:03:56.00,SAT_25485,4.547581496,25.0583452,SAT_13070,2.103563586,30.7908865,SAT_16223,3.703242457,37.63514169
frame-g-002322-4-0024,1,No match,FALSE,N/A,inf,175.1836704,62.33190201,175.1998561,62.36764141,FOVNotMatch,2001/5/22 6:13:56.00,SAT_12933,4.295239391,14.00033376,SAT_23736,2.872563203,20.87375768,SAT_18725,4.499938088,36.2273583
frame-g-002322-4-0024,2,Success,TRUE,SAT_12933,4.267221605,175.3124052,62.16339594,175.3868986,62.25111517,,2001/5/22 6:13:56.00,SAT_12933,4.295239391,4.267221605,SAT_23736,2.872563203,11.14064553,SAT_18725,4.499938088,45.96047046
frame-g-002322-6-0112,1,No match,FALSE,N/A,inf,203.6536462,62.23156309,203.7260419,62.10637968,FOVNotMatch,2001/5/22 7:06:29.00,SAT_13205,1.175630547,42.9121174,SAT_24876,5.132996713,50.5823698,SAT_22068,2.202310746,63.18316794
frame-g-002322-5-0141,1,Success,TRUE,SAT_20302,1.842874007,211.6974012,60.22885072,212.0220515,60.27566773,,2001/5/22 7:23:48.00,SAT_20302,5.173933604,1.842874007,SAT_15182,2.03876927,19.21722097,SAT_22068,3.899120309,22.30865511
frame-g-002322-5-0142,1,Success,TRUE,SAT_20302,0.059624547,212.2240802,60.10479552,212.2813533,60.11213593,,2001/5/22 7:24:24.00,SAT_20302,5.173933604,0.059624547,SAT_15182,2.03876927,21.00047043,SAT_22068,3.899120309,24.09190457
frame-g-002326-6-0196,1,No match,FALSE,N/A,inf,223.4681438,57.53249561,223.3794601,57.40607451,FOVNotMatch,2001/5/23 5:49:17.00,SAT_15188,1.9515656,23.18471277,SAT_13070,0.062321593,25.04448223,SAT_25485,5.950421804,30.89890598
frame-g-002326-3-0130,1,Success,TRUE,SAT_26483,0.866243343,204.8736662,60.67765767,205.0163153,60.72712869,,2001/5/23 5:09:52.00,SAT_26483,5.705908057,0.866243343,SAT_21706,4.33075287,2.935515672,SAT_16220,5.001419101,3.63081827
frame-g-002326-1-0068,1,Success,TRUE,SAT_21706,3.642481462,185.8153583,61.27929605,185.9697752,61.33407616,,2001/5/23 4:32:51.00,SAT_21706,5.049742919,3.642481462,SAT_13012,4.778238001,4.698501506,SAT_25330,4.790861237,5.882823396
frame-g-002326-5-0055,N/A,Failed,FALSE,N/A,N/A,N/A,N/A,N/A,N/A,JSON file error,N/A,N/A,N/A,N/A,N/A,N/A,N/A,N/A,N/A,N/A
frame-g-002326-5-0056,1,No match,FALSE,N/A,inf,181.7079057,63.00426427,182.0781782,62.88437794,FOVNotMatch,2001/5/23 4:25:41.00,SAT_22309,4.828569431,6.257863223,SAT_01808,3.590482077,7.749273377,SAT_1808U,3.577891452,7.864250199
frame-g-002326-5-0057,1,No match,FALSE,N/A,inf,182.1914919,63.07563102,182.3956722,63.00849125,FOVNotMatch,2001/5/23 4:26:17.00,SAT_22309,4.828569431,6.768721645,SAT_01808,3.590482077,7.238414955,SAT_1808U,3.577891452,7.353391776
frame-g-002326-3-0060,1,No match,FALSE,N/A,inf,183.0897386,62.05291178,183.1866032,62.14718926,FOVNotMatch,2001/5/23 4:28:04.00,SAT_15811,5.272068815,14.02101504,SAT_16455,4.805147676,25.63983161,SAT_13012,5.849138605,30.86361535
frame-g-002326-1-0171,1,No match,FALSE,N/A,inf,215.496921,57.69012201,215.4620307,57.64004341,FOVNotMatch,2001/5/23 5:34:21.00,SAT_15188,5.233437032,21.33536373,SAT_13070,3.200075747,22.06305096,SAT_22354,2.250560047,28.68081305
frame-g-002328-6-0120,1,No match,FALSE,N/A,inf,257.1526612,32.4703043,257.1660186,32.38662139,FOVNotMatch,2001/5/23 9:37:49.00,SAT_23838,5.321112702,7.880888257,SAT_7053U,2.608442251,19.51471655,SAT_12320,2.53552528,24.64344998
frame-g-002328-3-0047,1,No match,FALSE,N/A,inf,247.8330998,40.68251674,248.1129319,40.65795966,FOVNotMatch,2001/5/23 8:54:14.00,SAT_25867,4.661936949,13.57990968,SAT_20533,2.896156563,52.6307186,SAT_13530,0.041413457,87.12080404
frame-g-002328-3-0153,1,No match,FALSE,N/A,inf,258.8207144,27.64835051,258.933748,27.51930012,FOVNotMatch,2001/5/23 9:57:31.00,SAT_07957,0.151649841,6.232160031,SAT_7957U,0.2095241,6.245787063,SAT_24000,1.367687602,11.81351571
frame-g-002327-4-0098,1,Success,TRUE,SAT_19419,2.171428001,236.9802122,1.679054807,237.0007996,1.544014491,,2001/5/23 8:13:33.00,SAT_19419,2.91103941,2.171428001,SAT_21546,3.106820928,13.72542,SAT_10765,5.867292252,15.84154279
frame-g-002333-3-0047,1,Success,TRUE,SAT_10953,0.99807695,203.8297354,-2.679640314,203.9372404,-2.71023969,,2001/5/24 4:19:41.00,SAT_10953,3.579377293,0.99807695,SAT_11941,5.598792377,1.479860204,SAT_19483,3.03761031,5.184769002
frame-g-002334-6-0013,1,No match,FALSE,N/A,inf,197.8562509,-1.384191134,197.8946549,-1.375275962,FOVNotMatch,2001/5/24 5:26:49.00,SAT_22670,2.644030064,8.499950091,SAT_26480,3.078599024,12.95299681,SAT_21906,2.506581797,13.05982643
frame-g-002334-5-0020,1,No match,FALSE,N/A,inf,198.7830594,-1.637793173,198.944515,-1.599856783,FOVNotMatch,2001/5/24 5:31:00.00,SAT_22670,4.087532402,9.025769294,SAT_26480,4.76999694,13.08634745,SAT_21906,3.838335404,13.21434033
frame-g-002334-5-0021,1,No match,FALSE,N/A,inf,198.93294,-1.670186838,199.0957946,-1.631326994,FOVNotMatch,2001/5/24 5:31:36.00,SAT_22670,4.087532402,9.224180169,SAT_26480,4.76999694,13.28475832,SAT_21906,3.838335404,13.4127512
frame-g-002334-5-0022,1,No match,FALSE,N/A,inf,199.0830678,-1.702640235,199.2452549,-1.663896835,FOVNotMatch,2001/5/24 5:32:12.00,SAT_22670,4.087532402,9.238705819,SAT_26480,4.76999694,13.29928397,SAT_21906,3.838335404,13.42727685
frame-g-002334-4-0024,1,No match,FALSE,N/A,inf,199.4011569,-2.207002577,199.413825,-1.982805577,FOVNotMatch,2001/5/24 5:33:23.00,SAT_2949U,0.616181645,6.539173055,SAT_02949,0.614309147,6.551938001,SAT_13610,2.84272958,23.18616049
frame-g-002333-5-0069,1,No match,FALSE,N/A,inf,207.1132601,-1.871822034,207.2688839,-1.78230411,FOVNotMatch,2001/5/24 4:32:49.00,SAT_8134U,2.267589223,12.68675695,SAT_23553,3.212060396,29.88688679,SAT_23192,3.311925487,29.89308397
frame-g-002333-6-0075,1,Success,TRUE,SAT_19164,0.521129193,208.0797778,-1.233783135,208.142324,-1.410785482,,2001/5/24 4:36:24.00,SAT_19164,5.832138371,0.521129193,SAT_22198,5.835135044,1.619927037,SAT_21825,5.829838153,3.56145113
frame-g-002334-6-0095,1,No match,FALSE,N/A,inf,210.0067259,-1.191592845,210.1696988,-1.17052598,FOVNotMatch,2001/5/24 6:15:47.00,SAT_26480,5.236423217,7.028515208,SAT_22670,4.464568059,7.247383798,SAT_21906,4.388395921,7.351156634
frame-g-002334-1-0079,1,No match,FALSE,N/A,inf,207.7097582,-3.226619032,207.8084102,-3.199082559,FOVNotMatch,2001/5/24 6:06:14.00,SAT_00058,5.863722767,14.08689498,SAT_58U00,5.859879221,14.09113337,SAT_22670,2.60578707,14.51522283
frame-g-002346-2-0071,1,No match,FALSE,N/A,inf,243.8440854,-0.730631278,243.8685456,-0.50580768,FOVNotMatch,2001/5/30 8:00:54.00,SAT_19223,0.674695576,11.56060043,SAT_24286,0.054189658,12.29553552,SAT_23671,1.608976753,83.05924984
frame-g-002346-2-0071,2,No match,FALSE,N/A,inf,243.9610736,-0.612044053,243.9913704,-0.623528165,FOVNotMatch,2001/5/30 8:00:54.00,SAT_23671,1.608976753,7.610935843,SAT_21135,5.782881623,13.65335307,SAT_23429,4.739742275,18.28865514
frame-g-002346-3-0071,1,No match,FALSE,N/A,inf,243.8887827,-0.311331446,243.912633,-0.086786706,FOVNotMatch,2001/5/30 8:00:54.00,SAT_19223,0.674695576,11.41475645,SAT_24286,0.054189658,12.14969153,SAT_23671,1.608976753,82.91340586
frame-g-002347-4-0032,1,No match,FALSE,N/A,inf,248.3420039,0.272686841,248.5041621,0.232640673,FOVNotMatch,2001/5/30 9:33:33.00,SAT_20771,4.265857578,11.33714605,SAT_22205,5.54780809,13.35278642,SAT_26639,5.379590193,13.87915526
frame-g-002348-2-0070,1,Success,TRUE,SAT_4993U,1.725480766,253.1976866,2.170343533,253.0527592,2.342383504,,2001/5/30 10:39:12.00,SAT_4993U,0.437140857,1.725480766,SAT_04993,0.439359494,1.733622793,SAT_07958,1.518630593,7.711470881
frame-g-002348-2-0071,1,Success,TRUE,SAT_4993U,1.758506442,253.4093813,2.382276822,253.3802802,2.416778131,,2001/5/30 10:39:48.00,SAT_4993U,0.437140857,1.758506442,SAT_04993,0.439359494,1.766648469,SAT_07958,1.518630593,7.744496557
frame-g-002379-6-0187,1,Success,TRUE,SAT_21157,0.928430068,237.215568,-0.463486604,237.2405714,-0.533370581,,2001/6/15 5:30:15.00,SAT_21157,1.212334159,0.928430068,SAT_17807,5.55032246,9.551807494,SAT_18615,5.052916532,16.74578932
frame-g-002392-5-0065,1,No match,FALSE,N/A,inf,261.270949,71.39536042,261.3912124,71.37286018,FOVNotMatch,2001/6/16 7:03:38.00,SAT_09823,0.505937584,5.420359034,SAT_9823U,0.500779676,5.433802433,SAT_23622,0.033806353,5.790073793
frame-g-002392-6-0079,1,No match,FALSE,N/A,inf,264.0363185,69.49914195,264.3520442,69.37823092,FOVNotMatch,2001/6/16 7:12:00.00,SAT_23622,2.425846157,8.535300318,SAT_21706,3.976159092,19.39500793,SAT_15000,0.033187841,21.58411817
frame-g-002507-3-0012,1,No match,FALSE,N/A,inf,318.5736985,10.08593323,318.578553,10.3147021,FOVNotMatch,2001/8/23 5:56:38.00,SAT_16220,0.010616503,23.84392116,SAT_25962,5.78420045,43.76868789,SAT_16600,0.263746439,71.40993955
frame-g-002507-6-0302,1,Success,TRUE,SAT_20283,1.443194383,2.770658827,16.03483775,2.939754986,16.0015626,,2001/8/23 8:49:47.00,SAT_20283,2.42939014,1.443194383,SAT_23802,4.845753143,69.13089403,SAT_21552,16.62983445,N/A
frame-g-002507-6-0303,1,Success,TRUE,SAT_20283,1.374671373,2.925276956,16.06873272,3.095123188,16.03511219,,2001/8/23 8:50:23.00,SAT_20283,2.42939014,1.374671373,SAT_23802,4.845753143,69.06237102,SAT_21552,16.62983445,N/A
frame-g-002566-1-0172,1,No match,FALSE,N/A,inf,339.003849,12.44016448,339.0311867,12.4994987,FOVNotMatch,2001/9/18 5:32:41.00,SAT_18362,5.059394254,15.89367176,SAT_13205,1.376414927,44.49243945,SAT_10184,4.736306978,64.59733433
frame-g-002566-4-0257,1,No match,FALSE,N/A,inf,351.9372847,14.80716827,352.0106693,14.83089641,FOVNotMatch,2001/9/18 6:23:26.00,SAT_4882U,0.069780159,6.624195538,SAT_04882,0.069464222,6.624858762,SAT_24937,1.960387192,28.30445423
frame-g-002566-4-0258,1,No match,FALSE,N/A,inf,352.0946174,14.7757865,352.2596202,14.82863225,FOVNotMatch,2001/9/18 6:24:02.00,SAT_4882U,0.069780159,6.789221393,SAT_04882,0.069464222,6.789884617,SAT_24937,1.960387192,28.13942837
frame-g-002506-1-0025,1,Success,TRUE,SAT_26871,0.414417068,322.4975183,-0.953992699,322.6589329,-0.95211166,,2001/8/23 5:09:43.00,SAT_26871,4.159130817,0.414417068,SAT_26761,5.664835399,0.671869895,SAT_25626,5.922328557,0.674357227
frame-g-002570-2-0299,1,Success,TRUE,SAT_26724,3.651502366,52.86230847,-0.417182152,53.00403633,-0.408128019,,2001/9/18 11:14:36.00,SAT_26724,5.410332231,3.651502366,SAT_21222,4.882620778,3.656622824,SAT_25913,5.220488232,3.675022137
frame-g-002570-3-0278,1,Success,TRUE,SAT_03346,2.029500589,49.71718114,-0.102232422,49.75056588,0.015247449,,2001/9/18 11:02:04.00,SAT_03346,1.835566429,2.029500589,SAT_3346U,1.837341358,2.030686029,SAT_21686,2.58994563,2.539818166
frame-g-002570-4-0278,1,Success,TRUE,SAT_03346,1.893587083,49.80588737,0.210810807,49.87018219,0.435034567,,2001/9/18 11:02:04.00,SAT_03346,1.835566429,1.893587083,SAT_3346U,1.837341358,1.894772523,SAT_21686,2.58994563,2.675731672
frame-g-002570-3-0279,1,Success,TRUE,SAT_03346,2.019808787,49.9860504,-0.20846129,50.03032013,-0.05277798,,2001/9/18 11:02:40.00,SAT_03346,1.835566429,2.019808787,SAT_3346U,1.837341358,2.020994227,SAT_21686,2.58994563,2.549509968
frame-g-002570-2-0279,1,Success,TRUE,SAT_03346,1.93130729,49.86713725,-0.626662687,49.93069425,-0.404465506,,2001/9/18 11:02:40.00,SAT_03346,1.835566429,1.93130729,SAT_3346U,1.837341358,1.93249273,SAT_21686,2.58994563,2.638011466
frame-g-002570-1-0283,1,No match,FALSE,N/A,inf,50.46587128,-0.965335899,50.62887269,-0.9906258,FOVNotMatch,2001/9/18 11:05:03.00,SAT_23313,5.264972307,8.794590425,SAT_22930,5.714541558,8.799147234,SAT_25913,5.60980657,8.800550481
frame-g-002570-1-0284,1,No match,FALSE,N/A,inf,50.61632605,-0.942499127,50.77715945,-0.967312458,FOVNotMatch,2001/9/18 11:05:39.00,SAT_23313,5.264972307,8.745747056,SAT_22930,5.714541558,8.750303865,SAT_25913,5.60980657,8.751707112
frame-g-002570-2-0276,1,Success,TRUE,SAT_18946,1.042112873,49.44143544,-0.628028221,49.52527893,-0.404337532,,2001/9/18 11:00:52.00,SAT_18946,4.056328572,1.042112873,SAT_00732,2.04943719,2.040410996,SAT_732U0,1.754647758,4.935957119
frame-g-002570-1-0285,1,No match,FALSE,N/A,inf,50.82104818,-0.928130913,50.92771926,-0.94510401,FOVNotMatch,2001/9/18 11:06:15.00,SAT_26352,5.822628971,8.850177325,SAT_23313,4.427085372,9.01677316,SAT_22930,4.952067494,9.021314271
frame-g-002574-2-0181,1,No match,FALSE,N/A,inf,267.8530683,39.13470849,267.7782581,39.04000061,FOVNotMatch,2001/9/19 4:27:16.00,SAT_23512,0.225520602,6.865807736,SAT_21217,0.013337729,6.974921921,SAT_04637,1.901039239,46.53856057
frame-g-002574-2-0182,1,No match,FALSE,N/A,inf,268.0285632,38.97552917,267.9096507,38.82567755,FOVNotMatch,2001/9/19 4:27:51.00,SAT_23512,0.225520602,7.050540113,SAT_21217,0.013337729,7.159654297,SAT_04637,1.901039239,46.72329295
frame-g-002570-3-0335,1,Success,TRUE,SAT_22176,2.341540041,58.25182702,-0.067898235,58.41371476,-0.099047328,,2001/9/18 11:36:06.00,SAT_22176,3.912656995,2.341540041,SAT_20926,5.826678675,18.40144205,SAT_13069,5.375134852,19.14626254
frame-g-002570-3-0336,1,Success,TRUE,SAT_22176,2.243818014,58.40179592,-0.038705762,58.56406638,-0.070215615,,2001/9/18 11:36:42.00,SAT_22176,3.912656995,2.243818014,SAT_20926,5.826678675,18.49916408,SAT_13069,5.375134852,19.24398457
frame-g-002576-3-0065,1,No match,FALSE,N/A,inf,331.0824108,-8.569293421,331.1394533,-8.742996312,FOVNotMatch,2001/9/19 6:14:24.00,SAT_3138U,5.29930349,7.904595119,SAT_08405,2.094870005,10.62324453,SAT_8405U,2.136364071,10.6541179
frame-g-002576-4-0066,1,No match,FALSE,N/A,inf,331.2666872,-8.240830323,331.2980218,-8.336572558,FOVNotMatch,2001/9/19 6:15:00.00,SAT_3138U,5.29930349,7.945502625,SAT_08405,2.094870005,10.66415204,SAT_8405U,2.136364071,10.6950254
frame-g-002576-4-0067,1,No match,FALSE,N/A,inf,331.5227426,-8.134069192,331.5783103,-8.302131492,FOVNotMatch,2001/9/19 6:15:36.00,SAT_3138U,5.29930349,7.770392779,SAT_08405,2.094870005,10.48904219,SAT_8405U,2.136364071,10.51991556
frame-g-002576-5-0068,1,No match,FALSE,N/A,inf,331.6810951,-7.727430943,331.7572057,-7.958678743,FOVNotMatch,2001/9/19 6:16:12.00,SAT_3138U,5.29930349,7.832033621,SAT_08405,2.094870005,10.55068304,SAT_8405U,2.136364071,10.5815564
frame-g-002576-6-0163,1,Success,TRUE,SAT_14365,0.872067974,345.9660899,-8.557545312,346.0513073,-8.554049776,,2001/9/19 7:12:55.00,SAT_14365,3.353124154,0.872067974,SAT_26745,5.178179557,2.244478406,SAT_26724,4.777258899,2.381674441
frame-g-002575-1-0042,1,Success,TRUE,SAT_16482,1.826287703,321.1180253,-8.316406977,321.2828532,-8.327067303,,2001/9/19 5:05:15.00,SAT_16482,3.16675447,1.826287703,SAT_23846,5.437842133,3.699466005,SAT_23313,1.305941937,3.709153722
frame-g-002578-2-0079,1,Success,TRUE,SAT_10143,3.023528217,40.20441412,-0.619841102,40.30508047,-0.588071822,,2001/9/19 8:53:35.00,SAT_10143,4.558128662,3.023528217,SAT_15626,3.607850003,3.575053497,SAT_2865U,5.946895989,7.725611322
frame-g-002578-2-0079,2,Success,TRUE,SAT_22178,1.162714104,40.22431671,-0.578789786,40.24351348,-0.625093353,,2001/9/19 8:53:35.00,SAT_22178,3.480799136,1.162714104,SAT_21280,0.35100606,5.734485244,SAT_4717U,4.480622985,8.22580107
frame-g-002578-2-0080,1,Success,TRUE,SAT_10143,1.719244756,40.48289345,-0.625204791,40.51734308,-0.615189142,,2001/9/19 8:54:11.00,SAT_10143,4.558128662,1.719244756,SAT_15626,3.607850003,2.270770036,SAT_2865U,5.946895989,6.421327861
frame-g-002578-1-0170,1,No match,FALSE,N/A,inf,53.8292792,-0.871773681,53.99152857,-0.910475636,FOVNotMatch,2001/9/19 9:47:55.00,SAT_15680,3.644446415,12.95126564,SAT_26871,5.286381503,13.22405283,SAT_26469,4.499011659,13.35435129
frame-g-002578-1-0171,1,No match,FALSE,N/A,inf,53.97895207,-0.836236924,54.14137795,-0.874946533,FOVNotMatch,2001/9/19 9:48:31.00,SAT_15680,3.644446415,12.93964401,SAT_26871,5.286381503,13.21243119,SAT_26469,4.499011659,13.34272966
frame-g-002578-1-0172,1,No match,FALSE,N/A,inf,54.21288311,-0.820860694,54.29024465,-0.839062674,FOVNotMatch,2001/9/19 9:49:07.00,SAT_15680,3.644446415,12.77477321,SAT_26871,5.286381503,13.04756039,SAT_26469,4.499011659,13.17785886
frame-g-002578-2-0178,1,No match,FALSE,N/A,inf,55.02721989,-0.588449603,55.18484969,-0.625453466,FOVNotMatch,2001/9/19 9:52:42.00,SAT_15680,3.135948562,12.04253305,SAT_26871,5.628438111,13.01432715,SAT_26469,4.911924497,13.14895702
frame-g-002578-6-0159,1,No match,FALSE,N/A,inf,52.18220108,1.27594424,52.26063465,1.256281927,FOVNotMatch,2001/9/19 9:41:21.00,SAT_26871,4.937102834,13.89041868,SAT_26469,4.413839073,14.01188548,SAT_23741,4.833991507,14.04972377
frame-g-002579-4-0091,1,Success,TRUE,SAT_19445,0.544810875,49.51557667,0.004462991,49.56711134,0.227221568,,2001/9/19 11:15:52.00,SAT_19445,2.062316562,0.544810875,SAT_10946,5.459028108,0.880836422,SAT_10708,1.275999568,1.50025321
frame-g-002579-4-0091,2,No match,FALSE,N/A,inf,49.53256216,0.003973094,49.5767799,0.124876847,FOVNotMatch,2001/9/19 11:15:52.00,SAT_10708,1.275999568,5.562499028,SAT_19445,2.062316562,7.607563113,SAT_10946,5.459028108,7.943588659
frame-g-002582-1-0153,1,No match,FALSE,N/A,inf,261.3235777,66.00730286,261.3609522,65.86930071,FOVNotMatch,2001/9/20 3:36:05.00,SAT_13608,3.915418656,39.13882344,SAT_10918,0.032697537,44.5872995,SAT_19608,1.826244612,47.45672241
frame-g-002582-6-0145,1,Success,TRUE,SAT_19608,4.326331134,265.6091471,67.63709174,265.5573882,67.61687622,,2001/9/20 3:31:18.00,SAT_19608,3.53905211,4.326331134,SAT_16527,5.591341562,8.144057011,SAT_13075,2.699215995,29.15053134
frame-g-002583-1-0221,1,Success,TRUE,SAT_26579,1.718732956,335.9940723,-1.245755966,336.0549237,-1.253333992,,2001/9/20 7:19:40.00,SAT_26579,4.725936758,1.718732956,SAT_23016,5.017726433,7.065220982,SAT_23877,4.831544291,7.069609051
frame-g-002583-1-0222,1,Success,TRUE,SAT_26579,1.880487267,336.1500362,-1.227559194,336.3053281,-1.247343542,,2001/9/20 7:20:16.00,SAT_26579,4.725936758,1.880487267,SAT_23016,5.017726433,7.226975293,SAT_23877,4.831544291,7.231363361
frame-g-002589-2-0279,1,No match,FALSE,N/A,inf,56.9080721,-0.624966531,57.01180227,-0.571575861,FOVNotMatch,2001/9/21 9:26:00.00,SAT_15219,4.437934332,13.77755392,SAT_19020,3.242394711,17.0550448,SAT_18387,2.409635962,17.57224373
frame-g-002591-1-0014,1,No match,FALSE,N/A,inf,42.66621574,-1.173882799,42.82717499,-1.092332388,FOVNotMatch,2001/9/21 10:11:52.00,SAT_7250U,1.434209109,12.8976301,SAT_07250,1.436244774,12.89782325,SAT_10855,0.104320914,12.91018417
frame-g-002591-6-0052,1,No match,FALSE,N/A,inf,48.35365296,0.91120587,48.51644,0.872469812,FOVNotMatch,2001/9/21 10:34:33.00,SAT_22316,5.987253181,19.30343042,SAT_12472,4.194993339,25.27474516,SAT_07250,1.41777605,26.6385974
frame-g-002591-6-0053,1,No match,FALSE,N/A,inf,48.5042518,0.946864273,48.66605248,0.908546913,FOVNotMatch,2001/9/21 10:35:09.00,SAT_22316,5.987253181,19.24187448,SAT_12472,4.194993339,25.21318923,SAT_07250,1.41777605,26.57704147
frame-g-002591-6-0054,1,No match,FALSE,N/A,inf,48.65326425,0.982309262,48.81564666,0.943882234,FOVNotMatch,2001/9/21 10:35:45.00,SAT_22316,5.987253181,19.23261646,SAT_12472,4.194993339,25.2039312,SAT_07250,1.41777605,26.56778344
frame-g-002591-6-0055,1,No match,FALSE,N/A,inf,48.80382888,1.017886683,48.96600177,0.97915406,FOVNotMatch,2001/9/21 10:36:21.00,SAT_22316,5.987253181,19.35153965,SAT_12472,4.194993339,25.3228544,SAT_07250,1.41777605,26.68670664
frame-g-002591-6-0056,1,No match,FALSE,N/A,inf,48.95321449,1.053522941,49.1146804,1.014979318,FOVNotMatch,2001/9/21 10:36:57.00,SAT_22316,5.987253181,19.34491813,SAT_12472,4.194993339,25.31623287,SAT_07250,1.41777605,26.68008511
frame-g-002649-5-0062,1,No match,FALSE,N/A,inf,351.0326979,0.765309384,351.1946979,0.733421775,FOVNotMatch,2001/10/14 6:38:58.00,SAT_25927,5.89321862,6.551100492,SAT_21753,5.219668739,9.63804283,SAT_20102,4.772362862,45.56205333
frame-g-002649-5-0063,1,No match,FALSE,N/A,inf,351.1828848,0.795462859,351.3444085,0.762965626,FOVNotMatch,2001/10/14 6:39:34.00,SAT_25927,5.89321862,6.791189587,SAT_21753,5.219668739,9.878131925,SAT_20102,4.772362862,45.80214242
frame-g-002650-5-0044,1,No match,FALSE,N/A,inf,10.09803507,0.703158181,10.24929729,0.638291732,FOVNotMatch,2001/10/14 8:21:55.00,SAT_14565,4.481370429,21.1062333,SAT_24786,5.811665592,23.1654061,SAT_22096,5.994318537,23.18380471
frame-g-002650-5-0045,1,No match,FALSE,N/A,inf,10.32474371,0.73439247,10.41038545,0.697366086,FOVNotMatch,2001/10/14 8:22:30.00,SAT_14565,4.481370429,21.27589903,SAT_24786,5.811665592,23.33507183,SAT_22096,5.994318537,23.35347044
frame-g-002649-2-0167,1,No match,FALSE,N/A,inf,6.752185441,-0.488221392,6.892023121,-0.623816617,FOVNotMatch,2001/10/14 7:41:40.00,SAT_23877,4.872178236,44.06325838,SAT_22117,5.228251083,44.06414555,SAT_21906,5.773884306,44.07376321
frame-g-002649-2-0168,1,No match,FALSE,N/A,inf,6.991943169,-0.430447661,7.063440142,-0.500089085,FOVNotMatch,2001/10/14 7:42:16.00,SAT_23877,4.872178236,44.19207799,SAT_22117,5.228251083,44.19296515,SAT_21906,5.773884306,44.20258281
frame-g-002662-2-0156,1,No match,FALSE,N/A,inf,341.002016,-0.409617034,341.0358539,-0.405956813,FOVNotMatch,2001/10/15 6:17:50.00,SAT_26745,4.174118714,5.971181193,SAT_24786,4.75432852,6.126597038,SAT_26495,5.730642794,6.183183123
frame-g-002662-2-0157,1,No match,FALSE,N/A,inf,341.1517444,-0.42547706,341.3145949,-0.407941713,FOVNotMatch,2001/10/15 6:18:26.00,SAT_26745,4.174118714,5.943340276,SAT_24786,4.75432852,6.098756121,SAT_26495,5.730642794,6.155342206
frame-g-002662-2-0158,1,No match,FALSE,N/A,inf,341.4347525,-0.426876062,341.4642003,-0.423828616,FOVNotMatch,2001/10/15 6:19:01.00,SAT_26745,4.174118714,5.705849646,SAT_24786,4.75432852,5.861265491,SAT_26495,5.730642794,5.917851576
frame-g-002650-5-0057,1,No match,FALSE,N/A,inf,12.07326965,0.858770472,12.20054627,0.749321276,FOVNotMatch,2001/10/14 8:29:40.00,SAT_22691,2.209947544,35.02933816,SAT_24786,5.813615968,40.64277873,SAT_22096,5.995313659,40.66790445
frame-g-002662-1-0332,1,No match,FALSE,N/A,inf,7.450974392,-1.010222134,7.513284033,-1.02379308,FOVNotMatch,2001/10/15 8:02:55.00,SAT_26745,3.748717766,12.15560547,SAT_23016,4.325802982,12.24591787,SAT_22117,4.59219662,12.25209032
frame-g-002662-1-0364,1,No match,FALSE,N/A,inf,12.14262906,-0.968550849,12.17890521,-1.043746698,FOVNotMatch,2001/10/15 8:22:01.00,SAT_8908U,3.182365144,29.78325709,SAT_08908,3.122943207,29.88049735,SAT_14813,3.769378818,30.78749065
frame-g-002662-1-0409,1,Success,TRUE,SAT_24320,4.721699015,18.89315571,-0.864465583,18.92456582,-0.904756516,,2001/10/15 8:48:53.00,SAT_24320,2.768167608,4.721699015,SAT_11882,5.857448048,14.28317854,SAT_24726,0.411466101,21.69490556
frame-g-002699-1-0081,1,No match,FALSE,N/A,inf,17.00496559,-3.370814489,17.07170982,-3.402335324,FOVNotMatch,2001/11/11 6:10:58.00,SAT_26534,1.036296323,19.26043667,SAT_21906,2.121569194,25.28675591,SAT_24748,5.261353128,25.29680235
frame-g-002699-1-0082,1,No match,FALSE,N/A,inf,17.15449337,-3.298511996,17.31745927,-3.374207613,FOVNotMatch,2001/11/11 6:11:34.00,SAT_26534,1.036296323,18.89353959,SAT_21906,2.121569194,24.91985883,SAT_24748,5.261353128,24.92990526
frame-g-002700-1-0070,1,No match,FALSE,N/A,inf,30.57850341,-0.82174934,30.58522946,-0.853259278,FOVNotMatch,2001/11/11 7:12:13.00,SAT_8981U,5.873562443,19.38805065,SAT_08981,5.856992072,19.39408727,SAT_13298,0.102555151,23.60952351
frame-g-002700-1-0043,1,No match,FALSE,N/A,inf,26.55841314,-0.933962495,26.65860097,-1.018007044,FOVNotMatch,2001/11/11 6:56:05.00,SAT_21906,4.356334809,39.96521109,SAT_26056,4.658743794,39.97413077,SAT_25922,5.820693,40.00176267
frame-g-002700-1-0107,1,No match,FALSE,N/A,inf,36.0779505,-0.999431284,36.23982461,-1.042788287,FOVNotMatch,2001/11/11 7:34:18.00,SAT_4053U,3.101413076,5.374831238,SAT_04053,3.098764182,5.381937748,SAT_09330,3.845676872,5.429392051
frame-g-002700-5-0109,1,No match,FALSE,N/A,inf,36.42989359,0.854879195,36.53962058,0.780486142,FOVNotMatch,2001/11/11 7:35:30.00,SAT_04053,3.098764182,13.76073404,SAT_4053U,3.101413076,13.76784054,SAT_09330,3.845676872,24.57206383
frame-g-002700-2-0112,1,Success,TRUE,SAT_26721,0.545089912,36.82580423,-0.426607706,36.91085209,-0.425392964,,2001/11/11 7:37:17.00,SAT_26721,4.783453249,0.545089912,SAT_23877,4.57100027,0.771648194,SAT_25922,5.627073095,0.814363461
frame-g-002700-2-0113,1,Success,TRUE,SAT_26721,0.755093112,36.97542235,-0.429178938,37.13816068,-0.426257927,,2001/11/11 7:37:53.00,SAT_26721,4.783453249,0.755093112,SAT_23877,4.57100027,0.981651394,SAT_25922,5.627073095,1.024366661
frame-g-002700-2-0121,1,Success,TRUE,SAT_23879,3.35999034,38.17356933,-0.438204775,38.33453681,-0.480955104,,2001/11/11 7:42:40.00,SAT_23879,1.23982568,3.35999034,SAT_09330,2.778930468,4.80474019,SAT_9330U,2.719618519,4.839872858
frame-g-002700-2-0122,1,Success,TRUE,SAT_23879,3.195509625,38.3362788,-0.402020027,38.48572171,-0.441250908,,2001/11/11 7:43:16.00,SAT_23879,1.23982568,3.195509625,SAT_09330,2.778930468,4.640259475,SAT_9330U,2.719618519,4.675392143
frame-g-002700-2-0114,1,Success,TRUE,SAT_26721,0.928243411,37.26744228,-0.429314542,37.28747707,-0.428949915,,2001/11/11 7:38:29.00,SAT_26721,4.951590683,0.928243411,SAT_23877,4.974343214,0.995104207,SAT_25922,5.955862269,1.038880237
frame-g-002700-2-0117,1,No match,FALSE,N/A,inf,37.57414388,-0.597645467,37.68204457,-0.626364285,FOVNotMatch,2001/11/11 7:40:17.00,SAT_09330,3.178573301,5.084602669,SAT_9330U,3.112136227,5.120381293,SAT_21766,5.840675884,12.65050902
frame-g-002700-2-0118,1,No match,FALSE,N/A,inf,37.72432711,-0.557830332,37.88588355,-0.600953196,FOVNotMatch,2001/11/11 7:40:52.00,SAT_09330,3.178573301,5.125264313,SAT_9330U,3.112136227,5.161042937,SAT_21766,5.840675884,12.69117067
frame-g-002700-2-0119,1,No match,FALSE,N/A,inf,37.87392994,-0.517998487,38.03659696,-0.561513702,FOVNotMatch,2001/11/11 7:41:28.00,SAT_09330,3.178573301,5.15670061,SAT_9330U,3.112136227,5.192479234,SAT_21766,5.840675884,12.72260697
frame-g-002700-2-0120,1,No match,FALSE,N/A,inf,38.0234011,-0.477931589,38.18626814,-0.521035496,FOVNotMatch,2001/11/11 7:42:04.00,SAT_09330,3.178573301,5.003896683,SAT_9330U,3.112136227,5.039675307,SAT_21766,5.840675884,12.56980304
frame-g-002708-2-0090,1,Success,TRUE,SAT_23802,3.977400648,357.1877235,-0.576712403,357.1993026,-0.626747307,,2001/11/12 3:46:39.00,SAT_23802,4.921666453,3.977400648,SAT_15078,1.015727625,16.58384142,SAT_26857,5.032906638,29.95756429
frame-g-002708-2-0217,1,No match,FALSE,N/A,inf,16.20821834,-0.521477602,16.31808132,-0.597092844,FOVNotMatch,2001/11/12 5:02:29.00,SAT_8747U,5.49347879,22.65576839,SAT_08747,5.486606221,22.65721121,SAT_23313,5.359987275,34.49578172
frame-g-002734-2-0021,1,No match,FALSE,N/A,inf,132.0091729,42.54316505,132.0656109,42.54086599,FOVNotMatch,2001/11/20 10:15:17.00,SAT_20830,5.564494566,48.15524163,SAT_19796,4.732911478,74.39522173,SAT_01804,0.10899821,88.21641501
frame-g-002728-6-0313,1,No match,FALSE,N/A,inf,345.038772,1.100273699,345.1371416,1.180977441,FOVNotMatch,2001/11/18 3:49:32.00,SAT_26411,4.070453339,34.61456196,SAT_26410,4.548045638,34.95426307,SAT_26464,4.857067437,35.00428064
frame-g-002728-2-0372,1,No match,FALSE,N/A,inf,353.8910732,-0.53403119,353.9707391,-0.573737279,FOVNotMatch,2001/11/18 4:24:46.00,SAT_21906,4.945695427,26.46008426,SAT_23877,4.751989116,26.48642473,SAT_26056,5.977450651,26.51643157
frame-g-002735-4-0062,1,No match,FALSE,N/A,inf,152.778852,53.26250384,152.9037115,53.19043924,FOVNotMatch,2001/11/20 11:28:20.00,SAT_14739,2.129588222,84.76931403,SAT_8425U,15.55448514,N/A,SAT_15714,7.99821041,N/A
frame-g-002735-4-0063,1,No match,FALSE,N/A,inf,153.2271262,53.39597458,153.2734718,53.3690482,FOVNotMatch,2001/11/20 11:28:56.00,SAT_14739,2.129588222,84.47545445,SAT_8425U,15.55448514,N/A,SAT_15714,7.99821041,N/A
frame-g-002735-5-0064,1,No match,FALSE,N/A,inf,153.0233891,53.80386841,153.1151019,53.76768508,FOVNotMatch,2001/11/20 11:29:32.00,SAT_14739,2.129588222,85.01185291,SAT_8425U,15.55448514,N/A,SAT_15714,7.99821041,N/A
frame-g-002735-1-0067,1,No match,FALSE,N/A,inf,154.9497345,52.4983495,155.0283464,52.49246805,FOVNotMatch,2001/11/20 11:31:19.00,SAT_14739,2.129588222,58.28340721,SAT_8425U,15.55448514,N/A,SAT_15714,7.99821041,N/A
frame-g-002728-5-0504,1,No match,FALSE,N/A,inf,13.64116441,0.739252718,13.73117701,0.707489999,FOVNotMatch,2001/11/18 5:43:35.00,SAT_17563,4.123327527,12.01945254,SAT_00058,2.710026329,17.72903713,SAT_58U00,2.713466143,17.73007472
frame-g-002728-2-0453,1,No match,FALSE,N/A,inf,5.93400983,-0.559448438,6.009270686,-0.583051902,FOVNotMatch,2001/11/18 5:13:08.00,SAT_01663,1.179972599,12.41038178,SAT_1663U,1.200092377,12.41891486,SAT_21906,4.951474967,17.3813087
frame-g-002728-2-0453,2,No match,FALSE,N/A,inf,6.026131229,-0.589043547,6.096139067,-0.610322924,FOVNotMatch,2001/11/18 5:13:08.00,SAT_01663,1.179972599,11.90488718,SAT_1663U,1.200092377,11.91342026,SAT_21906,4.951474967,16.8758141
frame-g-002728-2-0453,3,No match,FALSE,N/A,inf,6.059722319,-0.518203006,6.095397624,-0.527254825,FOVNotMatch,2001/11/18 5:13:08.00,SAT_01663,1.179972599,9.234654968,SAT_1663U,1.200092377,9.243188051,SAT_21906,4.951474967,14.20558189
frame-g-002735-5-0089,1,No match,FALSE,N/A,inf,158.8221073,55.27113035,158.9144668,55.25666429,FOVNotMatch,2001/11/20 11:44:27.00,SAT_06677,4.824600995,56.74376733,SAT_6677U,4.821087139,56.74443986,SAT_18131,5.84960498,59.58732339
frame-g-002738-6-0088,1,Success,TRUE,SAT_13911,2.531537106,25.45720116,1.131532972,25.48941777,1.051847451,,2001/11/21 5:48:59.00,SAT_13911,4.522542948,2.531537106,SAT_10864,5.633118237,36.93337806,SAT_15697,5.992017865,40.9174791
frame-g-002738-6-0062,1,Success,TRUE,SAT_14563,0.171186411,21.46837177,1.112184155,21.63036488,1.078683832,,2001/11/21 5:33:28.00,SAT_14563,4.441231735,0.171186411,SAT_08170,0.709048324,24.73341901,SAT_8170U,0.740692321,24.76267657
frame-g-002740-1-0341,1,No match,FALSE,N/A,inf,161.1017844,51.44892771,161.4024528,51.27757103,FOVNotMatch,2001/11/21 11:55:30.00,SAT_09509,0.197273829,78.81511681,SAT_9509U,0.150253273,79.2889144,SAT_8425U,5.108207905,86.322951
frame-g-002738-3-0265,1,No match,FALSE,N/A,inf,51.8587159,-0.092808866,52.02133048,-0.13239233,FOVNotMatch,2001/11/21 7:34:40.00,SAT_18631,4.853472827,23.90555989,SAT_13782,3.68475447,24.71836906,SAT_12545,5.368616739,25.78801825
frame-g-002738-3-0267,1,No match,FALSE,N/A,inf,52.15811383,-0.020064403,52.32121582,-0.059642124,FOVNotMatch,2001/11/21 7:35:52.00,SAT_18631,4.853472827,23.86427865,SAT_13782,3.68475447,24.67708782,SAT_12545,5.368616739,25.74673701
frame-g-002738-4-0275,1,Success,TRUE,SAT_26769,0.365573222,53.35569954,0.268661797,53.51879949,0.229335088,,2001/11/21 7:40:38.00,SAT_26769,5.760588547,0.365573222,SAT_23244,5.668006573,6.191287846,SAT_26402,5.642719996,13.5645266
frame-g-002738-5-0286,1,No match,FALSE,N/A,inf,55.00239487,0.661697977,55.12460127,0.6326669,FOVNotMatch,2001/11/21 7:47:13.00,SAT_23244,5.569549011,5.570919041,SAT_19400,5.416707204,22.59332772,SAT_18631,3.852749933,23.47426447
frame-g-002738-5-0287,1,No match,FALSE,N/A,inf,55.15234255,0.69712969,55.31534298,0.658544085,FOVNotMatch,2001/11/21 7:47:48.00,SAT_23244,5.569549011,5.525600554,SAT_19400,5.416707204,22.54800923,SAT_18631,3.852749933,23.42894598
frame-g-002738-5-0290,1,No match,FALSE,N/A,inf,55.60165856,0.803284673,55.76365469,0.765291025,FOVNotMatch,2001/11/21 7:49:36.00,SAT_23244,5.569549011,5.407202893,SAT_19400,5.416707204,22.42961157,SAT_18631,3.852749933,23.31054832
frame-g-002738-5-0291,1,No match,FALSE,N/A,inf,55.75112954,0.838830721,55.91340962,0.800601366,FOVNotMatch,2001/11/21 7:50:12.00,SAT_23244,5.569549011,5.463899959,SAT_19400,5.416707204,22.48630864,SAT_18631,3.852749933,23.36724539
frame-g-002738-1-0303,1,No match,FALSE,N/A,inf,57.62350555,-1.044347744,57.6486617,-0.82184434,FOVNotMatch,2001/11/21 7:57:22.00,SAT_7025U,2.074720819,7.680549873,SAT_07025,2.066708765,7.684421782,SAT_15540,0.874120244,7.808317799
frame-g-002738-1-0303,2,No match,FALSE,N/A,inf,57.62692544,-1.044714778,57.65147069,-0.820379393,FOVNotMatch,2001/11/21 7:57:22.00,SAT_7025U,2.074720819,7.886894913,SAT_07025,2.066708765,7.890766822,SAT_15540,0.874120244,8.014662839
frame-g-002738-1-0303,3,No match,FALSE,N/A,inf,57.6429256,-1.04398511,57.66490515,-0.822824347,FOVNotMatch,2001/11/21 7:57:22.00,SAT_7025U,2.074720819,8.455327156,SAT_07025,2.066708765,8.459199065,SAT_15540,0.874120244,8.583095082
frame-g-002766-1-0034,1,No match,FALSE,N/A,inf,11.1619325,-3.950082813,11.10632398,-3.924619718,FOVNotMatch,2001/12/10 2:11:53.00,SAT_963U0,5.435514298,11.45998344,SAT_00963,5.441622789,11.48502457,SAT_20169,2.248038269,14.75833948
frame-g-002766-6-0038,1,Success,TRUE,SAT_03901,4.890149957,9.061331116,-3.250806795,8.902651785,-3.272702858,,2001/12/10 2:14:16.00,SAT_03901,3.282989841,4.890149957,SAT_3029U,5.706179686,5.824113796,SAT_14402,2.564779026,6.258479162
frame-g-002766-4-0043,1,Success,TRUE,SAT_12647,2.070146783,9.889577138,-2.603721871,9.838022169,-2.441486414,,2001/12/10 2:17:15.00,SAT_12647,2.916145021,2.070146783,SAT_16393,0.698789003,35.03837775,SAT_20169,4.265675419,62.2925612
frame-g-002766-4-0044,1,Success,TRUE,SAT_12647,2.281774636,9.901738361,-2.343431435,9.884992344,-2.291393592,,2001/12/10 2:17:51.00,SAT_12647,2.916145021,2.281774636,SAT_16393,0.698789003,35.2500056,SAT_20169,4.265675419,62.08093335
frame-g-002768-1-0287,1,Success,TRUE,SAT_24720,0.598494616,23.10526083,-0.952352817,23.24929223,-1.022490145,,2001/12/10 6:01:35.00,SAT_24720,0.209416961,0.598494616,SAT_09330,5.686140014,24.34719098,SAT_9330U,5.842973727,24.37189483
frame-g-002768-1-0183,1,No match,FALSE,N/A,inf,7.516016103,-0.936725712,7.678784827,-1.02048585,FOVNotMatch,2001/12/10 4:59:29.00,SAT_23249,0.910336104,24.80218249,SAT_26639,5.211438432,27.22977384,SAT_24313,5.167918663,27.29419331
frame-g-002768-1-0183,2,No match,FALSE,N/A,inf,7.542151236,-0.818277025,7.594815685,-0.839155783,FOVNotMatch,2001/12/10 4:59:29.00,SAT_23249,0.910336104,19.19645595,SAT_26639,5.211438432,21.6240473,SAT_24313,5.167918663,21.68846677
frame-g-002768-1-0202,1,No match,FALSE,N/A,inf,10.36797669,-0.982700939,10.44541971,-1.041456232,FOVNotMatch,2001/12/10 5:10:50.00,SAT_23249,2.030650574,33.00718199,SAT_26639,4.842592796,37.18696176,SAT_24313,4.47666378,37.25645971
frame-g-002820-3-0180,1,Success,TRUE,SAT_10627,3.405773836,46.98901486,0.017532202,47.05402627,0.005930279,,2001/12/18 6:22:16.00,SAT_10627,1.467185823,3.405773836,SAT_23016,5.165312194,10.13696608,SAT_22096,5.815851765,10.14767867
frame-g-002821-6-0034,1,No match,FALSE,N/A,inf,144.5500487,48.71773928,144.8107563,48.74945584,FOVNotMatch,2001/12/18 7:40:57.00,SAT_6213U,3.675532442,32.77280551,SAT_06213,3.67147037,33.01702708,SAT_12078,0.113722273,43.06055409
frame-g-002821-6-0035,1,No match,FALSE,N/A,inf,144.6946127,48.84749482,144.9557496,48.87895853,FOVNotMatch,2001/12/18 7:41:33.00,SAT_6213U,3.675532442,32.84477456,SAT_06213,3.67147037,33.08899613,SAT_12078,0.113722273,43.13252313
frame-g-002820-1-0216,1,No match,FALSE,N/A,inf,52.4478535,-0.974404947,52.4929409,-1.020089139,FOVNotMatch,2001/12/18 6:43:46.00,SAT_10664,0.32699717,7.371466196,SAT_00204,5.734548089,25.77455175,SAT_204U0,5.733616076,25.77464376
frame-g-002822-3-0112,1,No match,FALSE,N/A,inf,122.5437104,35.89451205,122.4481238,35.89344985,FOVNotMatch,2001/12/18 10:48:10.00,SAT_04143,5.570686338,49.0099182,SAT_4143U,5.545280769,49.33190246,SAT_11141,2.042098073,61.62611061
frame-g-002822-3-0112,2,No match,FALSE,N/A,inf,122.4820411,35.92391342,122.5086894,35.86648535,FOVNotMatch,2001/12/18 10:48:10.00,SAT_11141,2.042098073,8.558253816,SAT_12940,5.882463573,37.02871819,SAT_26573,0.695998625,47.99441993
frame-g-002822-6-0251,1,No match,FALSE,N/A,inf,142.7389335,50.8083473,142.8574868,50.79096659,FOVNotMatch,2001/12/18 12:11:10.00,SAT_22633,5.572823724,75.00472109,SAT_14345,9.178624505,N/A,SAT_22594,14.14216997,N/A
frame-g-002822-6-0251,2,No match,FALSE,N/A,inf,142.8020153,50.78227083,142.7924648,50.83218985,FOVNotMatch,2001/12/18 12:11:10.00,SAT_22633,5.572823724,34.94833525,SAT_14345,9.178624505,N/A,SAT_22594,14.14216997,N/A
frame-g-002826-5-0128,1,No match,FALSE,N/A,inf,143.3744643,50.4516647,143.5570297,50.56774064,FOVNotMatch,2001/12/19 10:01:52.00,SAT_13012,1.548159048,6.48020809,SAT_8425U,1.073448897,7.348921315,SAT_08425,1.071374596,7.351948453
frame-g-002826-5-0131,1,No match,FALSE,N/A,inf,144.0333607,50.631395,143.970009,50.83526727,FOVNotMatch,2001/12/19 10:03:40.00,SAT_07681,0.568564468,12.93220562,SAT_7681U,0.568580715,12.93353464,SAT_19796,5.784541392,40.18925301
frame-g-002826-5-0132,1,No match,FALSE,N/A,inf,144.4339942,50.77824055,144.4165813,50.83047477,FOVNotMatch,2001/12/19 10:04:16.00,SAT_07681,0.568564468,12.16224629,SAT_7681U,0.568580715,12.16357531,SAT_19796,5.784541392,40.95921234
frame-g-002826-6-0215,1,No match,FALSE,N/A,inf,163.0405824,56.61127646,163.1056665,56.63024189,FOVNotMatch,2001/12/19 10:53:49.00,SAT_13012,2.827301523,12.24600269,SAT_8195U,3.55445055,19.50438793,SAT_08195,3.559223449,19.51465496
frame-g-002826-4-0317,1,No match,FALSE,N/A,inf,191.2707311,57.6363723,191.4238632,57.65064765,FOVNotMatch,2001/12/19 11:54:43.00,SAT_22511,1.377844026,30.25300162,SAT_13585,1.382266496,42.38526078,SAT_8868U,3.53819687,48.25984908
frame-g-002826-4-0333,1,No match,FALSE,N/A,inf,195.7161253,57.46952584,195.7309583,57.24232657,FOVNotMatch,2001/12/19 12:04:16.00,SAT_24647,5.669385712,16.31326258,SAT_03051,5.282727928,34.64261655,SAT_3051U,5.284295634,34.64540734
frame-g-002830-5-0340,1,Success,TRUE,SAT_4321U,3.349288178,165.4992257,51.28358957,165.6503767,51.35450133,,2001/12/20 9:23:47.00,SAT_4321U,0.13050204,3.349288178,SAT_8015U,5.814003349,11.15326831,SAT_08015,5.803682081,11.16854459
frame-g-002826-1-0363,1,No match,FALSE,N/A,inf,202.982804,55.17441262,203.2309004,55.21173713,FOVNotMatch,2001/12/19 12:22:11.00,SAT_17586,3.014585494,24.5134811,SAT_8418U,5.207627229,32.74396779,SAT_8462U,5.090957961,33.67625275
frame-g-002826-1-0364,1,No match,FALSE,N/A,inf,203.2055655,55.05377092,203.5129037,55.09891659,FOVNotMatch,2001/12/19 12:22:47.00,SAT_17586,3.014585494,24.88766622,SAT_8418U,5.207627229,33.1181529,SAT_8462U,5.090957961,34.05043787
frame-g-002826-2-0366,1,No match,FALSE,N/A,inf,204.1584675,55.33671113,204.1369276,55.53753965,FOVNotMatch,2001/12/19 12:23:59.00,SAT_18784,0.610598323,36.20880978,SAT_13016,0.033178729,41.1381125,SAT_15620,1.511597999,43.67961427
frame-g-002830-2-0452,1,No match,FALSE,N/A,inf,192.5457075,51.54315025,192.6712616,51.54053759,FOVNotMatch,2001/12/20 10:30:39.00,SAT_22363,5.078878014,30.4163678,SAT_19367,5.648850208,31.99550529,SAT_10563,7.420444802,N/A
frame-g-002830-2-0453,1,No match,FALSE,N/A,inf,192.7876286,51.51614557,193.0446065,51.51029045,FOVNotMatch,2001/12/20 10:31:15.00,SAT_22363,5.078878014,30.59682133,SAT_19367,5.648850208,32.17595882,SAT_10563,7.420444802,N/A
frame-g-002830-4-0400,1,No match,FALSE,N/A,inf,179.9071892,52.4949311,180.1646758,52.56433815,FOVNotMatch,2001/12/20 9:59:37.00,SAT_23621,5.650822134,13.03711633,SAT_10413,2.127370856,18.72691662,SAT_26003,1.927721012,44.97534688
frame-g-002831-6-0018,1,Success,TRUE,SAT_07040,3.20554039,138.3685099,48.19594893,138.1768479,48.38051365,,2001/12/20 11:49:50.00,SAT_07040,1.775986381,3.20554039,SAT_24286,3.439701185,20.15267226,SAT_24285,1.219899071,24.71382308
frame-g-002855-4-0015,1,Success,TRUE,SAT_23248,0.076912415,21.32890223,0.240995295,21.418223,0.211172815,,2002/1/8 2:54:28.00,SAT_23248,4.641633606,0.076912415,SAT_24937,5.118962638,6.734037662,SAT_25640,5.083716743,14.32080828
frame-g-002855-4-0016,1,Success,TRUE,SAT_23248,0.02315227,21.47884593,0.291277654,21.64066708,0.237080038,,2002/1/8 2:55:04.00,SAT_23248,4.641633606,0.02315227,SAT_24937,5.118962638,6.680277517,SAT_25640,5.083716743,14.37456842
frame-g-002856-2-0019,1,No match,FALSE,N/A,inf,30.77170306,-0.625389021,30.7174856,-0.494919704,FOVNotMatch,2002/1/8 3:44:03.00,SAT_18106,1.368716049,7.621273553,SAT_2016U,2.447389641,41.22406272,SAT_02016,2.447717939,41.22513211
frame-g-002856-2-0020,1,No match,FALSE,N/A,inf,30.94943342,-0.624286825,30.86719936,-0.57261253,FOVNotMatch,2002/1/8 3:44:39.00,SAT_2016U,2.447389641,5.934639473,SAT_02016,2.447717939,5.935708868,SAT_25640,5.579153015,25.45670018
frame-g-002856-2-0020,2,No match,FALSE,N/A,inf,31.03028371,-0.528271364,30.97722801,-0.401104868,FOVNotMatch,2002/1/8 3:44:39.00,SAT_18106,1.368716049,7.702495148,SAT_2016U,2.447389641,41.14284112,SAT_02016,2.447717939,41.14391052
frame-g-002861-1-0048,1,No match,FALSE,N/A,inf,39.39548279,-0.897578816,39.55845733,-0.825067848,FOVNotMatch,2002/1/9 2:41:14.00,SAT_17939,3.003979872,9.303941257,SAT_13954,5.699429834,9.539339088,SAT_10953,4.133435914,10.15426926
frame-g-002861-1-0049,1,No match,FALSE,N/A,inf,39.67532937,-0.906045407,39.70807542,-0.891767128,FOVNotMatch,2002/1/9 2:41:49.00,SAT_17939,3.003979872,8.877461091,SAT_13954,5.699429834,9.112858922,SAT_10953,4.133435914,9.727789094
frame-g-002863-4-0206,1,No match,FALSE,N/A,inf,157.844342,54.78585212,158.1373111,54.7827371,FOVNotMatch,2002/1/9 7:26:50.00,SAT_26690,1.355043891,28.36206975,SAT_04667,0.625748263,39.37327911,SAT_12078,4.587202259,44.37029656
frame-g-002864-1-0075,1,Success,TRUE,SAT_00005,2.770668399,120.3915385,27.93589048,120.5227055,27.96802988,,2002/1/9 8:36:00.00,SAT_00005,3.556812578,2.770668399,SAT_22980,5.327677092,5.991035289,SAT_3488U,0.137294102,13.74038439
frame-g-002864-1-0076,1,Success,TRUE,SAT_00005,2.927507066,120.5274569,28.12570924,120.6448273,28.15411299,,2002/1/9 8:36:36.00,SAT_00005,3.556812578,2.927507066,SAT_22980,5.327677092,5.834196622,SAT_3488U,0.137294102,13.58354572
frame-g-002864-2-0221,1,No match,FALSE,N/A,inf,140.6543071,42.36715412,140.8987521,42.37109846,FOVNotMatch,2002/1/9 10:03:10.00,SAT_10571,0.766367531,55.460028,SAT_20646,1.769250885,57.85811859,SAT_15182,5.890078376,58.52701011
frame-g-002864-2-0248,1,No match,FALSE,N/A,inf,145.3525557,44.51868418,145.4382788,44.52675433,FOVNotMatch,2002/1/9 10:19:18.00,SAT_1996U,4.56677229,5.691352448,SAT_01996,4.640501271,11.34938584,SAT_15182,4.616215764,49.65684178
frame-g-002864-2-0249,1,No match,FALSE,N/A,inf,145.4898609,44.64760732,145.7339516,44.67141667,FOVNotMatch,2002/1/9 10:19:53.00,SAT_1996U,4.56677229,5.977938225,SAT_01996,4.640501271,11.63597162,SAT_15182,4.616215764,49.370256
frame-g-002882-1-0076,1,No match,FALSE,N/A,inf,153.6430631,47.00226414,153.8171118,46.99800279,FOVNotMatch,2002/1/13 8:39:08.00,SAT_03901,3.585281088,50.39779927,SAT_3901U,3.446312092,51.7959095,SAT_16220,5.466235903,62.829669
frame-g-002883-4-0033,1,Success,TRUE,SAT_12814,0.871238553,147.283095,46.10099168,147.2378406,46.17228983,,2002/1/13 9:11:57.00,SAT_12814,3.391560152,0.871238553,SAT_23642,0.055477355,6.588943527,SAT_25834,6.73376224,N/A
frame-g-002883-1-0055,1,No match,FALSE,N/A,inf,152.1292408,46.4794465,152.2710036,46.4585812,FOVNotMatch,2002/1/13 9:25:05.00,SAT_22620,5.636345035,41.4792678,SAT_23642,3.870081289,49.84264185,SAT_07780,5.826189952,69.01890897
frame-g-002883-1-0056,1,No match,FALSE,N/A,inf,152.3838529,46.62754817,152.5466006,46.60398759,FOVNotMatch,2002/1/13 9:25:41.00,SAT_22620,5.636345035,41.64047803,SAT_23642,3.870081289,50.00385208,SAT_07780,5.826189952,68.85769874
frame-g-002883-4-0108,1,Success,TRUE,SAT_5018U,3.86880923,162.6098585,50.51979064,162.8032357,50.67164493,,2002/1/13 9:56:44.00,SAT_5018U,0.167773887,3.86880923,SAT_05018,0.15861512,3.971109164,SAT_15182,4.225538321,4.475063212
frame-g-002883-2-0204,1,Success,TRUE,SAT_13535,2.490158401,185.6740829,51.91393573,185.793057,52.08032652,,2002/1/13 10:54:03.00,SAT_13535,4.346706622,2.490158401,SAT_18270,3.266232896,6.024089871,SAT_13070,4.921255672,10.77227133
frame-g-002873-3-0104,1,No match,FALSE,N/A,inf,29.13025683,-0.206510178,29.20829414,0.017425795,FOVNotMatch,2002/1/13 2:19:03.00,SAT_25365,2.281403202,28.92897873,SAT_23711,3.971920421,44.19403278,SAT_17130,0.970649174,49.67565588
frame-g-002883-1-0206,1,Success,TRUE,SAT_9980U,1.737481481,186.1343572,51.59291044,186.214972,51.65741296,,2002/1/13 10:55:15.00,SAT_9980U,4.654113382,1.737481481,SAT_13070,2.753015885,2.182372831,SAT_26626,0.057311545,73.81830987
frame-g-002883-1-0206,2,No match,FALSE,N/A,inf,186.1828534,51.57471905,186.3162956,51.55936883,FOVNotMatch,2002/1/13 10:55:15.00,SAT_26626,0.057311545,43.50420155,SAT_9980U,4.654113382,60.9400071,SAT_13070,2.753015885,64.85986141
frame-g-002883-1-0206,3,No match,FALSE,N/A,inf,186.0556973,51.57666903,186.1029024,51.65852142,FOVNotMatch,2002/1/13 10:55:15.00,SAT_13070,2.753015885,15.92305799,SAT_9980U,4.654113382,19.8429123,SAT_26626,0.057311545,55.71287905
frame-g-002873-4-0073,1,No match,FALSE,N/A,inf,24.5249181,0.430065898,24.62376955,0.393538331,FOVNotMatch,2002/1/13 2:00:33.00,SAT_23299,3.279211294,11.77148011,SAT_26724,5.771344841,20.29822285,SAT_21726,5.962914873,20.31823954
frame-g-002873-3-0075,1,No match,FALSE,N/A,inf,24.76026866,-0.130579316,24.92364439,-0.052522721,FOVNotMatch,2002/1/13 2:01:44.00,SAT_16007,0.173931301,6.716337021,SAT_2866U,2.34141644,14.53689787,SAT_00082,0.28554471,21.22067014
frame-g-002873-2-0076,1,No match,FALSE,N/A,inf,25.04174511,-0.401967873,25.0731748,-0.475390911,FOVNotMatch,2002/1/13 2:02:20.00,SAT_23299,3.279211294,34.77439412,SAT_15260,5.833635217,42.24016362,SAT_26724,5.771344841,66.84409708
frame-g-002873-3-0076,1,No match,FALSE,N/A,inf,24.91025131,-0.101121225,24.95654381,-0.207198725,FOVNotMatch,2002/1/13 2:02:20.00,SAT_23299,3.279211294,34.37126293,SAT_15260,5.833635217,42.64329481,SAT_26724,5.771344841,66.44096589
frame-g-002873-3-0076,2,No match,FALSE,N/A,inf,25.00970721,-0.154508533,25.07286952,-0.123995976,FOVNotMatch,2002/1/13 2:02:20.00,SAT_16007,0.173931301,6.963478064,SAT_2866U,2.34141644,14.78403891,SAT_00082,0.28554471,21.46781118
frame-g-002873-4-0079,1,No match,FALSE,N/A,inf,25.47151672,0.273727606,25.52122489,0.212325988,FOVNotMatch,2002/1/13 2:04:08.00,SAT_23299,3.279211294,18.95584367,SAT_26724,5.771344841,51.02554663,SAT_21726,5.962914873,51.04556331
frame-g-002873-5-0227,1,No match,FALSE,N/A,inf,47.58939364,0.856658232,47.63630642,0.632049202,FOVNotMatch,2002/1/13 3:32:30.00,SAT_23814,3.897077937,8.144292039,SAT_15625,0.051455997,24.80055664,SAT_05359,5.445148556,26.5279715
frame-g-002883-6-0278,1,No match,FALSE,N/A,inf,203.8531819,52.16665078,204.0231538,52.00787668,FOVNotMatch,2002/1/13 11:38:14.00,SAT_25379,5.786331606,5.215954125,SAT_07040,0.943373066,16.60918202,SAT_22189,3.209355751,62.58320371
frame-g-002883-6-0279,1,No match,FALSE,N/A,inf,204.193762,52.21255437,204.3401178,52.07382799,FOVNotMatch,2002/1/13 11:38:50.00,SAT_25379,5.786331606,5.632053031,SAT_07040,0.943373066,17.02528093,SAT_22189,3.209355751,62.16710481
frame-g-002886-5-0111,1,No match,FALSE,N/A,inf,30.21933616,0.42228395,30.24878025,0.464173863,FOVNotMatch,2002/1/14 2:22:26.00,SAT_26678,2.697425484,23.14922426,SAT_26524,2.792297858,25.52851606,SAT_21184,3.770271513,53.80715301
frame-g-002886-4-0112,1,No match,FALSE,N/A,inf,30.30878781,0.124017778,30.38131741,0.227308997,FOVNotMatch,2002/1/14 2:23:02.00,SAT_26678,2.697425484,23.12280232,SAT_26524,2.792297858,25.554938,SAT_21184,3.770271513,53.78073107
frame-g-002886-4-0113,1,No match,FALSE,N/A,inf,30.5986091,0.110222509,30.62144066,0.143202197,FOVNotMatch,2002/1/14 2:23:38.00,SAT_26678,2.697425484,22.74141421,SAT_26524,2.792297858,25.93632611,SAT_21184,3.770271513,53.39934296
frame-g-002886-5-0313,1,No match,FALSE,N/A,inf,60.52898871,0.530135207,60.56099607,0.498743339,FOVNotMatch,2002/1/14 4:23:03.00,SAT_20978,2.100478117,16.59616922,SAT_1964U,5.888423606,30.25675914,SAT_01964,5.878566197,30.28559185
frame-g-002963-4-0047,1,No match,FALSE,N/A,inf,128.4078977,33.64348251,128.2865823,33.74821524,FOVNotMatch,2002/2/8 4:57:18.00,SAT_20830,0.057362441,8.15222426,SAT_10830,4.48392338,31.2192853,SAT_16106,1.422754929,62.71245947
frame-g-002963-5-0047,1,No match,FALSE,N/A,inf,128.0180937,33.97782806,128.1214285,33.88968612,FOVNotMatch,2002/2/8 4:57:18.00,SAT_20830,0.057362441,8.417402442,SAT_10830,4.48392338,31.48446349,SAT_16106,1.422754929,62.97763765
frame-g-002964-4-0085,1,No match,FALSE,N/A,inf,136.8660912,38.7470039,136.7961875,38.87008721,FOVNotMatch,2002/2/8 6:35:11.00,SAT_8425U,9.517593526,N/A,SAT_13012,15.23411471,N/A,SAT_22275,12.42526653,N/A
frame-g-002964-1-0195,1,No match,FALSE,N/A,inf,157.2380573,45.49291254,157.208881,45.59256842,FOVNotMatch,2002/2/8 7:40:52.00,SAT_7376U,0.031969347,18.47933864,SAT_10445,0.216925058,27.91844221,SAT_3307U,4.618592118,33.19720159
frame-g-002964-1-0196,1,No match,FALSE,N/A,inf,157.6650812,45.5037574,157.6133175,45.68297844,FOVNotMatch,2002/2/8 7:41:28.00,SAT_7376U,0.031969347,18.64133812,SAT_10445,0.216925058,28.08044169,SAT_3307U,4.618592118,33.35920106
frame-g-002960-6-0079,1,No match,FALSE,N/A,inf,86.74030153,0.914063169,86.85036375,0.842856251,FOVNotMatch,2002/2/8 2:16:34.00,SAT_26761,5.670230996,32.92444262,SAT_24936,5.412530458,32.93254076,SAT_23670,5.582197158,32.93655286
frame-g-002960-6-0079,2,No match,FALSE,N/A,inf,86.88508471,0.969017826,86.90328945,0.974146332,FOVNotMatch,2002/2/8 2:16:34.00,SAT_18578,4.780596266,7.700680335,SAT_20800,3.10840959,8.603542194,SAT_22248,3.932353848,9.583577998
frame-g-002960-6-0080,1,No match,FALSE,N/A,inf,86.95281232,0.970366548,87.05311432,0.905276665,FOVNotMatch,2002/2/8 2:17:10.00,SAT_26761,5.670230996,33.00434918,SAT_24936,5.412530458,33.01244733,SAT_23670,5.582197158,33.01645942
frame-g-002964-3-0427,1,Success,TRUE,SAT_10358,4.066556144,208.4915545,47.32461918,208.7895875,47.4338307,,2002/2/8 9:59:23.00,SAT_10358,2.953740196,4.066556144,SAT_10454,2.526637508,13.43601216,SAT_16183,0.786233771,36.36044809
frame-g-002964-4-0558,1,No match,FALSE,N/A,inf,232.9702545,38.82790473,233.1506657,38.8720869,FOVNotMatch,2002/2/8 11:17:36.00,SAT_14632,2.881135352,58.75244221,SAT_21136,0.499042712,75.58030091,SAT_21900,3.425421885,76.3801332
frame-g-002989-5-0024,1,Success,TRUE,SAT_23214,0.78952411,179.5196382,60.50403838,179.5845925,60.54038217,,2002/2/13 10:35:45.00,SAT_23214,3.7348464,0.78952411,SAT_12933,3.936703803,9.468531525,SAT_25054,3.366027303,23.88744424
frame-g-002989-3-0029,1,Success,TRUE,SAT_23214,2.039743746,181.0831375,59.80840176,181.3437169,59.95070236,,2002/2/13 10:38:44.00,SAT_23214,3.7348464,2.039743746,SAT_12933,3.936703803,10.71875116,SAT_25054,3.366027303,22.63722461
frame-g-002989-3-0030,1,Success,TRUE,SAT_23214,2.026774289,181.640744,59.80483004,181.7030647,59.83893742,,2002/2/13 10:39:20.00,SAT_23214,3.7348464,2.026774289,SAT_12933,3.936703803,10.7057817,SAT_25054,3.366027303,22.65019406
frame-g-002989-6-0034,1,No match,FALSE,N/A,inf,182.6310792,61.22999964,182.800172,61.2419771,FOVNotMatch,2002/2/13 10:41:43.00,SAT_23813,0.122154741,23.92768687,SAT_23214,4.848456814,40.24229485,SAT_24293,2.555066475,45.02790362
frame-g-002989-4-0066,1,No match,FALSE,N/A,inf,192.1957964,60.18022826,192.4993362,60.17657907,FOVNotMatch,2002/2/13 11:00:50.00,SAT_21470,0.638719002,41.29247603,SAT_17143,3.775667841,41.34107646,SAT_24293,2.923881572,46.94730785
frame-g-003015-1-0287,1,No match,FALSE,N/A,inf,157.075134,5.764516084,157.1798551,5.818000012,FOVNotMatch,2002/3/5 4:57:55.00,SAT_5126U,2.820986905,20.7592415,SAT_16797,4.048017489,31.46178416,SAT_14248,4.106849399,32.52324766
frame-g-003015-1-0288,1,No match,FALSE,N/A,inf,157.3109951,5.75024619,157.3878156,5.789538139,FOVNotMatch,2002/3/5 4:58:31.00,SAT_5126U,2.820986905,20.79255677,SAT_16797,4.048017489,31.49509943,SAT_14248,4.106849399,32.55656293
frame-g-003015-6-0245,1,No match,FALSE,N/A,inf,150.6446544,7.482463224,150.7613448,7.265869645,FOVNotMatch,2002/3/5 4:32:51.00,SAT_9702U,4.106693809,15.84314557,SAT_10002,5.614129022,49.09605211,SAT_23208,5.926856445,49.82479038
frame-g-003015-6-0441,1,No match,FALSE,N/A,inf,180.2593952,8.586053478,180.3914859,8.633367903,FOVNotMatch,2002/3/5 6:29:52.00,SAT_17024,1.741972213,19.39606469,SAT_23840,5.580531992,45.20640022,SAT_19970,4.508386624,47.38263828
frame-g-003031-1-0149,1,No match,FALSE,N/A,inf,142.3941492,6.127523586,142.3637824,6.171111612,FOVNotMatch,2002/3/12 4:25:31.00,SAT_00589,2.049097837,38.41981473,SAT_589U0,2.050165635,38.42027641,SAT_4353U,5.184011861,42.54013226
frame-g-003031-4-0153,1,No match,FALSE,N/A,inf,142.8077252,7.550645079,142.9651482,7.611006619,FOVNotMatch,2002/3/12 4:27:54.00,SAT_27026,3.673016946,13.46412992,SAT_15144,1.433616773,25.21765475,SAT_11571,3.995209643,33.61186884
frame-g-003031-5-0290,1,No match,FALSE,N/A,inf,163.4405395,9.736743066,163.5990623,9.844840925,FOVNotMatch,2002/3/12 5:49:42.00,SAT_14806,2.991067324,20.06380939,SAT_15144,5.102373301,42.78565931,SAT_11881,3.938178933,67.12622819
frame-g-003031-4-0183,1,No match,FALSE,N/A,inf,147.3218841,7.962934389,147.4108433,8.001074516,FOVNotMatch,2002/3/12 4:45:49.00,SAT_27026,5.292807643,17.2250557,SAT_15144,2.023305961,28.54821126,SAT_22544,2.897633947,30.13289428
frame-g-003031-4-0184,1,No match,FALSE,N/A,inf,147.5659158,7.970377263,147.6354247,8.000281027,FOVNotMatch,2002/3/12 4:46:24.00,SAT_27026,5.292807643,17.29719617,SAT_15144,2.023305961,28.62035172,SAT_22544,2.897633947,30.06075381
frame-g-003031-3-0188,1,No match,FALSE,N/A,inf,148.097882,7.809621131,148.1597989,7.836303109,FOVNotMatch,2002/3/12 4:48:48.00,SAT_27026,5.292807643,17.32385865,SAT_15144,2.023305961,28.64701421,SAT_22544,2.897633947,30.03409133
frame-g-003031-3-0189,1,No match,FALSE,N/A,inf,148.2993181,7.798665452,148.4112736,7.846059086,FOVNotMatch,2002/3/12 4:49:24.00,SAT_27026,5.292807643,16.95286562,SAT_15144,2.023305961,28.27602118,SAT_22544,2.897633947,30.40508435
frame-g-003031-1-0430,1,No match,FALSE,N/A,inf,184.7227614,8.948406624,184.8072201,8.962032182,FOVNotMatch,2002/3/12 7:13:17.00,SAT_14496,1.95864791,17.6352033,SAT_3569U,2.668200826,42.72127901,SAT_03569,2.677805554,42.79240529
frame-g-003031-4-0442,1,Success,TRUE,SAT_22980,4.245434562,186.5450023,10.13411287,186.6593383,10.04221655,,2002/3/12 7:20:27.00,SAT_22980,3.935153896,4.245434562,SAT_05847,1.265226175,35.41353898,SAT_5847U,1.258385015,35.42372278
frame-g-003031-4-0443,1,Success,TRUE,SAT_22980,3.863963942,186.7401127,10.21865761,186.8623727,10.12174557,,2002/3/12 7:21:03.00,SAT_22980,3.935153896,3.863963942,SAT_05847,1.265226175,35.7950096,SAT_5847U,1.258385015,35.8051934
frame-g-003059-4-0054,1,No match,FALSE,N/A,inf,162.5040793,47.87536371,162.7884211,47.80555836,FOVNotMatch,2002/3/21 9:02:36.00,SAT_20185,5.012680056,13.08707113,SAT_21709,5.23911235,71.32165303,SAT_25488,5.293465312,76.15197739
frame-g-003059-4-0054,2,No match,FALSE,N/A,inf,162.7040938,47.85041949,162.7536695,47.87799241,FOVNotMatch,2002/3/21 9:02:36.00,SAT_21709,5.23911235,11.57180473,SAT_25488,5.293465312,16.40212909,SAT_16854,4.443657008,28.17641387
frame-g-003059-4-0066,1,No match,FALSE,N/A,inf,165.2169029,48.49956578,165.0687056,48.42465443,FOVNotMatch,2002/3/21 9:09:46.00,SAT_21709,5.770876858,12.96832522,SAT_25488,4.05771921,17.18495192,SAT_3045U,5.013694975,29.0053538
frame-g-003059-4-0067,1,No match,FALSE,N/A,inf,165.4203795,48.45960181,165.521919,48.51090657,FOVNotMatch,2002/3/21 9:10:22.00,SAT_21709,5.770876858,12.96743761,SAT_25488,4.05771921,17.18406431,SAT_3045U,5.013694975,29.00446619
frame-g-003063-6-0026,1,No match,FALSE,N/A,inf,183.6105914,13.57494655,183.6888524,13.66435367,FOVNotMatch,2002/3/23 9:18:15.00,SAT_15264,3.616668629,62.51366702,SAT_12561,7.857442993,N/A,SAT_22744,13.79015726,N/A
frame-g-003103-3-0024,1,No match,FALSE,N/A,inf,152.9351735,50.20973532,153.2292448,50.0510857,FOVNotMatch,2002/4/1 2:35:20.00,SAT_7376U,1.211111152,15.98760165,SAT_20767,4.513311465,22.4870347,SAT_07029,2.365766768,43.63823362
frame-g-003064-1-0061,1,No match,FALSE,N/A,inf,190.7998474,11.4029438,190.9043975,11.17961864,FOVNotMatch,2002/3/23 10:37:23.00,SAT_21199,0.316902101,49.75092636,SAT_23641,4.937831994,61.55938108,SAT_13875,12.27093638,N/A
frame-g-003098-6-0120,1,No match,FALSE,N/A,inf,234.5212858,6.001017543,234.5488785,6.048237327,FOVNotMatch,2002/3/31 10:42:20.00,SAT_16922,5.746531979,11.72442912,SAT_17168,5.772270324,44.10866272,SAT_18747,2.229850779,51.58375422
frame-g-003103-5-0100,1,Success,TRUE,SAT_20724,1.128669627,170.1741817,54.7066298,170.4808568,54.54053286,,2002/4/1 3:20:42.00,SAT_20724,4.52027284,1.128669627,SAT_15702,2.022473879,19.50973016,SAT_23397,5.180773852,21.88671767
frame-g-003103-5-0101,1,Success,TRUE,SAT_20724,1.279338831,170.6420462,54.78874904,170.7118183,54.75129423,,2002/4/1 3:21:18.00,SAT_20724,4.52027284,1.279338831,SAT_15702,2.022473879,19.66039936,SAT_23397,5.180773852,22.03738688
frame-g-003103-2-0063,1,No match,FALSE,N/A,inf,161.954741,52.07340275,162.0618707,52.01920185,FOVNotMatch,2002/4/1 2:58:37.00,SAT_07017,1.822677636,49.04557488,SAT_7017U,1.821901561,49.04687037,SAT_4899U,3.877658285,77.42086741
frame-g-003103-4-0112,1,No match,FALSE,N/A,inf,173.3903142,54.53247223,173.5452617,54.55728906,FOVNotMatch,2002/4/1 3:27:52.00,SAT_04651,4.892740229,24.44760705,SAT_4651U,4.86895048,24.61758777,SAT_13910,3.323631996,29.80619363
frame-g-003103-4-0113,1,No match,FALSE,N/A,inf,173.651778,54.54314685,173.9191497,54.5842347,FOVNotMatch,2002/4/1 3:28:28.00,SAT_04651,4.892740229,25.03836176,SAT_4651U,4.86895048,25.20834249,SAT_13910,3.323631996,30.39694834
frame-g-003103-5-0204,1,No match,FALSE,N/A,inf,197.3190403,54.78891626,197.6091744,54.79941747,FOVNotMatch,2002/4/1 4:22:48.00,SAT_20452,5.851597277,31.17989084,SAT_22071,3.375702516,44.50679506,SAT_1511U,4.281723118,53.25053619
frame-g-003103-1-0208,1,No match,FALSE,N/A,inf,197.8271851,53.08510044,197.9236434,53.12464762,FOVNotMatch,2002/4/1 4:25:11.00,SAT_22071,3.375702516,13.76924686,SAT_1511U,4.281723118,22.51298798,SAT_17794,1.578412476,52.09073266
frame-g-003103-6-0187,1,No match,FALSE,N/A,inf,193.0382905,55.68926788,193.1976966,55.67325738,FOVNotMatch,2002/4/1 4:12:39.00,SAT_20452,3.328594822,8.756450715,SAT_21114,0.899121623,22.93059306,SAT_24292,2.56781447,47.99613795
frame-g-003103-6-0187,2,Success,TRUE,SAT_24292,0.879094109,193.2248743,55.75999614,193.3240085,55.66714093,,2002/4/1 4:12:39.00,SAT_24292,2.56781447,0.879094109,SAT_20452,3.328594822,40.11878134,SAT_17665,2.123844515,45.35058662
frame-g-003103-6-0188,1,No match,FALSE,N/A,inf,193.3139038,55.68096529,193.5881731,55.65151505,FOVNotMatch,2002/4/1 4:13:15.00,SAT_20452,3.328594822,8.078523175,SAT_21114,0.899121623,23.6085206,SAT_24292,2.56781447,47.31821041
frame-g-003103-6-0219,1,No match,FALSE,N/A,inf,201.3457392,54.73198067,201.5686548,54.74967765,FOVNotMatch,2002/4/1 4:31:45.00,SAT_07933,2.30800747,34.38592999,SAT_7933U,2.331205507,34.5350154,SAT_22196,4.080837433,35.85228992
frame-g-003103-6-0219,2,No match,FALSE,N/A,inf,201.3704607,54.8926991,201.6398738,54.91482297,FOVNotMatch,2002/4/1 4:31:45.00,SAT_07933,2.30800747,34.08787471,SAT_7933U,2.331205507,34.23696013,SAT_22196,4.080837433,36.15034519
frame-g-003104-4-0011,1,No match,FALSE,N/A,inf,206.7985268,7.251206556,206.9405367,7.353559097,FOVNotMatch,2002/4/1 5:15:03.00,SAT_24959,2.214761383,37.96206386,SAT_18270,1.665662963,40.61562097,SAT_16650,8.024926856,N/A
frame-g-003177-2-0147,1,No match,FALSE,N/A,inf,229.77641,44.43383114,229.9190302,44.41784963,FOVNotMatch,2002/5/8 4:32:36.00,SAT_14442,2.269790106,35.45633749,SAT_26574,0.01315829,53.06396145,SAT_25852,3.24549867,57.67897852
frame-g-003130-1-0114,1,No match,FALSE,N/A,inf,208.3910492,51.69676018,208.6104044,51.7074057,FOVNotMatch,2002/4/15 5:25:19.00,SAT_21890,2.260879796,16.09092464,SAT_10720,4.680406651,39.46852568,SAT_25042,7.244425441,N/A
frame-g-003177-6-0039,1,No match,FALSE,N/A,inf,208.9876042,53.61018764,209.1843759,53.4525922,FOVNotMatch,2002/5/8 3:28:07.00,SAT_7023U,1.786259179,56.19997392,SAT_00446,0.10364777,68.2303069,SAT_446U0,0.103193324,68.23083626
frame-g-003177-6-0040,1,No match,FALSE,N/A,inf,209.4018922,53.55662905,209.4773955,53.49670053,FOVNotMatch,2002/5/8 3:28:42.00,SAT_7023U,1.786259179,56.45043346,SAT_00446,0.10364777,67.97984736,SAT_446U0,0.103193324,67.98037672
frame-g-003180-1-0165,1,No match,FALSE,N/A,inf,231.712313,43.08909747,231.8482029,43.08738797,FOVNotMatch,2002/5/8 9:43:14.00,SAT_11007,3.096249695,58.1477557,SAT_21426,16.33299312,N/A,SAT_738U0,12.1340934,N/A
frame-g-003180-2-0207,1,No match,FALSE,N/A,inf,238.6046724,39.58317096,238.7701161,39.51383876,FOVNotMatch,2002/5/8 10:08:19.00,SAT_11007,4.202477075,34.10263499,SAT_24729,1.848226522,34.672887,SAT_26025,0.624376945,35.25421488
frame-g-003180-2-0195,1,No match,FALSE,N/A,inf,236.8133462,40.68477906,236.9629346,40.66059718,FOVNotMatch,2002/5/8 10:01:09.00,SAT_7174U,1.666920946,37.66119777,SAT_11007,3.7729042,49.60211787,SAT_11540,1.076345651,50.2230979
frame-g-003180-6-0039,1,No match,FALSE,N/A,inf,207.8244455,54.02136744,207.9163538,53.85619385,FOVNotMatch,2002/5/8 8:28:01.00,SAT_8784U,5.828389445,12.35856066,SAT_21268,5.028032546,16.94213192,SAT_11007,5.523085938,24.66764646
frame-g-003183-2-0058,1,No match,FALSE,N/A,inf,198.5882494,58.44680578,198.768016,58.40872848,FOVNotMatch,2002/5/9 3:23:03.00,SAT_17093,5.683966823,70.17042905,SAT_1996U,9.793938355,N/A,SAT_13070,16.88231724,N/A
frame-g-003183-6-0139,1,No match,FALSE,N/A,inf,220.6025519,55.75356299,220.7077534,55.79856847,FOVNotMatch,2002/5/9 4:11:25.00,SAT_22744,3.104422798,20.96025378,SAT_21890,4.590645506,36.85901383,SAT_20441,1.707349902,69.34761555
frame-g-003183-6-0140,1,No match,FALSE,N/A,inf,220.8536208,55.69829747,220.9768851,55.70880297,FOVNotMatch,2002/5/9 4:12:00.00,SAT_21890,4.590645506,8.202137292,SAT_20441,1.707349902,40.69073901,SAT_26236,0.625201577,41.94045129
frame-g-003183-6-0140,2,No match,FALSE,N/A,inf,220.8219625,55.50037387,221.1113748,55.62343791,FOVNotMatch,2002/5/9 4:12:00.00,SAT_22744,3.104422798,21.2779978,SAT_21890,4.590645506,36.54126982,SAT_20441,1.707349902,69.02987153
frame-g-003183-6-0141,1,No match,FALSE,N/A,inf,221.2549584,55.54107044,221.3397934,55.54826336,FOVNotMatch,2002/5/9 4:12:36.00,SAT_21890,4.590645506,8.124264108,SAT_20441,1.707349902,40.61286582,SAT_26236,0.625201577,41.86257811
frame-g-003187-5-0077,1,No match,FALSE,N/A,inf,238.2993273,43.95606696,238.4829743,43.8861755,FOVNotMatch,2002/5/9 9:18:48.00,SAT_20816,3.658836916,27.962308,SAT_7266U,5.336338448,30.49429425,SAT_07266,5.336734552,30.49607873
frame-g-003225-4-0130,1,Success,TRUE,SAT_16533,3.862689733,230.5543602,50.86349507,230.5049124,50.77379223,,2002/6/9 5:36:47.00,SAT_16533,4.745595161,3.862689733,SAT_18881,4.604656327,8.891520588,SAT_22178,5.046023982,14.8572147
frame-g-003225-5-0131,1,Success,TRUE,SAT_16533,3.532446607,231.166805,51.1084779,231.1102941,51.00835118,,2002/6/9 5:37:23.00,SAT_16533,4.745595161,3.532446607,SAT_18881,4.604656327,8.561277462,SAT_22178,5.046023982,14.52697157
frame-g-003225-5-0132,1,Success,TRUE,SAT_16533,3.277701835,231.6077117,51.04242081,231.5170855,50.88376012,,2002/6/9 5:37:59.00,SAT_16533,4.745595161,3.277701835,SAT_18881,4.604656327,8.30653269,SAT_22178,5.046023982,14.2722268
frame-g-003225-2-0141,1,No match,FALSE,N/A,inf,231.6755366,49.12834645,231.7249625,49.13639056,FOVNotMatch,2002/6/9 5:43:22.00,SAT_21935,5.635817159,11.62419486,SAT_16533,4.578852038,52.34167935,SAT_12769,0.155715544,53.39842898
frame-g-003225-1-0273,1,No match,FALSE,N/A,inf,249.9969781,34.68467606,250.1984267,34.61651519,FOVNotMatch,2002/6/9 7:02:10.00,SAT_22688,0.146572983,55.83330826,SAT_4332U,1.521474801,79.92303166,SAT_15738,1.2168799,85.10148786
frame-g-003225-1-0274,1,No match,FALSE,N/A,inf,250.1285133,34.48173999,250.2383019,34.44379847,FOVNotMatch,2002/6/9 7:02:46.00,SAT_22688,0.146572983,55.44988773,SAT_4332U,1.521474801,80.30645219,SAT_15738,1.2168799,85.48490839
frame-g-003226-6-0040,1,Success,TRUE,SAT_22732,0.455674301,239.2404981,46.52514221,239.4304054,46.71085422,,2002/6/9 8:27:11.00,SAT_22732,4.481061683,0.455674301,SAT_26407,2.580931911,10.88038831,SAT_15182,2.585540592,66.32657065
frame-g-003225-2-0280,1,No match,FALSE,N/A,inf,251.2836213,34.10298662,251.3475568,34.11547787,FOVNotMatch,2002/6/9 7:06:21.00,SAT_15738,0.038800897,48.91983145,SAT_24640,5.531664503,53.31906363,SAT_22729,12.8411196,N/A
frame-g-003225-5-0313,1,No match,FALSE,N/A,inf,255.8353483,30.87191541,255.9076178,30.83755119,FOVNotMatch,2002/6/9 7:26:03.00,SAT_26476,4.226950165,30.7484775,SAT_11878,0.083688086,36.14840934,SAT_22729,10.15625606,N/A
frame-g-003226-2-0087,1,Success,TRUE,SAT_14430,0.765914769,244.315403,40.38355908,244.357914,40.35564498,,2002/6/9 8:55:15.00,SAT_14430,3.768628724,0.765914769,SAT_19128,3.051160634,1.685167695,SAT_21273,4.102348564,7.897897927
frame-g-003226-2-0088,1,Success,TRUE,SAT_14430,1.149013329,244.4280446,40.25985489,244.5888163,40.15259238,,2002/6/9 8:55:51.00,SAT_14430,3.768628724,1.149013329,SAT_19128,3.051160634,1.302069135,SAT_21273,4.102348564,7.514799367
frame-g-003226-2-0089,1,Success,TRUE,SAT_14430,0.769277551,244.6520073,40.06042547,244.7011412,40.02800342,,2002/6/9 8:56:27.00,SAT_14430,3.768628724,0.769277551,SAT_19128,3.051160634,1.681804913,SAT_21273,4.102348564,7.894535145
frame-g-003226-2-0220,1,Success,TRUE,SAT_26858,1.133341307,258.7847035,24.58535331,258.9409464,24.50409126,,2002/6/9 10:14:40.00,SAT_26858,0.90525931,1.133341307,SAT_14503,2.603903933,13.8720808,SAT_07037,0.108583364,14.30084829
frame-g-003230-6-0091,1,No match,FALSE,N/A,inf,211.2182795,7.880034792,211.2954262,8.009270398,FOVNotMatch,2002/6/10 5:37:49.00,SAT_8609U,0.067725112,57.00468184,SAT_20764,4.715108162,65.89852886,SAT_9962U,2.107654613,67.42498787
frame-g-003230-6-0092,1,No match,FALSE,N/A,inf,211.466771,7.774353711,211.5349761,7.887473099,FOVNotMatch,2002/6/10 5:38:25.00,SAT_8609U,0.067725112,57.26331453,SAT_20764,4.715108162,65.63989618,SAT_9962U,2.107654613,67.68362055
frame-g-003230-1-0018,1,Success,TRUE,SAT_22407,4.124311142,200.1405191,6.195225307,200.1790943,6.418571156,,2002/6/10 4:54:14.00,SAT_22407,0.869906087,4.124311142,SAT_12780,0.100912657,21.83519376,SAT_23127,5.235801144,81.60934749
frame-g-003325-6-0118,1,Success,TRUE,SAT_23538,0.360953155,1.449180825,0.930049755,1.562315865,0.942155607,,2002/9/5 7:42:59.00,SAT_23538,2.091760305,0.360953155,SAT_02206,0.629672304,7.743838488,SAT_2206U,0.627216186,7.745321549
frame-g-003325-6-0119,1,Success,TRUE,SAT_23538,0.222257554,1.640886293,0.918590812,1.759939941,0.931038637,,2002/9/5 7:43:35.00,SAT_23538,2.091760305,0.222257554,SAT_02206,0.629672304,7.605142887,SAT_2206U,0.627216186,7.606625949
frame-g-003325-3-0324,1,Success,TRUE,SAT_25895,4.514534118,32.45386262,-0.396368357,32.3911858,-0.388800461,,2002/9/5 9:45:59.00,SAT_25895,3.855103264,4.514534118,SAT_7902U,0.062225769,5.622069913,SAT_23192,5.212791644,6.83239494
frame-g-003325-3-0329,1,Success,TRUE,SAT_7902U,4.631638861,33.2016146,-0.392685057,33.03969445,-0.375968142,,2002/9/5 9:48:58.00,SAT_7902U,0.062225769,4.631638861,SAT_25895,3.855103264,5.504965171,SAT_23192,5.212791644,5.841963888
frame-g-003325-5-0435,1,No match,FALSE,N/A,inf,49.05650069,0.419079197,49.02373314,0.64283459,FOVNotMatch,2002/9/5 10:52:16.00,SAT_23838,5.660292659,8.759554696,SAT_18788,0.054841812,18.90363541,SAT_25655,3.779887588,41.21616011
frame-g-003325-5-0403,1,No match,FALSE,N/A,inf,44.28242967,0.42147307,44.1738404,0.509525093,FOVNotMatch,2002/9/5 10:33:09.00,SAT_18415,5.667236881,21.62830193,SAT_24640,1.959091824,31.36740801,SAT_23192,4.815920835,38.99938299
frame-g-003325-1-0403,1,Success,TRUE,SAT_24640,0.524119214,44.19877634,-1.259095901,44.11877681,-1.040745305,,2002/9/5 10:33:09.00,SAT_24640,1.959091824,0.524119214,SAT_18415,5.667236881,9.214986864,SAT_07015,0.072882541,42.58960875
frame-g-003325-1-0404,1,Success,TRUE,SAT_24640,0.460285977,44.43173778,-1.078485819,44.41574512,-1.034683052,,2002/9/5 10:33:45.00,SAT_24640,1.959091824,0.460285977,SAT_18415,5.667236881,9.2788201,SAT_07015,0.072882541,42.52577551
frame-g-003355-3-0058,1,No match,FALSE,N/A,inf,27.39242047,-0.247706827,27.42567974,-0.191037916,FOVNotMatch,2002/10/4 8:44:57.00,SAT_24960,0.369670089,9.224194353,SAT_5709U,0.006912353,43.88789303,SAT_12447,4.709773166,44.41352031
frame-g-003355-3-0059,1,No match,FALSE,N/A,inf,27.59309018,-0.415360554,27.70502448,-0.225589316,FOVNotMatch,2002/10/4 8:45:32.00,SAT_24960,0.369670089,9.348822524,SAT_5709U,0.006912353,43.76326486,SAT_12447,4.709773166,44.28889214
frame-g-003355-3-0064,1,Success,TRUE,SAT_2121U,1.077150981,28.29047238,-0.1940626,28.32871909,-0.19090368,,2002/10/4 8:48:32.00,SAT_2121U,2.421289478,1.077150981,SAT_2221U,5.115514709,3.424628263,SAT_26724,5.030953968,4.714664084
frame-g-003356-4-0025,1,Success,TRUE,SAT_22729,1.588499078,3.997867949,34.4623795,3.938878416,34.56759386,,2002/10/4 11:25:39.00,SAT_22729,0.458375956,1.588499078,SAT_13943,0.648054863,19.81695412,SAT_15095,3.394342399,36.34902115
frame-g-003355-1-0116,1,No match,FALSE,N/A,inf,36.21577743,-1.254704393,36.12755048,-1.070047663,FOVNotMatch,2002/10/4 9:19:34.00,SAT_8185U,4.601065177,39.29190939,SAT_23538,1.849082264,57.3086365,SAT_26738,4.230570092,63.31815982
frame-g-003355-5-0140,1,No match,FALSE,N/A,inf,39.67526019,0.424205821,39.71988166,0.500428091,FOVNotMatch,2002/10/4 9:33:54.00,SAT_21434,5.871528644,16.0053712,SAT_17269,3.638354883,22.56716623,SAT_9329U,2.731049774,43.2984446
frame-g-003356-1-0071,1,No match,FALSE,N/A,inf,10.33317031,39.21196109,10.09577273,39.3402858,FOVNotMatch,2002/10/4 11:53:07.00,SAT_20949,3.911971015,26.53740824,SAT_26802,3.958373775,35.67889205,SAT_13471,0.291692328,47.20418669
frame-g-003356-6-0072,1,No match,FALSE,N/A,inf,8.312216023,40.63786861,8.068584983,40.76274628,FOVNotMatch,2002/10/4 11:53:42.00,SAT_20949,3.911971015,27.40109924,SAT_26802,3.958373775,34.81520105,SAT_13471,0.291692328,46.34049568
frame-g-003356-4-0072,1,No match,FALSE,N/A,inf,9.225449025,40.16504823,8.982930644,40.29169991,FOVNotMatch,2002/10/4 11:53:42.00,SAT_20949,3.911971015,27.09051861,SAT_26802,3.958373775,35.12578168,SAT_13471,0.291692328,46.65107632
frame-g-003355-6-0221,1,No match,FALSE,N/A,inf,51.80282843,0.983833042,51.79532982,1.037671213,FOVNotMatch,2002/10/4 10:22:16.00,SAT_21270,4.603625466,11.51248684,SAT_13295,3.588519277,18.6012614,SAT_03975,1.895774672,21.88724268
frame-g-003355-6-0222,1,No match,FALSE,N/A,inf,52.10233025,0.98361116,52.09002594,1.067524865,FOVNotMatch,2002/10/4 10:22:52.00,SAT_21270,4.603625466,11.09989367,SAT_13295,3.588519277,19.01385457,SAT_03975,1.895774672,22.29983585
frame-g-003355-2-0178,1,No match,FALSE,N/A,inf,45.39465095,-0.648829799,45.37827392,-0.610833696,FOVNotMatch,2002/10/4 9:56:36.00,SAT_19554,1.892054884,8.15244384,SAT_9730U,1.985236762,38.71288782,SAT_09730,1.998331414,38.73137273
frame-g-003358-1-0058,1,No match,FALSE,N/A,inf,262.3424498,55.7501818,262.3113844,55.60872257,FOVNotMatch,2002/10/5 2:15:28.00,SAT_22058,4.293063632,22.90200444,SAT_2531U,2.154450232,23.4458221,SAT_02531,2.153253641,23.45254162
frame-g-003358-5-0121,1,No match,FALSE,N/A,inf,267.9915623,46.89585442,267.9844743,46.8084635,FOVNotMatch,2002/10/5 2:53:05.00,SAT_21319,4.066704449,14.47514654,SAT_02481,1.225460518,19.57614225,SAT_20623,5.777161392,22.62334302
frame-g-003358-4-0131,1,No match,FALSE,N/A,inf,267.7690484,45.34701368,267.6942248,45.18251131,FOVNotMatch,2002/10/5 2:59:03.00,SAT_20623,5.382345086,9.397996658,SAT_08868,1.113985824,47.91993191,SAT_8868U,1.116613505,47.98538854
frame-g-003360-5-0155,1,Success,TRUE,SAT_23867,4.849579798,329.1285287,0.64021541,329.2388207,0.625568559,,2002/10/5 5:27:32.00,SAT_23867,5.449839205,4.849579798,SAT_25822,2.161111408,5.798689398,SAT_26738,4.865514035,6.953140938
frame-g-003360-1-0129,1,Success,TRUE,SAT_2207U,0.64152966,325.1838482,-1.176224539,325.2242749,-1.169894988,,2002/10/5 5:12:01.00,SAT_2207U,4.605333746,0.64152966,SAT_20674,4.896079479,3.322295661,SAT_23637,4.869439556,7.549445595
frame-g-003360-2-0321,1,Success,TRUE,SAT_26807,4.521510381,354.0035735,-0.610962871,354.0887238,-0.62697456,,2002/10/5 7:06:39.00,SAT_26807,3.883424255,4.521510381,SAT_26738,3.838719314,9.695600847,SAT_23877,5.377352148,10.58931077
frame-g-003360-1-0306,1,No match,FALSE,N/A,inf,351.7449031,-1.030701419,351.8438606,-1.049524727,FOVNotMatch,2002/10/5 6:57:42.00,SAT_26807,4.666273958,5.267389174,SAT_26738,3.383037674,9.84212121,SAT_23877,5.024817179,10.71094777
frame-g-003360-1-0299,1,No match,FALSE,N/A,inf,350.633099,-1.217590913,350.7962272,-1.249130463,FOVNotMatch,2002/10/5 6:53:31.00,SAT_26807,5.000503127,5.723114173,SAT_26738,3.36712645,10.02775286,SAT_25767,4.788279138,10.82151988
frame-g-003360-1-0302,1,No match,FALSE,N/A,inf,351.0824488,-1.132020035,351.2450624,-1.163308362,FOVNotMatch,2002/10/5 6:55:18.00,SAT_26807,5.000503127,5.671234625,SAT_26738,3.36712645,9.97587331,SAT_25767,4.788279138,10.76964034
frame-g-003360-1-0303,1,No match,FALSE,N/A,inf,351.2323757,-1.103693502,351.3942799,-1.134359912,FOVNotMatch,2002/10/5 6:55:54.00,SAT_26807,5.000503127,5.505357823,SAT_26738,3.36712645,9.809996508,SAT_25767,4.788279138,10.60376353
frame-g-003360-1-0304,1,No match,FALSE,N/A,inf,351.3822153,-1.07536057,351.5439926,-1.10628742,FOVNotMatch,2002/10/5 6:56:30.00,SAT_26807,5.000503127,5.602503736,SAT_26738,3.36712645,9.90714242,SAT_25767,4.788279138,10.70090945
frame-g-003360-2-0313,1,No match,FALSE,N/A,inf,352.7288836,-0.820494751,352.8069702,-0.835430704,FOVNotMatch,2002/10/5 7:01:53.00,SAT_26807,4.229059976,5.037310943,SAT_26738,3.819233296,9.888140719,SAT_23877,5.376036166,10.7687356
frame-g-003360-2-0314,1,Success,TRUE,SAT_26807,4.866552115,352.8790801,-0.792686094,353.0402625,-0.823018672,,2002/10/5 7:02:28.00,SAT_26807,4.229059976,4.866552115,SAT_26738,3.819233296,9.717381891,SAT_23877,5.376036166,10.59797677
frame-g-003360-2-0316,1,Success,TRUE,SAT_26807,4.900821546,353.1787215,-0.736137297,353.3400335,-0.76659457,,2002/10/5 7:03:40.00,SAT_26807,4.229059976,4.900821546,SAT_26738,3.819233296,9.751651322,SAT_23877,5.376036166,10.6322462
frame-g-003360-2-0317,1,Success,TRUE,SAT_26807,4.683281318,353.3280647,-0.708798724,353.4899663,-0.738731388,,2002/10/5 7:04:16.00,SAT_26807,4.229059976,4.683281318,SAT_26738,3.819233296,9.534111094,SAT_23877,5.376036166,10.41470598
frame-g-003360-2-0318,1,Success,TRUE,SAT_26807,4.659857781,353.4780108,-0.680817274,353.6403892,-0.710769618,,2002/10/5 7:04:52.00,SAT_26807,4.229059976,4.659857781,SAT_26738,3.819233296,9.510687557,SAT_23877,5.376036166,10.39128244
frame-g-003360-2-0318,2,No match,FALSE,N/A,inf,353.6280694,-0.761589172,353.6405325,-0.76488909,FOVNotMatch,2002/10/5 7:04:52.00,SAT_26807,4.229059976,9.039292566,SAT_26738,3.819233296,13.89012234,SAT_23877,5.376036166,14.77071722
frame-g-003360-2-0319,1,Success,TRUE,SAT_26807,4.647330803,353.6278339,-0.652865316,353.7902233,-0.68278316,,2002/10/5 7:05:27.00,SAT_26807,4.229059976,4.647330803,SAT_26738,3.819233296,9.498160579,SAT_23877,5.376036166,10.37875546
frame-g-003360-3-0328,1,Success,TRUE,SAT_26807,4.102933829,354.9748665,-0.40276757,355.0451124,-0.415828457,,2002/10/5 7:10:50.00,SAT_26807,3.528007889,4.102933829,SAT_10246,0.33925951,8.648896599,SAT_26738,4.27543856,9.567257818
frame-g-003360-3-0329,1,Success,TRUE,SAT_26807,4.042515558,355.1243144,-0.375150478,355.286929,-0.405208264,,2002/10/5 7:11:26.00,SAT_26807,3.528007889,4.042515558,SAT_10246,0.33925951,8.588478328,SAT_26738,4.27543856,9.506839547
frame-g-003360-3-0334,1,Success,TRUE,SAT_26807,4.040957767,355.8727827,-0.237843654,356.0349218,-0.267809386,,2002/10/5 7:14:25.00,SAT_26807,3.528007889,4.040957767,SAT_10246,0.33925951,8.586920537,SAT_26738,4.27543856,9.505281756
frame-g-003360-4-0336,1,No match,FALSE,N/A,inf,356.1993219,0.171304919,356.3347352,0.079936235,FOVNotMatch,2002/10/5 7:15:36.00,SAT_10893,5.443135391,32.2947319,SAT_25240,5.734657665,32.81893496,SAT_26738,5.141970159,33.03244592
frame-g-003360-4-0346,1,Success,TRUE,SAT_26807,2.982882948,357.668759,0.087097784,357.8316213,0.057868363,,2002/10/5 7:21:35.00,SAT_26807,2.555398449,2.982882948,SAT_04649,2.094740592,4.987280051,SAT_4649U,1.676035821,6.003883856
frame-g-003360-4-0348,1,Success,TRUE,SAT_26807,2.964951918,357.9689996,0.141079324,358.1312367,0.112014563,,2002/10/5 7:22:46.00,SAT_26807,2.555398449,2.964951918,SAT_04649,2.094740592,5.005211081,SAT_4649U,1.676035821,6.021814887
frame-g-003360-1-0353,1,Success,TRUE,SAT_26738,2.782886482,358.7790335,-1.203055304,358.8798351,-1.209724827,,2002/10/5 7:25:45.00,SAT_26738,3.500236126,2.782886482,SAT_27299,5.680713197,3.388914399,SAT_23877,5.0322417,3.725413638
frame-g-003362-4-0014,1,No match,FALSE,N/A,inf,21.89805147,0.321273792,22.04100548,0.213403434,FOVNotMatch,2002/10/5 9:29:13.00,SAT_4950U,4.826054255,26.03258107,SAT_04950,4.826050485,26.03611341,SAT_18571,2.973074517,33.10845553
frame-g-003362-4-0029,1,No match,FALSE,N/A,inf,24.14054311,0.376688519,24.3031924,0.295344154,FOVNotMatch,2002/10/5 9:38:11.00,SAT_18571,3.896275364,21.79647722,SAT_23016,5.890354065,26.52473977,SAT_25922,5.796629146,26.57603126
frame-g-003362-4-0030,1,No match,FALSE,N/A,inf,24.3168876,0.437636702,24.45253436,0.370194993,FOVNotMatch,2002/10/5 9:38:47.00,SAT_18571,3.896275364,21.66197532,SAT_23016,5.890354065,26.39023787,SAT_25922,5.796629146,26.44152936
frame-g-003362-1-0215,1,Success,TRUE,SAT_15219,0.246272273,51.98946417,-0.909547795,52.04603473,-0.896613884,,2002/10/5 11:29:14.00,SAT_15219,2.211953855,0.246272273,SAT_7815U,3.539543029,0.482031326,SAT_8330U,3.74370982,0.586512445
frame-g-003362-1-0216,1,Success,TRUE,SAT_7815U,0.201914476,52.13892567,-0.94301653,52.30170044,-0.906637403,,2002/10/5 11:29:50.00,SAT_7815U,3.539543029,0.201914476,SAT_8330U,3.74370982,0.306395595,SAT_08330,3.733535319,0.309070092
frame-g-003368-2-0014,1,Success,TRUE,SAT_15384,0.893734978,41.3852175,-0.4519197,41.54798529,-0.429564875,,2002/10/6 10:01:28.00,SAT_15384,5.387098787,0.893734978,SAT_12994,4.248172015,2.950645865,SAT_16497,4.865920671,4.385251354
frame-g-003384-5-0191,1,Success,TRUE,SAT_20674,3.185404062,333.2742636,0.66037156,333.3274208,0.665502111,,2002/10/10 5:38:24.00,SAT_20674,1.305614655,3.185404062,SAT_23877,5.99739734,5.561368369,SAT_26717,1.893519776,8.567913446
frame-g-003384-1-0181,1,Success,TRUE,SAT_27040,3.419198157,331.8797263,-0.919478963,331.9402093,-0.931074445,,2002/10/10 5:32:25.00,SAT_27040,5.558017143,3.419198157,SAT_27046,1.780352206,5.535974484,SAT_22101,4.915801502,6.526609252
frame-g-003384-1-0289,1,No match,FALSE,N/A,inf,348.0114054,-1.045244474,348.0589336,-1.013869574,FOVNotMatch,2002/10/10 6:36:54.00,SAT_3431U,4.446629338,19.27728492,SAT_2864U,4.903395386,20.26075274,SAT_02864,4.977619006,20.26455055
frame-g-003384-5-0577,1,No match,FALSE,N/A,inf,31.1099879,0.856319386,31.19448948,0.730029951,FOVNotMatch,2002/10/10 9:28:52.00,SAT_25771,5.664287457,14.05874269,SAT_23538,2.018143256,49.98606832,SAT_02864,3.684645463,65.05605853
frame-g-003388-6-0073,1,No match,FALSE,N/A,inf,323.0361042,0.963282004,323.0775767,1.068159316,FOVNotMatch,2002/10/11 5:15:36.00,SAT_18361,1.638502346,29.90239268,SAT_17637,2.791997134,39.921063,SAT_2401U,0.46314467,45.15593321
frame-g-003388-6-0074,1,No match,FALSE,N/A,inf,323.2886491,0.844060425,323.3490492,0.996941136,FOVNotMatch,2002/10/11 5:16:12.00,SAT_18361,1.638502346,29.88518043,SAT_17637,2.791997134,39.90385075,SAT_2401U,0.46314467,45.13872096
frame-g-003388-2-0253,1,Success,TRUE,SAT_4478U,0.032830073,350.0274701,-0.69272539,350.1464741,-0.667461351,,2002/10/11 7:03:04.00,SAT_4478U,2.598942305,0.032830073,SAT_24786,5.527245407,11.94809057,SAT_22117,4.615570161,11.98920564
frame-g-003384-6-0748,1,Success,TRUE,SAT_15490,2.860458153,56.76986543,1.052211916,56.82736714,1.198033065,,2002/10/10 11:10:58.00,SAT_15490,4.019241856,2.860458153,SAT_05011,1.926121157,3.190439702,SAT_5011U,2.613680282,4.098602445
frame-g-003384-4-0750,1,Success,TRUE,SAT_15490,2.891266303,57.03808382,0.213221562,57.12633173,0.436700681,,2002/10/10 11:12:10.00,SAT_15490,4.019241856,2.891266303,SAT_05011,1.926121157,3.221247852,SAT_5011U,2.613680282,4.129410595
frame-g-003384-3-0751,1,Success,TRUE,SAT_15490,2.783698005,57.17302079,-0.206841614,57.26128506,0.017916554,,2002/10/10 11:12:45.00,SAT_15490,4.019241856,2.783698005,SAT_05011,1.926121157,3.113679553,SAT_5011U,2.613680282,4.021842297
frame-g-003384-2-0752,1,Success,TRUE,SAT_15490,2.84666505,57.30816828,-0.625813285,57.39624671,-0.402259458,,2002/10/10 11:13:21.00,SAT_15490,4.019241856,2.84666505,SAT_05011,1.926121157,3.176646598,SAT_5011U,2.613680282,4.084809342
frame-g-003388-4-0601,1,No match,FALSE,N/A,inf,42.08537175,0.168128837,42.18202584,0.228815892,FOVNotMatch,2002/10/11 10:30:51.00,SAT_10516,3.301539169,17.86353141,SAT_5709U,3.094993951,18.45392953,SAT_7544U,3.626562026,19.2269715
frame-g-003388-5-0663,1,Success,TRUE,SAT_10516,1.779870399,51.36790973,0.497040277,51.52470188,0.53842444,,2002/10/11 11:07:52.00,SAT_10516,4.461976361,1.779870399,SAT_5709U,4.759009808,2.649464539,SAT_7544U,4.472668594,3.112167666
frame-g-003388-4-0665,1,Success,TRUE,SAT_13215,1.069447973,51.78945665,0.005359715,51.83073432,0.152720439,,2002/10/11 11:09:04.00,SAT_13215,4.671060893,1.069447973,SAT_17178,0.103039119,34.55472613,SAT_06829,3.258842641,35.77183757
frame-g-003388-2-0722,1,Success,TRUE,SAT_26377,2.171905472,60.27078986,-0.834100023,60.36473947,-0.689327458,,2002/10/11 11:43:06.00,SAT_26377,2.914852698,2.171905472,SAT_10659,2.135548888,23.94103235,SAT_11062,5.224711817,28.78219118
frame-g-003434-6-0063,1,Success,TRUE,SAT_11888,2.55126769,316.6634336,0.841710408,316.6983923,1.066265486,,2002/10/30 2:07:43.00,SAT_11888,2.906824969,2.55126769,SAT_234U0,0.481430621,18.66855706,SAT_19827,0.052981208,19.84885085
frame-g-003434-1-0378,1,Success,TRUE,SAT_4855U,0.526082621,3.699491168,-1.235931464,3.789526118,-1.25584916,,2002/10/30 5:15:48.00,SAT_4855U,1.20471683,0.526082621,SAT_12546,5.177422352,12.16146585,SAT_23313,4.196695818,12.44444674
frame-g-003434-1-0379,1,Success,TRUE,SAT_4855U,0.704396319,3.849650646,-1.202340485,4.011888725,-1.238761309,,2002/10/30 5:16:24.00,SAT_4855U,1.20471683,0.704396319,SAT_12546,5.177422352,12.33977954,SAT_23313,4.196695818,12.62276044
frame-g-003434-1-0381,1,Success,TRUE,SAT_4855U,0.543805546,4.148580606,-1.135581499,4.310487888,-1.171452658,,2002/10/30 5:17:36.00,SAT_4855U,1.20471683,0.543805546,SAT_12546,5.177422352,12.17918877,SAT_23313,4.196695818,12.46216967
frame-g-003434-1-0382,1,Success,TRUE,SAT_4855U,0.48113423,4.298284947,-1.10209202,4.461009611,-1.13795804,,2002/10/30 5:18:11.00,SAT_4855U,1.20471683,0.48113423,SAT_12546,5.177422352,12.11651746,SAT_23313,4.196695818,12.39949835
frame-g-003434-1-0430,1,Success,TRUE,SAT_12546,2.769742007,11.48466829,-1.184399606,11.64727998,-1.20251462,,2002/10/30 5:46:51.00,SAT_12546,5.272664823,2.769742007,SAT_23313,5.891164976,6.327248585,SAT_21222,5.87998263,6.336881727
frame-g-003437-2-0133,1,Success,TRUE,SAT_17328,2.579065196,328.5239412,-0.6259512,328.6004996,-0.402013737,,2002/10/31 2:49:32.00,SAT_17328,5.441931561,2.579065196,SAT_17582,4.891508883,12.97420122,SAT_07424,0.034516359,38.86352886
frame-g-003437-3-0220,1,Success,TRUE,SAT_26082,1.574025758,341.4751072,-0.107655698,341.6378641,-0.08787299,,2002/10/31 3:41:29.00,SAT_26082,4.942692124,1.574025758,SAT_26452,4.529151372,2.146878999,SAT_25913,5.59536312,6.925880528
frame-g-003438-1-0023,1,Success,TRUE,SAT_17083,2.130854617,33.39535631,-1.248850926,33.54855695,-1.222472704,,2002/10/31 6:51:21.00,SAT_17083,5.348484373,2.130854617,SAT_11964,4.165258263,4.787825383,SAT_14195,3.026686888,4.87602713
frame-g-003438-5-0030,1,Success,TRUE,SAT_4902U,0.010037436,34.44449955,0.553672621,34.60662138,0.587842059,,2002/10/31 6:55:32.00,SAT_4902U,5.91477685,0.010037436,SAT_4353U,5.269646974,0.77377456,SAT_5587U,5.282112172,1.070627437
frame-g-003465-4-0067,1,No match,FALSE,N/A,inf,335.188969,0.141872429,335.3507286,0.120869306,FOVNotMatch,2002/11/8 3:27:05.00,SAT_26056,5.528116646,7.396205457,SAT_27378,5.912616664,7.396841646,SAT_27426,5.803974768,7.398392782
frame-g-003478-3-0081,1,No match,FALSE,N/A,inf,128.472818,5.448875196,128.5164114,5.577673882,FOVNotMatch,2002/11/13 11:10:25.00,SAT_1726U,5.952985337,49.02798943,SAT_27462,4.536977671,70.46716408,SAT_15626,3.991527899,72.54403102
frame-g-003465-5-0245,1,No match,FALSE,N/A,inf,1.969081141,0.422757748,1.997436065,0.466354855,FOVNotMatch,2002/11/8 5:13:22.00,SAT_22513,4.16974676,14.1727633,SAT_8134U,4.560686335,36.57293542,SAT_10020,4.993217299,38.13996543
frame-g-003465-4-0246,1,No match,FALSE,N/A,inf,2.000564172,0.003426785,2.144024227,0.22769121,FOVNotMatch,2002/11/8 5:13:57.00,SAT_22513,4.16974676,13.74081162,SAT_8134U,4.560686335,37.0048871,SAT_10020,4.993217299,37.70801374
frame-g-003465-3-0247,1,No match,FALSE,N/A,inf,2.133584023,-0.25711082,2.175690529,-0.191592513,FOVNotMatch,2002/11/8 5:14:33.00,SAT_22513,4.16974676,13.86151073,SAT_8134U,4.560686335,36.88418799,SAT_10020,4.993217299,37.82871285
frame-g-003465-2-0249,1,No match,FALSE,N/A,inf,2.433335147,-0.726688946,2.50650858,-0.611511176,FOVNotMatch,2002/11/8 5:15:45.00,SAT_22513,4.16974676,13.56054059,SAT_8134U,4.560686335,37.18515813,SAT_10020,4.993217299,37.52774271
frame-g-003465-2-0250,1,No match,FALSE,N/A,inf,2.663569631,-0.835717815,2.746224403,-0.705735758,FOVNotMatch,2002/11/8 5:16:21.00,SAT_22513,4.16974676,13.58383797,SAT_8134U,4.560686335,37.16186075,SAT_10020,4.993217299,37.55104009
frame-g-003512-6-0046,1,Success,TRUE,SAT_26233,1.435319601,68.67738474,26.24226528,68.81961415,26.30408073,,2002/12/6 7:41:22.00,SAT_26233,3.835779798,1.435319601,SAT_25039,4.674895483,3.198835954,SAT_16719,1.637103091,9.995243593
frame-g-003512-4-0070,1,No match,FALSE,N/A,inf,72.65123149,25.46424212,72.78123263,25.439055,FOVNotMatch,2002/12/6 7:55:42.00,SAT_20503,2.607683802,49.0719038,SAT_24973,2.010754453,63.18076684,SAT_22633,4.585899843,81.38714348
frame-g-003518-2-0117,1,No match,FALSE,N/A,inf,158.1264664,8.395536108,158.2742167,8.468022144,FOVNotMatch,2002/12/7 12:11:25.00,SAT_25136,2.058788578,7.011051548,SAT_19483,5.399146572,31.3632342,SAT_12544,4.810324422,33.33567962
frame-g-003518-2-0118,1,Success,TRUE,SAT_24283,4.737123904,158.3563754,8.384424167,158.4409954,8.425391047,,2002/12/7 12:12:01.00,SAT_24283,4.73954346,4.737123904,SAT_25136,3.813873138,7.062713797,SAT_20040,4.644517136,29.08034102
frame-g-003525-1-0064,1,No match,FALSE,N/A,inf,164.3461074,8.501735851,164.5079352,8.546821244,FOVNotMatch,2002/12/11 10:35:36.00,SAT_15235,5.98438082,17.72112094,SAT_20083,5.4213111,18.74337939,SAT_15219,4.184787998,25.90786426
frame-g-003525-1-0065,1,No match,FALSE,N/A,inf,164.5961217,8.505852327,164.6606079,8.523560419,FOVNotMatch,2002/12/11 10:36:12.00,SAT_15235,5.98438082,17.50591768,SAT_20083,5.4213111,18.52817613,SAT_15219,4.184787998,25.69266101
frame-g-003525-6-0137,1,No match,FALSE,N/A,inf,175.3296243,11.11310222,175.3530847,11.0736979,FOVNotMatch,2002/12/11 11:19:11.00,SAT_10440,3.049608099,15.42441867,SAT_22291,2.101142234,21.78672683,SAT_08142,1.535700019,29.39652598
frame-g-003525-6-0137,2,No match,FALSE,N/A,inf,175.4311849,11.13714894,175.491306,11.01446415,FOVNotMatch,2002/12/11 11:19:11.00,SAT_10440,3.049608099,10.81250203,SAT_22291,2.101142234,17.17481018,SAT_08142,1.535700019,24.78460934
frame-g-003525-6-0193,1,No match,FALSE,N/A,inf,183.8740257,11.16082404,184.0022357,11.04760892,FOVNotMatch,2002/12/11 11:52:37.00,SAT_27526,1.575284079,27.55877836,SAT_26989,4.864580998,27.56947986,SAT_21199,3.107687638,63.49572057
frame-g-003525-2-0158,1,No match,FALSE,N/A,inf,178.6098567,9.533829936,178.731277,9.312340736,FOVNotMatch,2002/12/11 11:31:43.00,SAT_05180,4.315011368,29.4592478,SAT_5180U,4.316047003,29.4623586,SAT_26530,3.531226137,36.94615512
frame-g-003525-1-0206,1,No match,FALSE,N/A,inf,185.8527235,9.020857819,186.0174093,9.065341645,FOVNotMatch,2002/12/11 12:00:23.00,SAT_27526,0.013763796,31.13839089,SAT_15952,1.756993819,51.01294671,SAT_21199,3.983005807,58.13504607
frame-g-003525-1-0207,1,No match,FALSE,N/A,inf,186.0302015,8.985758901,186.1686437,9.023146411,FOVNotMatch,2002/12/11 12:00:59.00,SAT_27526,0.013763796,31.13388111,SAT_15952,1.756993819,51.01745649,SAT_21199,3.983005807,58.13955585
frame-g-003525-5-0210,1,No match,FALSE,N/A,inf,186.5612702,10.84943061,186.6321887,10.70617626,FOVNotMatch,2002/12/11 12:02:46.00,SAT_26989,3.848723794,5.752342013,SAT_13875,2.891020505,41.75804863,SAT_21199,3.983005807,42.50254864
frame-g-003530-2-0156,1,Success,TRUE,SAT_25485,2.971505896,139.6529571,36.94871108,139.7170703,37.03590369,,2002/12/13 10:17:23.00,SAT_25485,1.539889422,2.971505896,SAT_21753,4.994597715,25.15171044,SAT_19228,5.896697932,35.77134973
frame-g-003525-3-0213,1,No match,FALSE,N/A,inf,186.9184818,9.824062141,187.0373524,9.908371355,FOVNotMatch,2002/12/11 12:04:34.00,SAT_15952,2.369680894,30.21363085,SAT_21199,5.345345695,37.09710962,SAT_13875,1.69235448,37.37431053
frame-g-003525-3-0214,1,No match,FALSE,N/A,inf,187.167268,9.783052829,187.2353188,9.830842573,FOVNotMatch,2002/12/11 12:05:10.00,SAT_15952,2.369680894,30.48697737,SAT_21199,5.345345695,37.37045613,SAT_13875,1.69235448,37.64765705
frame-g-003530-6-0280,1,No match,FALSE,N/A,inf,161.3692135,46.28411954,161.450934,46.31076295,FOVNotMatch,2002/12/13 11:31:25.00,SAT_22192,3.465332009,44.50065726,SAT_11896,2.553986521,82.10363805,SAT_25379,4.632831404,87.18075001
frame-g-003530-6-0281,1,No match,FALSE,N/A,inf,161.5850926,46.30896045,161.8017344,46.37807382,FOVNotMatch,2002/12/13 11:32:01.00,SAT_22192,3.465332009,44.95955757,SAT_11896,2.553986521,81.64473774,SAT_25379,4.632831404,86.7218497
frame-g-003530-4-0321,1,No match,FALSE,N/A,inf,170.4057356,46.99573789,170.4702651,46.95022276,FOVNotMatch,2002/12/13 11:55:54.00,SAT_12159,5.698496526,9.178544783,SAT_24963,4.656212991,10.84604874,SAT_11896,4.924021233,13.47691465
frame-g-003525-2-0234,1,No match,FALSE,N/A,inf,190.1998045,9.553476559,190.2438577,9.329520503,FOVNotMatch,2002/12/11 12:17:06.00,SAT_17290,2.134466548,36.38999334,SAT_10214,0.288219869,80.51562988,SAT_13875,9.509622246,N/A
frame-g-003525-2-0234,2,No match,FALSE,N/A,inf,190.2465805,9.329477719,190.2671981,9.404553016,FOVNotMatch,2002/12/11 12:17:06.00,SAT_17290,2.134466548,10.24772315,SAT_10214,0.288219869,73.34209993,SAT_13875,9.509622246,N/A
frame-g-003530-1-0325,1,No match,FALSE,N/A,inf,171.5332333,45.77845504,171.6779438,45.67435477,FOVNotMatch,2002/12/13 11:58:17.00,SAT_24963,5.23687742,11.50655193,SAT_11896,4.582178376,14.11310905,SAT_19168,5.948190939,15.65738666
frame-g-003530-1-0326,1,No match,FALSE,N/A,inf,171.8637431,45.89577711,171.9795889,45.8121917,FOVNotMatch,2002/12/13 11:58:53.00,SAT_24963,5.23687742,11.35542849,SAT_11896,4.582178376,13.96198561,SAT_19168,5.948190939,15.50626322
frame-g-003530-2-0343,1,No match,FALSE,N/A,inf,175.3785903,46.45209666,175.4717151,46.51689497,FOVNotMatch,2002/12/13 12:09:02.00,SAT_15808,1.749271549,18.52272492,SAT_22192,5.505742017,22.03340048,SAT_24963,2.752212009,76.07666888
frame-g-003530-2-0386,1,No match,FALSE,N/A,inf,184.6849514,46.97316332,184.7462808,47.02402962,FOVNotMatch,2002/12/13 12:34:43.00,SAT_21890,4.13758419,13.58779271,SAT_18883,4.577240137,14.06564031,SAT_19640,4.163255516,44.40824806
frame-g-003530-2-0386,2,No match,FALSE,N/A,inf,184.68422,47.00444321,184.7065952,47.00731432,FOVNotMatch,2002/12/13 12:34:43.00,SAT_21890,4.13758419,26.3248764,SAT_18883,4.577240137,53.97830942,SAT_24963,5.108267431,71.87511911
frame-g-003538-2-0214,1,No match,FALSE,N/A,inf,150.0502663,9.450721917,149.9496102,9.65278372,FOVNotMatch,2002/12/14 11:21:10.00,SAT_11926,4.84738039,39.89509679,SAT_01863,5.542260501,42.66700477,SAT_10953,4.948543603,54.52489731
frame-g-003538-2-0287,1,No match,FALSE,N/A,inf,160.9242676,10.61284801,161.0879314,10.64458481,FOVNotMatch,2002/12/14 12:04:45.00,SAT_25743,4.053511808,7.822543495,SAT_25334,5.486631306,8.075484417,SAT_04486,5.500199663,10.40277432
frame-g-003538-2-0288,1,No match,FALSE,N/A,inf,161.0783795,10.61014129,161.240701,10.64123091,FOVNotMatch,2002/12/14 12:05:21.00,SAT_25743,4.053511808,7.688626024,SAT_25334,5.486631306,7.941566946,SAT_04486,5.500199663,10.53669179
frame-g-003606-4-0097,1,No match,FALSE,N/A,inf,138.0465423,34.65670853,137.8169316,34.69002418,FOVNotMatch,2003/1/25 6:47:27.00,SAT_20303,1.64066402,18.90167233,SAT_21523,11.23073275,N/A,SAT_11141,12.99334797,N/A
frame-g-003605-3-0029,1,No match,FALSE,N/A,inf,114.9411102,18.79441203,114.9373821,18.85076085,FOVNotMatch,2003/1/25 4:14:09.00,SAT_21966,0.076462222,76.09953808,SAT_15235,17.69970333,N/A,SAT_5975U,10.87662475,N/A
frame-g-003600-2-0087,1,Success,TRUE,SAT_15697,3.754490381,147.104982,61.52384738,146.8696642,61.71893292,,2003/1/23 8:24:09.00,SAT_15697,5.643649459,3.754490381,SAT_19753,0.054316904,10.28686646,SAT_20710,3.605768915,60.66786856
frame-g-003610-2-0116,1,No match,FALSE,N/A,inf,54.04266603,39.96469479,53.96793309,39.97457196,FOVNotMatch,2003/1/27 3:33:41.00,SAT_26262,2.73470931,35.24557681,SAT_21753,3.639139144,46.68975832,SAT_07018,0.131813795,46.89965206
frame-g-003615-5-0069,1,No match,FALSE,N/A,inf,152.7999009,40.91154459,152.7359581,41.13407269,FOVNotMatch,2003/1/27 6:43:26.00,SAT_08546,3.657006259,41.63428592,SAT_8546U,3.663079668,41.67751557,SAT_8286U,5.803583476,54.23151982
frame-g-003563-6-0033,1,No match,FALSE,N/A,inf,170.0391521,1.219575962,170.2018383,1.267187073,FOVNotMatch,2002/12/31 12:31:38.00,SAT_23653,1.702055963,16.56961289,SAT_23415,2.889850032,17.53613688,SAT_22213,3.969000527,17.89824765
frame-g-003563-6-0034,1,No match,FALSE,N/A,inf,170.1891422,1.176682582,170.3516584,1.223606788,FOVNotMatch,2002/12/31 12:32:14.00,SAT_23653,1.702055963,16.36219539,SAT_23415,2.889850032,17.32871939,SAT_22213,3.969000527,17.69083016
frame-g-003563-6-0035,1,No match,FALSE,N/A,inf,170.3416462,1.134055497,170.5014258,1.180378765,FOVNotMatch,2002/12/31 12:32:50.00,SAT_23653,1.702055963,16.42458579,SAT_23415,2.889850032,17.39110979,SAT_22213,3.969000527,17.75322055
frame-g-003563-5-0036,1,Success,TRUE,SAT_01865,4.536963203,170.6386535,0.700554464,170.6122647,0.854229007,,2002/12/31 12:33:25.00,SAT_01865,2.728486722,4.536963203,SAT_19233,5.47233888,9.230804911,SAT_4383U,1.435867231,23.15120641
frame-g-003565-1-0165,1,No match,FALSE,N/A,inf,35.25681316,-1.114188528,35.34110009,-1.034339819,FOVNotMatch,2003/1/1 2:29:07.00,SAT_16229,3.105697407,10.80644854,SAT_12545,2.781699923,28.88514616,SAT_11571,3.720675084,29.68985005
frame-g-003565-1-0168,1,No match,FALSE,N/A,inf,35.73979792,-1.257760276,35.71192382,-1.033253388,FOVNotMatch,2003/1/1 2:30:55.00,SAT_23001,0.119017987,15.36751572,SAT_6267U,5.63579752,24.37130909,SAT_13552,0.389518938,52.76995162
frame-g-003565-2-0169,1,No match,FALSE,N/A,inf,35.98681836,-0.838109818,35.95890038,-0.614325461,FOVNotMatch,2003/1/1 2:31:31.00,SAT_23001,0.119017987,15.40203258,SAT_6267U,5.63579752,24.40582595,SAT_13552,0.389518938,52.80446847
frame-g-003565-4-0169,1,No match,FALSE,N/A,inf,35.88242422,0.000536867,35.85417341,0.224714137,FOVNotMatch,2003/1/1 2:31:31.00,SAT_23001,0.119017987,15.47399966,SAT_6267U,5.63579752,24.47779303,SAT_13552,0.389518938,52.87643556
frame-g-003631-4-0211,1,No match,FALSE,N/A,inf,148.0555661,12.0854724,148.0018481,12.19799359,FOVNotMatch,2003/1/28 9:31:15.00,SAT_18153,2.889288392,9.36542877,SAT_27500,5.722961796,73.01788762,SAT_13124,8.496596248,N/A
frame-g-003631-4-0211,2,No match,FALSE,N/A,inf,148.0994935,12.1230097,148.0121364,12.30516049,FOVNotMatch,2003/1/28 9:31:15.00,SAT_18153,2.889288392,9.271079908,SAT_27500,5.722961796,72.92353875,SAT_13124,8.496596248,N/A
frame-g-003631-4-0211,3,No match,FALSE,N/A,inf,148.0698947,12.09076706,147.9992673,12.30330363,FOVNotMatch,2003/1/28 9:31:15.00,SAT_18153,2.889288392,16.39092625,SAT_27500,5.722961796,80.0433851,SAT_13124,8.496596248,N/A
frame-g-003631-1-0222,1,No match,FALSE,N/A,inf,149.9018185,11.31712943,149.7857825,11.24259158,FOVNotMatch,2003/1/28 9:37:50.00,SAT_12497,1.044358266,25.82416505,SAT_16214,5.874540329,38.91510191,SAT_15946,5.675688034,39.24836788
frame-g-000752-6-0656,1,Success,TRUE,SAT_16452,1.436110726,241.8054136,0.844412579,241.8480343,0.961687607,,1999/3/21 11:18:36.00,SAT_16452,0.933430332,1.436110726,SAT_13565,3.820149726,36.21633272,SAT_14467,3.994639777,38.04554942
frame-g-000752-6-0560,1,Success,TRUE,SAT_07681,2.913949159,227.3458309,0.842003182,227.4253378,1.066490925,,1999/3/21 10:21:17.00,SAT_07681,5.368484999,2.913949159,SAT_16186,3.810930928,3.750409035,SAT_16961,5.227860284,38.75307498
frame-g-000752-4-0478,1,No match,FALSE,N/A,inf,215.1765823,0.002589965,215.0912539,0.226703962,FOVNotMatch,1999/3/21 9:32:19.00,SAT_12032,4.961484508,31.67999035,SAT_11896,0.031393261,41.68755002,SAT_14943,4.637113707,57.18309377
frame-g-000752-2-0605,1,No match,FALSE,N/A,inf,234.0796879,-0.610660039,234.1031875,-0.680654244,FOVNotMatch,1999/3/21 10:48:09.00,SAT_15265,4.106313563,20.82779499,SAT_22633,0.33004744,36.78545935,SAT_13910,3.264634621,39.68053001
frame-g-000756-4-0088,1,No match,FALSE,N/A,inf,128.9317775,0.360215556,129.076895,0.388565594,FOVNotMatch,1999/3/22 3:44:57.00,SAT_25154,5.886030264,6.507630972,SAT_17561,2.749871405,8.476857074,SAT_21533,1.111643855,8.727908249
frame-g-000756-1-0192,1,No match,FALSE,N/A,inf,144.4972231,-0.982724067,144.6605532,-1.006562271,FOVNotMatch,1999/3/22 4:47:03.00,SAT_04902,5.755036411,5.143286396,SAT_15946,5.771892336,5.204474621,SAT_12544,5.222951804,5.671970136
frame-g-000756-1-0195,1,Success,TRUE,SAT_23866,3.794160659,144.9462949,-0.918274098,145.1093462,-0.94136011,,1999/3/22 4:48:51.00,SAT_23866,5.882228162,3.794160659,SAT_04250,5.408239031,6.13589639,SAT_02969,4.086010662,6.871797933
frame-g-000756-1-0197,1,Success,TRUE,SAT_23866,3.772846332,145.2455274,-0.875907441,145.4081351,-0.898869243,,1999/3/22 4:50:02.00,SAT_23866,5.882228162,3.772846332,SAT_04250,5.408239031,6.157210716,SAT_02969,4.086010662,6.893112259
frame-g-000756-6-0201,1,No match,FALSE,N/A,inf,145.8625695,1.052538298,145.9564547,1.277001055,FOVNotMatch,1999/3/22 4:52:26.00,SAT_20469,4.374456527,45.72760469,SAT_15994,0.62571532,66.09429869,SAT_16101,0.344832327,66.19856494
frame-g-000756-6-0794,1,No match,FALSE,N/A,inf,234.7667837,1.098835272,234.7754517,1.072821159,FOVNotMatch,1999/3/22 10:46:32.00,SAT_22633,0.027936372,36.96944657,SAT_21533,5.690244433,66.59225516,SAT_16101,5.259352155,67.38106025
frame-g-000756-2-0694,1,Success,TRUE,SAT_24754,3.762644633,219.7583678,-0.621680014,219.8049149,-0.605555091,,1999/3/22 9:46:49.00,SAT_24754,5.441156857,3.762644633,SAT_24799,5.06847868,18.519609,SAT_24315,5.861861809,19.07260925
frame-g-000756-2-0661,1,Success,TRUE,SAT_21181,1.419903005,214.7617436,-0.398452323,214.8471704,-0.62316705,,1999/3/22 9:27:06.00,SAT_21181,3.959923879,1.419903005,SAT_12032,4.29679647,31.66990349,SAT_13378,3.597783102,39.12926485
frame-g-000756-2-0748,1,No match,FALSE,N/A,inf,227.7253392,-0.503765821,227.8883166,-0.475126349,FOVNotMatch,1999/3/22 10:19:03.00,SAT_24315,5.857065132,9.930409863,SAT_22911,5.465345364,9.93326429,SAT_21222,4.837650568,9.94052256
frame-g-000756-1-0766,1,No match,FALSE,N/A,inf,230.4194833,-0.953680523,230.5477526,-0.843628184,FOVNotMatch,1999/3/22 10:29:48.00,SAT_12445,5.525939502,18.13505215,SAT_08195,3.941381931,27.91682473,SAT_08785,1.215280907,30.88868451
frame-g-000994-3-0039,1,Success,TRUE,SAT_11881,2.365701102,83.08065148,2.73562911,83.13247663,2.868127765,,1999/10/6 11:11:07.00,SAT_11881,0.569316361,2.365701102,SAT_23518,3.761833282,5.100806802,SAT_23793,0.115806143,11.58352143
frame-g-000994-1-0042,1,Success,TRUE,SAT_23793,1.343042642,83.29782504,2.043355676,83.25455584,1.822907712,,1999/10/6 11:12:55.00,SAT_23793,0.115806143,1.343042642,SAT_23518,3.761833282,5.139671986,SAT_11881,0.569316361,7.874777685
frame-g-001000-6-0073,1,Success,TRUE,SAT_09495,2.882570172,355.1777188,55.90684996,355.2269472,55.9630769,,1999/10/7 5:26:22.00,SAT_09495,3.306150342,2.882570172,SAT_22181,3.704787756,18.55403798,SAT_22657,4.901822256,28.16487548
frame-g-001011-5-0015,1,No match,FALSE,N/A,inf,357.4335287,15.52632308,357.5843897,15.56904126,FOVNotMatch,1999/10/8 8:46:06.00,SAT_10059,4.261049223,62.34855663,SAT_18241,11.26138527,N/A,SAT_21276,15.08842429,N/A
frame-g-000994-6-0074,1,No match,FALSE,N/A,inf,88.53160557,2.831622894,88.59551502,2.779002329,FOVNotMatch,1999/10/6 11:32:01.00,SAT_22923,5.626394426,7.992809459,SAT_23490,2.062423467,24.97892533,SAT_25025,4.875138312,39.57799091
frame-g-001009-5-0187,1,No match,FALSE,N/A,inf,335.8574331,0.699642887,335.9344179,0.680817797,FOVNotMatch,1999/10/8 6:12:22.00,SAT_19773,1.434045755,6.865056432,SAT_25922,5.935681396,13.75604416,SAT_00011,4.563414931,14.58564199
frame-g-001009-5-0187,2,No match,FALSE,N/A,inf,335.8338757,0.637004031,335.8409469,0.676567295,FOVNotMatch,1999/10/8 6:12:22.00,SAT_13127,5.847783092,27.99949823,SAT_12110,1.200809907,33.55666861,SAT_05977,5.144851332,47.57136647
frame-g-001006-1-0052,1,Success,TRUE,SAT_25667,3.879085889,70.27571166,-1.133258146,70.36612903,-1.147562483,,1999/10/7 11:43:16.00,SAT_25667,5.025871426,3.879085889,SAT_08751,3.775373854,5.953661898,SAT_19484,5.523239403,8.96576661
frame-g-001006-1-0056,1,Success,TRUE,SAT_25667,3.892746977,70.87427941,-1.038255492,71.03781348,-1.064087954,,1999/10/7 11:45:39.00,SAT_25667,5.025871426,3.892746977,SAT_08751,3.775373854,5.967322986,SAT_19484,5.523239403,8.952105521
frame-g-001006-1-0057,1,Success,TRUE,SAT_25667,3.93904567,71.02407488,-1.014451921,71.18637561,-1.039955371,,1999/10/7 11:46:15.00,SAT_25667,5.025871426,3.93904567,SAT_08751,3.775373854,6.013621679,SAT_19484,5.523239403,8.905806829
frame-g-001006-1-0058,1,Success,TRUE,SAT_25667,3.931684694,71.17368949,-0.990993997,71.33702847,-1.016682279,,1999/10/7 11:46:51.00,SAT_25667,5.025871426,3.931684694,SAT_08751,3.775373854,6.006260703,SAT_19484,5.523239403,8.913167805
frame-g-001009-1-0214,1,No match,FALSE,N/A,inf,339.9143009,-0.816300586,339.9762984,-0.928879503,FOVNotMatch,1999/10/8 6:28:30.00,SAT_03758,1.155098704,51.42287541,SAT_19773,2.614485946,52.64457518,SAT_23232,1.529822109,59.97481312
frame-g-001006-1-0060,1,Success,TRUE,SAT_25667,4.287879123,71.50614348,-0.948737683,71.63575994,-0.969009787,,1999/10/7 11:48:02.00,SAT_25667,5.170296728,4.287879123,SAT_08751,4.069862453,6.056684327,SAT_23877,5.552078481,8.864690947
frame-g-001006-5-0015,1,No match,FALSE,N/A,inf,64.73664753,0.650578411,64.76486438,0.62846646,FOVNotMatch,1999/10/7 11:21:10.00,SAT_03749,2.649650061,10.76219944,SAT_08751,4.086549653,23.22752224,SAT_24313,5.975326805,38.08249923
frame-g-001006-5-0016,1,No match,FALSE,N/A,inf,64.90318262,0.754628789,65.04957762,0.640059036,FOVNotMatch,1999/10/7 11:21:46.00,SAT_03749,2.649650061,10.79868196,SAT_08751,4.086549653,23.19103972,SAT_24313,5.975326805,38.0460167
frame-g-001010-4-0078,1,No match,FALSE,N/A,inf,24.05583636,-2.147250475,24.04922695,-1.922912343,FOVNotMatch,1999/10/8 7:36:27.00,SAT_10585,2.363108718,17.08378902,SAT_25614,4.832748463,21.17092528,SAT_05587,5.646330408,74.95391349
frame-g-001013-6-0040,1,No match,FALSE,N/A,inf,62.46168153,1.064773841,62.50313237,1.173334911,FOVNotMatch,1999/10/8 11:02:44.00,SAT_14173,0.081101539,44.37867675,SAT_12561,5.646588181,49.59760753,SAT_17969,2.185965888,58.52099948
frame-g-001013-5-0042,1,No match,FALSE,N/A,inf,62.87767921,0.585059318,62.9248442,0.70766543,FOVNotMatch,1999/10/8 11:03:56.00,SAT_14173,0.081101539,44.5243101,SAT_12561,5.646588181,49.74324088,SAT_17969,2.185965888,58.37536614
frame-g-001013-6-0087,1,Success,TRUE,SAT_03814,0.576738292,69.54684278,1.129694636,69.57125779,1.174122628,,1999/10/8 11:30:48.00,SAT_03814,3.646151951,0.576738292,SAT_12257,3.609320017,12.37337863,SAT_21386,5.810446376,20.79195765
frame-g-001013-6-0087,2,Success,TRUE,SAT_03814,0.387819218,69.49843953,1.041619809,69.51677363,1.074724309,,1999/10/8 11:30:48.00,SAT_03814,3.646151951,0.387819218,SAT_12257,3.609320017,12.5622977,SAT_21386,5.810446376,20.98087673
frame-g-001024-3-0068,1,Success,TRUE,SAT_24313,0.107505563,46.30802767,-7.639028935,46.35183032,-7.638943174,,1999/10/12 10:11:11.00,SAT_24313,5.901434332,0.107505563,SAT_23754,5.770071225,0.109071316,SAT_23877,2.485548916,0.158079675
frame-g-001024-4-0069,1,Success,TRUE,SAT_25928,1.380237379,46.4123274,-7.231463033,46.55393157,-7.270864751,,1999/10/12 10:11:46.00,SAT_25928,3.210715163,1.380237379,SAT_16293,5.710353654,10.63814198,SAT_25922,5.176901735,15.60684645
frame-g-001024-4-0070,1,Success,TRUE,SAT_25928,1.274687945,46.68400575,-7.189099596,46.72649806,-7.200840929,,1999/10/12 10:12:22.00,SAT_25928,3.210715163,1.274687945,SAT_16293,5.710353654,10.74369142,SAT_25922,5.176901735,15.50129701
frame-g-001033-4-0126,1,No match,FALSE,N/A,inf,335.9525279,0.33455673,336.0045143,0.433026525,FOVNotMatch,1999/10/13 5:20:12.00,SAT_23877,5.596109308,62.19838796,SAT_21906,5.794648537,62.20383647,SAT_19484,5.591259304,62.20928701
frame-g-001033-4-0102,1,No match,FALSE,N/A,inf,332.2574606,0.218086257,332.3443642,0.369499473,FOVNotMatch,1999/10/13 5:05:53.00,SAT_12641,4.526444885,17.9779501,SAT_18789,4.684226419,29.89890959,SAT_21847,4.003840171,43.95596366
frame-g-001033-1-0094,1,No match,FALSE,N/A,inf,331.1053321,-1.040221884,331.1633895,-0.815830024,FOVNotMatch,1999/10/13 5:01:06.00,SAT_21847,0.008404523,28.95180879,SAT_02498,1.645543463,36.9453813,SAT_08563,3.541237235,38.37758417
frame-g-001024-2-0130,1,Success,TRUE,SAT_16293,3.335042524,55.64923726,-6.912303335,55.76425044,-6.964599948,,1999/10/12 10:48:12.00,SAT_16293,2.893122432,3.335042524,SAT_01588,5.200397539,24.3269649,SAT_25922,5.76936931,24.53561467
frame-g-001024-5-0142,1,No match,FALSE,N/A,inf,57.30011432,-5.345166014,57.37695453,-5.248497307,FOVNotMatch,1999/10/12 10:55:21.00,SAT_06853,0.922490325,27.93740028,SAT_11115,5.964613743,40.45541575,SAT_13636,4.505096842,40.74918979
frame-g-001035-2-0055,1,No match,FALSE,N/A,inf,13.89068575,14.0195307,13.95270367,14.02015712,FOVNotMatch,1999/10/13 7:55:50.00,SAT_01520,0.620043942,75.9935906,SAT_13080,5.322165717,78.79593392,SAT_08396,2.731649857,80.35162639
frame-g-001035-4-0070,1,No match,FALSE,N/A,inf,16.21485154,14.74075156,16.30805118,14.751819,FOVNotMatch,1999/10/13 8:04:47.00,SAT_04259,5.002286135,63.44804002,SAT_13080,3.284686274,72.26444341,SAT_02933,2.472299894,88.866792
frame-g-001035-5-0086,1,No match,FALSE,N/A,inf,18.69842268,15.23919222,18.73760817,15.04843654,FOVNotMatch,1999/10/13 8:14:20.00,SAT_13080,0.018291906,22.08540218,SAT_01271,4.036434569,30.51722306,SAT_15390,2.449241491,77.31960101
frame-g-001035-3-0176,1,No match,FALSE,N/A,inf,32.39248773,13.00883455,32.49271471,13.02682901,FOVNotMatch,1999/10/13 9:08:04.00,SAT_25307,5.79520027,51.3680657,SAT_04141,4.387937873,52.52856286,SAT_05187,2.34119751,53.02267091
frame-g-001037-2-0037,1,No match,FALSE,N/A,inf,45.17325423,-8.313041735,45.2218651,-8.273084408,FOVNotMatch,1999/10/13 10:21:19.00,SAT_20488,0.690554061,27.08541364,SAT_19094,3.544728245,30.55393152,SAT_20086,4.98154128,32.42467224
frame-g-001037-6-0078,1,No match,FALSE,N/A,inf,51.12746806,-6.00742657,51.21346142,-6.097567611,FOVNotMatch,1999/10/13 10:45:47.00,SAT_25922,2.225422677,46.45452424,SAT_19484,5.23809694,46.46902963,SAT_21906,3.083425497,46.46921148
frame-g-001037-5-0103,1,No match,FALSE,N/A,inf,54.91023184,-5.874745719,54.96208586,-5.808815133,FOVNotMatch,1999/10/13 11:00:43.00,SAT_22293,2.504493275,27.56626516,SAT_19094,3.096925635,42.99419795,SAT_20266,2.427097624,45.02543238
frame-g-001043-5-0023,1,No match,FALSE,N/A,inf,3.257358665,15.69983833,3.269513339,15.67232976,FOVNotMatch,1999/10/14 7:13:46.00,SAT_07629,4.618425163,34.36571866,SAT_23492,0.327243528,73.80593312,SAT_17145,3.681086991,77.55219125
frame-g-001043-1-0053,1,Success,TRUE,SAT_06153,4.513557608,7.901067248,14.14958638,8.068747859,14.15607514,,1999/10/14 7:31:41.00,SAT_06153,4.289696835,4.513557608,SAT_23487,2.815054086,61.76805652,SAT_07373,4.689482901,73.50985946
frame-g-001043-1-0054,1,Success,TRUE,SAT_06153,4.678162126,8.150207061,14.14322626,8.223297116,14.14585083,,1999/10/14 7:32:16.00,SAT_06153,4.289696835,4.678162126,SAT_23487,2.815054086,61.60345201,SAT_07373,4.689482901,73.34525494
frame-g-001037-3-0150,1,Success,TRUE,SAT_21549,2.387527916,62.0509816,-5.875908126,62.06232995,-5.661599713,,1999/10/13 11:28:47.00,SAT_21549,3.661478285,2.387527916,SAT_17589,5.136222203,7.891963432,SAT_19094,3.599748321,78.30772456
frame-g-001037-4-0150,1,Success,TRUE,SAT_21549,2.273707116,62.07254156,-5.461847848,62.08508718,-5.233398839,,1999/10/13 11:28:47.00,SAT_21549,3.661478285,2.273707116,SAT_17589,5.136222203,7.778142632,SAT_19094,3.599748321,78.19390376
frame-g-001037-3-0151,1,Success,TRUE,SAT_23111,0.068292908,62.20066583,-5.856665725,62.21065274,-5.856189561,,1999/10/13 11:29:23.00,SAT_23111,2.799437826,0.068292908,SAT_15994,0.046828014,1.610587793,SAT_21129,4.911075736,1.924355248
frame-g-001037-3-0151,2,Success,TRUE,SAT_21549,2.330095485,62.34815628,-5.845647567,62.35261,-5.763120964,,1999/10/13 11:29:23.00,SAT_21549,3.661478285,2.330095485,SAT_17589,5.136222203,7.834531001,SAT_19094,3.599748321,78.25029213
frame-g-001037-3-0161,1,No match,FALSE,N/A,inf,63.66555022,-5.480840407,63.71979154,-5.527691391,FOVNotMatch,1999/10/13 11:35:21.00,SAT_12445,2.144357172,18.38339616,SAT_19904,5.388453582,24.52330261,SAT_25922,0.38251317,40.86544665
frame-g-001037-3-0162,1,No match,FALSE,N/A,inf,63.90598678,-5.387741263,63.97922731,-5.45042884,FOVNotMatch,1999/10/13 11:35:57.00,SAT_12445,2.144357172,18.12102603,SAT_19904,5.388453582,24.78567274,SAT_25922,0.38251317,40.60307653
frame-g-001037-2-0175,1,Success,TRUE,SAT_25661,2.046478014,65.82252517,-5.655008132,65.97669751,-5.617877036,,1999/10/13 11:43:42.00,SAT_25661,5.339603845,2.046478014,SAT_23968,2.614720331,4.753764372,SAT_19094,4.01489074,5.141427546
frame-g-001043-2-0227,1,No match,FALSE,N/A,inf,34.69444471,12.69737648,34.73051685,12.46620189,FOVNotMatch,1999/10/14 9:15:34.00,SAT_18599,5.881668792,16.09906642,SAT_22779,5.01021923,25.82542582,SAT_13643,17.54103399,N/A
frame-g-001043-3-0228,1,No match,FALSE,N/A,inf,34.9690696,12.85900552,34.93400259,13.0893824,FOVNotMatch,1999/10/14 9:16:10.00,SAT_18599,5.881668792,15.87710656,SAT_22779,5.01021923,26.04738568,SAT_13643,17.54103399,N/A
frame-g-001037-2-0187,1,No match,FALSE,N/A,inf,67.64852664,-5.468039819,67.70489854,-5.304983756,FOVNotMatch,1999/10/13 11:50:52.00,SAT_25451,4.211341664,26.72517827,SAT_03510,4.085068612,56.68173051,SAT_21829,5.932185558,58.27849842
frame-g-001045-4-0161,1,Success,TRUE,SAT_19332,2.169105475,58.07929162,-5.714110675,58.24077828,-5.683212096,,1999/10/14 11:19:13.00,SAT_19332,0.093043764,2.169105475,SAT_23177,5.777581035,3.388735702,SAT_15825,5.78197001,4.265525385
frame-g-001045-4-0161,2,Success,TRUE,SAT_22910,0.342772903,58.11813197,-5.593017528,58.18253151,-5.589958214,,1999/10/14 11:19:13.00,SAT_22910,2.250876065,0.342772903,SAT_24820,5.965011836,1.104916487,SAT_15994,3.229827588,1.616361417
frame-g-001045-4-0162,1,Success,TRUE,SAT_19332,2.182137316,58.22941489,-5.700587351,58.39022293,-5.669855638,,1999/10/14 11:19:49.00,SAT_19332,0.093043764,2.182137316,SAT_23177,5.777581035,3.401767543,SAT_15825,5.78197001,4.252493544
frame-g-001045-4-0163,1,Success,TRUE,SAT_19332,2.092990372,58.37925466,-5.68738275,58.54065535,-5.65627787,,1999/10/14 11:20:25.00,SAT_19332,0.093043764,2.092990372,SAT_23177,5.777581035,3.312620599,SAT_15825,5.78197001,4.341640488
frame-g-001045-4-0153,1,Success,TRUE,SAT_18328,0.542648313,56.87855831,-5.819856316,57.02755594,-5.791989957,,1999/10/14 11:14:27.00,SAT_18328,5.978636726,0.542648313,SAT_19332,0.017221551,2.846378187,SAT_15825,5.789258817,4.007691544
frame-g-001045-4-0156,1,Success,TRUE,SAT_18328,0.687757531,57.3290958,-5.780161128,57.48922701,-5.749792375,,1999/10/14 11:16:14.00,SAT_18328,5.978636726,0.687757531,SAT_19332,0.017221551,2.701268969,SAT_15825,5.789258817,4.152800762
frame-g-001045-4-0158,1,Success,TRUE,SAT_18328,0.537896616,57.62895134,-5.753263902,57.78962138,-5.723224645,,1999/10/14 11:17:26.00,SAT_18328,5.978636726,0.537896616,SAT_19332,0.017221551,2.851129883,SAT_15825,5.789258817,4.002939848
frame-g-001045-6-0141,1,Success,TRUE,SAT_22910,0.67014273,54.97557819,-5.224680536,55.03588632,-5.2221915,,1999/10/14 11:07:17.00,SAT_22910,2.389695105,0.67014273,SAT_24820,5.941444769,0.792123594,SAT_15994,3.432277324,1.942846045
frame-g-001045-4-0168,1,Success,TRUE,SAT_19332,1.594300503,59.12989091,-5.621114056,59.29098958,-5.589838163,,1999/10/14 11:23:24.00,SAT_19332,0.82965705,1.594300503,SAT_23177,5.401433534,3.068287306,SAT_15825,5.775775261,4.439320612
frame-g-001045-4-0169,1,Success,TRUE,SAT_19332,1.55815237,59.27985058,-5.607675895,59.44113904,-5.576257292,,1999/10/14 11:24:00.00,SAT_19332,0.82965705,1.55815237,SAT_23177,5.401433534,3.032139173,SAT_15825,5.775775261,4.475468745
frame-g-001045-4-0170,1,No match,FALSE,N/A,inf,59.49439607,-5.399891789,59.55025823,-5.554307881,FOVNotMatch,1999/10/14 11:24:36.00,SAT_21288,3.592231339,8.229378131,SAT_21549,2.085276784,26.2374194,SAT_24919,1.968096212,59.30866605
frame-g-001045-4-0170,2,Success,TRUE,SAT_19332,1.620094788,59.43008686,-5.59408532,59.59044842,-5.56302568,,1999/10/14 11:24:36.00,SAT_19332,0.82965705,1.620094788,SAT_23177,5.401433534,3.094081591,SAT_15825,5.775775261,4.413526327
frame-g-001045-4-0175,1,Success,TRUE,SAT_19332,0.925005903,60.18019712,-5.527845644,60.34103003,-5.495964893,,1999/10/14 11:27:35.00,SAT_19332,2.679112812,0.925005903,SAT_23177,5.011448745,2.677301524,SAT_15825,5.769798583,4.685934369
frame-g-001045-3-0200,1,Success,TRUE,SAT_23177,1.260982106,63.93096721,-5.194917406,64.09096389,-5.160801565,,1999/10/14 11:42:31.00,SAT_23177,3.534011568,1.260982106,SAT_15825,5.790597585,5.604869346,SAT_20502,3.376667137,5.631602709
frame-g-001045-3-0201,1,Success,TRUE,SAT_23177,1.400084657,64.08121159,-5.181407885,64.24174762,-5.147582067,,1999/10/14 11:43:06.00,SAT_23177,3.534011568,1.400084657,SAT_15825,5.790597585,5.465766795,SAT_20502,3.376667137,5.492500157
frame-g-001045-3-0202,1,Success,TRUE,SAT_23177,1.280561903,64.23151051,-5.168107649,64.39125248,-5.134101538,,1999/10/14 11:43:42.00,SAT_23177,3.534011568,1.280561903,SAT_15825,5.790597585,5.585289549,SAT_20502,3.376667137,5.612022911
frame-g-001045-3-0203,1,Success,TRUE,SAT_23177,1.262948875,64.38142528,-5.154847998,64.54138263,-5.12074411,,1999/10/14 11:44:18.00,SAT_23177,3.534011568,1.262948875,SAT_15825,5.790597585,5.602902577,SAT_20502,3.376667137,5.629635939
frame-g-001045-3-0205,1,Success,TRUE,SAT_23177,1.151123906,64.68145575,-5.128293679,64.84138621,-5.093868817,,1999/10/14 11:45:30.00,SAT_23177,3.534011568,1.151123906,SAT_15825,5.790597585,5.714727546,SAT_20502,3.376667137,5.741460908
frame-g-001045-3-0205,2,Success,TRUE,SAT_21129,0.213961317,64.83374023,-5.043643413,64.80948611,-5.045706405,,1999/10/14 11:45:30.00,SAT_21129,1.887254641,0.213961317,SAT_21792,1.483318367,0.316831584,SAT_15994,3.1765734,0.50084103
frame-g-001045-5-0208,1,Success,TRUE,SAT_22117,0.613339799,65.07669991,-4.301455559,65.17595062,-4.300375152,,1999/10/14 11:47:17.00,SAT_22117,1.046292576,0.613339799,SAT_22096,4.163627191,0.635898804,SAT_23016,1.979619226,0.656328595
frame-g-001045-3-0211,1,Success,TRUE,SAT_23177,0.867022482,65.58118515,-5.048303448,65.74193761,-5.013422585,,1999/10/14 11:49:05.00,SAT_23177,3.043832904,0.867022482,SAT_10227,0.083477116,3.031022666,SAT_15825,5.740379938,5.845491279
frame-g-001045-3-0212,1,Success,TRUE,SAT_23177,0.831781612,65.73120074,-5.034932785,65.89115164,-5.00012247,,1999/10/14 11:49:40.00,SAT_23177,3.043832904,0.831781612,SAT_10227,0.083477116,2.995781797,SAT_15825,5.740379938,5.880732148
frame-g-001045-3-0213,1,Success,TRUE,SAT_23177,0.705716557,65.88126827,-5.021762917,66.04134051,-4.986557703,,1999/10/14 11:50:16.00,SAT_23177,3.043832904,0.705716557,SAT_10227,0.083477116,2.869716741,SAT_15825,5.740379938,6.006797204
frame-g-001045-3-0218,1,Success,TRUE,SAT_23177,0.396854095,66.63165195,-4.955171898,66.79173785,-4.919752861,,1999/10/14 11:53:15.00,SAT_23177,2.403920161,0.396854095,SAT_15825,5.770921924,6.127806266,SAT_20502,3.350087003,6.146228087
frame-g-001056-2-0179,1,No match,FALSE,N/A,inf,350.9523494,-0.824087299,350.9801283,-0.851660311,FOVNotMatch,1999/10/16 8:31:23.00,SAT_19422,0.41746109,41.07826575,SAT_24829,1.63855984,48.28154058,SAT_12803,5.27649237,54.3128869
frame-g-001056-2-0180,1,No match,FALSE,N/A,inf,351.1021278,-0.677538543,351.2656213,-0.837790336,FOVNotMatch,1999/10/16 8:31:59.00,SAT_19422,0.41746109,41.43937045,SAT_24829,1.63855984,47.92043587,SAT_12803,5.27649237,53.95178219
frame-g-001056-6-0143,1,No match,FALSE,N/A,inf,345.5616556,0.92262395,345.6471733,1.050704512,FOVNotMatch,1999/10/16 8:09:53.00,SAT_19996,4.121025958,21.56108135,SAT_04718,5.681849287,45.08111179,SAT_23671,2.710571917,45.29818178
frame-g-001056-2-0181,1,No match,FALSE,N/A,inf,351.3931339,-0.669170493,351.4154324,-0.691249047,FOVNotMatch,1999/10/16 8:32:35.00,SAT_25116,0.871066601,35.6808854,SAT_13762,0.690379893,45.39897691,SAT_10450,1.439070116,54.16140094
frame-g-001057-1-0029,1,Success,TRUE,SAT_08747,4.010272248,59.27953318,-1.107580662,59.44312443,-1.138321474,,1999/10/16 9:33:27.00,SAT_08747,4.288219817,4.010272248,SAT_11635,5.981805022,9.10943101,SAT_25913,4.393718763,10.47850846
frame-g-001057-1-0030,1,Success,TRUE,SAT_08747,3.856350261,59.43012165,-1.079119861,59.59216317,-1.110020592,,1999/10/16 9:34:02.00,SAT_08747,4.288219817,3.856350261,SAT_11635,5.981805022,9.263352996,SAT_25913,4.393718763,10.63243044
frame-g-001057-1-0031,1,Success,TRUE,SAT_08747,3.669821811,59.67197763,-1.06839629,59.74188307,-1.081963054,,1999/10/16 9:34:38.00,SAT_08747,4.288219817,3.669821811,SAT_11635,5.981805022,9.449881446,SAT_25913,4.393718763,10.81895889
frame-g-001057-3-0050,1,Success,TRUE,SAT_21630,2.259325547,62.4713721,-0.31235199,62.54370837,-0.118533058,,1999/10/16 9:45:59.00,SAT_21630,5.492403628,2.259325547,SAT_23632,1.263145745,4.441072371,SAT_18719,5.550415413,23.8195307
frame-g-001057-2-0051,1,Success,TRUE,SAT_21630,2.259196522,62.61434547,-0.731837907,62.69794905,-0.507839171,,1999/10/16 9:46:35.00,SAT_21630,5.492403628,2.259196522,SAT_23632,1.263145745,4.440943346,SAT_18719,5.550415413,23.81965973
frame-g-001140-2-0130,1,No match,FALSE,N/A,inf,172.2901434,-3.050431246,172.3946473,-2.971148416,FOVNotMatch,2000/2/12 9:46:35.00,SAT_23244,2.985817462,27.5640338,SAT_18571,2.565325735,29.48966399,SAT_20705,2.734862829,36.95978697
frame-g-001142-5-0041,1,No match,FALSE,N/A,inf,232.2340383,0.742558947,232.3415667,0.669751978,FOVNotMatch,2000/2/12 12:40:33.00,SAT_21135,5.486764915,28.14895773,SAT_23847,0.615177141,28.2528627,SAT_22044,5.110686238,29.32791743
frame-g-001142-5-0044,1,No match,FALSE,N/A,inf,232.6281346,0.734015291,232.7516774,0.750840634,FOVNotMatch,2000/2/12 12:42:21.00,SAT_22796,5.587821496,8.842496168,SAT_19621,4.959604198,10.62793461,SAT_22044,5.110686238,12.53191894
frame-g-001142-5-0045,1,No match,FALSE,N/A,inf,232.8692636,0.727006181,232.939771,0.735918559,FOVNotMatch,2000/2/12 12:42:56.00,SAT_22796,5.587821496,8.291191373,SAT_19621,4.959604198,10.07662981,SAT_22044,5.110686238,11.98061414
frame-g-001140-1-0345,1,No match,FALSE,N/A,inf,204.6124801,-3.396886504,204.6908356,-3.245063296,FOVNotMatch,2000/2/12 11:54:57.00,SAT_14760,5.275188114,7.527170358,SAT_00574,2.363517882,27.495673,SAT_12675,4.156299731,29.33089056
frame-g-001140-3-0348,1,No match,FALSE,N/A,inf,204.9663854,-2.512703396,205.0707008,-2.327057059,FOVNotMatch,2000/2/12 11:56:44.00,SAT_14760,5.275188114,5.476097465,SAT_00574,2.363517882,29.54674589,SAT_12675,4.156299731,31.38196345
frame-g-001231-1-0072,1,Success,TRUE,SAT_14050,1.327122707,179.9586621,-3.713000755,180.1215144,-3.738914145,,2000/3/3 10:19:54.00,SAT_14050,4.985280465,1.327122707,SAT_15141,5.812438114,1.987030325,SAT_18578,4.422796531,2.548682996
frame-g-001231-1-0073,1,No match,FALSE,N/A,inf,180.1091688,-3.553861529,180.1575149,-3.522294168,FOVNotMatch,2000/3/3 10:20:30.00,SAT_21942,2.972042717,26.38204727,SAT_21223,1.355925892,27.85554215,SAT_08195,4.145656968,31.50607382
frame-g-001231-1-0073,2,Success,TRUE,SAT_14050,1.515770922,180.1953933,-3.703892159,180.2714959,-3.716258506,,2000/3/3 10:20:30.00,SAT_14050,4.985280465,1.515770922,SAT_15141,5.812438114,1.798382109,SAT_18578,4.422796531,2.737331212
frame-g-001231-1-0074,1,No match,FALSE,N/A,inf,180.3126634,-3.617602827,180.4225835,-3.545912888,FOVNotMatch,2000/3/3 10:21:06.00,SAT_21942,2.972042717,26.35331204,SAT_21223,1.355925892,27.82680693,SAT_12908,2.365286828,31.52592125
frame-g-001231-1-0110,1,No match,FALSE,N/A,inf,185.6585594,-3.687828668,185.7392443,-3.524871157,FOVNotMatch,2000/3/3 10:42:36.00,SAT_11079,3.837458303,38.35851574,SAT_02327,0.41048682,44.73543991,SAT_12198,3.138823544,56.8100823
frame-g-001231-1-0110,2,No match,FALSE,N/A,inf,185.7427,-3.576038741,185.799055,-3.749368999,FOVNotMatch,2000/3/3 10:42:36.00,SAT_11079,3.837458303,5.914185446,SAT_12198,3.138823544,12.53738112,SAT_25616,3.332712912,53.75455127
frame-g-001231-1-0147,1,Success,TRUE,SAT_14133,0.589156436,191.2084777,-3.629087519,191.3243081,-3.638943799,,2000/3/3 11:04:41.00,SAT_14133,3.73835678,0.589156436,SAT_20317,3.262910293,0.912223039,SAT_22248,2.291412663,2.208792855
frame-g-001231-1-0148,1,Success,TRUE,SAT_14133,0.447512749,191.3986763,-3.617694878,191.5218762,-3.628484606,,2000/3/3 11:05:17.00,SAT_14133,3.73835678,0.447512749,SAT_20317,3.262910293,0.770579352,SAT_25525,4.178652443,2.084017476
frame-g-001231-4-0171,1,Success,TRUE,SAT_04871,2.63954737,194.7982706,-2.294441226,194.8561711,-2.388648569,,2000/3/3 11:19:01.00,SAT_04871,2.646269833,2.63954737,SAT_21178,1.9726454,5.557450136,SAT_08620,1.223780448,44.98028873
frame-g-001233-1-0011,1,No match,FALSE,N/A,inf,200.9158923,-0.816235966,200.9565596,-0.897583756,FOVNotMatch,2000/3/3 12:05:07.00,SAT_12294,0.916650864,24.9846445,SAT_17256,4.481896624,44.20051791,SAT_16186,3.207881995,45.70415935
frame-g-001233-2-0031,1,Success,TRUE,SAT_22248,0.503452676,203.7885949,-0.567252214,203.9513458,-0.576326062,,2000/3/3 12:17:03.00,SAT_22248,5.534049178,0.503452676,SAT_23171,5.053030111,1.64447497,SAT_24786,4.79523747,3.149697259
frame-g-001239-2-0153,1,Success,TRUE,SAT_20169,4.773276896,143.1954388,-0.743584404,143.2801244,-0.75421058,,2000/3/4 6:11:07.00,SAT_20169,2.415353569,4.773276896,SAT_25913,4.695448933,7.154185968,SAT_22911,4.872878284,7.159863919
frame-g-003635-4-0037,1,No match,FALSE,N/A,inf,117.3907108,19.37510779,117.316199,19.36829951,FOVNotMatch,2003/1/29 3:34:42.00,SAT_23491,2.421779822,39.45605848,SAT_12185,2.195611906,53.69330217,SAT_27540,5.900233725,55.13489572
frame-g-003631-5-0479,1,No match,FALSE,N/A,inf,189.2213233,15.37821593,189.2397514,15.41906288,FOVNotMatch,2003/1/28 12:11:16.00,SAT_17216,0.078277574,7.610858094,SAT_10776,0.239623453,28.13217819,SAT_26113,5.614495983,40.04280191
frame-g-003631-5-0480,1,Success,TRUE,SAT_26113,2.820191245,189.400751,15.37460548,189.3436292,15.60015028,,2003/1/28 12:11:52.00,SAT_26113,5.614495983,2.820191245,SAT_10776,0.239623453,9.09043247,SAT_17216,0.078277574,29.61175257
frame-g-003631-3-0503,1,Success,TRUE,SAT_23466,2.811511685,192.8883786,14.49567981,192.8727929,14.66635159,,2003/1/28 12:25:36.00,SAT_23466,0.58200926,2.811511685,SAT_26113,3.082601383,11.66850245,SAT_20150,5.854962554,13.11145915
frame-g-003631-4-0504,1,Success,TRUE,SAT_23466,2.931182793,193.1630845,14.8532765,193.1420463,15.07789779,,2003/1/28 12:26:12.00,SAT_23466,0.58200926,2.931182793,SAT_26113,3.082601383,11.54883135,SAT_20150,5.854962554,12.99178804
frame-g-003631-3-0504,1,Success,TRUE,SAT_23466,3.09654691,193.1877539,14.59263714,193.1816816,14.65554808,,2003/1/28 12:26:12.00,SAT_23466,0.58200926,3.09654691,SAT_26113,3.082601383,11.38346723,SAT_20150,5.854962554,12.82642393
frame-g-003631-6-0435,1,No match,FALSE,N/A,inf,182.4133447,15.82196254,182.4957054,15.86100206,FOVNotMatch,2003/1/28 11:45:00.00,SAT_01000,3.722442293,35.29566315,SAT_1000U,3.726146532,35.29712297,SAT_2671U,0.201845208,50.84491675
frame-g-003631-5-0415,1,No match,FALSE,N/A,inf,179.2821021,15.34547613,179.2304943,15.56780217,FOVNotMatch,2003/1/28 11:33:04.00,SAT_23344,3.133964939,19.92650569,SAT_26360,5.436878237,20.52104318,SAT_5547U,0.06505454,24.95389728
frame-g-003631-1-0419,1,No match,FALSE,N/A,inf,179.9487267,13.90712976,179.8850533,13.84280762,FOVNotMatch,2003/1/28 11:35:27.00,SAT_05547,0.06638445,31.51772241,SAT_5547U,0.06505454,31.51882042,SAT_23344,3.133964939,36.54621201
frame-g-003631-1-0420,1,No match,FALSE,N/A,inf,180.1831825,13.83912885,180.2060644,13.86245995,FOVNotMatch,2003/1/28 11:36:03.00,SAT_05547,0.06638445,31.25438192,SAT_5547U,0.06505454,31.25547994,SAT_23344,3.133964939,36.28287152
frame-g-003635-3-0199,1,No match,FALSE,N/A,inf,140.0667428,32.69260967,139.9810101,32.70870936,FOVNotMatch,2003/1/29 5:11:25.00,SAT_16103,5.852221496,80.58025517,SAT_6252U,7.45552419,N/A,SAT_27540,9.505904333,N/A
frame-g-003631-3-0410,1,No match,FALSE,N/A,inf,178.6451461,14.5007462,178.6064206,14.51628216,FOVNotMatch,2003/1/28 11:30:05.00,SAT_26360,5.000657479,33.79918967,SAT_9588U,4.670571207,42.45295764,SAT_1613U,0.056658847,45.8507954
frame-g-003644-5-0112,1,No match,FALSE,N/A,inf,126.0055375,26.24440852,126.0080111,26.31430724,FOVNotMatch,2003/2/1 4:56:04.00,SAT_25961,3.676021085,43.1004119,SAT_08820,14.58006435,N/A,SAT_22849,14.82428799,N/A
frame-g-003644-1-0195,1,No match,FALSE,N/A,inf,139.1721613,31.54359986,139.0881283,31.47047839,FOVNotMatch,2003/2/1 5:45:38.00,SAT_13070,15.11691826,N/A,SAT_23622,15.77901129,N/A,SAT_15808,16.73699093,N/A
frame-g-003647-2-0141,1,No match,FALSE,N/A,inf,160.3704266,39.17411988,160.3474395,39.35851516,FOVNotMatch,2003/2/1 9:34:39.00,SAT_23396,5.51515715,18.99206898,SAT_22512,0.091943758,21.074151,SAT_21853,0.059923693,21.49435664
frame-g-003647-1-0142,1,No match,FALSE,N/A,inf,160.7963809,38.78967657,160.7695296,39.01624706,FOVNotMatch,2003/2/1 9:35:14.00,SAT_23396,5.51515715,19.23558099,SAT_22512,0.091943758,21.31766301,SAT_21853,0.059923693,21.73786865
frame-g-003647-4-0158,1,No match,FALSE,N/A,inf,163.4327624,40.76805847,163.2796784,40.8475696,FOVNotMatch,2003/2/1 9:44:47.00,SAT_19750,2.09405689,27.29403589,SAT_24968,4.060134653,32.44566226,SAT_10138,0.172248419,75.07500011
frame-g-003647-5-0160,1,No match,FALSE,N/A,inf,163.7424188,41.15369531,163.4710165,41.29512369,FOVNotMatch,2003/2/1 9:45:59.00,SAT_19750,2.09405689,27.03685391,SAT_24968,4.060134653,32.18848027,SAT_10138,0.172248419,75.33218209
frame-g-003650-6-0089,1,No match,FALSE,N/A,inf,203.4921298,49.38661287,203.7479077,49.47899525,FOVNotMatch,2003/2/1 12:19:00.00,SAT_16996,5.289616366,25.13944091,SAT_22178,5.419247565,29.16575234,SAT_21121,2.121257719,29.60839239
frame-g-003650-6-0102,1,No match,FALSE,N/A,inf,206.4479944,48.83050684,206.4755074,49.05823523,FOVNotMatch,2003/2/1 12:26:46.00,SAT_17216,2.38212386,17.42124392,SAT_21121,3.912222751,27.80189123,SAT_22297,0.584636984,44.71937116
frame-g-003650-6-0102,2,No match,FALSE,N/A,inf,206.4382788,48.8330095,206.4699606,49.0592975,FOVNotMatch,2003/2/1 12:26:46.00,SAT_17216,2.38212386,16.7044937,SAT_21121,3.912222751,27.08514101,SAT_22297,0.584636984,44.00262094
frame-g-003650-6-0102,3,No match,FALSE,N/A,inf,206.4572267,48.82822333,206.4816427,49.0574035,FOVNotMatch,2003/2/1 12:26:46.00,SAT_17216,2.38212386,17.95545435,SAT_21121,3.912222751,28.33610166,SAT_22297,0.584636984,45.25358159
frame-g-003650-1-0105,1,Success,TRUE,SAT_22297,3.331310172,206.2380192,46.68674533,206.3481121,46.74448147,,2003/2/1 12:28:33.00,SAT_22297,0.584636984,3.331310172,SAT_21121,3.912222751,20.2487901,SAT_17216,2.38212386,30.62943741
frame-g-003698-3-0137,1,Success,TRUE,SAT_7192U,4.029976737,177.8530456,46.84388221,177.7662446,46.94522381,,2003/3/6 8:44:52.00,SAT_7192U,0.993191297,4.029976737,SAT_18883,0.997666121,51.6462235,SAT_26867,11.88796738,N/A
frame-g-003698-5-0147,1,No match,FALSE,N/A,inf,180.0367391,47.80104018,179.9079684,47.95763077,FOVNotMatch,2003/3/6 8:50:50.00,SAT_18883,0.040017116,50.49728032,SAT_21545,4.812272664,56.74705224,SAT_10832,8.639860741,N/A
frame-g-003698-2-0193,1,No match,FALSE,N/A,inf,190.0514654,46.53551361,190.2008572,46.64839495,FOVNotMatch,2003/3/6 9:18:18.00,SAT_22178,5.888416807,14.880455,SAT_05214,4.447963075,26.55073086,SAT_5214U,4.448404658,26.55241842
frame-g-003704-4-0165,1,No match,FALSE,N/A,inf,158.0702097,39.23873161,157.9316696,39.3185041,FOVNotMatch,2003/3/7 7:31:39.00,SAT_6396U,1.418454278,7.789478995,SAT_06396,0.352646174,14.97683288,SAT_21011,2.455507269,23.26453586
frame-g-003705-1-0381,1,No match,FALSE,N/A,inf,255.450326,26.08075537,255.4807031,26.20548886,FOVNotMatch,2003/3/7 11:44:28.00,SAT_25101,0.164647804,9.388339491,SAT_10925,0.081287226,10.07500558,SAT_26569,4.376791951,13.11235738
frame-g-003712-5-0014,1,No match,FALSE,N/A,inf,164.5401469,56.21170014,164.5594044,56.30229381,FOVNotMatch,2003/3/10 8:43:57.00,SAT_22189,4.863135437,20.40924361,SAT_20707,3.84305446,22.13419178,SAT_22192,4.327652017,23.40756231
frame-g-003712-4-0015,1,No match,FALSE,N/A,inf,165.0081598,56.08681595,164.9537609,55.84299112,FOVNotMatch,2003/3/10 8:44:33.00,SAT_22189,4.863135437,20.02547447,SAT_20707,3.84305446,21.75042264,SAT_22192,4.327652017,23.02379317
frame-g-003712-1-0100,1,No match,FALSE,N/A,inf,188.1548486,56.34093662,188.1300446,56.41407529,FOVNotMatch,2003/3/10 9:35:18.00,SAT_11844,0.630981128,29.28184804,SAT_22633,1.330772622,36.48552447,SAT_22189,5.594234921,43.9283143
frame-g-003712-3-0198,1,No match,FALSE,N/A,inf,213.429662,53.85531492,213.3260366,53.8460732,FOVNotMatch,2003/3/10 10:33:49.00,SAT_06965,1.862458068,31.54530027,SAT_6965U,1.871302916,31.56676445,SAT_25847,5.864613382,47.12284097
frame-g-003712-1-0264,1,No match,FALSE,N/A,inf,226.3637527,48.20712778,226.7053527,48.26585941,FOVNotMatch,2003/3/10 11:13:14.00,SAT_15738,2.836854453,41.44264859,SAT_16922,0.064192553,48.67814817,SAT_00192,3.357005349,85.16377314
frame-g-003716-4-0228,1,No match,FALSE,N/A,inf,223.8289674,40.69028138,223.6639422,40.6643779,FOVNotMatch,2003/3/11 11:42:37.00,SAT_21426,4.969885386,47.8909794,SAT_23420,4.236105951,49.01916373,SAT_26837,2.419959416,77.30885275
frame-g-003716-1-0198,1,No match,FALSE,N/A,inf,217.720667,41.40538327,217.7824714,41.43170228,FOVNotMatch,2003/3/11 11:24:42.00,SAT_21426,0.899096981,31.91202268,SAT_23420,4.924158655,33.35436699,SAT_2375U,0.081642527,65.61949124
frame-g-003723-1-0073,1,No match,FALSE,N/A,inf,234.2019423,34.28582669,234.2619526,34.44871867,FOVNotMatch,2003/3/12 10:21:35.00,SAT_15738,16.50060076,N/A,SAT_21226,6.127977484,N/A,SAT_4789U,16.40395021,N/A
frame-g-003723-3-0074,1,No match,FALSE,N/A,inf,234.7895532,34.90162507,234.8250134,34.99503414,FOVNotMatch,2003/3/12 10:22:11.00,SAT_15738,16.50060076,N/A,SAT_21226,6.127977484,N/A,SAT_4789U,16.40395021,N/A
frame-g-003716-2-0250,1,No match,FALSE,N/A,inf,226.9103798,38.3516528,227.0339496,38.43366977,FOVNotMatch,2003/3/11 11:55:45.00,SAT_08895,1.115522993,35.5286536,SAT_8895U,1.11576077,35.52912655,SAT_20362,0.254585447,50.11871275
frame-g-003804-6-0024,1,No match,FALSE,N/A,inf,160.8174408,12.27732833,160.8906951,12.31092353,FOVNotMatch,2003/3/23 3:26:09.00,SAT_4882U,0.800351951,7.602579991,SAT_27488,3.392255964,28.09119933,SAT_19195,0.476112737,69.61754799
frame-g-003804-5-0068,1,No match,FALSE,N/A,inf,167.4954628,12.54698605,167.4752601,12.58278083,FOVNotMatch,2003/3/23 3:52:25.00,SAT_26483,0.045470832,49.92273519,SAT_13763,3.089592464,59.51401913,SAT_4882U,4.742590845,89.1692423
frame-g-003804-6-0070,1,No match,FALSE,N/A,inf,167.9202256,12.92035584,167.898876,12.95879815,FOVNotMatch,2003/3/23 3:53:37.00,SAT_6678U,1.076433342,26.85694878,SAT_25364,2.091576402,36.06916775,SAT_26483,0.059334425,49.63258779
frame-g-003804-1-0074,1,No match,FALSE,N/A,inf,168.5447464,10.77581021,168.4992844,10.8709505,FOVNotMatch,2003/3/23 3:56:00.00,SAT_6678U,1.076433342,23.57436328,SAT_25364,2.091576402,32.78658226,SAT_26483,0.059334425,46.35000229
frame-g-003804-3-0076,1,No match,FALSE,N/A,inf,168.7765261,11.59788104,168.7562307,11.64009228,FOVNotMatch,2003/3/23 3:57:12.00,SAT_6678U,1.076433342,23.65005619,SAT_25364,2.091576402,32.86227517,SAT_26483,0.059334425,46.4256952
frame-g-003804-3-0077,1,No match,FALSE,N/A,inf,169.0772194,11.62559723,169.0406116,11.70163195,FOVNotMatch,2003/3/23 3:57:48.00,SAT_09978,3.152349531,25.57823326,SAT_9978U,3.153165123,25.58007752,SAT_00631,2.795412458,37.08238372
frame-g-003813-3-0291,1,No match,FALSE,N/A,inf,198.4281454,44.05144976,198.3105448,44.08256415,FOVNotMatch,2003/3/24 5:15:54.00,SAT_19909,3.050727093,70.31212154,SAT_13875,5.626986456,80.10693547,SAT_11788,8.413502776,N/A
frame-g-003813-4-0295,1,No match,FALSE,N/A,inf,199.2561242,44.50199423,199.1858086,44.47814817,FOVNotMatch,2003/3/24 5:18:18.00,SAT_19909,3.050727093,24.67147702,SAT_13875,5.626986456,34.46629095,SAT_11788,8.413502776,N/A
frame-g-003813-4-0296,1,No match,FALSE,N/A,inf,199.3664931,44.34619964,199.6198634,44.43301871,FOVNotMatch,2003/3/24 5:18:54.00,SAT_19909,3.050727093,24.47921398,SAT_13875,5.626986456,34.2740279,SAT_11788,8.413502776,N/A
frame-g-003804-3-0116,1,No match,FALSE,N/A,inf,174.8827852,11.89327004,175.0291913,12.00574006,FOVNotMatch,2003/3/23 4:21:05.00,SAT_4656U,3.660982628,19.98423847,SAT_23487,4.242384324,69.00389478,SAT_13875,6.565626138,N/A
frame-g-003813-2-0473,1,No match,FALSE,N/A,inf,231.2223784,34.09828259,231.4328807,34.07399352,FOVNotMatch,2003/3/24 7:04:35.00,SAT_20452,0.068808491,45.62834073,SAT_25600,0.320202598,67.94879815,SAT_26994,13.66084837,N/A
frame-g-003818-1-0048,1,No match,FALSE,N/A,inf,160.7071705,41.02332495,160.6713028,41.25019667,FOVNotMatch,2003/3/26 5:54:35.00,SAT_19903,1.527247142,16.91037386,SAT_12159,4.48472793,20.21407084,SAT_15702,0.070480465,20.93615665
frame-g-003813-6-0498,1,No match,FALSE,N/A,inf,236.2292336,33.50920027,236.3169237,33.51804315,FOVNotMatch,2003/3/24 7:19:30.00,SAT_10444,1.358421233,38.18398697,SAT_20452,3.572939971,62.70242331,SAT_15715,4.684899522,64.43859255
frame-g-003818-4-0099,1,No match,FALSE,N/A,inf,170.3183618,44.04032811,170.222038,44.09074171,FOVNotMatch,2003/3/26 6:25:02.00,SAT_16761,4.554422774,70.63387362,SAT_22189,5.411380239,77.62980853,SAT_9927U,0.099518431,86.02572628
frame-g-003818-4-0100,1,No match,FALSE,N/A,inf,170.6540878,44.13249827,170.3882439,44.27164039,FOVNotMatch,2003/3/26 6:25:38.00,SAT_16761,4.554422774,70.56968646,SAT_22189,5.411380239,77.56562137,SAT_9927U,0.099518431,85.96153912
frame-g-003818-4-0081,1,Success,TRUE,SAT_22189,2.835119835,166.5278541,43.66232488,166.5525218,43.7111186,,2003/3/26 6:14:17.00,SAT_22189,3.568728558,2.835119835,SAT_9927U,4.527323451,8.914177114,SAT_22671,4.833434929,9.090503858
frame-g-003818-4-0082,1,Success,TRUE,SAT_22189,2.513348722,166.8270668,43.52642721,166.9427698,43.75154526,,2003/3/26 6:14:53.00,SAT_22189,3.568728558,2.513348722,SAT_9927U,4.527323451,8.592406001,SAT_22671,4.833434929,8.768732744
frame-g-003818-1-0095,1,No match,FALSE,N/A,inf,169.8473237,42.69701231,169.7235615,42.76560228,FOVNotMatch,2003/3/26 6:22:39.00,SAT_20491,5.309330083,24.07789261,SAT_16445,2.421625619,27.86388131,SAT_02684,0.413588953,50.16485052
frame-g-003818-1-0096,1,No match,FALSE,N/A,inf,170.1464738,42.80856986,169.9206091,42.93448242,FOVNotMatch,2003/3/26 6:23:15.00,SAT_20491,5.309330083,23.85358952,SAT_16445,2.421625619,27.63957822,SAT_02684,0.413588953,50.38915361
frame-g-003818-3-0251,1,No match,FALSE,N/A,inf,201.8808226,43.31331977,202.1594228,43.48319959,FOVNotMatch,2003/3/26 7:55:47.00,SAT_24297,2.919830756,5.570346289,SAT_15597,4.584566375,49.60028843,SAT_24764,2.807438883,71.45460496
frame-g-003818-1-0315,1,No match,FALSE,N/A,inf,214.0597767,39.8070971,214.1032881,39.82022464,FOVNotMatch,2003/3/26 8:34:00.00,SAT_20258,5.771238144,41.60344421,SAT_22231,5.601018086,65.69705343,SAT_18751,4.355456629,83.57278506
frame-g-003829-3-0020,1,No match,FALSE,N/A,inf,150.1960968,10.15342946,150.0463936,10.31624787,FOVNotMatch,2003/3/30 3:03:11.00,SAT_10000,2.455843169,36.12506674,SAT_14086,4.232482063,38.12635227,SAT_11145,5.712692691,39.63587658
frame-g-003830-3-0050,1,No match,FALSE,N/A,inf,124.738104,7.484796229,124.6512207,7.567941675,FOVNotMatch,2003/3/30 3:48:25.00,SAT_13624,1.44332772,39.62132376,SAT_13954,2.382668666,41.15052944,SAT_25660,5.456737292,51.20337359
frame-g-003830-5-0053,1,No match,FALSE,N/A,inf,124.998924,8.278864557,124.8958159,8.377457513,FOVNotMatch,2003/3/30 3:50:12.00,SAT_13624,1.44332772,39.65411496,SAT_13954,2.382668666,41.18332065,SAT_25660,5.456737292,51.23616479
frame-g-003830-3-0151,1,No match,FALSE,N/A,inf,139.6325011,10.44887718,139.6363621,10.48499704,FOVNotMatch,2003/3/30 4:48:43.00,SAT_08820,0.013278673,33.6425533,SAT_8820U,0.013515154,33.64451438,SAT_23440,0.192192631,39.70891604
frame-g-003830-5-0257,1,No match,FALSE,N/A,inf,155.6056566,13.77525919,155.4553992,13.94940574,FOVNotMatch,2003/3/30 5:52:01.00,SAT_27656,0.799576429,7.501540956,SAT_14883,5.068922647,10.20489361,SAT_24282,2.387560056,23.33114008
frame-g-003830-2-0166,1,No match,FALSE,N/A,inf,141.988541,10.5484568,141.8995432,10.47127853,FOVNotMatch,2003/3/30 4:57:41.00,SAT_27003,2.966400427,36.47867322,SAT_25660,1.507163917,39.19550554,SAT_13954,2.888709663,48.45692839
frame-g-003836-2-0012,1,No match,FALSE,N/A,inf,150.2088754,9.889293161,150.0769735,9.779645374,FOVNotMatch,2003/3/31 3:19:32.00,SAT_16294,3.375498533,5.06946623,SAT_17037,5.234723,25.31064555,SAT_20412,2.747067111,27.95223763
frame-g-003836-5-0257,1,Success,TRUE,SAT_23523,2.245912238,187.5126534,13.31979592,187.3960496,13.29617668,,2003/3/31 5:45:49.00,SAT_23523,2.068417575,2.245912238,SAT_27529,3.210521745,9.356466318,SAT_1618U,1.20560811,34.92859978
frame-g-003836-3-0304,1,No match,FALSE,N/A,inf,194.7010961,12.33826641,194.5884328,12.23982563,FOVNotMatch,2003/3/31 6:13:53.00,SAT_21435,0.041989798,17.93239168,SAT_21110,3.749925438,22.52287806,SAT_14191,4.692044856,25.60774665
frame-g-003836-3-0304,2,No match,FALSE,N/A,inf,194.5913939,12.22517981,194.719064,12.33677432,FOVNotMatch,2003/3/31 6:13:53.00,SAT_21435,0.041989798,17.92271633,SAT_21110,3.749925438,22.51320271,SAT_14191,4.692044856,25.5980713
frame-g-003836-1-0217,1,No match,FALSE,N/A,inf,181.2988182,11.55002795,181.2674884,11.59514567,FOVNotMatch,2003/3/31 5:21:56.00,SAT_6302U,4.974683746,60.39101058,SAT_15054,0.075099373,66.99065553,SAT_23523,3.802038373,73.98190052
frame-g-003836-1-0218,1,No match,FALSE,N/A,inf,181.5869197,11.57871581,181.5373178,11.65016529,FOVNotMatch,2003/3/31 5:22:32.00,SAT_6302U,4.974683746,60.38025495,SAT_15054,0.075099373,66.9798999,SAT_23523,3.802038373,73.99265614
frame-g-003836-2-0220,1,No match,FALSE,N/A,inf,181.8873672,12.03147636,181.8573537,12.07376363,FOVNotMatch,2003/3/31 5:23:44.00,SAT_6302U,4.974683746,60.92901178,SAT_15054,0.075099373,67.52865673,SAT_23523,3.802038373,73.44389932
frame-g-003836-3-0221,1,No match,FALSE,N/A,inf,182.0281604,12.27098969,181.943467,12.39170219,FOVNotMatch,2003/3/31 5:24:20.00,SAT_6302U,4.974683746,60.59190743,SAT_15054,0.075099373,67.19155238,SAT_23523,3.802038373,73.78100367
frame-g-003838-6-0011,1,Success,TRUE,SAT_195U0,3.859546317,194.2628514,53.01285799,194.2097004,53.09184582,,2003/3/31 10:18:35.00,SAT_195U0,3.683043971,3.859546317,SAT_16758,3.358034015,13.15262506,SAT_27409,3.340112929,14.82230551
frame-g-003840-6-0019,1,No match,FALSE,N/A,inf,154.2916395,39.12097805,154.2110249,39.33711648,FOVNotMatch,2003/4/1 2:25:21.00,SAT_00746,0.068773269,7.750255551,SAT_746U0,0.063054638,7.781103389,SAT_9941U,5.133755472,44.87127425
frame-g-003836-2-0645,1,No match,FALSE,N/A,inf,245.9079403,5.629455055,246.0196404,5.717666412,FOVNotMatch,2003/3/31 9:37:29.00,SAT_5104U,5.912830635,46.91035966,SAT_8177U,1.192551014,63.48811528,SAT_22231,0.064120798,81.39031321
frame-g-003836-5-0648,1,No match,FALSE,N/A,inf,246.6967702,6.640925023,246.737242,6.671074097,FOVNotMatch,2003/3/31 9:39:17.00,SAT_5104U,5.912830635,48.47635666,SAT_8177U,1.192551014,65.05411228,SAT_22231,0.064120798,82.95631021
frame-g-003840-1-0054,1,No match,FALSE,N/A,inf,161.4455604,38.71697316,161.37678,38.79184172,FOVNotMatch,2003/4/1 2:46:15.00,SAT_21359,0.099633831,63.10756329,SAT_14913,5.39577118,78.50182639,SAT_18490,3.565908721,89.43526067
frame-g-003840-2-0056,1,No match,FALSE,N/A,inf,161.8217315,39.27360168,161.7994449,39.29798769,FOVNotMatch,2003/4/1 2:47:27.00,SAT_21359,0.099633831,62.76310669,SAT_14913,5.39577118,78.15736979,SAT_18490,3.565908721,89.09080407
frame-g-003841-5-0014,1,Success,TRUE,SAT_16070,3.063640107,166.8642959,7.550269873,166.8931851,7.651053537,,2003/4/1 5:13:03.00,SAT_16070,5.508617763,3.063640107,SAT_11084,1.734494467,5.867737673,SAT_11896,0.101328923,36.2714493
frame-g-003841-4-0014,1,Success,TRUE,SAT_16070,3.044085193,166.7490341,7.14647902,166.8080317,7.352732125,,2003/4/1 5:13:03.00,SAT_16070,5.508617763,3.044085193,SAT_11084,1.734494467,5.848182759,SAT_11896,0.101328923,36.25189438
frame-g-003841-3-0015,1,Success,TRUE,SAT_16070,2.954236778,166.9237019,6.713269558,166.9882168,6.940372059,,2003/4/1 5:13:39.00,SAT_16070,5.508617763,2.954236778,SAT_11084,1.734494467,5.758334344,SAT_11896,0.101328923,36.16204597
frame-g-003841-1-0017,1,Success,TRUE,SAT_16070,3.06197329,167.2837356,5.888249579,167.3484218,6.114693367,,2003/4/1 5:14:50.00,SAT_16070,5.508617763,3.06197329,SAT_11084,1.734494467,5.866070856,SAT_11896,0.101328923,36.26978248
frame-g-003841-6-0189,1,No match,FALSE,N/A,inf,193.3447539,8.412180152,193.1823706,8.446883313,FOVNotMatch,2003/4/1 6:57:32.00,SAT_13007,1.244587556,28.08011714,SAT_23198,1.617351644,57.40105291,SAT_20061,3.796396643,68.44693836
frame-g-003841-2-0214,1,No match,FALSE,N/A,inf,197.0070142,6.497673202,197.0202006,6.535088051,FOVNotMatch,2003/4/1 7:12:28.00,SAT_03125,0.933426584,20.29616157,SAT_3125U,0.930356277,20.29775765,SAT_23488,1.557069665,44.56711533
frame-g-003841-4-0119,1,Success,TRUE,SAT_24963,0.693207188,182.7499469,7.49388267,182.6726758,7.716488795,,2003/4/1 6:15:44.00,SAT_24963,1.073639737,0.693207188,SAT_11047,1.444746202,43.12114851,SAT_4069U,4.03813154,52.49075001
frame-g-003841-1-0135,1,No match,FALSE,N/A,inf,185.1210857,6.346202186,185.0554466,6.3348598,FOVNotMatch,2003/4/1 6:25:18.00,SAT_15237,5.484067427,13.30243716,SAT_4026U,3.592384787,14.34015492,SAT_04026,3.585433708,14.3475093
frame-g-003842-1-0053,1,Success,TRUE,SAT_25629,4.521931263,189.0376463,6.611987495,188.9322595,6.653233009,,2003/4/1 8:59:10.00,SAT_25629,5.507761398,4.521931263,SAT_10470,5.722110985,17.41351206,SAT_26389,4.092975415,19.86885509
frame-g-003893-1-0035,1,No match,FALSE,N/A,inf,157.97295,38.30689127,157.9224063,38.33541295,FOVNotMatch,2003/4/25 2:58:09.00,SAT_22469,3.616945378,7.298783838,SAT_24960,2.785445867,28.76546505,SAT_19754,5.173156047,30.78136535
frame-g-003893-2-0036,1,No match,FALSE,N/A,inf,158.0290256,38.56765755,157.93788,38.61732001,FOVNotMatch,2003/4/25 2:58:45.00,SAT_22469,3.616945378,8.143805956,SAT_24960,2.785445867,29.61048717,SAT_19754,5.173156047,31.62638747
frame-g-003893-5-0123,1,No match,FALSE,N/A,inf,174.2648473,42.84681263,174.2406559,42.78287265,FOVNotMatch,2003/4/25 3:50:42.00,SAT_26483,4.829624459,12.75633992,SAT_11133,1.528019671,19.31938027,SAT_27766,0.080639381,88.71317824
frame-g-003893-5-0206,1,No match,FALSE,N/A,inf,191.4232783,42.94145034,191.3876473,43.02278529,FOVNotMatch,2003/4/25 4:40:15.00,SAT_26626,3.141620593,12.56043156,SAT_21121,0.0203476,44.55706756,SAT_26483,5.291773126,51.13117766
frame-g-003893-1-0109,1,No match,FALSE,N/A,inf,171.8807345,40.78963347,171.8190415,40.89483968,FOVNotMatch,2003/4/25 3:42:20.00,SAT_5012U,4.904878882,12.55207288,SAT_3670U,0.267791053,63.86571506,SAT_737U0,4.689763322,88.39909931
frame-g-003893-5-0224,1,No match,FALSE,N/A,inf,194.887149,42.69699181,194.9484341,42.90511133,FOVNotMatch,2003/4/25 4:51:00.00,SAT_00196,0.074016085,10.70121997,SAT_196U0,0.072795078,10.70603642,SAT_5215U,5.05298473,14.17877941
frame-g-003893-5-0225,1,No match,FALSE,N/A,inf,195.2918769,42.66150004,195.3112068,42.72595894,FOVNotMatch,2003/4/25 4:51:36.00,SAT_00196,0.074016085,10.9390983,SAT_196U0,0.072795078,10.94391474,SAT_5215U,5.05298473,13.94090109
frame-g-003893-3-0225,1,No match,FALSE,N/A,inf,195.048331,41.83805388,195.1132258,42.05809779,FOVNotMatch,2003/4/25 4:51:36.00,SAT_00196,0.074016085,10.88102213,SAT_196U0,0.072795078,10.88583858,SAT_5215U,5.05298473,13.99897726
frame-g-003900-4-0159,1,No match,FALSE,N/A,inf,145.505155,32.91525818,145.3075063,33.04107889,FOVNotMatch,2003/4/26 4:11:01.00,SAT_26283,2.878695008,11.04861856,SAT_10715,0.054517396,62.24687799,SAT_13205,5.885881643,68.25520607
frame-g-003900-2-0247,1,No match,FALSE,N/A,inf,160.9262164,36.57900826,160.9681526,36.79433398,FOVNotMatch,2003/4/26 5:03:34.00,SAT_15147,2.349401711,9.396054601,SAT_02360,4.60592257,12.27258508,SAT_2360U,4.609155124,12.27606913
frame-g-003900-2-0431,1,No match,FALSE,N/A,inf,195.9226886,38.66567882,195.8490953,38.86407805,FOVNotMatch,2003/4/26 6:53:25.00,SAT_15271,4.579484578,43.93870519,SAT_25847,6.683716723,N/A,SAT_22446,14.03998374,N/A
frame-g-003900-4-0345,1,No match,FALSE,N/A,inf,179.3032479,39.85269488,179.1821388,40.07185072,FOVNotMatch,2003/4/26 6:02:04.00,SAT_04391,0.695803513,13.3741735,SAT_4391U,0.695405797,13.37891706,SAT_11844,0.056226851,38.96621964
frame-g-003900-5-0660,1,No match,FALSE,N/A,inf,235.6450044,28.53683231,235.4775032,28.60691949,FOVNotMatch,2003/4/26 9:10:09.00,SAT_2971U,5.84721407,34.02787548,SAT_02971,5.973294011,34.10548271,SAT_24721,1.979958368,39.85970522
frame-g-003900-5-0661,1,No match,FALSE,N/A,inf,235.7859154,28.45256937,235.7262847,28.47759541,FOVNotMatch,2003/4/26 9:10:45.00,SAT_2971U,5.84721407,34.07204183,SAT_02971,5.973294011,34.14964906,SAT_24721,1.979958368,39.90387157
frame-g-003903-6-0111,1,No match,FALSE,N/A,inf,197.9240451,10.9393363,197.8467813,10.902163,FOVNotMatch,2003/4/27 3:48:03.00,SAT_14136,4.482801495,49.5276876,SAT_12373,1.159339938,60.50271104,SAT_26106,4.29005589,84.38368758
frame-g-003903-2-0148,1,Success,TRUE,SAT_21212,0.425543356,203.4180923,8.867102367,203.527682,9.085562897,,2003/4/27 4:10:09.00,SAT_21212,1.359004522,0.425543356,SAT_19185,4.829068183,4.76784742,SAT_18807,5.905641931,6.958124333
frame-g-003905-6-0027,1,Success,TRUE,SAT_26626,0.426756894,203.8492849,8.156510241,203.7699108,8.380486442,,2003/4/27 7:24:42.00,SAT_26626,3.039044856,0.426756894,SAT_06842,2.414668444,11.63895903,SAT_6842U,2.421780212,11.65438136
frame-g-003918-4-0047,1,No match,FALSE,N/A,inf,194.9626975,52.27742173,195.0509287,52.4967565,FOVNotMatch,2003/4/29 3:13:47.00,SAT_6849U,0.073468064,7.584741449,SAT_21184,3.805245273,9.212194672,SAT_16183,3.617380677,22.99073461
frame-g-003918-3-0047,1,No match,FALSE,N/A,inf,194.8549722,52.00430587,194.8877231,52.08622659,FOVNotMatch,2003/4/29 3:13:47.00,SAT_6849U,0.073468064,7.604852038,SAT_21184,3.805245273,9.232305261,SAT_16183,3.617380677,22.97062403
frame-g-003918-2-0048,1,No match,FALSE,N/A,inf,195.1184611,51.41685999,195.2051689,51.63552495,FOVNotMatch,2003/4/29 3:14:23.00,SAT_6849U,0.073468064,7.649170808,SAT_21184,3.805245273,9.276624031,SAT_16183,3.617380677,22.92630526
frame-g-003918-3-0048,1,No match,FALSE,N/A,inf,195.2816073,51.82642667,195.3701444,52.04450052,FOVNotMatch,2003/4/29 3:14:23.00,SAT_6849U,0.073468064,7.844016715,SAT_21184,3.805245273,9.471469938,SAT_16183,3.617380677,22.73145935
frame-g-003905-3-0017,1,No match,FALSE,N/A,inf,202.3293011,7.178725192,202.2363931,7.10960595,FOVNotMatch,2003/4/27 7:18:44.00,SAT_22198,3.734166847,41.63152306,SAT_26626,5.89354215,73.06089893,SAT_2514U,16.3052823,N/A
frame-g-003910-5-0031,1,Success,TRUE,SAT_23697,3.037956924,214.9778813,7.362864024,214.8722905,7.305459543,,2003/4/28 8:11:52.00,SAT_23697,3.275197985,3.037956924,SAT_13011,4.82905698,34.40199464,SAT_25743,3.898966893,49.48645518
frame-g-003918-6-0089,1,No match,FALSE,N/A,inf,205.4802655,51.79909789,205.4213604,51.90201151,FOVNotMatch,2003/4/29 3:38:52.00,SAT_20741,0.332988323,52.2370029,SAT_07196,2.410572067,66.77393413,SAT_7196U,2.415084345,66.77931386
frame-g-003918-2-0094,1,No match,FALSE,N/A,inf,205.7448313,50.10168112,205.7315192,50.19720213,FOVNotMatch,2003/4/29 3:41:51.00,SAT_20741,0.332988323,37.86834467,SAT_07196,2.410572067,52.4052759,SAT_7196U,2.415084345,52.41065563
frame-g-003918-4-0054,1,No match,FALSE,N/A,inf,196.782305,52.23185164,196.642589,52.2553347,FOVNotMatch,2003/4/29 3:17:58.00,SAT_25053,0.033489131,11.90440396,SAT_04326,0.784415193,21.08607358,SAT_4326U,0.757171783,21.09646041
frame-g-003918-4-0055,1,No match,FALSE,N/A,inf,197.1458415,52.2029953,196.8886706,52.24734305,FOVNotMatch,2003/4/29 3:18:34.00,SAT_25053,0.033489131,12.27755987,SAT_04326,0.784415193,20.71291767,SAT_4326U,0.757171783,20.7233045
frame-g-003918-4-0058,1,No match,FALSE,N/A,inf,197.6901298,52.1176321,197.6571486,52.17726769,FOVNotMatch,2003/4/29 3:20:21.00,SAT_4326U,0.757171783,34.80851738,SAT_04326,0.784415193,34.8189042,SAT_16183,4.423232345,56.3969078
frame-g-003910-2-0124,1,No match,FALSE,N/A,inf,228.763718,4.802033974,228.8340051,5.021120413,FOVNotMatch,2003/4/28 9:07:24.00,SAT_02403,0.066199083,24.5789113,SAT_2403U,0.064063126,24.57960918,SAT_27478,1.151843769,31.19698556
frame-g-003910-4-0155,1,No match,FALSE,N/A,inf,233.4432335,5.26052247,233.5966587,5.189217883,FOVNotMatch,2003/4/28 9:25:54.00,SAT_13011,3.434342213,13.64459868,SAT_23468,0.455057172,22.95138601,SAT_23043,4.991206965,86.21041392
frame-g-003918-5-0135,1,No match,FALSE,N/A,inf,215.2271701,49.06352262,215.234952,49.17241098,FOVNotMatch,2003/4/29 4:06:19.00,SAT_21161,2.171699867,5.849938582,SAT_23952,2.748379678,8.846567626,SAT_18807,5.083343333,50.31697496
frame-g-003918-5-0136,1,No match,FALSE,N/A,inf,215.6507996,49.01522189,215.6642679,49.18345299,FOVNotMatch,2003/4/29 4:06:55.00,SAT_21161,2.171699867,5.527410164,SAT_23952,2.748379678,8.524039207,SAT_18807,5.083343333,49.99444654
frame-g-003918-4-0193,1,No match,FALSE,N/A,inf,226.4428964,44.77106071,226.403867,44.84175345,FOVNotMatch,2003/4/29 4:40:57.00,SAT_17267,2.422700969,51.12954655,SAT_01316,5.67841717,51.75103981,SAT_27141,4.015089604,66.34410826
frame-g-003919-2-0300,1,No match,FALSE,N/A,inf,247.9419103,21.68585243,247.835061,21.70568029,FOVNotMatch,2003/4/29 10:11:07.00,SAT_04154,0.132711399,39.85856279,SAT_4154U,0.126474498,39.86087446,SAT_23045,3.951316429,77.5490331
frame-g-003926-5-0154,1,No match,FALSE,N/A,inf,248.2635363,26.82191981,248.3090002,26.84582427,FOVNotMatch,2003/5/1 7:59:25.00,SAT_24721,0.073499598,27.16504409,SAT_10925,0.78373732,37.5965936,SAT_26970,5.221594899,81.56527248
frame-g-003926-5-0155,1,No match,FALSE,N/A,inf,248.4193411,26.57416784,248.5575805,26.64640754,FOVNotMatch,2003/5/1 8:00:01.00,SAT_10925,0.073097811,36.64973865,SAT_21339,4.582047367,37.49004115,SAT_22550,6.386102263,N/A
frame-g-003926-1-0155,1,No match,FALSE,N/A,inf,247.1390979,25.42873415,247.2984762,25.52398924,FOVNotMatch,2003/5/1 8:00:01.00,SAT_10925,0.073097811,33.44902587,SAT_21339,4.582047367,34.28932838,SAT_22550,6.386102263,N/A
frame-g-003926-2-0155,1,No match,FALSE,N/A,inf,247.4856883,25.63558895,247.5904957,25.69797318,FOVNotMatch,2003/5/1 8:00:01.00,SAT_10925,0.073097811,33.51491118,SAT_21339,4.582047367,34.35521368,SAT_22550,6.386102263,N/A
frame-g-003957-2-0014,1,No match,FALSE,N/A,inf,217.1736616,47.04044265,217.2949557,47.07678799,FOVNotMatch,2003/5/28 3:52:16.00,SAT_20233,2.741771459,30.61820027,SAT_27621,2.737350625,34.91542045,SAT_27622,4.021744697,36.82487478
frame-g-003959-6-0013,1,No match,FALSE,N/A,inf,219.3348146,48.14778573,219.093083,48.18918199,FOVNotMatch,2003/5/28 7:46:20.00,SAT_9980U,3.579059708,38.94087569,SAT_25403,0.928084735,59.07554299,SAT_27542,4.232903235,72.19452901
frame-g-003959-4-0015,1,No match,FALSE,N/A,inf,218.8979994,47.24909294,218.993892,47.25261244,FOVNotMatch,2003/5/28 7:47:32.00,SAT_9980U,3.579059708,56.43644833,SAT_17213,4.218788504,60.42629559,SAT_25403,0.928084735,76.57111563
frame-g-003964-1-0056,1,Success,TRUE,SAT_10861,3.710631441,218.3852524,46.00634226,218.6753248,46.15755186,,2003/5/29 3:43:07.00,SAT_10861,2.176171202,3.710631441,SAT_7016U,0.879032419,28.40453783,SAT_879U0,1.248971925,41.95092768
frame-g-003964-4-0173,1,No match,FALSE,N/A,inf,239.1292633,37.55163016,239.1769156,37.55500171,FOVNotMatch,2003/5/29 4:52:58.00,SAT_4685U,4.52311944,55.72336858,SAT_18704,4.700645982,65.11538415,SAT_02375,3.637080154,76.79545328
frame-g-003964-4-0174,1,No match,FALSE,N/A,inf,239.1508579,37.33842156,239.4420437,37.36018033,FOVNotMatch,2003/5/29 4:53:34.00,SAT_4685U,4.52311944,55.45331759,SAT_18704,4.700645982,64.84533315,SAT_02375,3.637080154,76.52540228
frame-g-003964-6-0195,1,No match,FALSE,N/A,inf,243.0176988,36.00372222,243.1019472,35.97810097,FOVNotMatch,2003/5/29 5:06:06.00,SAT_27542,2.228095787,74.51072991,SAT_19554,1.214341169,89.6873842,SAT_26970,8.963480485,N/A
frame-g-003964-6-0126,1,No match,FALSE,N/A,inf,232.5923683,42.41526217,232.7452331,42.52919838,FOVNotMatch,2003/5/29 4:24:54.00,SAT_14612,1.112220325,5.313898554,SAT_18793,3.349595565,9.757143458,SAT_4982U,0.053631741,16.0352801
frame-g-003965-1-0176,1,No match,FALSE,N/A,inf,252.6906208,22.85014152,252.7914406,22.88300371,FOVNotMatch,2003/5/29 8:20:32.00,SAT_26565,5.973552127,47.19980037,SAT_19537,0.095189443,47.84284295,SAT_18357,3.219004678,48.05906999
frame-g-003967-3-0042,1,No match,FALSE,N/A,inf,241.3021974,28.95340167,241.4064938,28.97803953,FOVNotMatch,2003/5/29 9:30:09.00,SAT_22277,2.26585463,10.60745999,SAT_9931U,3.642923732,15.97261231,SAT_22849,3.986822317,17.76288014
frame-g-003967-3-0057,1,No match,FALSE,N/A,inf,243.3297786,27.44302214,243.5358694,27.58519657,FOVNotMatch,2003/5/29 9:39:07.00,SAT_07400,5.747384905,7.207746555,SAT_23043,4.601192805,28.42238675,SAT_20619,0.058573555,30.15298805
frame-g-003967-1-0061,1,No match,FALSE,N/A,inf,243.2332389,26.48224538,243.4150514,26.52040291,FOVNotMatch,2003/5/29 9:41:30.00,SAT_9931U,3.26681562,14.86348414,SAT_07400,5.747384905,31.88669811,SAT_23043,4.601192805,53.1013383
frame-g-003967-1-0062,1,No match,FALSE,N/A,inf,243.4722026,26.29619415,243.523622,26.30713082,FOVNotMatch,2003/5/29 9:42:06.00,SAT_9931U,2.490641878,15.41595292,SAT_07400,4.955304315,31.4100702,SAT_20619,1.905240449,54.32950748
frame-g-003967-5-0063,1,No match,FALSE,N/A,inf,244.7193452,27.55826479,244.8991315,27.67491366,FOVNotMatch,2003/5/29 9:42:42.00,SAT_07400,4.955304315,8.543891784,SAT_20619,1.905240449,31.46332906,SAT_26564,0.548394123,32.21390589
frame-g-003970-4-0068,1,No match,FALSE,N/A,inf,192.149335,15.06416191,192.1189535,15.110888,FOVNotMatch,2003/5/30 3:54:53.00,SAT_25886,0.892120727,12.61670113,SAT_26113,5.431415302,14.84814402,SAT_25847,3.361912324,55.55051263
frame-g-003970-5-0117,1,No match,FALSE,N/A,inf,199.7032358,15.01191729,199.6504663,14.95003993,FOVNotMatch,2003/5/30 4:24:09.00,SAT_21426,3.374801882,17.70626601,SAT_19144,4.659741474,32.19807884,SAT_26113,4.849807349,57.14134925
frame-g-003970-4-0118,1,No match,FALSE,N/A,inf,199.8001185,14.74507932,199.7525435,14.68950714,FOVNotMatch,2003/5/30 4:24:44.00,SAT_21426,3.374801882,17.84875921,SAT_19144,4.659741474,32.34057205,SAT_26113,4.849807349,57.28384245
frame-g-003970-2-0108,1,No match,FALSE,N/A,inf,198.1185017,13.92804984,198.1790378,14.00347649,FOVNotMatch,2003/5/30 4:18:46.00,SAT_21426,3.554418439,16.46119227,SAT_26113,2.734841878,55.50353914,SAT_03790,0.153250869,71.34049689
frame-g-003970-2-0109,1,No match,FALSE,N/A,inf,198.3147609,13.77073894,198.4411343,13.92845683,FOVNotMatch,2003/5/30 4:19:22.00,SAT_21426,3.554418439,16.4294373,SAT_26113,2.734841878,55.47178417,SAT_03790,0.153250869,71.30874193
frame-g-003971-6-0054,1,No match,FALSE,N/A,inf,206.7556163,14.92657758,206.6275845,14.99968205,FOVNotMatch,2003/5/30 5:37:26.00,SAT_07794,3.733957652,36.60501221,SAT_7794U,4.245425294,36.96690919,SAT_9931U,5.800284265,53.07933304
frame-g-003971-6-0055,1,No match,FALSE,N/A,inf,206.9495662,14.96351461,206.8431079,15.02454963,FOVNotMatch,2003/5/30 5:38:01.00,SAT_07794,3.733957652,36.71121892,SAT_7794U,4.245425294,37.0731159,SAT_9931U,5.800284265,53.18553975
frame-g-003971-1-0034,1,No match,FALSE,N/A,inf,203.3764465,13.10132453,203.353047,13.06385492,FOVNotMatch,2003/5/30 5:25:29.00,SAT_17213,4.736075502,14.15875051,SAT_02610,0.306122403,21.97262088,SAT_9931U,5.514144997,35.06622409
frame-g-003971-1-0035,1,No match,FALSE,N/A,inf,203.6749994,13.06474146,203.6230094,12.98335441,FOVNotMatch,2003/5/30 5:26:05.00,SAT_17213,4.736075502,14.74393466,SAT_02610,0.306122403,22.55780503,SAT_9931U,5.514144997,34.48103993
frame-g-003971-2-0047,1,No match,FALSE,N/A,inf,205.4857591,13.38843951,205.393569,13.45068696,FOVNotMatch,2003/5/30 5:33:15.00,SAT_20577,0.664800535,46.80397563,SAT_02365,2.957544044,50.4311307,SAT_2365U,2.954007308,50.43508533
frame-g-003971-1-0048,1,No match,FALSE,N/A,inf,205.6522662,12.92360195,205.4997033,12.92173904,FOVNotMatch,2003/5/30 5:33:51.00,SAT_9931U,5.989896434,22.17093471,SAT_1359U,0.034197003,23.01103374,SAT_17213,0.955222619,71.99771567
frame-g-003971-1-0048,2,No match,FALSE,N/A,inf,205.6735277,12.99858833,205.5050423,12.98980937,FOVNotMatch,2003/5/30 5:33:51.00,SAT_9931U,5.989896434,19.82775405,SAT_1359U,0.034197003,20.66785308,SAT_17213,0.955222619,69.65453501
frame-g-003971-2-0048,1,No match,FALSE,N/A,inf,205.7132071,13.41444418,205.6486767,13.45787388,FOVNotMatch,2003/5/30 5:33:51.00,SAT_20577,0.664800535,46.88952644,SAT_02365,2.957544044,50.51668151,SAT_2365U,2.954007308,50.52063614
frame-g-003971-2-0066,1,Success,TRUE,SAT_12054,4.595363942,208.2940677,13.09285282,208.4349237,13.18944167,,2003/5/30 5:44:36.00,SAT_12054,0.295706916,4.595363942,SAT_7794U,5.034012835,33.4109543,SAT_07794,5.046904616,33.74147236
frame-g-003983-4-0089,1,No match,FALSE,N/A,inf,234.4827885,33.07772185,234.5485463,33.06993492,FOVNotMatch,2003/6/7 8:26:15.00,SAT_24949,1.567168894,41.30080835,SAT_11133,0.05157821,48.43261776,SAT_22971,1.645552662,51.02297799
frame-g-003971-3-0217,1,No match,FALSE,N/A,inf,231.3223903,10.05696072,231.3204519,10.28458331,FOVNotMatch,2003/5/30 7:14:45.00,SAT_05156,2.477176428,19.10559613,SAT_5156U,2.477949615,19.10845577,SAT_18753,5.123612368,29.71982049
frame-g-003972-6-0083,1,No match,FALSE,N/A,inf,236.4915382,10.33150513,236.6502737,10.52840778,FOVNotMatch,2003/5/30 8:22:59.00,SAT_20026,2.45081222,17.75191919,SAT_26569,3.027361864,18.05932931,SAT_11015,4.257876052,22.68894982
frame-g-003972-5-0105,1,No match,FALSE,N/A,inf,239.7263788,9.284561165,239.6469998,9.338370892,FOVNotMatch,2003/5/30 8:36:07.00,SAT_10616,5.126455336,21.67941536,SAT_21695,5.120334765,28.96191593,SAT_26973,5.581720351,42.72974381
frame-g-003992-3-0038,1,No match,FALSE,N/A,inf,227.1059348,36.09218099,227.2241208,36.16734146,FOVNotMatch,2003/6/21 5:52:55.00,SAT_18704,4.324021461,30.3052311,SAT_21105,0.165772449,38.8401438,SAT_18543,0.32390894,59.33948032
frame-g-003992-2-0064,1,No match,FALSE,N/A,inf,230.8711811,33.8728315,231.0147703,33.86049317,FOVNotMatch,2003/6/21 6:08:26.00,SAT_27587,0.227036461,34.30188305,SAT_00268,0.128095197,43.63255166,SAT_9980U,4.323668346,59.34847541
frame-g-003992-6-0077,1,No match,FALSE,N/A,inf,234.0052533,34.25361675,234.2396375,34.39548758,FOVNotMatch,2003/6/21 6:16:12.00,SAT_10675,0.065481575,30.91048674,SAT_24285,3.192730381,69.00560165,SAT_09980,4.344295646,77.67831744
frame-g-003992-4-0104,1,No match,FALSE,N/A,inf,237.5749798,31.35510944,237.6546301,31.42024314,FOVNotMatch,2003/6/21 6:32:19.00,SAT_733U0,0.924142591,43.77259776,SAT_00733,0.92749084,43.77560083,SAT_11667,3.822936634,60.76482841
frame-g-003992-6-0121,1,Success,TRUE,SAT_07022,0.842561554,240.6903733,30.67338859,240.6308654,30.75263559,,2003/6/21 6:42:28.00,SAT_07022,4.337579695,0.842561554,SAT_7022U,4.337668746,0.844690486,SAT_09823,0.995122534,6.456492695
frame-g-004002-3-0082,1,No match,FALSE,N/A,inf,220.1830687,34.21277307,220.2637232,34.27108825,FOVNotMatch,2003/6/23 4:35:02.00,SAT_17026,0.676040398,74.67059719,SAT_25104,0.059786713,88.06610326,SAT_334U0,3.091059382,88.40713382
frame-g-004002-1-0152,1,No match,FALSE,N/A,inf,231.0116066,29.231728,231.0883429,29.25020424,FOVNotMatch,2003/6/23 5:16:50.00,SAT_3522U,5.448109616,51.46907226,SAT_03522,5.443922966,51.51365413,SAT_25260,0.140178921,67.64078726
frame-g-004002-1-0153,1,No match,FALSE,N/A,inf,231.0897132,29.03836806,231.3360089,29.09780638,FOVNotMatch,2003/6/23 5:17:26.00,SAT_3522U,5.448109616,51.46006103,SAT_03522,5.443922966,51.5046429,SAT_25260,0.140178921,67.6497985
frame-g-004002-1-0154,1,No match,FALSE,N/A,inf,231.3599272,28.89123904,231.413136,28.90436036,FOVNotMatch,2003/6/23 5:18:02.00,SAT_3522U,5.448109616,51.16410887,SAT_03522,5.443922966,51.20869074,SAT_25260,0.140178921,67.94575066
frame-g-003996-1-0247,1,Success,TRUE,SAT_21218,0.966156995,240.9507426,7.45830234,241.0289234,7.649574277,,2003/6/22 5:59:45.00,SAT_21218,3.338454507,0.966156995,SAT_20025,0.937922551,1.161609575,SAT_26565,3.067515923,1.710564198
frame-g-003996-4-0289,1,No match,FALSE,N/A,inf,247.431928,7.384767904,247.5431032,7.488253058,FOVNotMatch,2003/6/22 6:24:50.00,SAT_14592,3.609201451,27.33941524,SAT_14984,5.199375175,27.38722721,SAT_13080,3.776560698,31.63740894
frame-g-004007-2-0088,1,No match,FALSE,N/A,inf,218.9385091,31.59446882,218.8507116,31.62639218,FOVNotMatch,2003/6/24 4:35:13.00,SAT_1002U,2.626486549,18.96463539,SAT_01002,2.628517232,18.96752263,SAT_14998,5.220216618,43.84434154
frame-g-004010-2-0099,1,No match,FALSE,N/A,inf,227.678725,28.66956488,227.7872284,28.70471403,FOVNotMatch,2003/6/25 4:32:35.00,SAT_15293,0.140615626,56.93242553,SAT_01584,8.255078358,N/A,SAT_10925,9.46974271,N/A
frame-g-004010-2-0099,2,No match,FALSE,N/A,inf,227.7644383,28.46774042,227.7887644,28.48767928,FOVNotMatch,2003/6/25 4:32:35.00,SAT_15293,0.140615626,34.20141068,SAT_01584,8.255078358,N/A,SAT_10925,9.46974271,N/A
frame-g-004010-5-0267,1,No match,FALSE,N/A,inf,252.1722782,17.18678411,252.1412184,17.25088021,FOVNotMatch,2003/6/25 6:12:53.00,SAT_14978,5.399121826,44.75692199,SAT_26778,0.045891646,60.83461202,SAT_10227,5.687527908,68.55718904
frame-g-004011-1-0135,1,Success,TRUE,SAT_03591,0.428689586,250.3419834,46.56667274,250.5118754,46.46028141,,2003/6/25 7:53:34.00,SAT_03591,1.779423838,0.428689586,SAT_3591U,1.777412791,0.444927153,SAT_4991U,1.593475829,7.161262415
frame-g-004011-1-0047,1,No match,FALSE,N/A,inf,237.6334094,57.21441522,237.788547,57.20127132,FOVNotMatch,2003/6/25 7:01:01.00,SAT_15053,5.928236916,17.71861147,SAT_23208,5.645841919,26.84657062,SAT_26407,4.731608411,31.46494445
frame-g-004011-1-0048,1,No match,FALSE,N/A,inf,237.8760957,57.00181664,238.0297359,56.9876064,FOVNotMatch,2003/6/25 7:01:37.00,SAT_15053,5.928236916,18.46425429,SAT_23208,5.645841919,26.1009278,SAT_3618U,0.279346703,31.28141583
frame-g-004014-2-0148,1,No match,FALSE,N/A,inf,227.9635301,28.63676131,228.0911428,28.81526368,FOVNotMatch,2003/6/26 5:02:25.00,SAT_22594,4.702017372,52.35511346,SAT_02971,7.311194559,N/A,SAT_21630,17.61985545,N/A
frame-g-004023-4-0063,1,No match,FALSE,N/A,inf,216.5267254,31.04328343,216.5805686,31.05229748,FOVNotMatch,2003/7/1 5:21:08.00,SAT_27599,3.838085803,55.17888852,SAT_02337,13.14142091,N/A,SAT_26407,11.79981711,N/A
frame-g-004023-4-0064,1,No match,FALSE,N/A,inf,216.7394386,30.93291949,216.8775682,30.95616027,FOVNotMatch,2003/7/1 5:21:44.00,SAT_27599,3.838085803,55.22127815,SAT_02337,13.14142091,N/A,SAT_26407,11.79981711,N/A
frame-g-004014-4-0106,1,No match,FALSE,N/A,inf,221.820072,31.94129338,221.6570338,32.03458019,FOVNotMatch,2003/6/26 4:37:21.00,SAT_20452,5.924821319,20.13419887,SAT_22277,0.088598596,23.28648425,SAT_12237,3.610640216,69.35810095
frame-g-004014-3-0077,1,No match,FALSE,N/A,inf,216.7108685,32.97198348,216.5796836,32.94652745,FOVNotMatch,2003/6/26 4:20:02.00,SAT_1576U,4.673366442,18.33221204,SAT_01576,4.677038033,18.33510648,SAT_22849,0.648877625,27.43584395
frame-g-004014-5-0165,1,No match,FALSE,N/A,inf,231.1569557,28.68775693,231.290373,28.88026845,FOVNotMatch,2003/6/26 5:12:34.00,SAT_23482,0.104548694,5.74768759,SAT_07271,2.474072787,18.20132046,SAT_7271U,2.482563806,18.22703061
frame-g-004015-1-0128,1,No match,FALSE,N/A,inf,262.3457056,62.99608728,262.4108042,63.17139267,FOVNotMatch,2003/6/26 8:20:32.00,SAT_07150,5.317599859,17.82240905,SAT_21216,4.902793263,25.32198744,SAT_21630,0.530924608,50.81029867
frame-g-004015-1-0109,1,No match,FALSE,N/A,inf,260.7689292,65.75681534,260.9605771,65.94325367,FOVNotMatch,2003/6/26 8:09:11.00,SAT_21997,4.818382764,27.26186772,SAT_00274,1.737406033,34.2075552,SAT_274U0,1.733149746,34.21553796
frame-g-004023-2-0126,1,No match,FALSE,N/A,inf,226.3678224,26.85454386,226.2720179,26.87649434,FOVNotMatch,2003/7/1 5:58:44.00,SAT_21324,4.19247659,43.8475172,SAT_21434,0.075570848,73.19558854,SAT_9495U,3.861625661,82.50478637
frame-g-004031-2-0070,1,No match,FALSE,N/A,inf,310.3131445,44.94065598,310.2882948,45.10314956,FOVNotMatch,2003/7/1 10:04:19.00,SAT_20879,0.174980046,23.83892709,SAT_20941,5.356837036,29.73384652,SAT_15439,5.770721967,40.36845803
frame-g-004100-1-0182,1,No match,FALSE,N/A,inf,356.3952701,38.04529673,356.390495,38.17791123,FOVNotMatch,2003/9/18 10:33:13.00,SAT_25273,1.952550412,74.10465984,SAT_22648,0.086981646,80.54593469,SAT_15266,12.98547789,N/A
frame-g-004073-3-0044,1,Success,TRUE,SAT_27812,1.332987734,26.65226547,-0.145471216,26.81551728,-0.035163382,,2003/8/21 9:41:42.00,SAT_27812,3.155435599,1.332987734,SAT_7229U,3.828243616,21.07127031,SAT_25626,5.842534521,34.01921264
frame-g-004073-3-0045,1,No match,FALSE,N/A,inf,26.86562008,-0.118097415,26.80206555,-0.092938722,FOVNotMatch,2003/8/21 9:42:18.00,SAT_23238,5.204091214,19.83906541,SAT_26469,5.445862517,21.54580866,SAT_24936,5.999094634,21.57202173
frame-g-004073-3-0045,2,Success,TRUE,SAT_27812,0.89763536,26.93369564,-0.157299471,26.96474294,-0.136662981,,2003/8/21 9:42:18.00,SAT_27812,3.155435599,0.89763536,SAT_7229U,3.828243616,20.63591794,SAT_25626,5.842534521,33.58386027
frame-g-004073-5-0138,1,No match,FALSE,N/A,inf,40.8001704,0.632628914,40.72648179,0.662918089,FOVNotMatch,2003/8/21 10:37:50.00,SAT_7229U,5.905559949,32.75026487,SAT_15581,3.960448572,35.29789009,SAT_21149,10.23786866,N/A
frame-g-004073-5-0139,1,No match,FALSE,N/A,inf,41.0389653,0.657325166,40.87585505,0.724822043,FOVNotMatch,2003/8/21 10:38:26.00,SAT_7229U,5.905559949,32.8860172,SAT_15581,3.960448572,35.43364242,SAT_21149,10.23786866,N/A
frame-g-004073-3-0155,1,No match,FALSE,N/A,inf,43.35037422,-0.206414855,43.33946481,0.018253882,FOVNotMatch,2003/8/21 10:47:59.00,SAT_12693,0.087854244,6.822431233,SAT_01953,1.000626937,18.64503172,SAT_1953U,0.999160345,18.64731433
frame-g-004073-5-0107,1,No match,FALSE,N/A,inf,36.23866274,0.662179181,36.18042329,0.857198327,FOVNotMatch,2003/8/21 10:19:19.00,SAT_7440U,0.072677677,6.036034036,SAT_07440,0.073559308,6.036784393,SAT_10229,3.480920336,73.12846839
frame-g-004076-4-0135,1,No match,FALSE,N/A,inf,279.4894727,-0.199781537,279.3589446,-0.097882722,FOVNotMatch,2003/8/22 4:24:10.00,SAT_27430,0.549338723,12.58707693,SAT_25405,5.374633214,13.11114249,SAT_5485U,0.354389971,23.50494308
frame-g-004076-4-0136,1,No match,FALSE,N/A,inf,279.6353902,-0.242790958,279.5792334,-0.199139599,FOVNotMatch,2003/8/22 4:24:46.00,SAT_27430,0.549338723,12.7065365,SAT_25405,5.374633214,12.99168291,SAT_5485U,0.354389971,23.38548351
frame-g-004114-3-0075,1,No match,FALSE,N/A,inf,309.4854925,37.77581773,309.5685537,37.68929944,FOVNotMatch,2003/9/20 2:42:38.00,SAT_10453,4.125532832,17.57011061,SAT_20941,4.099278518,58.31621834,SAT_27707,7.011819879,N/A
frame-g-004114-3-0076,1,No match,FALSE,N/A,inf,309.5555078,38.00231618,309.7037349,37.84860017,FOVNotMatch,2003/9/20 2:43:14.00,SAT_10453,4.125532832,17.61986408,SAT_20941,4.099278518,58.36597181,SAT_27707,7.011819879,N/A
frame-g-004114-3-0076,2,No match,FALSE,N/A,inf,309.4854887,37.92179506,309.5651573,37.83895442,FOVNotMatch,2003/9/20 2:43:14.00,SAT_10453,4.125532832,17.56273724,SAT_20941,4.099278518,58.30884497,SAT_27707,7.011819879,N/A
frame-g-004115-4-0037,1,No match,FALSE,N/A,inf,309.1140273,38.33171772,309.1521809,38.23658445,FOVNotMatch,2003/9/20 3:40:42.00,SAT_22741,1.985475684,5.493213667,SAT_12406,1.089701565,7.668943143,SAT_10615,2.609003564,8.138031143
frame-g-004128-3-0029,1,No match,FALSE,N/A,inf,345.8987723,-0.035794195,345.8470978,0.010376548,FOVNotMatch,2003/9/26 5:51:56.00,SAT_26647,4.600255947,27.50617122,SAT_4383U,1.038878617,28.1087517,SAT_04383,1.037687653,28.11001301
frame-g-004128-2-0365,1,No match,FALSE,N/A,inf,36.21163173,-0.471479345,36.19926759,-0.401400812,FOVNotMatch,2003/9/26 9:12:33.00,SAT_27905,0.38077199,19.9455609,SAT_17134,0.522993265,21.83091442,SAT_08285,1.723922897,27.68302041
frame-g-004134-5-0067,1,No match,FALSE,N/A,inf,274.7237441,79.11022875,274.9972996,79.17201829,FOVNotMatch,2003/9/27 2:40:11.00,SAT_24296,4.746185055,32.75834715,SAT_19557,5.764721406,33.66413586,SAT_10661,0.117971965,65.1184774
frame-g-004134-5-0084,1,Success,TRUE,SAT_7088U,0.646645964,287.5136159,78.94208862,288.4337107,78.99462781,,2003/9/27 2:50:20.00,SAT_7088U,3.327021874,0.646645964,SAT_07088,3.325889859,0.700826527,SAT_22241,5.629752522,4.513201966
frame-g-004134-3-0146,1,No match,FALSE,N/A,inf,322.1690725,73.7457596,322.0075204,73.92347992,FOVNotMatch,2003/9/27 3:27:21.00,SAT_05174,4.053348607,35.4174731,SAT_5174U,4.05300586,35.4178346,SAT_12223,1.916507736,37.64545104
frame-g-004128-4-0489,1,No match,FALSE,N/A,inf,54.78141134,0.213094057,54.71685299,0.4370764,FOVNotMatch,2003/9/26 10:26:36.00,SAT_23027,0.0456265,15.91441308,SAT_22273,1.520295874,19.87368208,SAT_13260,3.444887734,50.42880927
frame-g-004128-3-0489,1,No match,FALSE,N/A,inf,54.8627419,-0.068797665,54.83806317,0.017545096,FOVNotMatch,2003/9/26 10:26:36.00,SAT_23027,0.0456265,16.04157104,SAT_22273,1.520295874,20.00084004,SAT_13260,3.444887734,50.30165132
frame-g-004128-3-0505,1,No match,FALSE,N/A,inf,57.27243403,-0.205718263,57.14573337,-0.167371695,FOVNotMatch,2003/9/26 10:36:09.00,SAT_23237,4.492058178,12.97996787,SAT_26352,5.530130546,16.62629907,SAT_24713,4.441313077,16.82659277
frame-g-004136-4-0058,1,No match,FALSE,N/A,inf,36.02973018,0.111104931,35.89751607,0.146529247,FOVNotMatch,2003/9/27 10:07:57.00,SAT_27378,5.50525845,14.97247303,SAT_27854,5.481053929,14.98401708,SAT_27426,5.454253187,14.99724839
frame-g-004136-1-0147,1,No match,FALSE,N/A,inf,49.3212856,-1.248292619,49.28959135,-1.023985768,FOVNotMatch,2003/9/27 11:01:06.00,SAT_26393,4.875231951,12.1099125,SAT_27467,3.203635847,43.54680565,SAT_07647,2.202689922,46.72289374
frame-g-004136-2-0147,1,No match,FALSE,N/A,inf,49.26181781,-0.828954935,49.23019336,-0.604909395,FOVNotMatch,2003/9/27 11:01:06.00,SAT_26393,4.875231951,12.11721613,SAT_27467,3.203635847,43.53950202,SAT_07647,2.202689922,46.73019737
frame-g-004136-3-0148,1,No match,FALSE,N/A,inf,49.50153656,-0.409517464,49.4767019,-0.229523103,FOVNotMatch,2003/9/27 11:01:42.00,SAT_26393,2.960780918,12.01331687,SAT_20889,0.108740484,17.32751098,SAT_04717,1.647563563,17.42718486
frame-g-004143-5-0053,1,No match,FALSE,N/A,inf,280.3651824,78.93555021,279.8600986,79.07867954,FOVNotMatch,2003/9/28 2:54:35.00,SAT_732U0,2.290301206,34.85541509,SAT_00732,2.276034203,35.36671637,SAT_4790U,0.012326565,41.04834663
frame-g-004143-3-0096,1,Success,TRUE,SAT_12854,1.695373896,307.8535549,76.15514416,308.4097813,76.20018455,,2003/9/28 3:20:16.00,SAT_12854,4.400039156,1.695373896,SAT_23511,5.607250192,6.992957089,SAT_16404,3.17503539,7.135822958
frame-g-004144-1-0107,1,Success,TRUE,SAT_25778,2.459522923,321.7646025,72.44998309,321.97148,72.39756547,,2003/9/28 4:57:59.00,SAT_25778,5.800116932,2.459522923,SAT_25288,5.448196771,3.102145559,SAT_04709,3.532265198,5.546166992
frame-g-004145-5-0070,1,No match,FALSE,N/A,inf,354.0130529,0.422440259,353.9298528,0.454530321,FOVNotMatch,2003/9/28 6:37:45.00,SAT_21680,1.248197628,11.7837122,SAT_26402,5.938822806,21.0368685,SAT_03029,5.666129211,21.0480248
frame-g-004145-5-0071,1,No match,FALSE,N/A,inf,354.2429126,0.449179984,354.2155483,0.459562734,FOVNotMatch,2003/9/28 6:38:20.00,SAT_21680,1.248197628,11.47028732,SAT_26402,5.938822806,20.72344362,SAT_03029,5.666129211,20.73459991
frame-g-004145-4-0197,1,No match,FALSE,N/A,inf,13.10581726,0.064239246,13.0309114,0.081094602,FOVNotMatch,2003/9/28 7:53:34.00,SAT_26352,5.44461824,12.59405895,SAT_23313,5.63481506,12.6321804,SAT_26402,5.536368503,12.64076256
frame-g-004145-2-0181,1,No match,FALSE,N/A,inf,10.70969622,-0.668111674,10.6603164,-0.611443495,FOVNotMatch,2003/9/28 7:44:01.00,SAT_26352,5.670733802,48.85621659,SAT_26402,5.914148047,48.89037337,SAT_27501,5.842342566,48.91934298
frame-g-004145-2-0175,1,Success,TRUE,SAT_8395U,1.109958706,9.812640288,-0.699126689,9.780117753,-0.612276549,,2003/9/28 7:40:26.00,SAT_8395U,4.229092555,1.109958706,SAT_08395,4.208853111,1.121657969,SAT_11883,2.418200099,34.99861482
frame-g-004145-2-0253,1,No match,FALSE,N/A,inf,21.44774037,-0.836119293,21.49022339,-0.652514449,FOVNotMatch,2003/9/28 8:27:00.00,SAT_25368,1.338800927,19.87525179,SAT_25818,5.988774215,51.21798651,SAT_8366U,3.691842285,61.36087662
frame-g-004145-6-0280,1,Success,TRUE,SAT_4778U,2.534279425,25.37669202,0.841925495,25.44894881,1.066672109,,2003/9/28 8:43:08.00,SAT_4778U,3.524176731,2.534279425,SAT_04778,3.52351075,2.541182179,SAT_14504,1.776488591,12.50344933
frame-g-004145-3-0283,1,Success,TRUE,SAT_4778U,2.403482619,25.87342724,-0.416640494,25.94503629,-0.192122979,,2003/9/28 8:44:55.00,SAT_4778U,3.524176731,2.403482619,SAT_04778,3.52351075,2.410385374,SAT_14504,1.776488591,12.37265252
frame-g-004145-2-0284,1,Success,TRUE,SAT_4778U,2.344525197,26.03947509,-0.835876945,26.11052054,-0.612346855,,2003/9/28 8:45:31.00,SAT_4778U,3.524176731,2.344525197,SAT_04778,3.52351075,2.351427951,SAT_14504,1.776488591,12.3136951
frame-g-004145-1-0285,1,Success,TRUE,SAT_4778U,2.353312393,26.20520912,-1.255611611,26.27652548,-1.03137507,,2003/9/28 8:46:07.00,SAT_4778U,3.524176731,2.353312393,SAT_04778,3.52351075,2.360215148,SAT_14504,1.776488591,12.32248229
frame-g-004145-5-0314,1,Success,TRUE,SAT_8366U,0.657567803,30.50907963,0.581762669,30.45909826,0.56833006,,2003/9/28 9:03:26.00,SAT_8366U,4.556695662,0.657567803,SAT_15139,3.143411752,1.154416037,SAT_11153,5.940883894,1.917575282
frame-g-004145-5-0315,1,Success,TRUE,SAT_8366U,0.811937474,30.60883229,0.527646852,30.77245026,0.572092744,,2003/9/28 9:04:02.00,SAT_8366U,4.556695662,0.811937474,SAT_15139,3.143411752,1.308785707,SAT_11153,5.940883894,2.071944953
frame-g-004145-5-0316,1,Success,TRUE,SAT_8366U,0.653760526,30.88352865,0.521127828,30.92213991,0.531502028,,2003/9/28 9:04:37.00,SAT_8366U,4.556695662,0.653760526,SAT_15139,3.143411752,1.150608759,SAT_11153,5.940883894,1.913768005
frame-g-004153-5-0063,1,No match,FALSE,N/A,inf,352.6682875,0.6339692,352.5237462,0.675340406,FOVNotMatch,2003/9/29 6:38:25.00,SAT_3292U,3.132790783,23.19610383,SAT_9998U,4.263124508,25.68356582,SAT_27673,5.22299777,29.26283763
frame-g-004153-6-0063,1,No match,FALSE,N/A,inf,352.6860182,1.12047049,352.6282217,1.131196627,FOVNotMatch,2003/9/29 6:38:25.00,SAT_3292U,3.132790783,17.73830235,SAT_9998U,4.263124508,20.22576434,SAT_27673,5.22299777,23.80503615
frame-g-004153-5-0064,1,No match,FALSE,N/A,inf,352.8359665,0.671523836,352.683982,0.714696493,FOVNotMatch,2003/9/29 6:39:01.00,SAT_3292U,3.132790783,23.0815328,SAT_9998U,4.263124508,25.56899478,SAT_27673,5.22299777,29.14826659
frame-g-004153-6-0150,1,No match,FALSE,N/A,inf,5.686633289,1.104506189,5.547344447,1.119560444,FOVNotMatch,2003/9/29 7:30:21.00,SAT_3292U,4.486392359,11.52927451,SAT_27673,1.436255805,14.5099494,SAT_20962,5.598157509,22.44150072
frame-g-004153-6-0151,1,No match,FALSE,N/A,inf,5.860463997,1.118239493,5.762453699,1.128985824,FOVNotMatch,2003/9/29 7:30:57.00,SAT_3292U,4.486392359,11.61796223,SAT_27673,1.436255805,14.59863712,SAT_20962,5.598157509,22.53018845
frame-g-004157-4-0062,1,Success,TRUE,SAT_13946,1.746465116,27.97115395,0.216679788,27.99961208,0.268585937,,2003/9/30 8:09:48.00,SAT_13946,3.547909252,1.746465116,SAT_8701U,3.968611187,10.69560894,SAT_21302,4.032076683,32.64274899
frame-g-004157-3-0107,1,No match,FALSE,N/A,inf,34.7362004,-0.179214157,34.57354839,-0.137352176,FOVNotMatch,2003/9/30 8:36:40.00,SAT_23237,3.259771666,16.27635335,SAT_22850,5.526455686,17.07923552,SAT_4902U,5.657246905,26.50998583
frame-g-004157-3-0110,1,No match,FALSE,N/A,inf,35.18562794,-0.06416616,35.0227375,-0.022406948,FOVNotMatch,2003/9/30 8:38:28.00,SAT_23237,3.259771666,16.22214399,SAT_22850,5.526455686,17.02502616,SAT_4902U,5.657246905,26.45577646
frame-g-004157-3-0111,1,No match,FALSE,N/A,inf,35.33544472,-0.025713825,35.17317535,0.015801583,FOVNotMatch,2003/9/30 8:39:03.00,SAT_23237,3.259771666,16.19411294,SAT_22850,5.526455686,16.99699511,SAT_4902U,5.657246905,26.42774542
frame-g-004157-4-0117,1,Success,TRUE,SAT_10722,4.866706626,36.17872742,0.216809608,36.07058281,0.24441021,,2003/9/30 8:42:38.00,SAT_10722,3.413459688,4.866706626,SAT_25954,5.875496671,14.28476915,SAT_22930,5.829297576,14.28901584
frame-g-004157-4-0120,1,Success,TRUE,SAT_10722,4.833690942,36.68250647,0.316857218,36.51932333,0.358404198,,2003/9/30 8:44:26.00,SAT_10722,3.413459688,4.833690942,SAT_25954,5.875496671,14.25175346,SAT_22930,5.829297576,14.25600016
frame-g-004157-6-0122,1,Success,TRUE,SAT_26779,1.166595693,36.98174885,1.109325933,36.82568618,1.055089557,,2003/9/30 8:45:38.00,SAT_26779,2.777747118,1.166595693,SAT_11144,3.517571378,3.082603127,SAT_8366U,4.09919736,4.468523295
frame-g-004157-5-0187,1,No match,FALSE,N/A,inf,46.58554277,0.635530905,46.6732284,0.860496135,FOVNotMatch,2003/9/30 9:24:26.00,SAT_15827,2.901224315,10.1886444,SAT_13488,5.480240604,16.99827652,SAT_2511U,5.805988265,19.57253538
frame-g-004157-4-0188,1,No match,FALSE,N/A,inf,46.72151445,0.216232526,46.80909705,0.441179704,FOVNotMatch,2003/9/30 9:25:02.00,SAT_15827,2.901224315,10.16874745,SAT_13488,5.480240604,16.97837957,SAT_2511U,5.805988265,19.55263843
frame-g-004157-1-0192,1,No match,FALSE,N/A,inf,47.43019456,-1.042372959,47.46279411,-0.95762254,FOVNotMatch,2003/9/30 9:27:25.00,SAT_15827,2.901224315,9.932233228,SAT_13488,5.480240604,16.74186535,SAT_2511U,5.805988265,19.31612421
frame-g-004184-2-0062,1,No match,FALSE,N/A,inf,310.9811439,-0.626689402,310.9647479,-0.548517341,FOVNotMatch,2003/10/17 2:22:57.00,SAT_17141,5.336641213,5.033304871,SAT_8296U,0.339160583,8.82052245,SAT_08296,0.334751835,8.821379758
frame-g-004157-2-0251,1,Success,TRUE,SAT_27716,3.025763656,56.29614532,-0.608105573,56.13294806,-0.59088599,,2003/9/30 10:02:39.00,SAT_27716,3.106551929,3.025763656,SAT_23553,4.888263857,6.004438539,SAT_25954,4.885755665,6.007566932
frame-g-004184-4-0186,1,Success,TRUE,SAT_7681U,0.537058199,329.5969588,0.342626952,329.5616292,0.436044717,,2003/10/17 3:36:59.00,SAT_7681U,0.978683305,0.537058199,SAT_07681,0.984791022,0.537115162,SAT_22066,2.070731538,41.12034723
frame-g-004184-1-0211,1,Success,TRUE,SAT_3029U,1.089460459,333.3393917,-0.846524718,333.2220357,-0.87897637,,2003/10/17 3:51:54.00,SAT_3029U,4.781611775,1.089460459,SAT_03029,4.78247018,1.08950073,SAT_25640,0.271378129,8.841596899
frame-g-004187-5-0032,1,Success,TRUE,SAT_26696,0.08569682,312.3877414,0.460239454,312.5511007,0.487156437,,2003/10/18 2:10:21.00,SAT_26696,0.991136833,0.08569682,SAT_26352,5.968278158,9.205262939,SAT_26624,5.898643136,9.371985844
frame-g-004188-5-0108,1,No match,FALSE,N/A,inf,359.8102975,0.654797013,359.6473036,0.716601276,FOVNotMatch,2003/10/18 4:10:16.00,SAT_11676,4.952481843,20.71080525,SAT_23127,0.734058947,31.60255602,SAT_20316,5.821053349,31.76655706
frame-g-004192-6-0431,1,Success,TRUE,SAT_8747U,1.957314479,11.34135472,0.967073679,11.17775946,1.007942023,,2003/10/19 6:06:02.00,SAT_8747U,5.848572864,1.957314479,SAT_08747,5.849116828,1.957462152,SAT_20316,5.89202774,19.35796574
frame-g-004198-2-0087,1,No match,FALSE,N/A,inf,318.8819533,-0.626967754,318.9449972,-0.613898118,FOVNotMatch,2003/10/22 2:25:55.00,SAT_26352,4.663621997,11.59236826,SAT_27501,5.271010403,11.71297916,SAT_26624,4.823424853,11.72885804
frame-g-004198-3-0342,1,Success,TRUE,SAT_10893,3.05127102,357.1092841,-0.207349297,357.0314019,0.017077452,,2003/10/22 4:58:11.00,SAT_10893,5.903045776,3.05127102,SAT_23397,0.038937535,38.3152385,SAT_27686,2.43779151,40.40097508
frame-g-004198-4-0343,1,Success,TRUE,SAT_10893,3.005110412,357.2628038,0.211993526,357.1845542,0.436890722,,2003/10/22 4:58:47.00,SAT_10893,5.903045776,3.005110412,SAT_23397,0.038937535,38.36139911,SAT_27686,2.43779151,40.35481447
frame-g-004198-6-0344,1,Success,TRUE,SAT_10893,3.209438389,357.269342,1.051376289,357.2535777,1.09720305,,2003/10/22 4:59:22.00,SAT_10893,5.903045776,3.209438389,SAT_23397,0.038937535,38.15707113,SAT_27686,2.43779151,40.55914245
frame-g-004198-6-0345,1,Success,TRUE,SAT_10893,3.043194157,357.5668452,1.056239292,357.4905898,1.27583296,,2003/10/22 4:59:58.00,SAT_10893,5.903045776,3.043194157,SAT_23397,0.038937535,38.32331536,SAT_27686,2.43779151,40.39289821
frame-g-004198-2-0750,1,No match,FALSE,N/A,inf,58.13041586,-0.512859972,58.1989347,-0.446164245,FOVNotMatch,2003/10/22 9:01:47.00,SAT_08613,1.303487721,29.09646512,SAT_8613U,1.299790735,29.09701566,SAT_19483,1.357271272,32.15927907
frame-g-004198-4-0755,1,No match,FALSE,N/A,inf,58.94750752,0.297271081,58.8940608,0.436854072,FOVNotMatch,2003/10/22 9:04:46.00,SAT_12940,5.162607244,31.05861481,SAT_15355,5.226564031,31.71649533,SAT_8613U,1.299790735,37.62605217
frame-g-004203-3-0296,1,No match,FALSE,N/A,inf,343.7912251,-0.323734216,343.6291364,-0.305527703,FOVNotMatch,2003/10/23 4:11:46.00,SAT_21726,5.416685508,6.240099963,SAT_23846,5.491854404,6.355588953,SAT_26402,5.153186913,6.375041977
frame-g-004203-3-0297,1,No match,FALSE,N/A,inf,343.9415424,-0.306996625,343.7790434,-0.288683695,FOVNotMatch,2003/10/23 4:12:22.00,SAT_21726,5.416685508,6.261099692,SAT_23846,5.491854404,6.376588681,SAT_26402,5.153186913,6.396041706
frame-g-004203-3-0300,1,No match,FALSE,N/A,inf,344.3902681,-0.256847979,344.2271467,-0.238757953,FOVNotMatch,2003/10/23 4:14:10.00,SAT_21726,5.418260148,6.166570417,SAT_26402,5.074667229,6.295232646,SAT_24748,5.089091122,6.296803029
frame-g-004203-3-0301,1,No match,FALSE,N/A,inf,344.540205,-0.240277797,344.3783282,-0.222287116,FOVNotMatch,2003/10/23 4:14:46.00,SAT_21726,5.418260148,6.180086551,SAT_26402,5.074667229,6.308748779,SAT_24748,5.089091122,6.310319162
frame-g-004203-4-0364,1,Success,TRUE,SAT_4388U,4.060410531,353.9714032,0.16742875,353.8084196,0.186968633,,2003/10/23 4:52:22.00,SAT_4388U,1.834967484,4.060410531,SAT_04388,1.836865803,4.060620291,SAT_21726,5.85944732,6.74247044
frame-g-004203-4-0365,1,Success,TRUE,SAT_4388U,4.088002763,354.1202358,0.185377748,353.9586102,0.204675854,,2003/10/23 4:52:58.00,SAT_4388U,1.834967484,4.088002763,SAT_04388,1.836865803,4.088212524,SAT_21726,5.85944732,6.714878208
frame-g-004203-3-0625,1,No match,FALSE,N/A,inf,32.97777203,-0.417481712,32.88074055,-0.386066753,FOVNotMatch,2003/10/23 7:28:13.00,SAT_2215U,5.46387477,17.62490564,SAT_26352,4.631613069,17.81954797,SAT_23313,5.633610221,17.92162727
frame-g-004203-2-0480,1,Success,TRUE,SAT_2215U,3.306208737,11.25284709,-0.632745471,11.33397259,-0.623946774,,2003/10/23 6:01:38.00,SAT_2215U,3.811830764,3.306208737,SAT_21726,5.030599527,6.156468924,SAT_24748,4.676897552,6.189903643
frame-g-004203-3-0626,1,No match,FALSE,N/A,inf,33.19411386,-0.390760625,33.03171404,-0.337492838,FOVNotMatch,2003/10/23 7:28:49.00,SAT_1685U,0.840025962,13.27545779,SAT_01685,0.822819348,13.31853137,SAT_2215U,5.538425189,17.68030221
frame-g-004207-5-0291,1,Success,TRUE,SAT_8747U,2.788818493,347.882179,0.855121334,348.0026461,0.839709489,,2003/10/24 4:16:08.00,SAT_8747U,5.935836782,2.788818493,SAT_5715U,0.431456639,7.291666563,SAT_26352,5.885136114,7.319586066
frame-g-004207-2-0262,1,No match,FALSE,N/A,inf,343.7039983,-0.558074892,343.583894,-0.527523356,FOVNotMatch,2003/10/24 3:58:49.00,SAT_21726,5.265396907,14.09207827,SAT_23846,4.986236361,14.21750334,SAT_24713,5.622422688,14.23631625
frame-g-004203-5-0764,1,Success,TRUE,SAT_12648,0.640536265,53.69920816,0.518013435,53.69077539,0.564039529,,2003/10/23 8:51:12.00,SAT_12648,0.890171678,0.640536265,SAT_12940,2.244702076,20.47303944,SAT_15355,0.104843401,20.89908155
frame-g-004203-5-0765,1,Success,TRUE,SAT_12648,0.60937848,53.99847393,0.51837834,53.97495331,0.646360338,,2003/10/23 8:51:48.00,SAT_12648,0.890171678,0.60937848,SAT_12940,2.244702076,20.50419722,SAT_15355,0.104843401,20.93023933
frame-g-004207-4-0316,1,No match,FALSE,N/A,inf,351.6685235,0.212811332,351.6515326,0.303791161,FOVNotMatch,2003/10/24 4:31:03.00,SAT_25105,0.245214368,7.08190314,SAT_24640,5.845298688,9.352623042,SAT_10893,0.319459055,11.57917493
frame-g-004203-1-0673,1,No match,FALSE,N/A,inf,40.13386359,-1.256616831,40.22961613,-1.150509822,FOVNotMatch,2003/10/23 7:56:52.00,SAT_6989U,0.584847071,25.55459433,SAT_06989,0.586003386,25.55514856,SAT_11147,2.878375453,30.52098101
frame-g-004207-6-0385,1,Success,TRUE,SAT_25624,1.346901109,2.116389528,1.056024902,2.03550896,1.067142489,,2003/10/24 5:12:15.00,SAT_25624,5.810614588,1.346901109,SAT_8747U,5.313195889,3.690559761,SAT_22098,0.031762298,7.698412556
frame-g-004208-1-0110,1,Success,TRUE,SAT_12715,3.708137728,121.0268069,48.36626683,120.9225284,48.30994528,,2003/10/24 10:19:38.00,SAT_12715,2.455796175,3.708137728,SAT_26007,0.101759466,31.05765072,SAT_14475,5.598327131,40.50310651
frame-g-004208-4-0204,1,Success,TRUE,SAT_23211,3.20616929,133.7131846,60.4130544,133.6276491,60.38506276,,2003/10/24 11:15:45.00,SAT_23211,5.466448307,3.20616929,SAT_21107,1.507904501,14.15559411,SAT_21033,0.122097755,16.6794544
frame-g-004233-2-0058,1,No match,FALSE,N/A,inf,113.7081055,43.62949281,113.457404,43.67775923,FOVNotMatch,2003/11/3 9:20:37.00,SAT_25054,0.03587063,20.73531125,SAT_21232,0.484979148,75.6926824,SAT_21430,0.985795586,87.9777631
frame-g-004208-2-0259,1,Success,TRUE,SAT_9980U,1.833532731,149.1161471,65.04771876,148.7421381,65.02057294,,2003/10/24 11:48:36.00,SAT_9980U,3.364095432,1.833532731,SAT_5280U,4.731093578,5.373201395,SAT_05280,4.863383113,7.862097865
frame-g-004208-2-0252,1,No match,FALSE,N/A,inf,146.7517414,64.42030435,146.7757657,64.36945802,FOVNotMatch,2003/10/24 11:44:25.00,SAT_19751,1.235681473,21.6907176,SAT_23396,2.41804476,27.60489927,SAT_15264,1.535389333,27.82829046
frame-g-004208-2-0253,1,No match,FALSE,N/A,inf,147.3455849,64.53520968,147.3275194,64.57497817,FOVNotMatch,2003/10/24 11:45:01.00,SAT_19751,1.235681473,22.18774219,SAT_23396,2.41804476,28.10192386,SAT_15264,1.535389333,28.32531505
frame-g-004208-1-0253,1,No match,FALSE,N/A,inf,147.4632012,64.26299908,147.4372348,64.32410983,FOVNotMatch,2003/10/24 11:45:01.00,SAT_19751,1.235681473,22.78859307,SAT_23396,2.41804476,28.70277474,SAT_15264,1.535389333,28.92616593
frame-g-004252-3-0086,1,No match,FALSE,N/A,inf,353.8002568,-0.150641827,353.7350221,-0.118889152,FOVNotMatch,2003/11/19 1:56:43.00,SAT_6764U,0.972510775,17.53231139,SAT_18597,4.629228025,17.63808091,SAT_26696,4.56210783,19.58786973
frame-g-004253-3-0042,1,No match,FALSE,N/A,inf,350.1857423,-0.164479374,350.0297157,-0.086041366,FOVNotMatch,2003/11/19 2:37:26.00,SAT_26511,1.437375016,11.13832027,SAT_8746U,4.438801148,16.41526879,SAT_8747U,4.176802412,16.49805748
frame-g-004253-3-0043,1,No match,FALSE,N/A,inf,350.3417825,-0.092546048,350.260172,-0.051517423,FOVNotMatch,2003/11/19 2:38:02.00,SAT_26511,1.437375016,11.13896954,SAT_8746U,4.438801148,16.41591806,SAT_8747U,4.176802412,16.49870675
frame-g-004253-2-0054,1,No match,FALSE,N/A,inf,351.8443089,-0.625834277,351.8261911,-0.54436091,FOVNotMatch,2003/11/19 2:44:36.00,SAT_21011,4.342927539,31.59757739,SAT_8746U,3.816097917,66.96077631,SAT_8747U,3.48895026,67.04127901
frame-g-004253-3-0055,1,No match,FALSE,N/A,inf,352.0512849,-0.206476701,352.0021663,0.01748514,FOVNotMatch,2003/11/19 2:45:12.00,SAT_21011,4.342927539,31.43104463,SAT_8746U,3.816097917,67.12730907,SAT_8747U,3.48895026,67.20781178
frame-g-004253-2-0055,1,No match,FALSE,N/A,inf,352.1379406,-0.600027283,352.0943638,-0.401649302,FOVNotMatch,2003/11/19 2:45:12.00,SAT_21011,4.342927539,31.44964428,SAT_8746U,3.816097917,67.10870942,SAT_8747U,3.48895026,67.18921213
frame-g-004263-4-0014,1,Success,TRUE,SAT_23201,0.856945787,344.8439692,0.002145081,344.7254529,0.016681172,,2003/11/20 2:25:22.00,SAT_23201,4.361493859,0.856945787,SAT_25843,4.099099245,2.107219385,SAT_26607,2.434914661,2.159623453
frame-g-004263-4-0018,1,Success,TRUE,SAT_23201,0.735780591,345.4865028,0.069399921,345.323746,0.08901284,,2003/11/20 2:27:46.00,SAT_23201,4.361493859,0.735780591,SAT_25843,4.099099245,2.228384581,SAT_26607,2.434914661,2.280788649
frame-g-004263-3-0252,1,No match,FALSE,N/A,inf,20.47028254,-0.267217311,20.35324673,-0.200079765,FOVNotMatch,2003/11/20 4:47:28.00,SAT_23313,5.918873815,29.81337193,SAT_23846,5.9571393,29.84918086,SAT_26624,5.525035328,29.85021195
frame-g-004263-4-0348,1,No match,FALSE,N/A,inf,34.88674926,0.178202931,34.86206313,0.226195815,FOVNotMatch,2003/11/20 5:44:48.00,SAT_26362,1.307675814,31.24785176,SAT_17134,4.873034782,39.5738121,SAT_23741,5.528951896,62.79139069
frame-g-004288-3-0011,1,No match,FALSE,N/A,inf,20.40318274,-0.289370953,20.35469357,-0.281182249,FOVNotMatch,2003/11/28 4:33:56.00,SAT_26696,3.497974587,6.417002986,SAT_26724,5.096565931,9.612846659,SAT_3284U,3.557462951,13.51611265
frame-g-004335-4-0174,1,No match,FALSE,N/A,inf,136.1121203,29.08355804,136.0226761,29.09707197,FOVNotMatch,2003/12/21 7:52:47.00,SAT_26858,3.061571201,33.81425733,SAT_23410,3.835894105,71.84298696,SAT_08601,0.095209699,77.37130618
frame-g-004335-2-0230,1,No match,FALSE,N/A,inf,145.0786631,32.03708785,145.1131058,32.09613953,FOVNotMatch,2003/12/21 8:26:13.00,SAT_24963,2.604018223,53.53662085,SAT_26987,14.52143484,N/A,SAT_3758U,6.817813793,N/A
frame-g-004335-2-0231,1,No match,FALSE,N/A,inf,145.2994672,31.98600255,145.4099888,32.17576482,FOVNotMatch,2003/12/21 8:26:49.00,SAT_24963,2.604018223,53.50015632,SAT_26987,14.52143484,N/A,SAT_3758U,6.817813793,N/A
frame-g-004335-2-0232,1,No match,FALSE,N/A,inf,145.5727757,32.02477804,145.6309031,32.12386495,FOVNotMatch,2003/12/21 8:27:25.00,SAT_24963,2.604018223,53.66586884,SAT_26987,14.52143484,N/A,SAT_3758U,6.817813793,N/A
frame-g-004326-6-0020,1,No match,FALSE,N/A,inf,21.76694359,-5.617602792,21.80954429,-5.509595391,FOVNotMatch,2003/12/17 1:44:21.00,SAT_21500,2.255709598,33.83243901,SAT_10933,5.817689786,35.72571948,SAT_08366,5.36976138,52.26660959
frame-g-004326-6-0025,1,No match,FALSE,N/A,inf,22.47706973,-5.326375876,22.57342383,-5.189638004,FOVNotMatch,2003/12/17 1:47:20.00,SAT_08366,5.36976138,38.64263263,SAT_8366U,5.364981517,38.64372222,SAT_12996,5.287157678,38.8787908
frame-g-004334-4-0013,1,No match,FALSE,N/A,inf,46.25253996,10.12562502,46.11041131,10.20878328,FOVNotMatch,2003/12/21 3:09:00.00,SAT_18598,5.117700305,35.1948758,SAT_20623,1.787226279,38.30943675,SAT_18356,3.920305928,39.11821769
frame-g-004326-3-0037,1,Success,TRUE,SAT_4742U,3.42962603,24.69516464,-5.334296512,24.73847534,-5.220711767,,2003/12/17 1:54:30.00,SAT_4742U,5.258673957,3.42962603,SAT_6270U,2.609681383,31.40402799,SAT_06270,2.609046404,31.40443715
frame-g-004326-2-0039,1,Success,TRUE,SAT_4742U,3.796286617,25.05345372,-5.355276983,25.06894935,-5.313845521,,2003/12/17 1:55:42.00,SAT_4742U,5.258673957,3.796286617,SAT_6270U,2.609681383,31.0373674,SAT_06270,2.609046404,31.03777656
frame-g-004326-2-0040,1,Success,TRUE,SAT_4742U,3.961276361,25.26738362,-5.399936161,25.28418785,-5.354610294,,2003/12/17 1:56:17.00,SAT_4742U,5.258673957,3.961276361,SAT_6270U,2.609681383,30.87237766,SAT_06270,2.609046404,30.87278682
frame-g-004326-2-0040,2,Success,TRUE,SAT_4742U,3.613381228,25.23615721,-5.354898936,25.30627782,-5.169206679,,2003/12/17 1:56:17.00,SAT_4742U,5.258673957,3.613381228,SAT_6270U,2.609681383,31.22027279,SAT_06270,2.609046404,31.22068195
frame-g-004326-2-0041,1,Success,TRUE,SAT_4742U,3.530365075,25.48844706,-5.297762704,25.52034437,-5.213661986,,2003/12/17 1:56:53.00,SAT_4742U,5.258673957,3.530365075,SAT_6270U,2.609681383,31.30328894,SAT_06270,2.609046404,31.30369811
frame-g-004326-2-0041,2,Success,TRUE,SAT_4742U,3.613040265,25.4234747,-5.342753863,25.48913088,-5.168885632,,2003/12/17 1:56:53.00,SAT_4742U,5.258673957,3.613040265,SAT_6270U,2.609681383,31.22061375,SAT_06270,2.609046404,31.22102292
frame-g-004326-1-0043,1,Success,TRUE,SAT_4742U,3.86152173,25.81626638,-5.400198569,25.86230293,-5.276679232,,2003/12/17 1:58:05.00,SAT_4742U,5.258673957,3.86152173,SAT_6270U,2.609681383,30.97213229,SAT_06270,2.609046404,30.97254145
frame-g-004326-1-0043,2,Success,TRUE,SAT_4742U,3.158901212,25.7851105,-5.3542506,25.79788081,-5.321233982,,2003/12/17 1:58:05.00,SAT_4742U,5.258673957,3.158901212,SAT_6270U,2.609681383,31.67475281,SAT_06270,2.609046404,31.67516197
frame-g-004338-3-0041,1,No match,FALSE,N/A,inf,148.885068,11.99856742,148.8895803,12.11973793,FOVNotMatch,2003/12/21 10:05:49.00,SAT_18883,4.207119691,10.50033868,SAT_21106,4.103324826,13.33609382,SAT_27707,5.508862313,18.38955726
frame-g-004344-2-0027,1,No match,FALSE,N/A,inf,142.8437571,10.59466889,142.773791,10.67335657,FOVNotMatch,2003/12/25 9:51:13.00,SAT_18806,3.88136493,24.40507103,SAT_15245,3.077108114,36.83686309,SAT_2253U,3.397846582,39.72964133
frame-g-004344-2-0028,1,No match,FALSE,N/A,inf,143.0918992,10.70493904,142.9689876,10.84311723,FOVNotMatch,2003/12/25 9:51:49.00,SAT_18806,3.88136493,24.40322626,SAT_15245,3.077108114,36.83870786,SAT_2253U,3.397846582,39.72779657
frame-g-004381-4-0050,1,Success,TRUE,SAT_14884,2.019785412,177.9576383,15.1361613,178.0373624,15.32968287,,2004/1/28 9:11:21.00,SAT_14884,4.246320191,2.019785412,SAT_21706,0.087543513,46.95114906,SAT_21118,6.880556444,N/A
frame-g-004381-3-0051,1,Success,TRUE,SAT_14884,1.951332531,178.123667,14.79813984,178.1713867,14.91377658,,2004/1/28 9:11:57.00,SAT_14884,4.246320191,1.951332531,SAT_21706,0.087543513,47.01960194,SAT_21118,6.880556444,N/A
frame-g-004381-3-0052,1,Success,TRUE,SAT_14884,1.749381299,178.3863547,14.69529135,178.4466431,14.8399609,,2004/1/28 9:12:32.00,SAT_14884,4.246320191,1.749381299,SAT_21706,0.087543513,47.22155317,SAT_21118,6.880556444,N/A
frame-g-004382-2-0057,1,Success,TRUE,SAT_21630,3.918034706,197.5882811,38.66940612,197.7501339,38.84961247,,2004/1/28 11:59:26.00,SAT_21630,5.682875177,3.918034706,SAT_23420,5.689085863,7.360322074,SAT_26113,4.428203049,44.27821494
frame-g-004389-2-0096,1,Success,TRUE,SAT_14209,3.423105601,204.2803676,37.72701626,204.5054982,37.91824018,,2004/1/30 12:22:47.00,SAT_14209,0.32277876,3.423105601,SAT_04790,3.726280356,76.55968445,SAT_4790U,3.725504721,76.56203482
frame-g-004389-2-0096,2,No match,FALSE,N/A,inf,204.2919203,37.81180634,204.3363199,37.94672904,FOVNotMatch,2004/1/30 12:22:47.00,SAT_14209,0.32277876,31.78489933,SAT_20452,5.428314762,60.4941644,SAT_4790U,3.725504721,75.07617145
frame-g-004389-5-0123,1,Success,TRUE,SAT_20452,2.932675131,209.8094234,37.93839799,209.7028997,38.04788842,,2004/1/30 12:38:54.00,SAT_20452,1.511955674,2.932675131,SAT_24876,3.70868817,4.003882076,SAT_00016,3.410615068,56.92901664
frame-g-004392-6-0284,1,No match,FALSE,N/A,inf,194.7690593,37.93341497,194.8097562,38.04356835,FOVNotMatch,2004/1/31 12:21:03.00,SAT_24640,5.038075686,10.34056748,SAT_26573,9.670942775,N/A,SAT_16527,15.66994953,N/A
frame-g-004469-5-0244,1,No match,FALSE,N/A,inf,146.9466737,34.16328117,147.069637,34.23771362,FOVNotMatch,2004/2/17 8:31:50.00,SAT_18883,0.963135429,37.40617189,SAT_15259,2.205180848,81.91468582,SAT_13607,2.770749065,83.37148799
frame-g-004469-5-0245,1,No match,FALSE,N/A,inf,147.1772045,34.22033722,147.29293,34.28973578,FOVNotMatch,2004/2/17 8:32:26.00,SAT_18883,0.963135429,37.64377296,SAT_15259,2.205180848,82.15228689,SAT_13607,2.770749065,83.60908906
frame-g-004458-1-0035,1,Success,TRUE,SAT_8621U,0.476483191,117.3525518,16.51826978,117.1525468,16.50602915,,2004/2/16 6:04:50.00,SAT_8621U,3.689822863,0.476483191,SAT_26476,0.752986116,14.36411682,SAT_23756,2.788678545,18.78505908
frame-g-004469-5-0440,1,No match,FALSE,N/A,inf,183.3038492,40.61060173,183.2806922,40.83486873,FOVNotMatch,2004/2/17 10:28:51.00,SAT_18881,2.357850244,24.50543342,SAT_23420,3.280226427,31.37009762,SAT_21426,1.799122253,32.94916641
frame-g-004469-6-0440,1,No match,FALSE,N/A,inf,183.2594932,41.02960651,183.2369317,41.2500748,FOVNotMatch,2004/2/17 10:28:51.00,SAT_18881,2.357850244,24.43785887,SAT_23420,3.280226427,31.30252306,SAT_21426,1.799122253,32.88159185
frame-g-004469-3-0475,1,No match,FALSE,N/A,inf,190.1907705,39.66767906,190.1035219,39.86698963,FOVNotMatch,2004/2/17 10:49:45.00,SAT_15827,3.370881991,11.26413913,SAT_24640,0.002228467,43.53386564,SAT_23420,4.853106922,47.39498001
frame-g-004470-3-0098,1,No match,FALSE,N/A,inf,200.2540431,36.08085456,200.1936883,36.31639547,FOVNotMatch,2004/2/17 11:56:10.00,SAT_16527,4.434309806,30.02786426,SAT_19557,5.781885086,31.39326723,SAT_11054,4.29396185,38.63005744
frame-g-004470-4-0099,1,No match,FALSE,N/A,inf,200.5081662,36.47261337,200.4483073,36.70797478,FOVNotMatch,2004/2/17 11:56:46.00,SAT_16527,4.434309806,29.88633627,SAT_19557,5.781885086,31.25173925,SAT_11054,4.29396185,38.48852946
frame-g-004470-5-0100,1,No match,FALSE,N/A,inf,200.7654528,36.86321409,200.7063976,37.09902748,FOVNotMatch,2004/2/17 11:57:22.00,SAT_16527,4.434309806,29.6578415,SAT_19557,5.781885086,31.02324448,SAT_11054,4.29396185,38.26003468
frame-g-004470-6-0101,1,No match,FALSE,N/A,inf,201.0251176,37.25378047,200.9665984,37.48972948,FOVNotMatch,2004/2/17 11:57:57.00,SAT_16527,4.434309806,29.49516676,SAT_19557,5.781885086,30.86056974,SAT_11054,4.29396185,38.09735995
frame-g-004470-5-0054,1,No match,FALSE,N/A,inf,192.1433118,37.78364225,192.0244829,37.77781131,FOVNotMatch,2004/2/17 11:29:54.00,SAT_27921,0.11586855,55.02099325,SAT_11750,5.596705994,55.35730264,SAT_14278,7.01769343,N/A
frame-g-004470-5-0055,1,No match,FALSE,N/A,inf,192.235062,37.74740796,192.4197746,37.75584389,FOVNotMatch,2004/2/17 11:30:29.00,SAT_27921,0.11586855,54.77413301,SAT_11750,5.596705994,55.11044239,SAT_14278,7.01769343,N/A
frame-g-004470-1-0172,1,No match,FALSE,N/A,inf,213.1937163,32.89782651,213.1208933,32.99087479,FOVNotMatch,2004/2/17 12:40:21.00,SAT_04629,1.632143546,65.87787493,SAT_4629U,1.633745505,65.88080878,SAT_02328,0.242143244,74.52135173
frame-g-004470-3-0119,1,No match,FALSE,N/A,inf,203.9222301,35.65348079,204.0427729,35.74928845,FOVNotMatch,2004/2/17 12:08:42.00,SAT_15214,5.865195658,13.0004904,SAT_22340,3.263493642,16.34741527,SAT_16527,3.426022176,26.50540401
frame-g-004504-2-0096,1,Success,TRUE,SAT_196U0,2.905332902,170.9291814,36.02000857,170.8486485,36.16796053,,2004/3/16 9:30:16.00,SAT_196U0,5.188381732,2.905332902,SAT_00196,5.188308895,2.905381791,SAT_5220U,3.969137534,21.13361997
frame-g-004504-4-0096,1,No match,FALSE,N/A,inf,170.7789275,36.99000335,170.6969701,36.97271601,FOVNotMatch,2004/3/16 9:30:16.00,SAT_16204,2.094794917,25.43478531,SAT_05220,3.977444585,77.80658628,SAT_5220U,3.969137534,77.81675125
frame-g-004504-3-0097,1,Success,TRUE,SAT_196U0,2.787328696,171.0798019,36.46239277,170.9637197,36.67554828,,2004/3/16 9:30:51.00,SAT_196U0,5.188381732,2.787328696,SAT_00196,5.188308895,2.787377585,SAT_5220U,3.969137534,21.01561577
frame-g-004504-4-0097,1,No match,FALSE,N/A,inf,170.8853722,36.97973961,171.0845091,37.02085479,FOVNotMatch,2004/3/16 9:30:51.00,SAT_16204,2.094794917,25.73102486,SAT_05220,3.977444585,78.10282583,SAT_5220U,3.969137534,78.1129908
frame-g-004508-1-0104,1,No match,FALSE,N/A,inf,128.6606558,21.6883985,128.5830988,21.59896882,FOVNotMatch,2004/3/17 6:37:54.00,SAT_13124,5.921779952,24.11069937,SAT_11882,5.535959872,39.16966781,SAT_22353,3.515100423,51.53784534
frame-g-004512-6-0054,1,No match,FALSE,N/A,inf,205.1166984,36.83825195,205.1418287,37.05795679,FOVNotMatch,2004/3/17 9:35:22.00,SAT_26152,2.487146077,11.16922995,SAT_16527,4.444585421,12.03011516,SAT_19557,0.044020896,13.62212296
frame-g-004512-5-0054,1,No match,FALSE,N/A,inf,204.9795083,36.43211843,205.1019191,36.48115155,FOVNotMatch,2004/3/17 9:35:22.00,SAT_18598,0.07348429,36.98094918,SAT_19557,0.044020896,44.68057768,SAT_16527,4.444585421,46.27258547
frame-g-004512-1-0055,1,No match,FALSE,N/A,inf,204.6674525,34.87738233,204.7889754,34.9438736,FOVNotMatch,2004/3/17 9:35:58.00,SAT_18598,0.07348429,29.74328147,SAT_19557,0.044020896,37.44290997,SAT_16527,4.444585421,39.03491777
frame-g-004512-1-0056,1,No match,FALSE,N/A,inf,204.8762306,34.73500794,205.0442594,34.82648353,FOVNotMatch,2004/3/17 9:36:34.00,SAT_18598,0.07348429,29.91788806,SAT_19557,0.044020896,37.61751656,SAT_16527,4.444585421,39.20952436
frame-g-004510-3-0036,1,No match,FALSE,N/A,inf,201.4366615,36.13289934,201.5813016,36.29240214,FOVNotMatch,2004/3/17 8:37:56.00,SAT_22438,4.91101451,10.53045342,SAT_26017,4.664557924,20.53396767,SAT_21781,5.295081111,38.17803486
frame-g-004512-3-0241,1,No match,FALSE,N/A,inf,235.3803806,25.86627831,235.6003847,25.89036928,FOVNotMatch,2004/3/17 11:27:01.00,SAT_10949,5.052478504,56.5672453,SAT_23516,6.727776637,N/A,SAT_20646,14.77723293,N/A
frame-g-004512-3-0242,1,No match,FALSE,N/A,inf,235.6049559,25.71830794,235.6924346,25.72769784,FOVNotMatch,2004/3/17 11:27:37.00,SAT_10949,5.052478504,56.71185241,SAT_23516,6.727776637,N/A,SAT_20646,14.77723293,N/A
frame-g-004512-5-0124,1,No match,FALSE,N/A,inf,217.300372,33.62305423,217.2617329,33.72481848,FOVNotMatch,2004/3/17 10:17:10.00,SAT_6167U,1.401011793,39.72715747,SAT_26969,1.819903517,82.21569059,SAT_5698U,15.76297839,N/A
frame-g-004512-6-0272,1,No match,FALSE,N/A,inf,240.5606111,24.66149184,240.7068238,24.68911614,FOVNotMatch,2004/3/17 11:45:32.00,SAT_9823U,0.959831196,52.0744457,SAT_23516,3.713822871,53.18778085,SAT_24273,3.972968127,54.07540029
frame-g-004512-6-0272,2,No match,FALSE,N/A,inf,240.6060148,24.80947138,240.7386233,24.82769279,FOVNotMatch,2004/3/17 11:45:32.00,SAT_9823U,0.959831196,55.21128392,SAT_23516,3.713822871,56.32461907,SAT_24273,3.972968127,57.21223851
frame-g-004540-4-0057,1,No match,FALSE,N/A,inf,239.992792,22.14738645,239.8968466,22.32640203,FOVNotMatch,2004/4/9 8:41:25.00,SAT_25853,0.740362415,11.36651792,SAT_7363U,3.83414293,66.24399742,SAT_07363,3.828952419,66.28445192
frame-g-004550-5-0013,1,No match,FALSE,N/A,inf,156.8400771,32.33403082,156.6815425,32.3563513,FOVNotMatch,2004/4/13 4:36:28.00,SAT_26362,0.458895456,14.65939948,SAT_26969,2.906361456,28.04255711,SAT_08546,0.083034177,50.24510147
frame-g-004550-4-0056,1,No match,FALSE,N/A,inf,164.3200642,33.66411968,164.2284898,33.56703719,FOVNotMatch,2004/4/13 5:02:09.00,SAT_26826,2.183109464,75.03757741,SAT_13897,11.95154737,N/A,SAT_25847,12.10312591,N/A
frame-g-004569-3-0092,1,Success,TRUE,SAT_21114,4.369528659,125.4599283,19.29402657,125.3538539,19.40592217,,2004/4/15 4:05:35.00,SAT_21114,1.44322238,4.369528659,SAT_21492,2.904657075,5.556871308,SAT_13012,0.080897387,24.34791962
frame-g-004569-5-0123,1,No match,FALSE,N/A,inf,129.2727482,22.36870389,129.3355471,22.41607204,FOVNotMatch,2004/4/15 4:24:06.00,SAT_10728,5.064699263,25.04141969,SAT_23488,4.002239301,38.20720583,SAT_16368,3.460815995,72.16407597
frame-g-004569-5-0124,1,No match,FALSE,N/A,inf,129.4301543,22.41407849,129.5696143,22.51906143,FOVNotMatch,2004/4/15 4:24:42.00,SAT_10728,5.064699263,25.08232839,SAT_23488,4.002239301,38.24811453,SAT_16368,3.460815995,72.20498467
frame-g-004569-5-0125,1,No match,FALSE,N/A,inf,129.612649,22.47785771,129.7273823,22.5639995,FOVNotMatch,2004/4/15 4:25:18.00,SAT_10728,5.064699263,25.14525071,SAT_23488,4.002239301,38.31103684,SAT_16368,3.460815995,72.26790698
frame-g-004569-2-0222,1,Success,TRUE,SAT_27057,3.785396624,144.7306849,27.42937047,144.6712444,27.53980863,,2004/4/15 5:23:12.00,SAT_27057,4.097425583,3.785396624,SAT_00933,0.070602828,5.409687213,SAT_26351,4.714675053,16.28637549
frame-g-004569-2-0249,1,No match,FALSE,N/A,inf,149.129227,28.95032255,148.9453439,29.07569571,FOVNotMatch,2004/4/15 5:39:20.00,SAT_14264,1.810322119,23.62360137,SAT_21006,3.4374013,24.51064859,SAT_23484,0.11467616,67.04249996
frame-g-004569-4-0316,1,Success,TRUE,SAT_27889,0.384329835,159.9976888,32.60817042,160.0399142,32.75954324,,2004/4/15 6:19:20.00,SAT_27889,1.056831752,0.384329835,SAT_19802,5.923648851,54.35001711,SAT_27409,11.49482389,N/A
frame-g-004569-6-0261,1,No match,FALSE,N/A,inf,150.3639112,31.04922729,150.3000432,31.08881014,FOVNotMatch,2004/4/15 5:46:30.00,SAT_14177,2.476725502,14.74991358,SAT_19754,5.624937994,25.99750378,SAT_14264,3.712587088,27.34135393
frame-g-004570-6-0135,1,No match,FALSE,N/A,inf,228.9839728,28.04812992,229.0896905,28.07948606,FOVNotMatch,2004/4/15 7:47:42.00,SAT_20583,4.1331098,49.70176749,SAT_25488,0.078694919,84.21543029,SAT_02530,10.18560697,N/A
frame-g-004570-6-0136,1,No match,FALSE,N/A,inf,229.0781073,27.8648023,229.3141019,27.93432323,FOVNotMatch,2004/4/15 7:48:18.00,SAT_20583,4.1331098,49.8456401,SAT_25488,0.078694919,84.07155768,SAT_02530,10.18560697,N/A
frame-g-004570-6-0137,1,No match,FALSE,N/A,inf,229.3500471,27.73395469,229.4080033,27.75082026,FOVNotMatch,2004/4/15 7:48:53.00,SAT_20583,4.1331098,50.07949373,SAT_25488,0.078694919,83.83770404,SAT_02530,10.18560697,N/A
frame-g-004570-5-0165,1,No match,FALSE,N/A,inf,233.3996045,25.62174744,233.4928252,25.82960667,FOVNotMatch,2004/4/15 8:05:37.00,SAT_26528,5.885345879,57.7766138,SAT_26569,11.96174388,N/A,SAT_10719,9.90902168,N/A
frame-g-004570-1-0245,N/A,Failed,FALSE,N/A,N/A,N/A,N/A,N/A,N/A,JSON file error,N/A,N/A,N/A,N/A,N/A,N/A,N/A,N/A,N/A,N/A
frame-g-004570-1-0246,1,No match,FALSE,N/A,inf,244.3298422,18.65515137,244.3057059,18.71223909,FOVNotMatch,2004/4/15 8:53:58.00,SAT_2411U,0.443259144,21.35391201,SAT_16483,1.076812487,51.86671476,SAT_25175,4.169628938,65.03969318
frame-g-004571-5-0098,1,No match,FALSE,N/A,inf,254.9602717,14.23471751,255.0646945,14.2400246,FOVNotMatch,2004/4/15 10:43:13.00,SAT_3713U,4.462391853,46.78176556,SAT_22340,0.129014963,60.62661321,SAT_20739,3.413640949,86.19022313
frame-g-004571-1-0105,1,Success,TRUE,SAT_26530,1.248333106,255.0156158,12.41028881,255.1114672,12.41441245,,2004/4/15 10:47:24.00,SAT_26530,5.801210694,1.248333106,SAT_10568,1.828200568,44.7654349,SAT_4158U,0.337620518,54.00079823
frame-g-004576-5-0046,1,No match,FALSE,N/A,inf,119.8682693,16.89239804,119.7687198,17.01220071,FOVNotMatch,2004/4/16 3:24:47.00,SAT_07442,0.480882301,42.00365668,SAT_7442U,0.480568903,42.00367564,SAT_16001,2.696568879,70.76758134
frame-g-004576-2-0474,1,No match,FALSE,N/A,inf,189.6165005,34.06565235,189.7579426,34.24083152,FOVNotMatch,2004/4/16 7:40:20.00,SAT_01328,3.894314948,71.99577674,SAT_1328U,3.893459528,71.99578327,SAT_18103,17.28567464,N/A
frame-g-004576-5-0351,1,Success,TRUE,SAT_13897,1.531212564,167.2570766,34.15978105,167.4115557,34.3645597,,2004/4/16 6:26:53.00,SAT_13897,3.677190658,1.531212564,SAT_23830,4.275700252,43.88944071,SAT_1000U,5.464283715,57.86833885
frame-g-004588-4-0020,1,Success,TRUE,SAT_01981,1.460429722,208.0149207,30.60510597,208.097827,30.6046156,,2004/4/22 8:02:02.00,SAT_01981,2.779406957,1.460429722,SAT_1981U,2.775092088,1.467697126,SAT_20452,4.534683204,48.29759974
frame-g-004588-4-0021,1,Success,TRUE,SAT_01981,1.270777789,208.2928442,30.54229293,208.3710358,30.54160722,,2004/4/22 8:02:38.00,SAT_01981,2.779406957,1.270777789,SAT_1981U,2.775092088,1.278045193,SAT_20452,4.534683204,48.1079478
frame-g-004576-4-0722,1,No match,FALSE,N/A,inf,231.6804626,25.65260968,231.8216679,25.66182487,FOVNotMatch,2004/4/16 10:08:24.00,SAT_21279,1.151274883,57.91007767,SAT_20621,3.101926357,63.3927504,SAT_11545,5.633837136,66.97273609
frame-g-004588-2-0062,1,No match,FALSE,N/A,inf,214.8857595,28.25505013,214.932624,28.47588744,FOVNotMatch,2004/4/22 8:27:07.00,SAT_22238,0.002171923,9.905291981,SAT_22395,1.829913017,31.97081971,SAT_20452,4.412032683,46.00043913
frame-g-004588-6-0128,1,No match,FALSE,N/A,inf,226.1396495,26.74630491,226.1719397,26.97517479,FOVNotMatch,2004/4/22 9:06:31.00,SAT_19127,3.951660742,21.86624949,SAT_08142,5.570276442,33.74306808,SAT_8142U,5.56374884,33.75811289
frame-g-004576-5-0734,1,No match,FALSE,N/A,inf,233.7441793,25.24269354,233.8112206,25.25850116,FOVNotMatch,2004/4/16 10:15:34.00,SAT_20621,1.910341957,52.26695742,SAT_22061,3.581850977,52.99896839,SAT_14084,0.234450785,81.7163703
frame-g-004576-5-0764,1,No match,FALSE,N/A,inf,238.2010819,23.42669452,238.2563963,23.44709508,FOVNotMatch,2004/4/16 10:33:29.00,SAT_19502,2.395093023,46.50029541,SAT_16398,1.84642647,46.92886682,SAT_649U0,5.730494139,50.35647367
frame-g-004588-1-0209,1,No match,FALSE,N/A,inf,237.3078558,20.21497808,237.3701551,20.20058118,FOVNotMatch,2004/4/22 9:54:53.00,SAT_21049,5.998571229,9.344175575,SAT_26795,0.048960722,21.93666059,SAT_18779,5.199307123,36.56665902
frame-g-004588-1-0210,1,No match,FALSE,N/A,inf,237.4389058,20.1251965,237.6105017,20.08415653,FOVNotMatch,2004/4/22 9:55:29.00,SAT_21049,5.998571229,9.798936524,SAT_26795,0.048960722,21.48189964,SAT_18779,5.199307123,36.11189808
frame-g-004588-4-0233,1,No match,FALSE,N/A,inf,241.3280574,19.68414093,241.4796054,19.86335004,FOVNotMatch,2004/4/22 10:09:13.00,SAT_545U0,2.11689283,6.659991683,SAT_16393,4.485386658,14.41982747,SAT_16396,2.482546539,17.37953092
frame-g-004599-4-0034,1,No match,FALSE,N/A,inf,173.1877657,32.17414642,173.223209,32.22579989,FOVNotMatch,2004/4/25 7:21:38.00,SAT_26791,0.613799264,45.81764171,SAT_15470,5.446658442,46.32973738,SAT_24594,0.662082152,54.10234265
frame-g-004600-6-0062,1,Success,TRUE,SAT_51U00,3.014632657,248.8546535,18.12280788,249.0481327,18.2738103,,2004/4/25 10:15:01.00,SAT_51U00,5.425941079,3.014632657,SAT_00051,5.422955524,3.017185625,SAT_14503,1.808919675,30.20983638
frame-g-004599-2-0210,1,No match,FALSE,N/A,inf,204.090872,30.52816036,203.9454641,30.52563357,FOVNotMatch,2004/4/25 9:06:43.00,SAT_478U0,3.044376393,44.36969263,SAT_00478,3.045126305,44.37088065,SAT_2976U,5.062948597,48.95322037
frame-g-004599-2-0211,1,No match,FALSE,N/A,inf,204.1682388,30.47140327,204.3039669,30.47329693,FOVNotMatch,2004/4/25 9:07:19.00,SAT_478U0,3.044376393,44.14140438,SAT_00478,3.045126305,44.1425924,SAT_2976U,5.062948597,48.72493212
frame-g-004623-4-0308,1,No match,FALSE,N/A,inf,208.8941172,30.23617625,209.1147191,30.40338453,FOVNotMatch,2004/5/12 7:41:36.00,SAT_22238,2.996422543,27.75744916,SAT_27621,0.004396813,71.80531326,SAT_27622,0.542590921,73.13682458
frame-g-004623-2-0339,1,Success,TRUE,SAT_14616,0.30329361,213.8898617,28.28002752,213.9023092,28.50970596,,2004/5/12 8:00:06.00,SAT_14616,1.039127309,0.30329361,SAT_4615U,2.328678733,9.603905494,SAT_04615,2.334244797,9.671282042
frame-g-004623-1-0339,1,Success,TRUE,SAT_14616,0.295551027,213.8719479,27.94836144,213.8790918,28.0802744,,2004/5/12 8:00:06.00,SAT_14616,1.039127309,0.295551027,SAT_4615U,2.328678733,9.611648077,SAT_04615,2.334244797,9.679024625
frame-g-004632-1-0033,1,Success,TRUE,SAT_13610,0.381025967,145.5119827,25.05857409,145.387229,25.25657904,,2004/5/14 3:35:24.00,SAT_13610,5.917927707,0.381025967,SAT_27534,0.192396063,0.542132338,SAT_21855,4.813907458,0.975149749
frame-g-004632-4-0151,1,No match,FALSE,N/A,inf,164.4371873,31.02225362,164.4270455,31.24874878,FOVNotMatch,2004/5/14 4:45:52.00,SAT_10654,3.145856034,7.581058842,SAT_19611,0.599986497,19.74872678,SAT_16139,0.06539536,20.68309524
frame-g-004632-6-0193,1,No match,FALSE,N/A,inf,171.6738117,32.86598179,171.4535538,33.0275277,FOVNotMatch,2004/5/14 5:10:56.00,SAT_25601,5.384496793,12.83074677,SAT_21110,0.241764576,12.9751451,SAT_19611,4.973817198,67.43095718
frame-g-004632-6-0194,1,No match,FALSE,N/A,inf,171.8261494,33.0511432,171.7823045,33.08357292,FOVNotMatch,2004/5/14 5:11:32.00,SAT_25601,5.384496793,12.55253491,SAT_21110,0.241764576,12.69693324,SAT_19611,4.973817198,67.15274531
frame-g-004632-5-0190,1,No match,FALSE,N/A,inf,171.0399637,32.44279702,171.0008338,32.47155356,FOVNotMatch,2004/5/14 5:09:09.00,SAT_22579,0.571907186,7.237091271,SAT_19611,4.663061595,67.29868046,SAT_27646,5.766331842,84.69762732
frame-g-004629-1-0253,1,No match,FALSE,N/A,inf,246.717201,52.62928104,246.6420566,52.46753266,FOVNotMatch,2004/5/13 10:24:36.00,SAT_27620,5.958989941,10.13493215,SAT_21218,4.1010556,12.3007637,SAT_20025,3.134091253,13.89343488
frame-g-004646-5-0090,1,No match,FALSE,N/A,inf,207.1808357,28.76874471,207.0970505,28.92064747,FOVNotMatch,2004/5/22 7:23:59.00,SAT_12320,0.111365556,12.60469612,SAT_22238,1.772384961,47.23925923,SAT_10485,13.52664263,N/A
frame-g-004646-5-0090,2,No match,FALSE,N/A,inf,207.1097798,28.97565139,207.2942526,28.95403975,FOVNotMatch,2004/5/22 7:23:59.00,SAT_12320,0.111365556,43.98167071,SAT_22238,1.772384961,76.17437394,SAT_10485,13.52664263,N/A
frame-g-004646-3-0174,1,No match,FALSE,N/A,inf,220.7300505,25.04374554,220.5979635,25.13774115,FOVNotMatch,2004/5/22 8:14:08.00,SAT_25101,12.46500026,N/A,SAT_14595,16.32199438,N/A,SAT_23944,10.55644366,N/A
frame-g-004646-3-0175,1,No match,FALSE,N/A,inf,220.9267372,25.04105101,220.8580223,25.09020596,FOVNotMatch,2004/5/22 8:14:44.00,SAT_25101,12.46500026,N/A,SAT_14595,16.32199438,N/A,SAT_23944,10.55644366,N/A
frame-g-004633-6-0133,1,No match,FALSE,N/A,inf,246.8299006,17.68580104,247.0110111,17.80536046,FOVNotMatch,2004/5/14 6:54:21.00,SAT_2412U,0.041152437,53.7542787,SAT_09941,5.065186607,76.8233259,SAT_9941U,5.064715155,76.82398998
frame-g-004649-6-0082,1,No match,FALSE,N/A,inf,194.7133718,30.57028577,194.8928757,30.69320282,FOVNotMatch,2004/5/23 6:27:17.00,SAT_06117,5.634144587,62.83126576,SAT_6117U,5.634303122,62.83337163,SAT_25621,3.865871364,73.28758457
frame-g-004646-1-0315,1,No match,FALSE,N/A,inf,241.4002631,16.75053698,241.5023413,16.76971043,FOVNotMatch,2004/5/22 9:38:20.00,SAT_20559,2.620659186,17.95103906,SAT_5015U,4.526810256,60.12328656,SAT_05015,4.52137588,60.14906791
frame-g-004646-1-0320,1,Success,TRUE,SAT_20559,1.709715759,242.0707918,16.31783165,242.2689785,16.4309993,,2004/5/22 9:41:19.00,SAT_20559,2.620659186,1.709715759,SAT_12303,5.051474456,46.75995683,SAT_19478,2.900033344,54.60503283
frame-g-004663-5-0072,1,Success,TRUE,SAT_10949,3.724526163,215.4288637,24.81755391,215.5236182,25.02821756,,2004/6/10 5:51:34.00,SAT_10949,1.849231629,3.724526163,SAT_20549,0.046639824,15.796976,SAT_27639,2.508508899,39.43156563
frame-g-004663-6-0072,1,Success,TRUE,SAT_10949,3.691502139,215.6055508,25.21085214,215.7004962,25.42091611,,2004/6/10 5:51:34.00,SAT_10949,1.849231629,3.691502139,SAT_20549,0.046639824,15.83000002,SAT_27639,2.508508899,39.46458965
frame-g-004663-4-0081,1,No match,FALSE,N/A,inf,216.8146102,24.20500017,216.7564177,24.24377604,FOVNotMatch,2004/6/10 5:56:56.00,SAT_10949,3.975477098,80.64777634,SAT_22781,6.67049233,N/A,SAT_24675,15.47078105,N/A
frame-g-004663-4-0082,1,No match,FALSE,N/A,inf,217.0874799,24.16195083,216.9315244,24.26554852,FOVNotMatch,2004/6/10 5:57:32.00,SAT_10949,3.975477098,80.73454726,SAT_22781,6.67049233,N/A,SAT_24675,15.47078105,N/A
frame-g-004670-1-0066,1,No match,FALSE,N/A,inf,206.5890972,24.75930118,206.575322,24.98898311,FOVNotMatch,2004/6/12 3:54:48.00,SAT_02621,0.122819032,23.85409125,SAT_2621U,0.03867029,23.98314106,SAT_3615U,4.229447013,29.38509836
frame-g-004670-2-0143,1,No match,FALSE,N/A,inf,218.9179254,22.70741969,218.9501502,22.93149748,FOVNotMatch,2004/6/12 4:40:46.00,SAT_19824,3.290838388,25.52921886,SAT_224U0,0.061414241,35.99037487,SAT_00224,0.061207517,35.99248003
frame-g-004670-2-0144,1,No match,FALSE,N/A,inf,219.2512418,22.76620814,219.2640242,22.85411681,FOVNotMatch,2004/6/12 4:41:22.00,SAT_19824,3.290838388,25.61248642,SAT_224U0,0.061414241,35.90710731,SAT_00224,0.061207517,35.90921247
frame-g-004670-3-0144,1,No match,FALSE,N/A,inf,219.2924406,23.0490347,219.3001872,23.1007062,FOVNotMatch,2004/6/12 4:41:22.00,SAT_19824,3.290838388,25.83137035,SAT_224U0,0.061414241,35.68822337,SAT_00224,0.061207517,35.69032853
frame-g-004674-1-0108,1,No match,FALSE,N/A,inf,219.1804808,22.1882606,219.2967412,22.19409872,FOVNotMatch,2004/6/13 6:03:26.00,SAT_19516,5.923840774,86.28197547,SAT_27617,13.2548027,N/A,SAT_1833U,13.07519835,N/A
frame-g-004674-1-0109,1,No match,FALSE,N/A,inf,219.310249,22.05654198,219.4954276,22.06859499,FOVNotMatch,2004/6/13 6:04:01.00,SAT_19516,5.923840774,87.19505238,SAT_27617,13.2548027,N/A,SAT_1833U,13.07519835,N/A
frame-g-004674-1-0109,2,No match,FALSE,N/A,inf,219.3539348,22.10411504,219.5078798,22.11123989,FOVNotMatch,2004/6/13 6:04:01.00,SAT_19516,5.923840774,86.0375,SAT_27617,13.2548027,N/A,SAT_1833U,13.07519835,N/A
frame-g-004674-5-0172,1,No match,FALSE,N/A,inf,229.5283043,20.89891407,229.5831641,20.92461411,FOVNotMatch,2004/6/13 6:41:38.00,SAT_22535,5.888465809,10.23428453,SAT_21217,2.501012578,40.83707229,SAT_20026,1.740846479,41.55807737
frame-g-004674-5-0173,1,No match,FALSE,N/A,inf,229.7102799,20.7450628,229.8498226,20.81043639,FOVNotMatch,2004/6/13 6:42:14.00,SAT_22535,5.888465809,10.25386507,SAT_21217,2.501012578,40.85665284,SAT_20026,1.740846479,41.57765792
frame-g-004678-1-0034,1,No match,FALSE,N/A,inf,205.7877759,22.5955153,205.649513,22.67299396,FOVNotMatch,2004/6/14 3:58:02.00,SAT_24876,5.91592382,25.08429553,SAT_24675,5.478805237,45.36313229,SAT_22258,4.409779419,82.9644615
frame-g-004674-2-0233,1,No match,FALSE,N/A,inf,238.2939042,16.54560677,238.3166782,16.61367902,FOVNotMatch,2004/6/13 7:18:04.00,SAT_22657,1.342520999,15.2101731,SAT_19176,4.588499212,32.68805203,SAT_09829,1.145655957,34.45434084
frame-g-004674-4-0233,1,No match,FALSE,N/A,inf,238.514147,17.20058349,238.5863844,17.41353817,FOVNotMatch,2004/6/13 7:18:04.00,SAT_22657,1.342520999,15.04355918,SAT_19176,4.588499212,32.85466594,SAT_09829,1.145655957,34.62095475
frame-g-004678-6-0047,1,No match,FALSE,N/A,inf,208.1044559,24.43233914,208.2905891,24.4555478,FOVNotMatch,2004/6/14 4:05:48.00,SAT_22258,6.437907004,N/A,SAT_18704,11.59116426,N/A,SAT_16527,12.84716922,N/A
frame-g-004678-6-0048,1,No match,FALSE,N/A,inf,208.4438073,24.38419901,208.3778835,24.37630514,FOVNotMatch,2004/6/14 4:06:23.00,SAT_22258,6.437907004,N/A,SAT_18704,11.59116426,N/A,SAT_16527,12.84716922,N/A
frame-g-004678-1-0089,1,No match,FALSE,N/A,inf,214.3741341,21.1648206,214.4550394,21.25148065,FOVNotMatch,2004/6/14 4:30:52.00,SAT_24675,4.586658642,37.83473042,SAT_27124,0.271055215,84.27431968,SAT_27148,4.573315768,85.93367016
frame-g-004678-1-0090,1,No match,FALSE,N/A,inf,214.5879023,20.99555699,214.7079744,21.12400448,FOVNotMatch,2004/6/14 4:31:28.00,SAT_24675,4.586658642,37.76981951,SAT_27124,0.271055215,84.33923059,SAT_27148,4.573315768,85.99858107
frame-g-004678-2-0116,1,No match,FALSE,N/A,inf,218.8673885,20.66003378,218.7764765,20.72539531,FOVNotMatch,2004/6/14 4:46:59.00,SAT_23001,0.136027587,42.46865489,SAT_02371,3.965307477,62.44907631,SAT_27888,5.993878822,71.52833225
frame-g-004678-6-0259,1,No match,FALSE,N/A,inf,240.9557446,15.9438978,240.8922675,16.00958508,FOVNotMatch,2004/6/14 6:12:23.00,SAT_23944,1.453064013,35.66280893,SAT_27540,4.869060864,37.280938,SAT_10025,5.248891805,49.26923516
frame-g-004679-2-0208,1,No match,FALSE,N/A,inf,257.8698402,37.8652096,257.8305969,37.91211191,FOVNotMatch,2004/6/14 9:08:47.00,SAT_28152,4.96726415,6.866269714,SAT_7825U,1.763224385,17.36426999,SAT_07825,1.763364767,17.36564997
frame-g-004679-6-0209,1,No match,FALSE,N/A,inf,259.8219144,38.61131075,259.9505996,38.53504431,FOVNotMatch,2004/6/14 9:09:22.00,SAT_28152,4.96726415,12.53148722,SAT_7825U,1.763224385,36.76202692,SAT_07825,1.763364767,36.7634069
frame-g-004679-6-0210,1,No match,FALSE,N/A,inf,259.9021978,38.38764229,259.9985449,38.33055712,FOVNotMatch,2004/6/14 9:09:58.00,SAT_28152,4.96726415,12.62096714,SAT_7825U,1.763224385,36.85150684,SAT_07825,1.763364767,36.85288682
frame-g-004682-3-0127,1,No match,FALSE,N/A,inf,249.1631001,53.38449541,249.3491999,53.39443528,FOVNotMatch,2004/6/15 7:46:53.00,SAT_19961,4.263814787,45.34128346,SAT_03825,5.595911215,45.88028504,SAT_3825U,5.552874347,45.97934592
frame-g-004682-3-0143,1,No match,FALSE,N/A,inf,251.1005226,51.24451329,251.2035332,51.22336836,FOVNotMatch,2004/6/15 7:56:26.00,SAT_14979,1.82023101,80.25314004,SAT_24273,16.36054769,N/A,SAT_00746,7.80344124,N/A
frame-g-004822-1-0263,1,No match,FALSE,N/A,inf,331.004074,5.543467174,331.0636966,5.642410152,FOVNotMatch,2004/9/12 7:06:28.00,SAT_27369,4.485573028,43.41815904,SAT_11379,0.281796256,48.97401562,SAT_26488,5.871709503,53.50736638
frame-g-004822-3-0465,1,No match,FALSE,N/A,inf,351.8304941,28.58250595,351.7312,28.55401641,FOVNotMatch,2004/9/12 9:07:05.00,SAT_23412,4.686742193,31.66578946,SAT_28115,0.647659985,50.01069239,SAT_14264,2.949720418,50.90353896
frame-g-004822-2-0137,1,Success,TRUE,SAT_10600,1.089454069,318.6765547,-8.767113023,318.6227141,-8.537139334,,2004/9/12 5:51:14.00,SAT_10600,4.114044033,1.089454069,SAT_07088,2.610084377,12.80169415,SAT_14740,4.632362057,13.89212287
frame-g-004822-2-0138,1,Success,TRUE,SAT_10600,0.895302473,318.8758884,-8.562860744,318.8644432,-8.514702748,,2004/9/12 5:51:50.00,SAT_10600,4.114044033,0.895302473,SAT_07088,2.610084377,12.60754256,SAT_14740,4.632362057,14.08627447
frame-g-004822-6-0472,1,Success,TRUE,SAT_26793,4.795683678,351.6456964,30.37769601,351.5365068,30.34585027,,2004/9/12 9:11:16.00,SAT_26793,1.385263208,4.795683678,SAT_28115,2.06442209,48.93236277,SAT_14264,4.167964751,49.83414549
frame-g-004829-2-0034,1,No match,FALSE,N/A,inf,18.53954446,13.94276958,18.514248,13.98914722,FOVNotMatch,2004/9/15 8:31:00.00,SAT_12666,1.068956812,38.37232442,SAT_27368,0.661564292,41.13494695,SAT_25869,4.957200184,66.77076982
frame-g-004829-5-0247,1,No match,FALSE,N/A,inf,22.00163235,45.87475122,21.88873411,45.76647824,FOVNotMatch,2004/9/15 10:38:11.00,SAT_26690,2.059125142,5.529880279,SAT_16292,4.288349179,32.79081025,SAT_10461,0.095347033,35.85298912
frame-g-004832-2-0050,1,No match,FALSE,N/A,inf,258.0249793,27.10307604,258.1073823,27.18434101,FOVNotMatch,2004/9/16 2:53:54.00,SAT_20941,5.563709118,17.12704844,SAT_20631,1.810570276,33.71839584,SAT_08591,0.069574984,64.578318
frame-g-004836-3-0137,1,No match,FALSE,N/A,inf,323.6478683,18.94833796,323.5034247,19.04801108,FOVNotMatch,2004/9/17 3:37:53.00,SAT_13380,4.123054628,42.65940692,SAT_27706,4.444008421,63.36407129,SAT_26607,0.662833947,68.62892603
frame-g-004844-6-0150,1,No match,FALSE,N/A,inf,44.28856282,20.92915815,44.51201438,21.10452415,FOVNotMatch,2004/9/21 10:27:15.00,SAT_22980,5.663912298,25.78394566,SAT_15202,2.177688851,40.4078757,SAT_00702,6.867554428,N/A
frame-g-004843-4-0292,1,No match,FALSE,N/A,inf,55.31810959,16.61854599,55.32262632,16.72158787,FOVNotMatch,2004/9/21 8:20:32.00,SAT_07276,1.943116962,28.23267018,SAT_21590,4.292394269,78.68516499,SAT_00011,5.073777207,88.42116848
frame-g-004832-2-0542,1,Success,TRUE,SAT_03555,3.120537613,325.918969,-6.516195817,325.9018218,-6.490679372,,2004/9/16 7:47:40.00,SAT_03555,5.024204315,3.120537613,SAT_17640,0.954261059,13.35934024,SAT_25927,4.458806951,42.06756674
frame-g-004832-1-0545,1,No match,FALSE,N/A,inf,326.207702,-7.169295894,326.1196857,-7.000049532,FOVNotMatch,2004/9/16 7:49:27.00,SAT_17640,0.954261059,6.926380689,SAT_03555,5.024204315,9.553497161,SAT_25927,4.458806951,48.50052628
frame-g-004858-6-0263,1,No match,FALSE,N/A,inf,346.3701393,1.170008065,346.381251,1.133973464,FOVNotMatch,2004/9/24 6:53:49.00,SAT_10933,5.902561679,6.747986615,SAT_26464,0.62540024,33.74216008,SAT_26463,0.676254877,33.79991413
frame-g-004858-6-0460,1,No match,FALSE,N/A,inf,15.75327114,1.112135137,15.80580982,1.073663637,FOVNotMatch,2004/9/24 8:51:26.00,SAT_10465,4.266647092,21.07578306,SAT_02864,1.203977533,45.87792583,SAT_26850,2.136018772,47.1943882
frame-g-004858-1-0461,1,No match,FALSE,N/A,inf,16.06651284,-0.993123484,15.90352725,-0.961671249,FOVNotMatch,2004/9/24 8:52:02.00,SAT_02864,1.203977533,20.58344516,SAT_26850,2.136018772,21.89990754,SAT_20962,2.599490515,25.85610213
frame-g-004858-6-0461,1,No match,FALSE,N/A,inf,15.90934554,1.213126144,16.0657349,1.102483426,FOVNotMatch,2004/9/24 8:52:02.00,SAT_10465,4.266647092,22.0099879,SAT_02864,1.203977533,44.94372099,SAT_26850,2.136018772,46.26018337
frame-g-004858-1-0462,1,No match,FALSE,N/A,inf,16.21636641,-0.964440734,16.05325664,-0.932824439,FOVNotMatch,2004/9/24 8:52:38.00,SAT_02864,1.203977533,20.63079822,SAT_26850,2.136018772,21.94726059,SAT_20962,2.599490515,25.90345518
frame-g-004858-1-0463,1,No match,FALSE,N/A,inf,16.3660972,-0.935455754,16.20263433,-0.904291502,FOVNotMatch,2004/9/24 8:53:14.00,SAT_02864,1.203977533,20.45475474,SAT_26850,2.136018772,21.77121712,SAT_20962,2.599490515,25.72741171
frame-g-004858-1-0463,2,No match,FALSE,N/A,inf,16.29628717,-0.97253954,16.22997978,-0.909791382,FOVNotMatch,2004/9/24 8:53:14.00,SAT_10465,4.266647092,13.87014149,SAT_02378,3.355370421,42.73660663,SAT_02864,1.203977533,53.0835674
frame-g-004858-1-0464,1,No match,FALSE,N/A,inf,16.51553579,-0.906770349,16.35230675,-0.875311254,FOVNotMatch,2004/9/24 8:53:49.00,SAT_02864,1.203977533,20.56960332,SAT_26850,2.136018772,21.8860657,SAT_20962,2.599490515,25.84226029
frame-g-004858-3-0514,1,No match,FALSE,N/A,inf,23.9483478,-0.056560053,23.8745559,0.018253295,FOVNotMatch,2004/9/24 9:23:41.00,SAT_28360,5.127295186,29.30017033,SAT_25558,5.499106719,45.3806326,SAT_28378,5.236805671,45.38232816
frame-g-004858-6-0598,1,Success,TRUE,SAT_16404,3.173688283,36.47896865,1.073671298,36.45699313,1.124484906,,2004/9/24 10:13:50.00,SAT_16404,3.705275246,3.173688283,SAT_12709,5.977528492,8.38040026,SAT_28360,4.154307204,45.63065083
frame-g-004858-6-0598,2,Success,TRUE,SAT_16404,2.975164617,36.44515108,1.15404472,36.41804653,1.217317152,,2004/9/24 10:13:50.00,SAT_16404,3.705275246,2.975164617,SAT_12709,5.977528492,8.181876594,SAT_28360,4.154307204,45.8291745
frame-g-004858-6-0599,1,Success,TRUE,SAT_16404,2.590149395,36.72654819,1.194844894,36.69223663,1.276450682,,2004/9/24 10:14:26.00,SAT_16404,3.705275246,2.590149395,SAT_12709,5.977528492,7.796861372,SAT_28360,4.154307204,46.21418972
frame-g-004858-2-0613,1,No match,FALSE,N/A,inf,38.76972061,-0.435291872,38.76130734,-0.401388634,FOVNotMatch,2004/9/24 10:22:47.00,SAT_16404,4.034246781,6.071644317,SAT_18526,4.536593873,33.56043791,SAT_28360,3.264172336,54.67587002
frame-g-004858-1-0708,1,No match,FALSE,N/A,inf,52.8847163,-0.981557906,52.9207556,-0.888889667,FOVNotMatch,2004/9/24 11:19:31.00,SAT_15350,5.65395066,10.50332732,SAT_21031,0.730764013,32.07324894,SAT_21229,4.959854478,46.89616288
frame-g-004858-1-0709,1,No match,FALSE,N/A,inf,53.15955792,-1.045380971,53.1966617,-0.949492509,FOVNotMatch,2004/9/24 11:20:07.00,SAT_15350,5.65395066,10.40540019,SAT_21031,0.730764013,31.97532182,SAT_21229,4.959854478,46.99409
frame-g-004858-1-0749,1,No match,FALSE,N/A,inf,59.17204091,-1.045202589,59.15381881,-0.820775088,FOVNotMatch,2004/9/24 11:44:00.00,SAT_01951,0.088508732,9.50426102,SAT_15350,1.043870238,15.49710652,SAT_16758,3.299006449,16.45295223
frame-g-004858-3-0749,1,No match,FALSE,N/A,inf,59.08465146,0.018050027,59.10298175,-0.206420646,FOVNotMatch,2004/9/24 11:44:00.00,SAT_01951,0.088508732,9.531411468,SAT_15350,1.043870238,15.52425697,SAT_16758,3.299006449,16.48010268
frame-g-004858-3-0726,1,Success,TRUE,SAT_17587,1.587055217,55.72142945,-0.206280821,55.67730256,0.018513583,,2004/9/24 11:30:16.00,SAT_17587,1.824713392,1.587055217,SAT_21783,3.935581247,1.594365192,SAT_14807,2.323148261,17.20555254
frame-g-004868-2-0085,1,No match,FALSE,N/A,inf,341.5183839,-0.612209429,341.6604764,-0.626862454,FOVNotMatch,2004/10/8 5:49:51.00,SAT_28238,5.056214609,5.85483747,SAT_26056,5.08308144,5.855477271,SAT_27378,5.157819663,5.858383367
frame-g-004868-2-0086,1,No match,FALSE,N/A,inf,341.6684165,-0.596533951,341.8308043,-0.613812189,FOVNotMatch,2004/10/8 5:50:27.00,SAT_28238,5.056214609,6.040606659,SAT_26056,5.08308144,6.041246461,SAT_27378,5.157819663,6.044152557
frame-g-004868-2-0091,1,No match,FALSE,N/A,inf,342.4164387,-0.519235854,342.5791336,-0.535859124,FOVNotMatch,2004/10/8 5:53:26.00,SAT_28238,5.056214609,5.800955817,SAT_26056,5.08308144,5.801595618,SAT_27378,5.157819663,5.804501714
frame-g-004868-2-0092,1,No match,FALSE,N/A,inf,342.5666051,-0.503967198,342.7287501,-0.520455334,FOVNotMatch,2004/10/8 5:54:02.00,SAT_26056,5.083809936,5.774301513,SAT_28238,5.056624394,5.774432487,SAT_27378,5.158214414,5.77809063
frame-g-004868-2-0096,1,No match,FALSE,N/A,inf,343.1650569,-0.442521878,343.3274547,-0.459302081,FOVNotMatch,2004/10/8 5:56:25.00,SAT_26056,5.083809936,5.867249265,SAT_28238,5.056624394,5.867380239,SAT_27378,5.158214414,5.871038382
frame-g-004868-2-0098,1,No match,FALSE,N/A,inf,343.4646674,-0.412129432,343.6270343,-0.428501361,FOVNotMatch,2004/10/8 5:57:37.00,SAT_26056,5.083809936,5.72575141,SAT_28238,5.056624394,5.725882383,SAT_27378,5.158214414,5.729540527
frame-g-004868-1-0396,1,Success,TRUE,SAT_23538,4.351452704,28.07783729,-0.84249684,28.24023826,-0.885393052,,2004/10/8 8:55:32.00,SAT_23538,5.799537066,4.351452704,SAT_27667,2.301843811,12.23130843,SAT_27855,4.944004197,12.7093886
frame-g-004868-1-0397,1,Success,TRUE,SAT_23538,4.269664369,28.30148791,-0.822577597,28.38983895,-0.845779757,,2004/10/8 8:56:08.00,SAT_23538,5.799537066,4.269664369,SAT_27667,2.301843811,12.14952009,SAT_27855,4.944004197,12.62760027
frame-g-004868-2-0402,1,Success,TRUE,SAT_23538,4.22598911,28.97588317,-0.60447906,29.0622803,-0.627098809,,2004/10/8 8:59:07.00,SAT_23538,5.799537066,4.22598911,SAT_27667,2.301843811,12.10584483,SAT_27855,4.944004197,12.58392501
frame-g-004868-3-0414,1,No match,FALSE,N/A,inf,30.77293765,-0.132571336,30.93431643,-0.174711625,FOVNotMatch,2004/10/8 9:06:17.00,SAT_27667,1.403902524,10.60903428,SAT_23125,4.43606466,13.16411724,SAT_26056,5.507369424,14.62702519
frame-g-004868-3-0415,1,No match,FALSE,N/A,inf,30.92238742,-0.093367982,31.08488833,-0.135656975,FOVNotMatch,2004/10/8 9:06:53.00,SAT_27667,1.403902524,10.56136597,SAT_23125,4.43606466,13.11644893,SAT_26056,5.507369424,14.57935688
frame-g-004868-3-0417,1,No match,FALSE,N/A,inf,31.22142005,-0.015205708,31.38419142,-0.057848345,FOVNotMatch,2004/10/8 9:08:05.00,SAT_27667,1.403902524,10.65468497,SAT_23125,4.43606466,13.20976792,SAT_26056,5.507369424,14.67267587
frame-g-004868-2-0403,1,No match,FALSE,N/A,inf,29.12595439,-0.565388041,29.28858066,-0.607941301,FOVNotMatch,2004/10/8 8:59:43.00,SAT_27667,1.892309337,11.54251571,SAT_27855,5.578018051,12.39368696,SAT_23770,5.791798488,13.04440429
frame-g-004868-2-0404,1,No match,FALSE,N/A,inf,29.2755131,-0.525591261,29.43777793,-0.568566997,FOVNotMatch,2004/10/8 9:00:19.00,SAT_27667,1.892309337,11.71316528,SAT_27855,5.578018051,12.56433653,SAT_23770,5.791798488,12.87375472
frame-g-004868-2-0405,1,No match,FALSE,N/A,inf,29.42545032,-0.485837017,29.58736798,-0.528621121,FOVNotMatch,2004/10/8 9:00:55.00,SAT_27667,1.892309337,11.68010569,SAT_27855,5.578018051,12.53127694,SAT_23770,5.791798488,12.9068143
frame-g-004868-4-0424,1,No match,FALSE,N/A,inf,32.26958386,0.256599607,32.43200988,0.214814609,FOVNotMatch,2004/10/8 9:12:15.00,SAT_02121,4.708920026,8.965963211,SAT_27667,1.484415571,9.54272855,SAT_21393,1.849463031,12.51742655
frame-g-004868-4-0425,1,No match,FALSE,N/A,inf,32.41969639,0.295434284,32.58182452,0.253524714,FOVNotMatch,2004/10/8 9:12:51.00,SAT_02121,4.708920026,9.032676548,SAT_27667,1.484415571,9.609441887,SAT_21393,1.849463031,12.58413988
frame-g-004868-4-0427,1,No match,FALSE,N/A,inf,32.71873393,0.372991992,32.8813696,0.330575482,FOVNotMatch,2004/10/8 9:14:03.00,SAT_02121,4.708920026,9.156793196,SAT_27667,1.484415571,9.733558535,SAT_21393,1.849463031,12.70825653
frame-g-004868-4-0428,1,No match,FALSE,N/A,inf,32.86828031,0.411456368,33.03058585,0.36957935,FOVNotMatch,2004/10/8 9:14:39.00,SAT_02121,4.708920026,9.006889505,SAT_27667,1.484415571,9.583654844,SAT_21393,1.849463031,12.55835284
frame-g-004868-4-0429,1,No match,FALSE,N/A,inf,33.07044342,0.436270352,33.18114506,0.40815479,FOVNotMatch,2004/10/8 9:15:15.00,SAT_02121,4.708920026,8.789837068,SAT_27667,1.484415571,9.366602407,SAT_21393,1.849463031,12.3413004
frame-g-004868-5-0435,1,No match,FALSE,N/A,inf,33.91638692,0.680332229,34.07911241,0.639040517,FOVNotMatch,2004/10/8 9:18:50.00,SAT_27667,2.050287743,8.366249361,SAT_23125,5.245402763,11.89975796,SAT_03292,3.214675579,14.49691999
frame-g-004868-5-0436,1,No match,FALSE,N/A,inf,34.06609859,0.718895465,34.2280929,0.677384082,FOVNotMatch,2004/10/8 9:19:25.00,SAT_27667,2.050287743,8.500933799,SAT_23125,5.245402763,12.0344424,SAT_03292,3.214675579,14.63160443
frame-g-004868-5-0437,1,No match,FALSE,N/A,inf,34.21579338,0.75664839,34.37755428,0.715840628,FOVNotMatch,2004/10/8 9:20:01.00,SAT_27667,2.050287743,8.28684352,SAT_23125,5.245402763,11.82035212,SAT_03292,3.214675579,14.41751415
frame-g-004868-5-0440,1,No match,FALSE,N/A,inf,34.72581514,0.855482896,34.82797333,0.829578246,FOVNotMatch,2004/10/8 9:21:49.00,SAT_27667,2.050287743,8.357300529,SAT_23125,5.245402763,11.89080913,SAT_03292,3.214675579,14.48797116
frame-g-004868-2-0538,1,Success,TRUE,SAT_06073,3.4380585,49.49580941,-0.627127646,49.46244288,-0.584613905,,2004/10/8 10:20:20.00,SAT_06073,0.406491082,3.4380585,SAT_07185,1.420051274,15.68951175,SAT_19549,5.82375159,16.75301043
frame-g-004868-2-0608,1,No match,FALSE,N/A,inf,59.86109449,-0.62725455,59.9802199,-0.583782512,FOVNotMatch,2004/10/8 11:02:07.00,SAT_13010,2.639982722,8.87891105,SAT_14786,3.381382593,9.216648223,SAT_20391,5.731556962,9.880444525
frame-g-004874-6-0124,1,No match,FALSE,N/A,inf,315.6049128,1.052057856,315.5583246,1.275422033,FOVNotMatch,2004/10/10 3:06:15.00,SAT_06319,4.444883517,5.249453546,SAT_05871,5.517726632,19.82678636,SAT_25543,5.354268259,65.60907325
frame-g-004868-4-0577,1,No match,FALSE,N/A,inf,55.17611513,0.269621531,55.29130854,0.435849341,FOVNotMatch,2004/10/8 10:43:37.00,SAT_20452,5.189786178,5.210831319,SAT_15350,2.7505019,24.15814795,SAT_13010,1.801396404,43.57224972
frame-g-004868-4-0578,1,No match,FALSE,N/A,inf,55.43579418,0.211870293,55.4892522,0.289499465,FOVNotMatch,2004/10/8 10:44:13.00,SAT_20452,5.189786178,5.042286175,SAT_15350,2.7505019,23.98960281,SAT_13010,1.801396404,43.74079486
frame-g-004874-5-0344,1,No match,FALSE,N/A,inf,348.4829025,0.632238097,348.4436332,0.831688344,FOVNotMatch,2004/10/10 5:17:36.00,SAT_15259,2.212893791,30.14940226,SAT_26583,4.577030828,59.93610736,SAT_16211,0.656676328,63.63321368
frame-g-004874-5-0368,1,Success,TRUE,SAT_08747,1.816364058,352.0102997,0.823107386,352.1236794,0.804666979,,2004/10/10 5:31:56.00,SAT_08747,2.337311925,1.816364058,SAT_08746,3.755897949,1.962375376,SAT_11877,1.111075206,3.507776717
frame-g-004874-6-0665,1,Success,TRUE,SAT_25136,4.173494054,36.47308816,1.255535173,36.53027989,1.239046145,,2004/10/10 8:29:16.00,SAT_25136,5.831896881,4.173494054,SAT_27368,4.020969711,10.05110948,SAT_28243,2.143803021,11.90891586
frame-g-004874-6-0703,1,No match,FALSE,N/A,inf,42.21919336,1.051768739,42.24385572,1.1460747,FOVNotMatch,2004/10/10 8:51:57.00,SAT_18356,4.492955295,34.92341566,SAT_16404,4.232715787,35.24457338,SAT_18946,4.288412783,35.9661179
frame-g-004874-5-0704,1,No match,FALSE,N/A,inf,42.45486421,0.795690721,42.47035888,0.857090682,FOVNotMatch,2004/10/10 8:52:33.00,SAT_18356,4.492955295,34.43235739,SAT_16404,4.232715787,34.75351511,SAT_18946,4.288412783,35.47505962
frame-g-004887-1-0232,1,No match,FALSE,N/A,inf,109.6152511,64.9168782,109.8694343,64.81200634,FOVNotMatch,2004/10/15 11:12:39.00,SAT_26970,2.967847278,10.69863685,SAT_25593,5.493977685,11.55545938,SAT_26629,5.070472345,14.22157903
frame-g-004887-5-0242,1,Success,TRUE,SAT_13075,0.674798687,112.8437256,66.56698395,113.0337592,66.61466793,,2004/10/15 11:18:37.00,SAT_13075,5.331434554,0.674798687,SAT_08018,3.893392805,3.569196541,SAT_09941,4.012490204,7.879162066
frame-g-004887-5-0243,1,Success,TRUE,SAT_13075,1.347603996,113.3983637,66.53142046,113.6282962,66.58769727,,2004/10/15 11:19:13.00,SAT_13075,5.331434554,1.347603996,SAT_08018,3.893392805,4.24200185,SAT_09941,4.012490204,7.206356756
frame-g-004894-5-0136,1,No match,FALSE,N/A,inf,346.3232781,0.856839855,346.3816937,0.848143117,FOVNotMatch,2004/10/16 5:48:10.00,SAT_02219,0.731234474,13.78796598,SAT_09998,1.756020121,18.10088629,SAT_21602,1.956660974,20.48381604
frame-g-004894-1-0115,1,Success,TRUE,SAT_10485,3.183925038,343.1447512,-0.821137068,343.2212482,-1.045672776,,2004/10/16 5:35:37.00,SAT_10485,4.708402543,3.183925038,SAT_13003,5.274508752,9.321789075,SAT_02375,5.338376723,13.78081789
frame-g-004894-3-0117,1,Success,TRUE,SAT_10485,3.377259076,343.4563004,0.017872128,343.5333859,-0.205943663,,2004/10/16 5:36:49.00,SAT_10485,4.708402543,3.377259076,SAT_13003,5.274508752,9.515123114,SAT_02375,5.338376723,13.97415193
frame-g-004894-5-0118,1,Success,TRUE,SAT_10485,3.637859327,343.5339087,0.667595602,343.5462291,0.632347168,,2004/10/16 5:37:25.00,SAT_10485,4.708402543,3.637859327,SAT_13003,5.274508752,9.775723365,SAT_02375,5.338376723,14.23475218
frame-g-004895-1-0182,1,No match,FALSE,N/A,inf,21.85789122,-0.994374877,21.94170828,-1.044947574,FOVNotMatch,2004/10/16 8:39:18.00,SAT_08832,3.728437583,19.37783885,SAT_27567,1.722888297,29.38699643,SAT_21766,0.726653376,29.44867923
frame-g-004895-5-0170,1,Success,TRUE,SAT_10184,4.478520005,19.98573539,0.7381826,20.14671166,0.675147516,,2004/10/16 8:32:08.00,SAT_10184,0.91136091,4.478520005,SAT_08832,5.039700488,9.671236528,SAT_04630,5.273547038,15.58209597
frame-g-004895-1-0192,1,No match,FALSE,N/A,inf,23.38418043,-1.045777197,23.3315442,-0.961392696,FOVNotMatch,2004/10/16 8:45:16.00,SAT_14680,1.625136727,16.18279299,SAT_02361,4.62522168,25.08946154,SAT_16106,4.742230224,43.21985304
frame-g-004895-6-0344,1,Success,TRUE,SAT_21781,1.440545447,46.17896384,1.051965552,46.12717425,1.275993134,,2004/10/16 10:16:01.00,SAT_21781,3.066329445,1.440545447,SAT_16402,5.348775134,3.633066866,SAT_12772,2.210672326,7.560642637
frame-g-004895-3-0435,1,No match,FALSE,N/A,inf,59.71234356,-0.206822801,59.77064085,0.016679592,FOVNotMatch,2004/10/16 11:10:21.00,SAT_24213,4.299777891,19.81970697,SAT_14453,0.106228663,20.99237622,SAT_20411,0.125167873,45.74718504
frame-g-004895-2-0436,1,No match,FALSE,N/A,inf,59.90367206,-0.626479217,59.96162524,-0.401951477,FOVNotMatch,2004/10/16 11:10:57.00,SAT_24213,4.299777891,19.67295134,SAT_14453,0.106228663,20.84562059,SAT_20411,0.125167873,45.89394067
frame-g-004895-3-0463,1,No match,FALSE,N/A,inf,63.85289409,-0.069546261,63.92742536,-0.024491581,FOVNotMatch,2004/10/16 11:27:05.00,SAT_20229,4.965664934,16.92825303,SAT_15386,4.62708526,20.15806334,SAT_18631,1.964365696,20.41867992
frame-g-004895-3-0464,1,No match,FALSE,N/A,inf,64.00273495,-0.159554417,64.16572894,-0.06119085,FOVNotMatch,2004/10/16 11:27:40.00,SAT_20229,4.965664934,16.88516474,SAT_15386,4.62708526,20.11497504,SAT_18631,1.964365696,20.37559163
frame-g-004895-3-0491,1,No match,FALSE,N/A,inf,68.16007996,-0.20705588,68.20847465,-0.025694866,FOVNotMatch,2004/10/16 11:43:48.00,SAT_13875,5.996015954,10.73904306,SAT_07337,0.100535419,30.82603525,SAT_17333,3.848633283,32.65049454
frame-g-004895-3-0491,2,Success,TRUE,SAT_02221,3.82700824,68.16729736,-0.012381737,68.2077418,-0.018855602,,2004/10/16 11:43:48.00,SAT_02221,2.925271795,3.82700824,SAT_23016,5.957285997,9.082179857,SAT_22117,5.221004054,9.102679737
frame-g-004895-5-0434,1,No match,FALSE,N/A,inf,59.63100199,0.632388554,59.6742672,0.796426347,FOVNotMatch,2004/10/16 11:09:46.00,SAT_19234,0.207940531,29.09669408,SAT_21900,4.137387992,30.6269494,SAT_20411,1.081147309,45.07049781
frame-g-004899-6-0194,1,No match,FALSE,N/A,inf,36.60335564,1.278958378,36.62563089,1.152156288,FOVNotMatch,2004/10/18 8:21:57.00,SAT_18356,3.71145241,10.29796653,SAT_16404,2.835726658,10.40254448,SAT_13169,0.036195676,19.89695994
frame-g-004899-1-0209,1,No match,FALSE,N/A,inf,38.94764156,-1.043034524,38.81789845,-1.011484319,FOVNotMatch,2004/10/18 8:30:55.00,SAT_28237,5.354730321,12.5383204,SAT_25558,4.74754907,13.64465109,SAT_26724,4.36235278,13.64497519
frame-g-004899-1-0210,1,No match,FALSE,N/A,inf,38.96804528,-1.011448885,39.09726081,-1.043243509,FOVNotMatch,2004/10/18 8:31:31.00,SAT_28237,5.354730321,12.38236303,SAT_25558,4.74754907,13.80060846,SAT_26724,4.36235278,13.80093256
frame-g-004899-1-0211,1,No match,FALSE,N/A,inf,39.11739275,-0.938910567,39.27985841,-0.978429744,FOVNotMatch,2004/10/18 8:32:07.00,SAT_28237,5.354730321,12.53470207,SAT_25558,4.74754907,13.64826942,SAT_26724,4.36235278,13.64859351
frame-g-004899-1-0212,1,No match,FALSE,N/A,inf,39.26711596,-0.902460808,39.42952056,-0.941776501,FOVNotMatch,2004/10/18 8:32:42.00,SAT_28237,5.354730321,12.59769454,SAT_25558,4.74754907,13.58527695,SAT_26724,4.36235278,13.58560104
frame-g-004899-1-0215,1,No match,FALSE,N/A,inf,39.8187,-0.818912698,39.8791845,-0.832952233,FOVNotMatch,2004/10/18 8:34:30.00,SAT_25558,4.74754907,13.04422575,SAT_26724,4.36235278,13.04454984,SAT_23313,4.646328253,13.05904067
frame-g-004899-2-0220,1,No match,FALSE,N/A,inf,40.4648147,-0.612962132,40.50818808,-0.623442064,FOVNotMatch,2004/10/18 8:37:29.00,SAT_26724,4.782740819,13.55877273,SAT_25558,5.140547121,13.55996958,SAT_23313,5.047945846,13.57497122
frame-g-004899-2-0221,1,No match,FALSE,N/A,inf,40.61447985,-0.576813038,40.77653834,-0.616205481,FOVNotMatch,2004/10/18 8:38:05.00,SAT_26724,4.782740819,13.63741943,SAT_25558,5.140547121,13.63861629,SAT_23313,5.047945846,13.65361793
frame-g-004899-2-0222,1,No match,FALSE,N/A,inf,40.76421836,-0.540837274,40.92647929,-0.579970414,FOVNotMatch,2004/10/18 8:38:41.00,SAT_26724,4.782740819,13.53442592,SAT_25558,5.140547121,13.53562278,SAT_23313,5.047945846,13.55062442
frame-g-004899-2-0223,1,No match,FALSE,N/A,inf,40.91399731,-0.505302694,41.07702682,-0.544275087,FOVNotMatch,2004/10/18 8:39:16.00,SAT_26724,4.782740819,13.41933779,SAT_25558,5.140547121,13.42053465,SAT_23313,5.047945846,13.43553629
frame-g-004899-2-0224,1,No match,FALSE,N/A,inf,41.06330063,-0.469016101,41.22571569,-0.507938733,FOVNotMatch,2004/10/18 8:39:52.00,SAT_26724,4.782740819,13.45167233,SAT_25558,5.140547121,13.45286919,SAT_23313,5.047945846,13.46787083
frame-g-004899-2-0225,1,No match,FALSE,N/A,inf,41.21308949,-0.433045909,41.37553321,-0.472017462,FOVNotMatch,2004/10/18 8:40:28.00,SAT_26724,4.782740819,13.46563187,SAT_25558,5.140547121,13.46682873,SAT_23313,5.047945846,13.48183037
frame-g-004899-2-0226,1,No match,FALSE,N/A,inf,41.36878792,-0.398928552,41.52520367,-0.436087888,FOVNotMatch,2004/10/18 8:41:04.00,SAT_26724,4.782740819,13.33870997,SAT_25558,5.140547121,13.33990683,SAT_23313,5.047945846,13.35490847
frame-g-004900-1-0100,1,No match,FALSE,N/A,inf,99.05637445,64.06937461,99.18714837,64.06509168,FOVNotMatch,2004/10/18 11:09:34.00,SAT_13070,4.211990935,5.302433922,SAT_07780,4.997549192,11.48919769,SAT_08425,4.920564969,11.85475973
frame-g-004905-1-0095,1,No match,FALSE,N/A,inf,13.95335401,-0.819916078,14.01334745,-0.893338643,FOVNotMatch,2004/10/20 8:03:21.00,SAT_08300,1.025777656,16.76136702,SAT_21249,4.405093258,43.35133511,SAT_23538,2.263675958,48.465573
frame-g-004905-1-0228,1,No match,FALSE,N/A,inf,33.93376027,-1.044160005,34.00105138,-0.820186412,FOVNotMatch,2004/10/20 9:22:46.00,SAT_19502,3.823870022,38.98212299,SAT_15630,3.276369635,60.26354717,SAT_17046,5.266384459,60.65709429
frame-g-004905-1-0273,1,No match,FALSE,N/A,inf,40.69001272,-0.908984572,40.74647062,-0.944898838,FOVNotMatch,2004/10/20 9:49:38.00,SAT_23538,5.52849325,20.16281336,SAT_21766,4.240626383,21.11990406,SAT_21942,4.294389904,32.3488056
frame-g-004905-1-0322,1,No match,FALSE,N/A,inf,47.93864168,-0.819741692,48.0790182,-0.84933596,FOVNotMatch,2004/10/20 10:18:53.00,SAT_23538,4.137924516,5.27088406,SAT_21942,5.733534537,9.68532124,SAT_24786,4.896812813,11.78350285
frame-g-004927-6-0272,1,Success,TRUE,SAT_14136,3.169964103,347.9630181,1.171486941,348.0188552,1.137402704,,2004/11/3 4:05:29.00,SAT_14136,5.946319789,3.169964103,SAT_27390,2.515821301,5.283472616,SAT_03554,4.340705503,20.51372031
frame-g-004927-2-0483,1,No match,FALSE,N/A,inf,19.60079386,-0.400928912,19.67645168,-0.455327719,FOVNotMatch,2004/11/3 6:11:28.00,SAT_23715,5.864009223,33.39292205,SAT_23244,5.316273568,34.53792124,SAT_26724,5.14433439,35.68598409
frame-g-004930-1-0055,1,Success,TRUE,SAT_25881,1.562850724,309.5521949,-1.144012769,309.6187802,-1.137066665,,2004/11/4 1:46:03.00,SAT_25881,3.540665382,1.562850724,SAT_26724,5.507528899,5.891999175,SAT_25558,4.47077241,5.968585012
frame-g-004927-3-0587,1,No match,FALSE,N/A,inf,35.12094019,-0.007388882,35.2255035,-0.034270434,FOVNotMatch,2004/11/3 7:13:33.00,SAT_23244,4.035679653,9.192475203,SAT_23125,3.219973671,13.17237991,SAT_26724,5.152825988,14.36414659
frame-g-004933-3-0168,1,Success,TRUE,SAT_04478,3.05375388,330.7721398,-0.032441112,330.8302901,-0.01730196,,2004/11/5 2:58:40.00,SAT_04478,2.843959529,3.05375388,SAT_25414,5.537428853,5.169219097,SAT_03284,3.847299078,6.624122858
frame-g-004933-3-0169,1,Success,TRUE,SAT_04478,3.415422064,330.9218245,-0.072381813,331.0846533,-0.028890819,,2004/11/5 2:59:16.00,SAT_04478,2.843959529,3.415422064,SAT_25414,5.537428853,5.530887281,SAT_03284,3.847299078,6.985791042
frame-g-004933-6-0304,1,No match,FALSE,N/A,inf,351.130657,1.089564641,351.2930039,1.061097885,FOVNotMatch,2004/11/5 4:19:52.00,SAT_03284,5.066134476,15.99089365,SAT_04478,0.092868073,19.85038638,SAT_14136,1.046163297,24.92880266
frame-g-004933-6-0305,1,No match,FALSE,N/A,inf,351.2811859,1.115447942,351.4433313,1.087218129,FOVNotMatch,2004/11/5 4:20:28.00,SAT_03284,5.066134476,15.9218362,SAT_04478,0.092868073,19.78132893,SAT_14136,1.046163297,24.99786011
frame-g-004933-6-0307,1,No match,FALSE,N/A,inf,351.5802223,1.167467791,351.7423001,1.139114564,FOVNotMatch,2004/11/5 4:21:40.00,SAT_03284,5.066134476,15.96839588,SAT_04478,0.092868073,19.82788861,SAT_14136,1.046163297,24.95130043
frame-g-004933-6-0308,1,No match,FALSE,N/A,inf,351.7294991,1.19360677,351.8923863,1.165254024,FOVNotMatch,2004/11/5 4:22:15.00,SAT_03284,5.066134476,15.91997395,SAT_04478,0.092868073,19.77946668,SAT_14136,1.046163297,24.99972236
frame-g-004933-6-0309,1,No match,FALSE,N/A,inf,351.8794703,1.219498351,352.0424432,1.191585132,FOVNotMatch,2004/11/5 4:22:51.00,SAT_03284,5.066134476,15.76489382,SAT_04478,0.092868073,19.62438655,SAT_14136,1.046163297,25.15480249
frame-g-004933-1-0244,1,No match,FALSE,N/A,inf,342.1937546,-0.822031576,342.2746731,-1.045636426,FOVNotMatch,2004/11/5 3:44:03.00,SAT_19000,1.910251818,10.00834004,SAT_16968,1.295728838,38.894921,SAT_28114,0.005964123,39.78958689
frame-g-004933-5-0248,1,No match,FALSE,N/A,inf,342.7831066,0.855806983,342.864443,0.631321916,FOVNotMatch,2004/11/5 3:46:26.00,SAT_19000,1.910251818,9.985025117,SAT_16968,1.295728838,38.91823592,SAT_28114,0.005964123,39.81290181
frame-g-004933-6-0249,1,No match,FALSE,N/A,inf,342.9300164,1.275283506,343.0111365,1.051539425,FOVNotMatch,2004/11/5 3:47:02.00,SAT_19000,1.910251818,9.975463344,SAT_16968,1.295728838,38.9277977,SAT_28114,0.005964123,39.82246358
frame-g-004933-5-0320,1,No match,FALSE,N/A,inf,353.5263616,0.708955436,353.6889881,0.825571269,FOVNotMatch,2004/11/5 4:29:25.00,SAT_05587,5.800949025,19.87156621,SAT_04478,0.727331086,26.03593753,SAT_10618,0.379450975,26.74475123
frame-g-004933-5-0321,1,No match,FALSE,N/A,inf,353.7170969,0.631606265,353.8378253,0.717958401,FOVNotMatch,2004/11/5 4:30:01.00,SAT_05587,5.800949025,19.80214303,SAT_04478,0.727331086,25.96651434,SAT_10618,0.379450975,26.67532805
frame-g-004933-5-0569,1,No match,FALSE,N/A,inf,30.84805842,0.664763085,30.8777498,0.631538237,FOVNotMatch,2004/11/5 6:58:06.00,SAT_23538,4.213653077,39.18129555,SAT_18945,5.075220015,56.42100632,SAT_16917,4.352130236,60.65407273
frame-g-004933-6-0765,1,No match,FALSE,N/A,inf,60.25593703,1.050791791,60.30811357,1.127995559,FOVNotMatch,2004/11/5 8:55:07.00,SAT_23177,5.514655513,43.19153492,SAT_14128,0.278049245,44.86771495,SAT_14421,0.62517832,45.25199279
frame-g-004948-4-0069,1,No match,FALSE,N/A,inf,18.85374637,0.43826327,18.97157592,0.327022252,FOVNotMatch,2004/11/10 5:52:41.00,SAT_23538,4.853992933,42.54625023,SAT_19891,4.058297951,42.95412724,SAT_14493,4.128518981,45.27877108
frame-g-004948-6-0136,1,Success,TRUE,SAT_22594,3.130331186,28.84906872,1.053425131,28.93925241,1.277673732,,2004/11/10 6:32:41.00,SAT_22594,0.672679674,3.130331186,SAT_07193,3.262311471,9.171730839,SAT_16106,4.672483551,10.95206989
frame-g-004948-5-0137,1,Success,TRUE,SAT_22594,3.169726171,28.98832961,0.652279603,29.07096259,0.857369954,,2004/11/10 6:33:17.00,SAT_22594,0.672679674,3.169726171,SAT_07193,3.262311471,9.211125825,SAT_16106,4.672483551,10.99146488
frame-g-004948-4-0138,1,Success,TRUE,SAT_22594,2.792548532,29.13833316,0.278423928,29.20158345,0.438449333,,2004/11/10 6:33:53.00,SAT_22594,0.672679674,2.792548532,SAT_07193,3.262311471,8.833948185,SAT_16106,4.672483551,10.61428724
frame-g-004948-5-0138,1,Success,TRUE,SAT_22594,3.128800484,29.28027301,0.633676232,29.30153615,0.686560154,,2004/11/10 6:33:53.00,SAT_22594,0.672679674,3.128800484,SAT_07193,3.262311471,9.170200138,SAT_16106,4.672483551,10.95053919
frame-g-004948-3-0139,1,Success,TRUE,SAT_22594,3.06678036,29.2881714,-0.094934401,29.3337301,0.018738324,,2004/11/10 6:34:29.00,SAT_22594,0.672679674,3.06678036,SAT_07193,3.262311471,9.108180013,SAT_16106,4.672483551,10.88851907
frame-g-004948-4-0139,1,Success,TRUE,SAT_22594,3.123830486,29.41120728,0.214050828,29.45126852,0.313718366,,2004/11/10 6:34:29.00,SAT_22594,0.672679674,3.123830486,SAT_07193,3.262311471,9.165230139,SAT_16106,4.672483551,10.94556919
frame-g-004948-5-0158,1,Success,TRUE,SAT_02529,4.455467584,32.263512,0.718184812,32.29491932,0.700954687,,2004/11/10 6:45:50.00,SAT_02529,2.942339598,4.455467584,SAT_27855,5.598476502,28.56722661,SAT_02222,2.906809024,28.94671972
frame-g-005038-3-0100,1,No match,FALSE,N/A,inf,140.944058,24.14197132,141.0013271,24.19803198,FOVNotMatch,2004/12/11 11:43:36.00,SAT_21426,1.786407439,19.79311167,SAT_23420,4.377989032,21.12401055,SAT_27792,5.418787221,41.92810093
frame-g-005038-3-0159,1,No match,FALSE,N/A,inf,150.0258299,27.25015304,150.1284458,27.30531404,FOVNotMatch,2004/12/11 12:18:50.00,SAT_16917,1.941878595,12.99210996,SAT_21263,0.253838727,24.38583675,SAT_27792,2.82673852,30.2056114
frame-g-005036-1-0020,1,No match,FALSE,N/A,inf,346.5847435,-1.148800517,346.6684212,-1.19301886,FOVNotMatch,2004/12/11 1:34:41.00,SAT_27038,1.246539441,12.17454862,SAT_20674,3.301061785,18.29515699,SAT_26897,0.611540049,19.86586014
frame-g-005036-1-0021,1,No match,FALSE,N/A,inf,346.7440658,-1.075655144,346.8958403,-1.155409782,FOVNotMatch,2004/12/11 1:35:17.00,SAT_27038,1.246539441,12.04155025,SAT_20674,3.301061785,18.16215862,SAT_26897,0.611540049,19.73286178
frame-g-005036-4-0023,1,No match,FALSE,N/A,inf,347.1139183,0.03467794,347.1487448,0.002926133,FOVNotMatch,2004/12/11 1:36:29.00,SAT_22407,4.160407157,15.51885955,SAT_27038,1.246539441,26.67189512,SAT_20674,3.301061785,32.79250348
frame-g-005042-5-0146,1,No match,FALSE,N/A,inf,39.59695826,0.438000693,39.65255263,0.48857221,FOVNotMatch,2004/12/12 4:12:21.00,SAT_27429,1.081498944,18.89489762,SAT_10953,3.941607567,27.94418176,SAT_19483,4.631409098,28.58300292
frame-g-005042-4-0249,1,Success,TRUE,SAT_23933,1.094449775,55.06213642,0.001331075,55.0491675,0.077295943,,2004/12/12 5:13:51.00,SAT_23933,5.903944012,1.094449775,SAT_15350,0.493698495,19.46306995,SAT_19990,2.093680954,21.44770443
frame-g-005060-5-0176,1,Success,TRUE,SAT_09570,0.464399522,121.0523726,66.77940163,121.304713,66.8576805,,2004/12/13 7:40:27.00,SAT_09570,5.32824437,0.464399522,SAT_10890,1.689831042,4.70811271,SAT_13075,2.792145887,11.23349444
frame-g-005060-5-0177,1,Success,TRUE,SAT_09570,0.059000011,121.4036571,66.62897745,121.8448663,66.76453378,,2004/12/13 7:41:03.00,SAT_09570,5.32824437,0.059000011,SAT_10890,1.689831042,4.3027132,SAT_13075,2.792145887,10.82809493
frame-g-005061-6-0333,1,No match,FALSE,N/A,inf,164.8231942,29.37186168,164.9033237,29.42649345,FOVNotMatch,2004/12/13 11:20:32.00,SAT_26483,5.438702883,26.79478164,SAT_24959,5.707201653,42.12332575,SAT_18962,3.238062427,48.32645708
frame-g-005061-6-0334,1,No match,FALSE,N/A,inf,165.0259253,29.33298061,165.1741543,29.43199177,FOVNotMatch,2004/12/13 11:21:08.00,SAT_26483,5.438702883,27.3678612,SAT_24959,5.707201653,42.69640531,SAT_18962,3.238062427,48.89953664
frame-g-005061-6-0338,1,Success,TRUE,SAT_18962,2.630479111,165.7334451,29.43731891,165.7380141,29.66563847,,2004/12/13 11:23:31.00,SAT_18962,3.238062427,2.630479111,SAT_24959,5.707201653,8.833610442,SAT_26483,5.438702883,24.16215455
frame-g-005061-4-0339,1,Success,TRUE,SAT_18962,2.370450027,166.0549406,28.69845148,166.0590347,28.86194379,,2004/12/13 11:24:07.00,SAT_18962,3.238062427,2.370450027,SAT_24959,5.707201653,8.573581358,SAT_26483,5.438702883,23.90212546
frame-g-005061-5-0339,1,Success,TRUE,SAT_18962,2.410001956,166.0634118,29.06031978,166.068938,29.28730343,,2004/12/13 11:24:07.00,SAT_18962,3.238062427,2.410001956,SAT_24959,5.707201653,8.613133287,SAT_26483,5.438702883,23.94167739
frame-g-005052-3-0032,1,No match,FALSE,N/A,inf,348.4989135,-0.295658481,348.6213512,-0.391158365,FOVNotMatch,2004/12/13 1:58:35.00,SAT_04140,0.925024743,11.68539836,SAT_26476,5.914164495,12.48822586,SAT_26729,5.545592441,22.62901085
frame-g-005052-3-0188,1,No match,FALSE,N/A,inf,11.85865351,-0.414777354,11.93548864,-0.23649024,FOVNotMatch,2004/12/13 3:31:43.00,SAT_26926,0.179169309,15.70259506,SAT_21599,5.518419849,16.85960598,SAT_12850,4.618516881,49.89518589
frame-g-005065-2-0050,1,Success,TRUE,SAT_11792,4.925019997,26.46898073,6.151371831,26.52687647,6.142506304,,2004/12/14 3:55:30.00,SAT_11792,4.925376131,4.925019997,SAT_27389,4.754144214,6.024128331,SAT_04250,5.623509339,17.71462265
frame-g-005064-2-0141,1,No match,FALSE,N/A,inf,358.5522292,-20.70686505,358.4756107,-20.48015783,FOVNotMatch,2004/12/14 2:33:13.00,SAT_04843,0.452062049,16.81399211,SAT_10722,0.918456576,60.53320538,SAT_26082,4.404547468,67.553971
frame-g-005065-2-0091,1,No match,FALSE,N/A,inf,32.56989166,5.862222347,32.54010359,5.978091589,FOVNotMatch,2004/12/14 4:19:59.00,SAT_14591,5.667172086,6.342483061,SAT_26566,5.440103064,6.461623847,SAT_21136,1.679526173,6.465994098
frame-g-005064-6-0065,1,No match,FALSE,N/A,inf,346.5437826,-18.18764838,346.5103117,-18.08061754,FOVNotMatch,2004/12/14 1:47:51.00,SAT_15952,0.058877212,31.90382197,SAT_24712,0.990938799,57.19986356,SAT_25541,4.864663451,59.39652501
frame-g-005064-6-0066,1,No match,FALSE,N/A,inf,346.783262,-17.9868613,346.833868,-18.14605238,FOVNotMatch,2004/12/14 1:48:26.00,SAT_15952,0.058877212,32.16843797,SAT_24712,0.990938799,56.93524756,SAT_25541,4.864663451,59.13190901
frame-g-005064-3-0070,1,Success,TRUE,SAT_14234,1.106990143,347.145421,-19.49931175,347.3191911,-19.49167705,,2004/12/14 1:50:50.00,SAT_14234,5.486271304,1.106990143,SAT_20926,5.38995859,2.244691317,SAT_08134,4.514869994,2.698859728
frame-g-005065-1-0137,1,Success,TRUE,SAT_06974,0.270831292,39.4162831,5.126822346,39.53280515,5.152673659,,2004/12/14 4:47:27.00,SAT_06974,1.829699077,0.270831292,SAT_10953,5.857979312,0.404153603,SAT_14394,4.080613332,0.730965244
frame-g-005065-1-0138,1,Success,TRUE,SAT_06974,0.255439456,39.56268472,5.07073033,39.72875105,5.107622976,,2004/12/14 4:48:03.00,SAT_06974,1.829699077,0.255439456,SAT_10953,5.857979312,0.388761767,SAT_14394,4.080613332,0.715573408
frame-g-005065-1-0139,1,Success,TRUE,SAT_06974,0.335374915,39.70891748,5.014676044,39.87499875,5.051332993,,2004/12/14 4:48:39.00,SAT_06974,1.829699077,0.335374915,SAT_10953,5.857979312,0.468697226,SAT_14394,4.080613332,0.795508867
frame-g-005065-1-0141,1,Success,TRUE,SAT_06974,0.150918457,40.067569,4.916084103,40.1678748,4.938564616,,2004/12/14 4:49:51.00,SAT_06974,1.829699077,0.150918457,SAT_10953,5.857979312,0.284240769,SAT_14394,4.080613332,0.611052409
frame-g-005066-3-0099,1,No match,FALSE,N/A,inf,56.16565847,8.902970239,56.19362897,9.067323652,FOVNotMatch,2004/12/14 7:03:20.00,SAT_02518,2.402134479,37.40902007,SAT_26898,1.687921488,52.49624946,SAT_14948,5.865918371,67.83085453
frame-g-005066-6-0055,1,No match,FALSE,N/A,inf,50.39277763,5.378604974,50.49226336,5.509149322,FOVNotMatch,2004/12/14 6:37:03.00,SAT_26898,0.699072594,22.81518053,SAT_14948,3.23979489,39.22307815,SAT_12850,4.096995474,39.47092182
frame-g-005066-3-0071,1,No match,FALSE,N/A,inf,52.96190717,6.145760209,53.04256197,6.264930793,FOVNotMatch,2004/12/14 6:46:36.00,SAT_26898,0.761502247,26.78418809,SAT_06679,3.613638574,29.213585,SAT_01576,0.811137446,36.81678513
frame-g-005066-3-0072,1,No match,FALSE,N/A,inf,53.09731375,6.221391468,53.19079015,6.359722183,FOVNotMatch,2004/12/14 6:47:12.00,SAT_26898,0.761502247,26.82991368,SAT_06679,3.613638574,29.16785941,SAT_01576,0.811137446,36.86251072
frame-g-005066-3-0074,1,No match,FALSE,N/A,inf,53.36787974,6.371048734,53.46093155,6.509560193,FOVNotMatch,2004/12/14 6:48:24.00,SAT_26898,0.761502247,26.9928147,SAT_06679,3.613638574,29.00495838,SAT_01576,0.811137446,37.02541175
frame-g-005069-1-0097,1,Success,TRUE,SAT_21221,4.242157085,35.23744759,-18.72035533,35.16831929,-18.50483836,,2004/12/15 4:38:41.00,SAT_21221,1.482136983,4.242157085,SAT_23511,2.592319907,4.749801952,SAT_05098,3.990718889,16.95275295
frame-g-005071-6-0409,1,No match,FALSE,N/A,inf,178.2549563,31.08619095,178.4581732,30.88487279,FOVNotMatch,2004/12/15 11:06:06.00,SAT_12980,3.656884557,37.27816601,SAT_10091,15.06916243,N/A,SAT_02789,7.617867872,N/A
frame-g-005071-2-0401,1,No match,FALSE,N/A,inf,177.0926847,29.35058028,177.1900781,29.25392838,FOVNotMatch,2004/12/15 11:01:20.00,SAT_23708,5.379867412,29.81888242,SAT_10091,16.08679446,N/A,SAT_00879,13.10706941,N/A
frame-g-005071-3-0403,1,No match,FALSE,N/A,inf,177.3785992,29.7874932,177.5029204,29.66513419,FOVNotMatch,2004/12/15 11:02:31.00,SAT_23708,5.379867412,29.93473984,SAT_10091,16.08679446,N/A,SAT_00879,13.10706941,N/A
frame-g-005071-4-0404,1,No match,FALSE,N/A,inf,177.4578324,30.07021531,177.5363412,29.9929243,FOVNotMatch,2004/12/15 11:03:07.00,SAT_23708,5.379867412,29.83989608,SAT_10091,16.08679446,N/A,SAT_00879,13.10706941,N/A
frame-g-005071-5-0406,1,No match,FALSE,N/A,inf,177.7749211,30.47860439,177.8242526,30.42915854,FOVNotMatch,2004/12/15 11:04:19.00,SAT_23708,5.379867412,29.2087901,SAT_10091,16.08679446,N/A,SAT_00879,13.10706941,N/A
frame-g-005071-1-0338,1,Success,TRUE,SAT_10918,2.668489519,166.4077322,27.77652605,166.473145,27.85537613,,2004/12/15 10:23:43.00,SAT_10918,5.709658852,2.668489519,SAT_12297,0.18591609,4.310224219,SAT_26483,5.562036863,13.59523673
frame-g-005072-6-0024,1,No match,FALSE,N/A,inf,199.9035111,30.4338839,200.0186051,30.25181933,FOVNotMatch,2004/12/15 12:20:04.00,SAT_10962,5.818321617,26.8947255,SAT_02532,5.255905536,45.10093016,SAT_18123,3.499030234,56.36267265
frame-g-005072-5-0028,1,Success,TRUE,SAT_27663,1.270502652,200.5654896,29.70813867,200.6448088,29.78230476,,2004/12/15 12:22:28.00,SAT_27663,1.692833887,1.270502652,SAT_22066,0.044880312,1.80660878,SAT_18123,3.499030234,15.13142333
frame-g-005072-4-0029,1,Success,TRUE,SAT_22066,1.487929968,200.5617902,29.35020497,200.7160508,29.49330238,,2004/12/15 12:23:03.00,SAT_22066,0.044880312,1.487929968,SAT_27663,1.692833887,1.589181464,SAT_18123,3.499030234,15.45010214
frame-g-005080-2-0134,1,No match,FALSE,N/A,inf,133.5190396,17.2868594,133.6955195,17.2180515,FOVNotMatch,2004/12/20 11:07:56.00,SAT_08546,1.834531806,24.17777969,SAT_26525,5.094497719,36.2630344,SAT_13897,0.030857929,86.60990756
frame-g-005070-1-0011,1,No match,FALSE,N/A,inf,46.98517979,-16.41880627,47.04850938,-16.36565912,FOVNotMatch,2004/12/15 6:37:01.00,SAT_05498,1.079050697,23.02701353,SAT_11057,2.0126659,23.06965545,SAT_24723,4.509492368,40.5476718
frame-g-005087-2-0307,1,No match,FALSE,N/A,inf,200.2471641,25.81602182,200.3173192,25.89622424,FOVNotMatch,2004/12/21 12:17:56.00,SAT_17800,4.812321839,5.744831666,SAT_16528,5.907700767,56.07561338,SAT_01477,1.088567893,67.74838516
frame-g-005069-6-0154,1,No match,FALSE,N/A,inf,43.57205218,-15.0116688,43.47462664,-14.95093894,FOVNotMatch,2004/12/15 5:12:43.00,SAT_25493,0.655089371,18.3524806,SAT_26613,3.004538676,22.77582796,SAT_19365,4.626279975,32.52503037
frame-g-005069-6-0155,1,No match,FALSE,N/A,inf,43.60236473,-14.77851849,43.79348751,-14.89742735,FOVNotMatch,2004/12/15 5:13:19.00,SAT_25493,0.655089371,18.2853805,SAT_26613,3.004538676,22.70872786,SAT_19365,4.626279975,32.59213047
frame-g-005115-6-0132,1,No match,FALSE,N/A,inf,191.9039247,28.40736765,191.9504585,28.37258517,FOVNotMatch,2005/1/18 9:33:16.00,SAT_24721,3.306935464,33.87641648,SAT_00738,0.076460956,72.75287293,SAT_10091,2.808059305,79.62638766
frame-g-005116-3-0165,1,No match,FALSE,N/A,inf,195.3568678,24.56571252,195.3758851,24.42382131,FOVNotMatch,2005/1/18 12:04:52.00,SAT_18103,0.086688602,22.35078139,SAT_10439,2.331736701,33.4372105,SAT_27727,11.12247025,N/A
frame-g-005125-3-0290,1,No match,FALSE,N/A,inf,173.1707848,24.51843976,173.2558778,24.51004617,FOVNotMatch,2005/1/19 12:28:22.00,SAT_26525,4.27635884,9.765008829,SAT_01479,2.069260367,32.69460922,SAT_25827,3.332816756,71.19406738
frame-g-005137-4-0241,1,No match,FALSE,N/A,inf,149.1159164,20.8558954,149.2611754,20.92646899,FOVNotMatch,2005/2/4 6:05:41.00,SAT_12295,5.847375935,26.24883327,SAT_08331,4.973770774,31.38723848,SAT_18592,1.862946158,31.77183595
frame-g-005137-3-0297,1,No match,FALSE,N/A,inf,158.0048382,22.32116095,158.2096115,22.19631479,FOVNotMatch,2005/2/4 6:39:07.00,SAT_20959,3.822719429,26.05707722,SAT_14260,2.29784268,36.59081947,SAT_16961,3.68830372,37.0096453
frame-g-005137-4-0044,1,No match,FALSE,N/A,inf,120.0557429,11.19756248,120.176099,11.33942647,FOVNotMatch,2005/2/4 4:08:03.00,SAT_22308,3.410537519,31.88768822,SAT_24278,4.436453595,35.39656052,SAT_12290,3.596719099,39.61998475
frame-g-005140-3-0141,1,No match,FALSE,N/A,inf,173.162699,24.49831991,173.2988872,24.32590464,FOVNotMatch,2005/2/4 9:58:30.00,SAT_13957,2.643996105,46.05543963,SAT_26816,5.94017407,54.13022263,SAT_20061,5.16303504,72.03819228
frame-g-005181-1-0110,1,Success,TRUE,SAT_28252,4.484918559,82.78086047,-5.152922831,82.88740803,-5.161252487,,2005/3/10 2:54:44.00,SAT_28252,5.091717416,4.484918559,SAT_27715,0.394562529,4.504004501,SAT_27954,0.607164439,4.511735122
frame-g-005181-1-0086,1,Success,TRUE,SAT_26390,1.199410614,82.82995021,-1.564016525,82.88680358,-1.711434041,,2005/3/10 2:40:24.00,SAT_26390,2.166048045,1.199410614,SAT_20441,1.410740601,16.79006274,SAT_03081,0.051995711,55.44356335
frame-g-005194-4-0475,1,Success,TRUE,SAT_10155,1.811968676,186.8486262,22.70678021,186.8681763,22.66074818,,2005/3/12 7:42:22.00,SAT_10155,3.68404206,1.811968676,SAT_24731,1.312570165,36.52717612,SAT_26383,5.913380048,74.70074327
frame-g-005194-5-0476,1,Success,TRUE,SAT_10155,1.537586147,186.9901927,23.12512042,187.0869709,22.90096769,,2005/3/12 7:42:58.00,SAT_10155,3.68404206,1.537586147,SAT_24731,1.312570165,36.80155865,SAT_26383,5.913380048,74.42636074
frame-g-005194-3-0282,1,No match,FALSE,N/A,inf,156.072145,19.49460391,156.0896779,19.55127529,FOVNotMatch,2005/3/12 5:47:08.00,SAT_02255,4.324417703,13.5108562,SAT_03174,2.209586759,30.32712193,SAT_26383,2.526524381,53.09894097
frame-g-005194-3-0133,1,No match,FALSE,N/A,inf,133.2983781,14.08736669,133.3848253,14.21560674,FOVNotMatch,2005/3/12 4:18:10.00,SAT_07654,1.827511184,20.84424069,SAT_08168,2.582902123,53.66880875,SAT_16676,5.713284238,58.72393739
frame-g-005194-2-0611,1,No match,FALSE,N/A,inf,208.629139,20.15357645,208.6415177,20.02873957,FOVNotMatch,2005/3/12 9:03:34.00,SAT_01002,0.133558518,68.65631251,SAT_15206,5.292341697,73.45534835,SAT_10949,12.78764548,N/A
frame-g-005194-2-0611,2,No match,FALSE,N/A,inf,208.5073395,20.16561307,208.5203592,20.16471169,FOVNotMatch,2005/3/12 9:03:34.00,SAT_15206,5.292341697,7.006240562,SAT_01002,0.133558518,11.8052764,SAT_10949,12.78764548,N/A
frame-g-005194-3-0611,1,No match,FALSE,N/A,inf,208.5856369,20.58339845,208.6087075,20.35448375,FOVNotMatch,2005/3/12 9:03:34.00,SAT_01002,0.133558518,68.58281884,SAT_15206,5.292341697,73.38185468,SAT_10949,12.78764548,N/A
frame-g-005194-4-0612,1,No match,FALSE,N/A,inf,208.8586207,20.96866457,208.8814858,20.7410686,FOVNotMatch,2005/3/12 9:04:10.00,SAT_01002,0.133558518,68.61335625,SAT_15206,5.292341697,73.4123921,SAT_10949,12.78764548,N/A
frame-g-005194-5-0613,1,No match,FALSE,N/A,inf,209.1334341,21.35269545,209.1560335,21.12286541,FOVNotMatch,2005/3/12 9:04:46.00,SAT_01002,0.133558518,68.73997168,SAT_15206,5.292341697,73.53900752,SAT_10949,12.78764548,N/A
frame-g-005194-6-0613,1,No match,FALSE,N/A,inf,209.1126313,21.55403703,209.0941302,21.74522805,FOVNotMatch,2005/3/12 9:04:46.00,SAT_01002,0.133558518,68.83721679,SAT_15206,5.292341697,73.63625264,SAT_10949,12.78764548,N/A
frame-g-005194-6-0614,1,No match,FALSE,N/A,inf,209.4174447,21.64305602,209.4085973,21.73717206,FOVNotMatch,2005/3/12 9:05:21.00,SAT_01002,0.133558518,68.98457536,SAT_15206,5.292341697,73.7836112,SAT_10949,12.78764548,N/A
frame-g-005194-5-0038,1,No match,FALSE,N/A,inf,119.3554942,10.13897101,119.3850328,10.16698581,FOVNotMatch,2005/3/12 3:21:26.00,SAT_17264,5.817863767,24.73846469,SAT_15100,2.167704729,33.05359808,SAT_19483,3.944517994,41.77383592
frame-g-005224-1-0079,1,No match,FALSE,N/A,inf,164.158624,22.31860482,164.2298846,22.3254006,FOVNotMatch,2005/4/2 3:05:33.00,SAT_00053,2.459716118,23.87126485,SAT_18693,2.510678534,52.64861876,SAT_26483,4.343316995,62.18117816
frame-g-005224-5-0050,1,No match,FALSE,N/A,inf,159.2887536,23.22874336,159.1138356,23.31692399,FOVNotMatch,2005/4/2 2:48:14.00,SAT_00204,4.682743031,21.24654234,SAT_10754,2.717754659,60.50623879,SAT_08143,0.047662561,61.08721278
frame-g-005224-5-0262,1,No match,FALSE,N/A,inf,194.0261059,25.14621932,194.0971319,25.36691633,FOVNotMatch,2005/4/2 4:54:49.00,SAT_27663,4.741804596,23.56684787,SAT_23560,2.908808605,30.36167365,SAT_26048,3.370870192,76.35293118
frame-g-005224-4-0262,1,No match,FALSE,N/A,inf,193.9024226,24.75947594,193.9646687,24.95442981,FOVNotMatch,2005/4/2 4:54:49.00,SAT_27663,4.741804596,23.63837132,SAT_23560,2.908808605,30.4331971,SAT_26048,3.370870192,76.42445463
frame-g-005224-4-0263,1,No match,FALSE,N/A,inf,194.2231045,24.71397958,194.2506813,24.79809518,FOVNotMatch,2005/4/2 4:55:25.00,SAT_27663,4.741804596,23.21607954,SAT_23560,2.908808605,30.01090532,SAT_26048,3.370870192,76.00216285
frame-g-005225-6-0034,1,No match,FALSE,N/A,inf,168.8913217,20.52209047,168.7400918,20.47501716,FOVNotMatch,2005/4/2 7:12:31.00,SAT_10925,3.045909234,46.62074816,SAT_04135,0.148049867,48.43849732,SAT_08970,9.035976725,N/A
frame-g-005225-5-0039,1,No match,FALSE,N/A,inf,169.6549634,20.07568533,169.5697829,20.01147636,FOVNotMatch,2005/4/2 7:15:30.00,SAT_10925,3.045909234,26.2595042,SAT_04135,0.148049867,28.07725335,SAT_08970,9.035976725,N/A
frame-g-005225-5-0040,1,No match,FALSE,N/A,inf,169.8116656,19.98215641,169.8997528,20.04805956,FOVNotMatch,2005/4/2 7:16:06.00,SAT_10925,3.045909234,26.47446505,SAT_04135,0.148049867,28.29221421,SAT_08970,9.035976725,N/A
frame-g-005194-6-0871,1,No match,FALSE,N/A,inf,248.139918,11.6453956,248.2144168,11.70204688,FOVNotMatch,2005/3/12 11:38:48.00,SAT_19884,3.844640035,21.77522989,SAT_13904,3.053684468,31.03345665,SAT_26383,0.968998077,68.31543982
frame-g-005301-3-0012,1,Success,TRUE,SAT_19554,3.150913016,194.1330519,19.778831,194.0767769,19.55959973,,2005/5/3 6:53:17.00,SAT_19554,3.110008733,3.150913016,SAT_00629,0.037633904,21.5315651,SAT_13524,3.173029437,41.6860984
frame-g-005301-4-0012,1,Success,TRUE,SAT_19554,3.339757844,194.1830804,19.97258769,194.2180472,20.11047777,,2005/5/3 6:53:17.00,SAT_19554,3.110008733,3.339757844,SAT_00629,0.037633904,21.34272027,SAT_13524,3.173029437,41.49725357
frame-g-005308-5-0090,1,No match,FALSE,N/A,inf,205.398356,19.60560694,205.3544428,19.58584963,FOVNotMatch,2005/5/9 7:45:54.00,SAT_25835,5.532234675,83.77740404,SAT_26564,16.41162914,N/A,SAT_28263,7.592413227,N/A
frame-g-005308-5-0090,2,No match,FALSE,N/A,inf,205.5361336,19.64112936,205.3590804,19.62285534,FOVNotMatch,2005/5/9 7:45:54.00,SAT_25835,5.532234675,64.50295022,SAT_26564,16.41162914,N/A,SAT_28263,7.592413227,N/A
frame-g-005308-4-0120,1,No match,FALSE,N/A,inf,210.1679887,18.65567887,210.0176125,18.64398071,FOVNotMatch,2005/5/9 8:03:49.00,SAT_19884,5.887115651,17.46632962,SAT_24293,1.117463629,72.42240874,SAT_20434,12.62789501,N/A
frame-g-005308-4-0121,1,No match,FALSE,N/A,inf,210.2387265,18.59322807,210.3439619,18.60131965,FOVNotMatch,2005/5/9 8:04:24.00,SAT_19884,5.887115651,17.52195625,SAT_24293,1.117463629,72.36678211,SAT_20434,12.62789501,N/A
frame-g-005308-6-0333,1,No match,FALSE,N/A,inf,242.5776857,12.14002095,242.6443793,12.19720596,FOVNotMatch,2005/5/9 10:10:59.00,SAT_16293,4.53179212,18.75828128,SAT_21589,2.241518977,26.2646219,SAT_12814,4.198483504,36.3162644
frame-g-005308-3-0319,1,Success,TRUE,SAT_20082,0.062683631,240.1536817,11.59981203,240.0793737,11.6808947,,2005/5/9 10:02:38.00,SAT_20082,3.660250459,0.062683631,SAT_22197,4.14481466,4.473305607,SAT_16295,3.221870414,24.23743443
frame-g-005314-5-0011,1,Success,TRUE,SAT_28549,3.817142562,177.9360898,20.2797386,177.8162133,20.49832525,,2005/5/10 7:01:20.00,SAT_28549,4.44104924,3.817142562,SAT_26677,3.794007064,32.96214511,SAT_15098,5.412940696,38.48211593
frame-g-005312-2-0149,1,No match,FALSE,N/A,inf,154.8269925,16.84959481,154.6891228,16.860257,FOVNotMatch,2005/5/10 4:30:41.00,SAT_15832,4.354227254,16.26271503,SAT_01361,0.077072876,26.47217022,SAT_07545,2.988067364,27.06754846
frame-g-005312-1-0046,1,Success,TRUE,SAT_03235,4.570931691,139.2124944,13.15732194,139.1920604,13.38365478,,2005/5/10 3:29:11.00,SAT_03235,1.927184302,4.570931691,SAT_22512,1.336085196,17.62630437,SAT_13603,0.860950915,17.85236492
frame-g-005312-2-0046,1,Success,TRUE,SAT_03235,4.563453053,139.1738848,13.58074779,139.1563576,13.77426317,,2005/5/10 3:29:11.00,SAT_03235,1.927184302,4.563453053,SAT_22512,1.336085196,17.61882573,SAT_13603,0.860950915,17.84488628
frame-g-005312-3-0085,1,Success,TRUE,SAT_21166,0.71545856,144.7769071,15.42919375,144.7813648,15.5441042,,2005/5/10 3:52:28.00,SAT_21166,3.515635231,0.71545856,SAT_15775,2.240728901,12.78559258,SAT_19750,5.51749806,24.94876845
frame-g-005312-3-0086,1,Success,TRUE,SAT_21166,0.713711683,145.0755756,15.37837236,145.0821845,15.54861303,,2005/5/10 3:53:04.00,SAT_21166,3.515635231,0.713711683,SAT_15775,2.240728901,12.7838457,SAT_19750,5.51749806,24.95051533
frame-g-005312-1-0089,1,Success,TRUE,SAT_19750,3.783152137,145.6180126,14.68904739,145.5578807,14.80521834,,2005/5/10 3:54:52.00,SAT_19750,5.51749806,3.783152137,SAT_07828,0.08562166,3.881819983,SAT_08152,4.493072217,7.77340246
frame-g-005312-1-0090,1,Success,TRUE,SAT_19750,3.677174325,145.885896,14.81998211,145.8380043,14.91288373,,2005/5/10 3:55:27.00,SAT_19750,5.51749806,3.677174325,SAT_07828,0.08562166,3.987797795,SAT_08152,4.493072217,7.879380272
frame-g-005314-2-0047,1,No match,FALSE,N/A,inf,183.711832,19.15624254,183.6327336,19.19451234,FOVNotMatch,2005/5/10 7:22:50.00,SAT_26383,3.468702238,13.30644141,SAT_15832,1.941303395,19.25074264,SAT_12857,2.486304564,27.70468971
frame-g-005314-4-0160,1,No match,FALSE,N/A,inf,201.564042,19.23327404,201.5139517,19.38896599,FOVNotMatch,2005/5/10 8:30:18.00,SAT_23265,1.862018403,20.33711741,SAT_26383,2.756870021,51.43384335,SAT_01668,0.215565826,80.26064525
frame-g-005314-5-0161,1,No match,FALSE,N/A,inf,201.7388331,19.63843299,201.7090648,19.73155814,FOVNotMatch,2005/5/10 8:30:54.00,SAT_23265,1.862018403,20.47613033,SAT_26383,2.756870021,51.57285626,SAT_01668,0.215565826,80.39965816
frame-g-005314-2-0244,1,Success,TRUE,SAT_25119,2.343262855,214.5104327,16.85468684,214.5689988,16.88822863,,2005/5/10 9:20:28.00,SAT_25119,0.135405278,2.343262855,SAT_04298,4.748421777,15.82962883,SAT_23511,4.01518188,37.00000959
frame-g-005314-2-0245,1,Success,TRUE,SAT_25119,2.322851522,214.6454361,16.7045071,214.8348085,16.81311602,,2005/5/10 9:21:03.00,SAT_25119,0.135405278,2.322851522,SAT_04298,4.748421777,15.85004017,SAT_23511,4.01518188,36.97959826
frame-g-005314-1-0341,1,No match,FALSE,N/A,inf,229.1596266,13.3422551,229.3256007,13.47111565,FOVNotMatch,2005/5/10 10:18:23.00,SAT_10831,5.399470642,53.1771736,SAT_12693,0.071945828,77.46360757,SAT_03827,2.126900519,78.25564306
frame-g-005323-3-0033,1,No match,FALSE,N/A,inf,233.3215143,16.98118228,233.2882157,17.03295947,FOVNotMatch,2005/5/12 9:29:40.00,SAT_26353,5.677298732,57.46684934,SAT_04251,0.44886717,80.93313653,SAT_04997,14.62743412,N/A
frame-g-005327-3-0064,1,Success,TRUE,SAT_19922,2.822064629,261.7337508,35.7006602,261.6745343,35.78531057,,2005/5/13 10:20:37.00,SAT_19922,0.0990326,2.822064629,SAT_25838,5.592129658,47.45052011,SAT_18302,12.44449901,N/A
frame-g-005327-5-0052,1,No match,FALSE,N/A,inf,261.8900672,37.75468597,261.8930403,37.79035317,FOVNotMatch,2005/5/13 10:13:27.00,SAT_21797,1.320607692,38.56545616,SAT_10370,5.189239565,72.02684577,SAT_28476,3.83586888,72.57758909
frame-g-005327-5-0053,1,No match,FALSE,N/A,inf,262.0314961,37.4979735,262.0458894,37.67657416,FOVNotMatch,2005/5/13 10:14:03.00,SAT_21797,1.320607692,38.44977307,SAT_10370,5.189239565,71.91116267,SAT_28476,3.83586888,72.461906
frame-g-005327-2-0054,1,Success,TRUE,SAT_21797,3.544020762,260.4968349,36.83886476,260.4434268,36.90926719,,2005/5/13 10:14:39.00,SAT_21797,1.320607692,3.544020762,SAT_10370,5.189239565,37.00541037,SAT_28476,3.83586888,37.5561537
frame-g-005327-2-0054,2,No match,FALSE,N/A,inf,260.6048561,36.90060782,260.5434376,37.0301286,FOVNotMatch,2005/5/13 10:14:39.00,SAT_21797,1.320607692,14.04488471,SAT_10370,5.189239565,47.50627432,SAT_28476,3.83586888,48.05701764
frame-g-005323-4-0101,1,Success,TRUE,SAT_22606,0.178784932,243.3423749,13.75446195,243.2918217,13.82719409,,2005/5/12 10:10:17.00,SAT_22606,2.201823022,0.178784932,SAT_25342,1.794744006,11.44214626,SAT_20760,1.073926709,54.33186608
frame-g-005360-4-0135,1,No match,FALSE,N/A,inf,166.2089666,16.69536491,166.1811325,16.61649735,FOVNotMatch,2005/6/1 4:29:56.00,SAT_15223,5.269593153,8.939550183,SAT_21180,3.95238342,45.33253509,SAT_10755,4.021388964,50.57992571
frame-g-005360-3-0136,1,No match,FALSE,N/A,inf,166.3416586,16.2296399,166.4182875,16.44243849,FOVNotMatch,2005/6/1 4:30:32.00,SAT_15223,5.269593153,8.557431096,SAT_21180,3.95238342,45.71465418,SAT_10755,4.021388964,50.9620448
frame-g-005360-2-0263,1,No match,FALSE,N/A,inf,186.216888,16.65723953,186.3293391,16.83877805,FOVNotMatch,2005/6/1 5:46:21.00,SAT_05876,1.254705503,20.28308749,SAT_26231,4.928889902,47.76332123,SAT_02050,4.964055517,56.64484495
frame-g-005360-3-0271,1,No match,FALSE,N/A,inf,187.4679886,17.06531656,187.5499413,17.14865843,FOVNotMatch,2005/6/1 5:51:08.00,SAT_02142,0.765252056,33.03595872,SAT_00011,4.686379789,58.03939765,SAT_20764,2.815376816,60.91675808
frame-g-005360-3-0381,1,No match,FALSE,N/A,inf,204.7332708,16.21898308,204.6038221,16.27104795,FOVNotMatch,2005/6/1 6:56:49.00,SAT_13003,2.200398848,42.48095366,SAT_20028,15.03493106,N/A,SAT_20619,12.27362842,N/A
frame-g-005362-3-0094,1,Success,TRUE,SAT_25850,0.264866924,244.5656742,57.89971715,244.3707197,58.02604602,,2005/6/1 8:04:28.00,SAT_25850,2.186951509,0.264866924,SAT_22741,3.485051335,1.798209939,SAT_23420,2.637596475,2.472063666
frame-g-005362-5-0087,1,Success,TRUE,SAT_10455,2.047231313,244.9458014,59.3076806,244.8351209,59.35210227,,2005/6/1 8:00:17.00,SAT_10455,4.638172836,2.047231313,SAT_24640,4.254546331,3.590274933,SAT_23420,1.972914466,8.484130383
frame-g-005375-1-0045,1,No match,FALSE,N/A,inf,252.3274759,48.9481158,252.1728538,49.01278105,FOVNotMatch,2005/6/4 4:47:20.00,SAT_21196,5.732371369,22.08580383,SAT_06681,0.104528787,58.89999396,SAT_23526,3.309685537,82.45626941
frame-g-005376-2-0074,1,No match,FALSE,N/A,inf,193.5511903,16.91308374,193.3937679,16.70224708,FOVNotMatch,2005/6/4 6:12:20.00,SAT_25980,5.919240071,24.15544825,SAT_19884,3.572960663,31.6968471,SAT_21623,3.05258336,63.88529791
frame-g-005374-1-0056,1,No match,FALSE,N/A,inf,160.7743669,14.98384562,160.7966438,15.06530071,FOVNotMatch,2005/6/4 4:00:30.00,SAT_15271,3.730494809,8.903116665,SAT_16144,5.840897747,36.33586468,SAT_15427,0.068730028,50.99242537
frame-g-005374-6-0059,1,No match,FALSE,N/A,inf,160.9488305,17.18453794,161.0004636,17.34988022,FOVNotMatch,2005/6/4 4:02:18.00,SAT_15271,3.730494809,7.09427821,SAT_16144,5.840897747,38.14470313,SAT_15427,0.068730028,52.80126383
frame-g-005374-6-0060,1,No match,FALSE,N/A,inf,161.2380654,17.15202387,161.2700233,17.25379819,FOVNotMatch,2005/6/4 4:02:53.00,SAT_15271,3.730494809,7.002009146,SAT_16144,5.840897747,38.2369722,SAT_15427,0.068730028,52.89353289
frame-g-005378-6-0100,1,No match,FALSE,N/A,inf,261.815152,9.599417093,261.6261641,9.545606113,FOVNotMatch,2005/6/4 9:19:39.00,SAT_21634,3.051528845,5.685491526,SAT_28527,5.254885018,13.44947694,SAT_19518,5.507212655,14.52512537
frame-g-005378-6-0101,1,No match,FALSE,N/A,inf,261.8135849,9.390452933,261.9173737,9.420122796,FOVNotMatch,2005/6/4 9:20:15.00,SAT_21634,3.051528845,5.738883266,SAT_28527,5.254885018,13.50286868,SAT_19518,5.507212655,14.47173363
frame-g-005381-6-0043,1,No match,FALSE,N/A,inf,159.9810977,17.03288541,159.9714279,17.22614661,FOVNotMatch,2005/6/5 3:47:15.00,SAT_22183,0.086247379,12.39950983,SAT_12703,1.826490776,24.3052096,SAT_06920,0.839144983,29.01720911
frame-g-005381-6-0044,1,No match,FALSE,N/A,inf,160.2928783,17.03968124,160.2833766,17.24069704,FOVNotMatch,2005/6/5 3:47:51.00,SAT_22183,0.086247379,12.55079123,SAT_12703,1.826490776,24.456491,SAT_06920,0.839144983,29.16849052
frame-g-005381-3-0044,1,No match,FALSE,N/A,inf,160.345003,16.00357563,160.3567644,15.77858199,FOVNotMatch,2005/6/5 3:47:51.00,SAT_22183,0.086247379,12.25883713,SAT_12703,1.826490776,24.1645369,SAT_06920,0.839144983,28.87653642
frame-g-005381-6-0071,1,No match,FALSE,N/A,inf,164.5058759,17.57807751,164.4166842,17.61770374,FOVNotMatch,2005/6/5 4:03:58.00,SAT_16528,2.497511257,9.088382398,SAT_07210,3.878231247,31.96843173,SAT_28452,0.204154808,37.86073429
frame-g-005381-4-0094,1,Success,TRUE,SAT_24720,2.796989385,168.1687737,17.19961679,168.0037518,17.13345775,,2005/6/5 4:17:42.00,SAT_24720,2.762256452,2.796989385,SAT_16295,2.961386482,15.89572929,SAT_03462,1.760117003,22.97104787
frame-g-005381-3-0080,1,No match,FALSE,N/A,inf,165.9955142,16.53395646,165.9437328,16.3831131,FOVNotMatch,2005/6/5 4:09:21.00,SAT_23830,0.85176973,37.15301303,SAT_24720,1.993839803,44.26613282,SAT_08154,4.561306006,49.28584827
frame-g-005381-3-0090,1,No match,FALSE,N/A,inf,167.5942413,16.62506892,167.42126,16.64720943,FOVNotMatch,2005/6/5 4:15:19.00,SAT_16528,3.961843475,10.57052773,SAT_16295,3.64218777,17.76354069,SAT_25163,3.722877386,24.58541703
frame-g-005381-3-0091,1,No match,FALSE,N/A,inf,167.7465411,16.67229791,167.6795408,16.68089256,FOVNotMatch,2005/6/5 4:15:55.00,SAT_16528,3.961843475,10.55224049,SAT_16295,3.64218777,17.78182792,SAT_25163,3.722877386,24.56712979
frame-g-005377-3-0034,1,No match,FALSE,N/A,inf,242.8200779,-2.472452054,242.7954858,-2.352910598,FOVNotMatch,2005/6/4 7:22:43.00,SAT_15824,4.476288826,68.67430293,SAT_15994,5.765115758,69.10565552,SAT_25339,5.732374097,73.38058045
frame-g-005377-3-0035,1,No match,FALSE,N/A,inf,243.0447788,-2.542428945,243.0000114,-2.324132679,FOVNotMatch,2005/6/4 7:23:19.00,SAT_15824,4.476288826,68.70985506,SAT_15994,5.765115758,69.14120765,SAT_25339,5.732374097,73.41613258
frame-g-005377-4-0038,1,No match,FALSE,N/A,inf,243.6561887,-2.451441029,243.6119514,-2.238341084,FOVNotMatch,2005/6/4 7:25:07.00,SAT_15824,4.476288826,68.57112831,SAT_15994,5.765115758,69.0024809,SAT_25339,5.732374097,73.27740582
frame-g-005382-3-0017,1,No match,FALSE,N/A,inf,183.6771549,17.15146005,183.5324413,17.19894969,FOVNotMatch,2005/6/5 5:40:02.00,SAT_02971,0.010766189,38.60176706,SAT_26783,1.250087062,41.89407868,SAT_27004,1.873865276,53.35951511
frame-g-005382-3-0019,1,No match,FALSE,N/A,inf,184.0162127,17.24964306,183.8531614,17.30255118,FOVNotMatch,2005/6/5 5:41:14.00,SAT_02971,0.010766189,38.41390297,SAT_26783,1.250087062,41.70621458,SAT_27004,1.873865276,53.54737921
frame-g-005382-6-0097,1,No match,FALSE,N/A,inf,196.2604641,18.2038484,196.2214927,18.16332963,FOVNotMatch,2005/6/5 6:27:48.00,SAT_26783,4.53057349,29.10013911,SAT_26030,1.96542782,55.23453212,SAT_23229,4.301994312,57.23590103
frame-g-005382-5-0098,1,No match,FALSE,N/A,inf,196.4367058,17.72520157,196.3640536,17.59902727,FOVNotMatch,2005/6/5 6:28:24.00,SAT_26030,1.96542782,41.56615766,SAT_26783,4.53057349,42.76851356,SAT_24296,0.137777543,50.64451486
frame-g-005382-3-0100,1,No match,FALSE,N/A,inf,196.5239707,16.74953856,196.6486155,16.96748855,FOVNotMatch,2005/6/5 6:29:35.00,SAT_26030,1.96542782,41.50678351,SAT_26783,4.53057349,42.82788771,SAT_24296,0.137777543,50.58514071
frame-g-005382-5-0059,1,No match,FALSE,N/A,inf,190.1684167,17.97386303,190.1353949,17.92865437,FOVNotMatch,2005/6/5 6:05:07.00,SAT_26783,3.335081246,34.54985114,SAT_00195,1.614043673,38.70816036,SAT_02971,3.384099821,40.60394476
frame-g-005382-5-0060,1,No match,FALSE,N/A,inf,190.4646107,17.94045722,190.3960858,17.84813172,FOVNotMatch,2005/6/5 6:05:42.00,SAT_26783,3.335081246,34.11042373,SAT_00195,1.614043673,39.14758777,SAT_02971,3.384099821,40.16451735
frame-g-005382-4-0084,1,No match,FALSE,N/A,inf,194.1038967,17.294265,194.0412085,17.3150687,FOVNotMatch,2005/6/5 6:20:02.00,SAT_23229,5.046151856,10.33105453,SAT_26783,4.957118953,38.63401353,SAT_24296,4.791884267,46.20839933
frame-g-005390-1-0026,1,Success,TRUE,SAT_10949,4.649289531,176.8154942,16.40668648,176.8523215,16.50504354,,2005/6/6 3:35:47.00,SAT_10949,3.257568279,4.649289531,SAT_06120,0.123845918,47.46096983,SAT_01863,3.283143044,52.57940402
frame-g-005390-6-0069,1,Success,TRUE,SAT_01863,3.650603882,183.6786603,18.75551486,183.5068283,18.70630366,,2005/6/6 4:01:27.00,SAT_01863,4.531051998,3.650603882,SAT_22177,4.660237496,11.25200167,SAT_19595,4.9514414,22.51603001
frame-g-005395-6-0063,1,Success,TRUE,SAT_19785,2.642861556,177.8380734,20.69419205,177.7788491,20.86321886,,2005/6/7 4:13:29.00,SAT_19785,2.845283417,2.642861556,SAT_23292,4.323369951,12.0557125,SAT_23488,0.060955101,32.40380035
frame-g-005395-6-0064,1,Success,TRUE,SAT_19785,2.497394945,178.1150277,20.82935305,178.0808945,20.92754725,,2005/6/7 4:14:04.00,SAT_19785,2.845283417,2.497394945,SAT_23292,4.323369951,12.20117911,SAT_23488,0.060955101,32.25833374
frame-g-005391-4-0130,1,No match,FALSE,N/A,inf,248.530704,-9.896547815,248.5459944,-10.10242149,FOVNotMatch,2005/6/6 6:47:32.00,SAT_20082,5.380308886,23.50414199,SAT_11896,4.14879921,24.94968736,SAT_25548,0.400719291,68.77770948
frame-g-005391-2-0207,1,No match,FALSE,N/A,inf,257.7439172,-2.762562473,257.622176,-2.783309809,FOVNotMatch,2005/6/6 7:33:31.00,SAT_25845,4.566278925,9.290767203,SAT_26624,3.505181174,9.621744113,SAT_26402,2.569862019,9.695930104
frame-g-005401-3-0028,1,No match,FALSE,N/A,inf,156.5411933,61.68527913,156.1593042,61.68622899,FOVNotMatch,2005/6/8 3:54:47.00,SAT_26486,3.902143977,9.565930569,SAT_24293,5.290848468,16.20541093,SAT_03338,0.898443726,24.93445742
frame-g-005401-3-0029,1,No match,FALSE,N/A,inf,156.7604958,61.81599738,156.5074332,61.81684756,FOVNotMatch,2005/6/8 3:55:23.00,SAT_26486,3.902143977,9.458834953,SAT_24293,5.290848468,16.09831531,SAT_03338,0.898443726,24.82736181
frame-g-005401-5-0060,1,Success,TRUE,SAT_08156,4.874709117,165.720269,64.16511963,165.566128,64.16573772,,2005/6/8 4:13:53.00,SAT_08156,0.217790526,4.874709117,SAT_26486,0.770072283,12.53212388,SAT_21426,5.824844785,14.12635094
frame-g-005396-2-0085,1,No match,FALSE,N/A,inf,248.2574756,-6.471594721,248.2423119,-6.424742226,FOVNotMatch,2005/6/7 5:30:10.00,SAT_12376,5.204218963,31.51349148,SAT_24803,0.930085429,31.8474938,SAT_25115,2.271375423,37.97999815
frame-g-005396-2-0086,1,No match,FALSE,N/A,inf,248.4956081,-6.610589429,248.431432,-6.414733754,FOVNotMatch,2005/6/7 5:30:46.00,SAT_12376,5.204218963,31.71874357,SAT_24803,0.930085429,32.05274589,SAT_25115,2.271375423,37.77474605
frame-g-005403-5-0011,1,No match,FALSE,N/A,inf,255.3428439,45.20191308,255.2550168,45.33531342,FOVNotMatch,2005/6/8 5:11:09.00,SAT_22732,4.337285979,9.333959381,SAT_13897,3.778878552,9.729387238,SAT_20596,5.395101375,52.5857355
frame-g-005408-5-0092,1,No match,FALSE,N/A,inf,164.5234047,59.20601733,164.3835323,59.20544681,FOVNotMatch,2005/6/9 4:04:46.00,SAT_28476,0.137085101,6.746690212,SAT_25030,5.562710961,27.4530131,SAT_24640,4.682647042,36.0758624
frame-g-005402-4-0020,1,No match,FALSE,N/A,inf,184.6445106,5.43800156,184.5610091,5.323312754,FOVNotMatch,2005/6/8 4:38:13.00,SAT_27489,0.114554292,25.66268639,SAT_19122,5.628451094,43.21426493,SAT_20762,5.469278152,55.05601165
frame-g-005402-4-0021,1,No match,FALSE,N/A,inf,184.8753903,5.342634485,184.7818382,5.21364254,FOVNotMatch,2005/6/8 4:38:49.00,SAT_27489,0.114554292,25.76355775,SAT_19122,5.628451094,43.31513629,SAT_20762,5.469278152,55.15688301
frame-g-005408-4-0113,1,No match,FALSE,N/A,inf,170.6158936,59.40551454,170.6568859,59.63889863,FOVNotMatch,2005/6/9 4:17:19.00,SAT_28164,5.639477876,37.3349376,SAT_13797,4.280657883,42.94951263,SAT_08601,5.766066056,43.52624027
frame-g-005408-3-0113,1,No match,FALSE,N/A,inf,170.5811625,59.20124809,170.5740654,59.16104863,FOVNotMatch,2005/6/9 4:17:19.00,SAT_28164,5.639477876,37.25750284,SAT_13797,4.280657883,43.02694738,SAT_08601,5.766066056,43.60367502
frame-g-005408-4-0126,1,Success,TRUE,SAT_12701,0.03385255,174.3214455,59.76468908,174.2285871,59.82029329,,2005/6/9 4:25:04.00,SAT_12701,0.079183037,0.03385255,SAT_09927,3.152958961,4.534099,SAT_12785,4.839474958,7.3762593
frame-g-005408-4-0127,1,Success,TRUE,SAT_12701,0.471556098,174.8507865,59.84645029,174.5772504,60.01252497,,2005/6/9 4:25:40.00,SAT_12701,0.079183037,0.471556098,SAT_09927,3.152958961,5.039507648,SAT_12785,4.839474958,7.881667948
frame-g-005402-3-0028,1,No match,FALSE,N/A,inf,185.8350947,5.017910119,185.7631294,4.872725845,FOVNotMatch,2005/6/8 4:42:59.00,SAT_26675,3.032300637,15.90387873,SAT_00702,3.582544243,33.77358717,SAT_27489,2.194620921,36.83205306
frame-g-005598-3-0030,1,No match,FALSE,N/A,inf,347.0996015,6.768793111,347.1539303,6.947699696,FOVNotMatch,2005/9/12 6:49:01.00,SAT_20284,2.679738689,12.18037961,SAT_27706,4.080211577,31.64114843,SAT_10416,5.998556994,67.02634753
frame-g-005598-5-0028,1,No match,FALSE,N/A,inf,346.7392213,7.546644651,346.8084657,7.774238155,FOVNotMatch,2005/9/12 6:47:49.00,SAT_27706,4.495582943,30.98680721,SAT_18153,3.048765464,31.67016643,SAT_04679,3.057029272,45.94735708
frame-g-005598-4-0029,1,No match,FALSE,N/A,inf,346.9123303,7.133431145,346.9809053,7.360258279,FOVNotMatch,2005/9/12 6:48:25.00,SAT_27706,4.495582943,31.07209517,SAT_18153,3.048765464,31.58487847,SAT_04679,3.057029272,45.86206912
frame-g-005598-3-0042,1,No match,FALSE,N/A,inf,348.8859194,6.789137218,348.9192452,6.934776135,FOVNotMatch,2005/9/12 6:56:11.00,SAT_25485,1.080296559,7.07093531,SAT_11538,1.391195876,30.94886471,SAT_27706,4.871998313,36.41663771
frame-g-005415-1-0089,1,No match,FALSE,N/A,inf,310.5474356,-16.17451697,310.4607453,-16.04541939,FOVNotMatch,2005/6/11 8:11:05.00,SAT_07439,3.326085682,23.95436207,SAT_27660,3.40356688,51.27860838,SAT_15952,3.913245446,52.46206623
frame-g-005415-2-0091,1,No match,FALSE,N/A,inf,310.8413448,-15.98764119,310.8062024,-15.93586554,FOVNotMatch,2005/6/11 8:12:17.00,SAT_07439,3.326085682,24.25416295,SAT_27660,3.40356688,50.97880749,SAT_15237,4.9803251,52.54687643
frame-g-005598-2-0103,1,No match,FALSE,N/A,inf,358.12193,6.670710919,358.0712855,6.83178847,FOVNotMatch,2005/9/12 7:32:36.00,SAT_19230,3.274746474,22.55425584,SAT_27884,1.951776493,76.61319927,SAT_03029,5.047108749,83.91682553
frame-g-005598-5-0106,1,No match,FALSE,N/A,inf,358.6532552,7.874453275,358.5832076,8.097389052,FOVNotMatch,2005/9/12 7:34:24.00,SAT_19230,3.274746474,22.49826069,SAT_27884,1.951776493,76.66919442,SAT_03029,5.047108749,83.97282068
frame-g-005598-4-0139,1,No match,FALSE,N/A,inf,3.523683785,7.497558672,3.563036764,7.721923487,FOVNotMatch,2005/9/12 7:54:06.00,SAT_09570,2.575223301,69.00954428,SAT_03029,4.917536459,69.6338399,SAT_27575,5.376855685,79.42116478
frame-g-005598-4-0174,1,No match,FALSE,N/A,inf,8.942015871,7.681332868,8.831778468,7.708071371,FOVNotMatch,2005/9/12 8:15:00.00,SAT_26389,5.118738954,12.80342255,SAT_02201,4.983702195,22.60777733,SAT_03029,3.979059987,23.48601521
frame-g-005598-2-0198,1,No match,FALSE,N/A,inf,12.45736302,6.701958849,12.38874398,6.75662914,FOVNotMatch,2005/9/12 8:29:19.00,SAT_26389,3.779888841,9.70966848,SAT_18600,4.025229471,32.63002182,SAT_01000,4.458830552,36.59749988
frame-g-005636-2-0113,1,No match,FALSE,N/A,inf,358.6865606,6.983623344,358.6736351,7.049531642,FOVNotMatch,2005/9/25 5:19:03.00,SAT_15808,3.030134008,27.17560335,SAT_21918,0.253959848,70.09693529,SAT_23968,3.210587555,70.5054238
frame-g-005636-2-0113,2,No match,FALSE,N/A,inf,358.7655907,6.950285785,358.6415868,6.986404696,FOVNotMatch,2005/9/25 5:19:03.00,SAT_21918,0.253959848,7.465332402,SAT_05876,0.388120385,9.367770228,SAT_23968,3.210587555,46.86297331
frame-g-005655-3-0195,1,Success,TRUE,SAT_01833,4.396724178,335.7783939,6.21373631,335.6503429,6.232252558,,2005/9/28 5:09:02.00,SAT_01833,1.415543121,4.396724178,SAT_24866,0.634344787,52.10879215,SAT_12818,3.115728994,59.34100095
frame-g-005655-3-0196,1,Success,TRUE,SAT_01833,4.536922089,335.9632966,6.249657027,335.8556338,6.265491618,,2005/9/28 5:09:38.00,SAT_01833,1.415543121,4.536922089,SAT_24866,0.634344787,51.96859424,SAT_12818,3.115728994,59.20080304
frame-g-005711-1-0051,1,No match,FALSE,N/A,inf,25.97416088,6.141635238,25.81352027,6.188485296,FOVNotMatch,2005/10/11 9:27:25.00,SAT_02215,5.201498141,16.00841404,SAT_03432,3.083873203,23.15211662,SAT_03431,2.597455098,24.70163277
frame-g-005657-1-0065,1,No match,FALSE,N/A,inf,33.6401537,2.380401564,33.46173363,2.433165303,FOVNotMatch,2005/9/28 8:18:48.00,SAT_03029,5.763269385,23.18683399,SAT_04250,5.385017871,26.2115234,SAT_05587,3.655780814,28.14293661
frame-g-005657-2-0074,1,No match,FALSE,N/A,inf,33.24182927,3.846626658,33.08670705,3.883219266,FOVNotMatch,2005/9/28 8:24:10.00,SAT_01857,2.971147833,9.33349616,SAT_03029,5.530807123,19.73026917,SAT_04250,5.208386644,22.77041234
frame-g-005714-2-0068,1,Success,TRUE,SAT_14135,3.305605576,29.27219864,6.328104929,29.16929954,6.390491869,,2005/10/12 9:30:31.00,SAT_14135,3.793315822,3.305605576,SAT_14590,5.883718861,37.22307284,SAT_02863,2.349985361,37.25625933
frame-g-005714-2-0069,1,Success,TRUE,SAT_14135,3.254725096,29.4833518,6.366316941,29.36976281,6.435042045,,2005/10/12 9:31:07.00,SAT_14135,3.793315822,3.254725096,SAT_02863,2.349985361,37.20537885,SAT_14590,5.883718861,37.27395332
frame-g-005714-4-0089,1,No match,FALSE,N/A,inf,32.53439729,6.912268927,32.37224793,6.951231795,FOVNotMatch,2005/10/12 9:43:03.00,SAT_14135,4.480610622,15.600602,SAT_03432,5.458488991,18.80950271,SAT_02863,1.334692078,19.00179118
frame-g-005714-2-0251,1,No match,FALSE,N/A,inf,56.70568133,4.033758109,56.75451165,4.100093024,FOVNotMatch,2005/10/12 11:19:47.00,SAT_13954,4.398250383,41.53989412,SAT_14951,0.328800706,42.40819882,SAT_14050,2.647422438,42.61847387
frame-g-005714-4-0221,1,Success,TRUE,SAT_13012,1.779693071,52.35581911,5.407937227,52.32751267,5.537407119,,2005/10/12 11:01:52.00,SAT_13012,5.562468917,1.779693071,SAT_13761,5.555838228,14.79685404,SAT_02863,4.406304983,78.64501867
frame-g-005714-4-0268,1,No match,FALSE,N/A,inf,59.38843812,4.741271105,59.22976728,4.768124805,FOVNotMatch,2005/10/12 11:29:56.00,SAT_02863,5.453784446,8.945961683,SAT_10229,2.867142058,9.098053225,SAT_03431,4.714911328,11.62714977
frame-g-005815-4-0062,1,No match,FALSE,N/A,inf,131.6044015,14.11976439,131.5858587,14.08957393,FOVNotMatch,2005/11/3 11:30:38.00,SAT_28243,4.073520934,30.92407091,SAT_16339,5.423014172,62.09700317,SAT_08774,5.992018438,63.76118116
frame-g-005817-5-0328,1,Success,TRUE,SAT_00162,0.638665793,59.11998045,51.80666843,58.96646758,51.8432552,,2005/11/4 11:44:12.00,SAT_00162,0.183840481,0.638665793,SAT_27743,1.151641662,8.782083774,SAT_03133,0.580886009,31.93706163
frame-g-005803-6-0023,1,Success,TRUE,SAT_26377,2.329260383,117.8087173,8.983906798,117.6692827,8.881194293,,2005/11/1 9:58:46.00,SAT_26377,4.959669619,2.329260383,SAT_20011,3.710550474,4.184894609,SAT_15993,4.799036751,32.22659497
frame-g-005803-5-0030,1,No match,FALSE,N/A,inf,118.7877815,8.879612455,118.9275468,8.982446524,FOVNotMatch,2005/11/1 10:02:57.00,SAT_06843,3.827080237,7.367760632,SAT_22112,5.866559949,31.70381081,SAT_15825,5.971676134,32.01923264
frame-g-005803-5-0031,1,No match,FALSE,N/A,inf,119.0868491,8.981487935,118.9471492,8.879082989,FOVNotMatch,2005/11/1 10:03:33.00,SAT_06843,3.827080237,7.469688673,SAT_22112,5.866559949,31.60188276,SAT_15825,5.971676134,31.9173046
frame-g-005803-5-0032,1,No match,FALSE,N/A,inf,119.2468168,8.980896482,119.1708424,8.925136445,FOVNotMatch,2005/11/1 10:04:08.00,SAT_06843,3.827080237,7.43448979,SAT_22112,5.866559949,31.63708165,SAT_15825,5.971676134,31.95250348
frame-g-005815-6-0132,1,Success,TRUE,SAT_20959,4.421321606,141.9069555,17.91618333,141.7643529,18.1121769,,2005/11/3 12:12:26.00,SAT_20959,5.09245877,4.421321606,SAT_07780,4.642361473,10.87089123,SAT_23396,2.570318757,14.20956271
frame-g-005849-2-0130,1,No match,FALSE,N/A,inf,135.9319305,12.76128098,135.8318181,12.83726285,FOVNotMatch,2005/11/10 11:30:09.00,SAT_20837,5.237092918,28.6756951,SAT_08330,4.578427297,30.8569409,SAT_14333,3.657189677,31.7852476
frame-g-005849-2-0115,1,No match,FALSE,N/A,inf,133.6755142,12.16114039,133.6359765,12.38334679,FOVNotMatch,2005/11/10 11:21:12.00,SAT_14680,4.76299896,10.63600136,SAT_18290,5.58176467,43.25186261,SAT_12003,5.989905624,69.81565778
frame-g-005849-3-0115,1,No match,FALSE,N/A,inf,133.601339,12.57673511,133.5615745,12.7986634,FOVNotMatch,2005/11/10 11:21:12.00,SAT_14680,4.76299896,10.68802575,SAT_18290,5.58176467,43.30388701,SAT_12003,5.989905624,69.76363339
frame-g-005849-2-0062,1,No match,FALSE,N/A,inf,125.8639052,9.974033315,126.0036342,10.07990636,FOVNotMatch,2005/11/10 10:49:33.00,SAT_15993,5.954093733,33.86307518,SAT_19215,4.300340666,34.34346843,SAT_14133,5.005541442,35.86472354
frame-g-005849-3-0053,1,No match,FALSE,N/A,inf,124.5449697,10.16319374,124.4053263,10.05658871,FOVNotMatch,2005/11/10 10:44:11.00,SAT_15993,5.994195166,33.84081673,SAT_19215,4.384088278,34.30997954,SAT_14133,5.09928299,35.81718235
frame-g-005849-3-0056,1,No match,FALSE,N/A,inf,125.0312926,10.13659601,124.9625495,10.08420069,FOVNotMatch,2005/11/10 10:45:58.00,SAT_15993,5.994195166,33.79657382,SAT_19215,4.384088278,34.26573664,SAT_14133,5.09928299,35.77293944
frame-g-005934-2-0033,1,No match,FALSE,N/A,inf,33.85955794,15.81604152,33.6900797,15.86625837,FOVNotMatch,2005/12/6 6:44:10.00,SAT_11788,2.534706768,77.60290459,SAT_15350,5.310740411,83.88603203,SAT_18416,12.76888252,N/A
frame-g-005867-3-0234,1,No match,FALSE,N/A,inf,152.2080332,14.63462352,152.1928051,14.85984491,FOVNotMatch,2005/11/12 12:14:52.00,SAT_17026,5.785787383,7.00365043,SAT_23587,4.63828592,15.98799032,SAT_15741,1.44092546,22.773585
frame-g-005867-3-0234,2,No match,FALSE,N/A,inf,152.1067357,14.77553648,152.1984844,14.86066548,FOVNotMatch,2005/11/12 12:14:52.00,SAT_11876,0.121994495,17.77802992,SAT_15741,1.44092546,27.14347254,SAT_23587,4.63828592,33.92906723
frame-g-005867-5-0217,1,No match,FALSE,N/A,inf,149.3890066,15.01895509,149.4678765,15.26053005,FOVNotMatch,2005/11/12 12:04:43.00,SAT_00005,4.287731251,60.53379508,SAT_25360,3.746816767,70.96072163,SAT_00022,0.077842176,71.50971677
frame-g-005933-4-0098,1,No match,FALSE,N/A,inf,32.25010214,-8.504370931,32.18286632,-8.469728038,FOVNotMatch,2005/12/6 6:05:15.00,SAT_23950,5.100534421,25.94355795,SAT_28790,2.764790041,27.56995274,SAT_25913,3.033834309,27.57070326
frame-g-005972-4-0165,1,No match,FALSE,N/A,inf,140.0585803,12.57928158,140.044344,12.80562808,FOVNotMatch,2006/1/6 9:55:57.00,SAT_19753,3.768031365,16.84687171,SAT_15260,0.072568485,17.54741675,SAT_19754,3.237101001,17.96535762
frame-g-005972-4-0153,1,No match,FALSE,N/A,inf,138.2681111,12.19349029,138.2499775,12.41945486,FOVNotMatch,2006/1/6 9:48:47.00,SAT_19753,0.07889696,16.47915984,SAT_15260,3.45607824,17.34523159,SAT_19754,5.676835664,17.8657017
frame-g-005973-1-0039,1,No match,FALSE,N/A,inf,174.6915201,-5.416023285,174.636848,-5.329489832,FOVNotMatch,2006/1/6 11:26:26.00,SAT_16445,3.362795051,15.04255755,SAT_27684,5.311291327,39.16669376,SAT_20089,4.826226389,41.09351472
frame-g-005973-3-0024,1,Success,TRUE,SAT_04998,0.048688967,172.9916728,-7.007801422,172.9231258,-6.82088549,,2006/1/6 11:17:27.00,SAT_04998,2.623699924,0.048688967,SAT_13618,0.155272551,15.351936,SAT_12445,5.681147225,45.34794861
frame-g-005973-2-0026,1,Success,TRUE,SAT_04998,0.444995621,173.4636026,-6.963808265,173.375337,-6.728171507,,2006/1/6 11:18:40.00,SAT_04998,2.623699924,0.444995621,SAT_13618,0.155272551,15.74824265,SAT_12445,5.681147225,44.95164196
frame-g-005973-6-0016,1,Success,TRUE,SAT_08175,3.478008261,171.2123033,-7.431029756,171.1684961,-7.306668377,,2006/1/6 11:12:41.00,SAT_08175,2.442107609,3.478008261,SAT_27684,4.748651368,53.05382208,SAT_05587,3.356424238,55.21736777
frame-g-005973-5-0018,1,Success,TRUE,SAT_08175,3.316495927,171.6541975,-7.321994031,171.6278766,-7.247930544,,2006/1/6 11:13:53.00,SAT_08175,2.442107609,3.316495927,SAT_27684,4.748651368,52.89230975,SAT_05587,3.356424238,55.05585543
frame-g-005973-4-0021,1,Success,TRUE,SAT_08175,2.878461083,172.3328828,-7.195714388,172.2579593,-6.989834079,,2006/1/6 11:15:41.00,SAT_08175,2.442107609,2.878461083,SAT_27684,4.748651368,52.4542749,SAT_05587,3.356424238,54.61782059
frame-g-005976-4-0240,1,No match,FALSE,N/A,inf,179.9960592,7.201986169,179.8751385,7.136618735,FOVNotMatch,2006/1/7 12:39:32.00,SAT_22927,5.951768385,32.55857634,SAT_15826,5.066050928,33.0062546,SAT_18946,0.700721749,38.0322764
frame-g-005976-6-0244,1,No match,FALSE,N/A,inf,179.6461264,8.079649791,179.5521763,7.945175764,FOVNotMatch,2006/1/7 12:41:55.00,SAT_18946,0.700721749,11.29219377,SAT_00608,0.087286327,38.2479763,SAT_09880,4.544718841,52.38439595
frame-g-005976-5-0233,1,No match,FALSE,N/A,inf,179.2008245,6.413373301,179.0962907,6.313262368,FOVNotMatch,2006/1/7 12:35:21.00,SAT_18946,3.298146467,22.8404069,SAT_18115,0.063007069,31.45534217,SAT_11168,1.64189733,47.11904167
frame-g-005976-5-0234,1,No match,FALSE,N/A,inf,179.2527115,6.584397063,179.1733138,6.508401848,FOVNotMatch,2006/1/7 12:35:57.00,SAT_18946,3.298146467,22.84628233,SAT_18115,0.063007069,31.4612176,SAT_11168,1.64189733,47.1249171
frame-g-005976-4-0239,1,No match,FALSE,N/A,inf,179.8348953,6.932679634,179.9163124,6.976771422,FOVNotMatch,2006/1/7 12:38:56.00,SAT_22927,5.219601151,32.45319495,SAT_15826,4.587001865,32.88325961,SAT_18946,3.298146467,38.16368074
frame-g-005976-5-0169,1,No match,FALSE,N/A,inf,174.4513328,-2.071258049,174.3582599,-1.923878701,FOVNotMatch,2006/1/7 11:57:08.00,SAT_10001,3.088569526,40.16572462,SAT_10143,3.998184213,41.69427768,SAT_13092,1.819497832,41.86050489
frame-g-005976-6-0207,1,No match,FALSE,N/A,inf,176.794756,3.133207432,176.7281164,3.221316485,FOVNotMatch,2006/1/7 12:19:50.00,SAT_18095,0.237032521,8.183222967,SAT_10001,4.296198176,34.99967324,SAT_00602,3.830930911,35.21301253
frame-g-005976-6-0208,1,No match,FALSE,N/A,inf,177.0218981,3.286980295,176.9199551,3.421526614,FOVNotMatch,2006/1/7 12:20:26.00,SAT_18095,0.237032521,8.227497561,SAT_10001,4.296198176,34.95539865,SAT_00602,3.830930911,35.25728712
frame-g-006005-2-0047,1,No match,FALSE,N/A,inf,191.5484234,-17.48321266,191.4037164,-17.512324,FOVNotMatch,2006/1/31 10:39:04.00,SAT_25024,5.300408409,9.453529542,SAT_22032,5.720768148,9.944846071,SAT_03692,4.251951777,21.66742025
frame-g-006005-4-0212,1,No match,FALSE,N/A,inf,191.8675393,7.341720836,191.6383849,7.272823226,FOVNotMatch,2006/1/31 12:17:35.00,SAT_22177,1.357664334,31.49761791,SAT_28514,0.643811312,53.09133001,SAT_26193,0.191188069,69.23852069
frame-g-006005-5-0125,1,Success,TRUE,SAT_11261,0.607672349,190.8428482,-5.763603516,190.6209637,-5.716695898,,2006/1/31 11:25:38.00,SAT_11261,5.602762587,0.607672349,SAT_14050,5.190871291,0.708180446,SAT_01722,0.909383523,1.196238644
frame-g-006005-1-0162,1,Success,TRUE,SAT_21444,3.000412084,192.7805143,-0.18207481,192.7477196,-0.311178946,,2006/1/31 11:47:44.00,SAT_21444,5.993194436,3.000412084,SAT_23441,0.080273069,24.33886683,SAT_21199,5.342476066,34.1977603
frame-g-006005-2-0178,1,Success,TRUE,SAT_01099,2.977123469,192.3037267,2.144306046,192.3173356,2.072862677,,2006/1/31 11:57:17.00,SAT_01099,4.167565213,2.977123469,SAT_11573,3.106512065,14.77542226,SAT_21640,2.587204028,43.24646863
frame-g-006074-4-0045,1,No match,FALSE,N/A,inf,63.36595732,81.4798855,63.49559494,81.68045991,FOVNotMatch,2006/3/25 4:01:04.00,SAT_16594,3.726469318,52.60741443,SAT_02847,3.200854615,58.74808228,SAT_01570,0.335150466,70.18877528
frame-g-006005-4-0126,1,Success,TRUE,SAT_11261,0.843902459,191.2742921,-5.551308477,191.0540372,-5.505306931,,2006/1/31 11:26:14.00,SAT_11261,5.129820501,0.843902459,SAT_14050,4.24430486,0.928472787,SAT_16250,5.104950896,1.719511788
frame-g-006005-4-0126,2,No match,FALSE,N/A,inf,191.0884045,-5.652676191,191.0634352,-5.623891523,FOVNotMatch,2006/1/31 11:26:14.00,SAT_14532,4.057564326,34.37318717,SAT_15963,4.128133577,35.14907108,SAT_22266,3.19279817,35.17477429
frame-g-006005-3-0126,1,Success,TRUE,SAT_11261,1.018289183,191.6932236,-5.637508108,191.4707144,-5.59174578,,2006/1/31 11:26:14.00,SAT_11261,5.129820501,1.018289183,SAT_14050,4.24430486,1.10285951,SAT_15384,4.750618506,1.689104508
frame-g-006075-2-0019,1,Success,TRUE,SAT_02757,0.268269369,88.71386976,82.62204596,89.41884192,82.66699739,,2006/3/25 4:49:26.00,SAT_02757,2.85410726,0.268269369,SAT_18600,1.453139015,2.917003307,SAT_06139,0.144322288,6.653458568
frame-g-006103-2-0047,1,No match,FALSE,N/A,inf,144.5275137,81.15073349,144.9108631,81.15466595,FOVNotMatch,2006/4/21 5:28:45.00,SAT_10491,3.902270814,15.91093725,SAT_01618,5.182653963,20.48362188,SAT_07044,0.115007673,27.59001546
frame-g-006103-2-0172,1,No match,FALSE,N/A,inf,180.5665941,64.7005433,180.7355383,64.69140308,FOVNotMatch,2006/4/21 6:43:24.00,SAT_23420,1.800105185,15.7279518,SAT_21426,1.558651076,25.37181387,SAT_04774,0.821359524,31.4905765
frame-g-006103-5-0158,1,No match,FALSE,N/A,inf,182.1328584,67.03224647,182.1718832,67.06653738,FOVNotMatch,2006/4/21 6:35:02.00,SAT_26994,4.047387556,8.910589436,SAT_26376,5.248280817,19.59995724,SAT_10925,5.654430548,51.74750809
frame-g-006118-4-0113,1,No match,FALSE,N/A,inf,176.0322305,72.99550331,176.2298978,73.19125018,FOVNotMatch,2006/4/30 6:01:52.00,SAT_25803,5.539640388,42.06936604,SAT_22258,5.318099516,63.55120064,SAT_04946,1.317139416,67.27280054
frame-g-006073-6-0065,1,No match,FALSE,N/A,inf,84.76443135,-5.601673119,84.82475625,-5.517047923,FOVNotMatch,2006/3/25 3:17:19.00,SAT_26915,3.987369921,16.43094866,SAT_27036,3.761542614,45.53451247,SAT_19106,3.304098927,46.03877059
frame-g-006073-3-0071,1,Success,TRUE,SAT_26915,4.777584534,83.47525868,-6.533323831,83.52726176,-6.41562506,,2006/3/25 3:20:54.00,SAT_26915,3.987369921,4.777584534,SAT_12857,0.875212817,51.23902779,SAT_12165,4.343592517,53.06523453
frame-g-006121-1-0041,1,No match,FALSE,N/A,inf,191.6437933,-18.15295716,191.6225519,-18.08730567,FOVNotMatch,2006/5/1 6:00:53.00,SAT_21305,2.023274938,6.065106094,SAT_20028,3.413361077,38.08713956,SAT_23512,5.846788636,38.53654507
frame-g-006122-2-0017,1,Success,TRUE,SAT_08951,4.433921972,227.108132,56.39985483,226.7793432,56.54375842,,2006/5/1 8:04:20.00,SAT_08951,2.324576316,4.433921972,SAT_23625,5.262779423,5.512502109,SAT_23734,2.460181953,8.970528677
frame-g-006122-3-0018,1,No match,FALSE,N/A,inf,226.8607623,56.92528059,226.6022398,56.89022628,FOVNotMatch,2006/5/1 8:04:55.00,SAT_26407,5.272848109,12.01680603,SAT_20028,4.98415611,36.18172728,SAT_23044,3.385295493,37.88321413
frame-g-006122-3-0018,2,Success,TRUE,SAT_08951,4.197159476,226.9253668,56.8494192,226.896545,56.86201238,,2006/5/1 8:04:55.00,SAT_08951,2.324576316,4.197159476,SAT_23625,5.262779423,5.275739614,SAT_23734,2.460181953,8.733766182
frame-g-006122-3-0074,1,Success,TRUE,SAT_17328,0.750532089,240.9148135,61.30171919,240.5320257,61.30960692,,2006/5/1 8:38:22.00,SAT_17328,5.480542405,0.750532089,SAT_18946,5.073735301,11.85297709,SAT_21231,4.77491175,28.72520447
frame-g-006122-2-0075,1,Success,TRUE,SAT_17328,4.367278507,241.5499795,60.99076321,241.184516,60.98717649,,2006/5/1 8:38:58.00,SAT_17328,5.480542405,4.367278507,SAT_18946,5.073735301,8.236230675,SAT_21231,4.77491175,32.34195089
frame-g-006122-3-0075,1,Success,TRUE,SAT_17328,0.49472941,241.1304618,61.43529167,240.9459888,61.43947153,,2006/5/1 8:38:58.00,SAT_17328,5.480542405,0.49472941,SAT_18946,5.073735301,12.10877977,SAT_21231,4.77491175,28.46940179
frame-g-006122-2-0076,1,Success,TRUE,SAT_17328,4.064590447,241.7783685,61.11122401,241.5425453,61.10952053,,2006/5/1 8:39:33.00,SAT_17328,5.480542405,4.064590447,SAT_18946,5.073735301,8.538918735,SAT_21231,4.77491175,32.03926283
frame-g-006121-4-0115,1,No match,FALSE,N/A,inf,190.9310474,-7.013696496,190.7743552,-7.045830708,FOVNotMatch,2006/5/1 6:45:03.00,SAT_22797,1.503198812,5.839081793,SAT_28252,4.697225225,11.64369014,SAT_25922,2.634176832,11.67678444
frame-g-006121-2-0129,1,Success,TRUE,SAT_19176,4.360877736,191.9399263,-4.995913878,191.9117414,-4.917881829,,2006/5/1 6:53:25.00,SAT_19176,0.87750748,4.360877736,SAT_18802,1.909620164,5.725360843,SAT_03123,2.615552234,6.90029251
frame-g-006121-6-0116,1,Success,TRUE,SAT_22797,1.161561399,190.1657004,-6.818193182,189.938454,-6.844066811,,2006/5/1 6:45:39.00,SAT_22797,2.76969981,1.161561399,SAT_08134,5.575442699,2.030878478,SAT_28252,3.785322903,6.51170218
frame-g-006122-1-0101,1,Success,TRUE,SAT_17328,4.012841982,249.4004988,61.84984914,249.2020372,61.86858034,,2006/5/1 8:54:29.00,SAT_17328,5.442984884,4.012841982,SAT_18946,4.444683956,16.58972012,SAT_21900,4.263245463,17.68311257
frame-g-006122-5-0102,1,Success,TRUE,SAT_28915,0.133453796,248.4135865,63.68749496,248.2898669,63.65223584,,2006/5/1 8:55:05.00,SAT_28915,4.139061314,0.133453796,SAT_11896,3.482213041,11.47564143,SAT_25379,3.239612718,11.69591048
frame-g-006122-5-0103,1,Success,TRUE,SAT_28915,0.677760171,248.9522854,63.75103229,248.6446042,63.66528216,,2006/5/1 8:55:41.00,SAT_28915,4.139061314,0.677760171,SAT_11896,3.482213041,12.01994781,SAT_25379,3.239612718,12.24021686
frame-g-006161-2-0057,1,No match,FALSE,N/A,inf,253.8035296,39.84654879,254.1142018,39.88192644,FOVNotMatch,2006/5/24 4:40:37.00,SAT_14670,4.279927426,8.839898539,SAT_12627,5.08490065,28.4215215,SAT_20552,0.021912817,37.10472406
frame-g-006162-3-0154,1,Success,TRUE,SAT_18701,0.886371975,265.0927776,64.24169236,265.2681586,64.29448425,,2006/5/24 7:16:18.00,SAT_18701,4.347605818,0.886371975,SAT_27617,3.63111895,0.960031651,SAT_20028,4.853989932,2.771072047
frame-g-006162-3-0155,1,Success,TRUE,SAT_18701,0.418694895,265.7322977,64.24252612,265.8111829,64.26587169,,2006/5/24 7:16:54.00,SAT_18701,4.347605818,0.418694895,SAT_27617,3.63111895,1.42770873,SAT_20028,4.853989932,3.238749127
frame-g-006166-2-0048,1,No match,FALSE,N/A,inf,201.5711268,8.129877906,201.6646396,7.997157307,FOVNotMatch,2006/5/25 3:53:39.00,SAT_16449,0.019136668,19.66501006,SAT_21442,3.850484071,21.31383117,SAT_28918,12.11517812,N/A
frame-g-006166-6-0060,1,No match,FALSE,N/A,inf,203.9076033,7.199270328,203.9767144,7.10975998,FOVNotMatch,2006/5/25 4:00:49.00,SAT_25398,0.147788371,5.883640681,SAT_08311,2.307859851,17.94524358,SAT_14176,3.407362465,24.55391757
frame-g-006166-6-0061,1,No match,FALSE,N/A,inf,204.0119074,6.949225247,204.0388398,6.914572818,FOVNotMatch,2006/5/25 4:01:25.00,SAT_25398,0.147788371,6.079688076,SAT_08311,2.307859851,18.14129098,SAT_14176,3.407362465,24.74996496
frame-g-006166-4-0070,1,No match,FALSE,N/A,inf,203.753706,5.451040582,203.8029771,5.433035925,FOVNotMatch,2006/5/25 4:06:48.00,SAT_16650,4.743388069,13.28274575,SAT_15677,5.684033306,13.39634038,SAT_23671,5.968932551,15.33383475
frame-g-006166-5-0229,1,No match,FALSE,N/A,inf,213.9115511,-16.25749611,214.0477877,-16.06366219,FOVNotMatch,2006/5/25 5:41:44.00,SAT_21336,0.179190053,19.42169153,SAT_28558,4.44726366,21.96312008,SAT_27542,5.98140848,25.1234723
frame-g-006166-6-0195,1,Success,TRUE,SAT_12328,1.980159084,212.022586,-11.35860354,212.0398765,-11.31229924,,2006/5/25 5:21:26.00,SAT_12328,2.896416022,1.980159084,SAT_19038,2.976161288,3.008427989,SAT_13160,0.764581506,3.930549543
frame-g-006166-6-0196,1,Success,TRUE,SAT_12328,1.91920648,212.1601292,-11.60198196,212.2403343,-11.38660246,,2006/5/25 5:22:01.00,SAT_12328,2.896416022,1.91920648,SAT_19038,2.976161288,3.069380593,SAT_13160,0.764581506,3.869596939
frame-g-006174-5-0102,1,No match,FALSE,N/A,inf,206.5117517,0.33704793,206.5317165,0.364057711,FOVNotMatch,2006/5/26 4:34:30.00,SAT_16398,4.292159357,16.34517925,SAT_14595,4.547969335,16.446715,SAT_20330,2.966706126,20.14158457
frame-g-006174-5-0105,1,No match,FALSE,N/A,inf,206.7017052,-0.091644147,206.8328998,0.007233503,FOVNotMatch,2006/5/26 4:36:17.00,SAT_08746,0.519275466,26.2481734,SAT_08747,2.341732479,26.52550566,SAT_13901,4.752593589,28.68605317
frame-g-006174-5-0106,1,No match,FALSE,N/A,inf,206.9072143,-0.30187757,206.9563554,-0.264741082,FOVNotMatch,2006/5/26 4:36:53.00,SAT_08746,0.519275466,26.32294793,SAT_08747,2.341732479,26.60028018,SAT_13901,4.752593589,28.7608277
frame-g-006177-5-0273,1,Success,TRUE,SAT_27878,2.821518747,322.9382939,18.79890251,322.9716966,18.78863365,,2006/5/27 9:17:50.00,SAT_27878,4.258374545,2.821518747,SAT_25650,0.156698746,43.69758466,SAT_19796,4.123910745,86.20442494
frame-g-006177-5-0274,1,Success,TRUE,SAT_27878,2.84597598,323.0093578,18.6497987,323.1886521,18.59470324,,2006/5/27 9:18:26.00,SAT_27878,4.258374545,2.84597598,SAT_25650,0.156698746,43.72204189,SAT_19796,4.123910745,86.1799677
frame-g-006177-5-0275,1,Success,TRUE,SAT_27878,2.744674429,323.1895122,18.46705611,323.2595422,18.44538573,,2006/5/27 9:19:01.00,SAT_27878,4.258374545,2.744674429,SAT_25650,0.156698746,43.62074034,SAT_19796,4.123910745,86.28126926
frame-g-006174-4-0122,1,No match,FALSE,N/A,inf,207.3569577,-2.602150478,207.4756162,-2.490665546,FOVNotMatch,2006/5/26 4:46:26.00,SAT_26899,4.420461386,23.52870438,SAT_20044,5.906706598,26.01322627,SAT_20025,5.78633128,26.21987209
frame-g-006174-3-0122,1,No match,FALSE,N/A,inf,207.1138324,-2.82977429,207.20659,-2.743599607,FOVNotMatch,2006/5/26 4:46:27.00,SAT_26899,4.420461386,23.21263202,SAT_20044,5.906706598,26.32929863,SAT_20025,5.78633128,26.53594446
frame-g-006174-4-0123,1,No match,FALSE,N/A,inf,207.5669982,-2.792908347,207.6522211,-2.71256906,FOVNotMatch,2006/5/26 4:47:02.00,SAT_26899,4.420461386,23.62921991,SAT_20044,5.906706598,25.91271074,SAT_20025,5.78633128,26.11935656
frame-g-006174-5-0123,1,No match,FALSE,N/A,inf,207.8028222,-2.571081714,207.9260153,-2.454921752,FOVNotMatch,2006/5/26 4:47:02.00,SAT_26899,4.420461386,23.63022542,SAT_20044,5.906706598,25.91170523,SAT_20025,5.78633128,26.11835105
frame-g-006174-5-0124,1,No match,FALSE,N/A,inf,208.0175972,-2.756670672,208.0979194,-2.681046126,FOVNotMatch,2006/5/26 4:47:38.00,SAT_26899,4.420461386,23.59256356,SAT_20044,5.906706598,25.94936708,SAT_20025,5.78633128,26.15601291
frame-g-006174-6-0125,1,No match,FALSE,N/A,inf,208.4654825,-2.720805586,208.5426889,-2.647740616,FOVNotMatch,2006/5/26 4:48:14.00,SAT_26899,4.420461386,23.73856577,SAT_20044,5.906706598,25.80336487,SAT_20025,5.78633128,26.0100107
frame-g-006176-5-0054,1,Success,TRUE,SAT_03288,2.552268424,214.6630443,-17.34083243,214.7324109,-17.34410763,,2006/5/27 6:04:05.00,SAT_03288,4.115640921,2.552268424,SAT_11569,4.630749842,6.929743037,SAT_12996,3.219311212,8.79787041
frame-g-006177-2-0289,1,No match,FALSE,N/A,inf,323.8001739,16.12400604,323.9940616,16.2585614,FOVNotMatch,2006/5/27 9:27:23.00,SAT_10885,0.983683151,12.73766446,SAT_21936,1.328781291,27.07556622,SAT_21785,0.099898567,28.72847432
frame-g-006174-5-0240,1,Success,TRUE,SAT_05977,1.275782413,215.2494147,-18.5177187,215.4485358,-18.39288256,,2006/5/26 5:56:54.00,SAT_05977,4.862010529,1.275782413,SAT_22725,5.804086155,27.34430886,SAT_24960,5.970649136,34.93216255
frame-g-006177-3-0332,1,No match,FALSE,N/A,inf,329.2113102,12.0796436,329.1739798,12.18258946,FOVNotMatch,2006/5/27 9:53:03.00,SAT_26629,1.663807182,38.02993985,SAT_18334,0.951792972,44.36423298,SAT_27878,2.923366047,46.73491421
frame-g-006177-5-0348,1,Success,TRUE,SAT_10206,4.032777654,331.3556394,10.99542533,331.5946275,11.05629507,,2006/5/27 10:02:37.00,SAT_10206,4.352644716,4.032777654,SAT_23018,1.201906914,32.26147926,SAT_27878,2.454657867,39.0340513
frame-g-006354-4-0253,1,No match,FALSE,N/A,inf,352.6923518,12.85717372,352.7602084,12.96523695,FOVNotMatch,2006/9/16 6:25:42.00,SAT_25379,2.592050506,54.04869111,SAT_19535,3.519600309,54.14167189,SAT_04902,17.53391221,N/A
frame-g-006366-1-0040,1,No match,FALSE,N/A,inf,341.2286188,30.10803257,341.2024587,30.13864571,FOVNotMatch,2006/9/18 2:31:18.00,SAT_25980,0.022369479,12.95787924,SAT_22238,3.385498045,13.66621793,SAT_26188,5.210048013,35.87851049
frame-g-006366-3-0115,1,No match,FALSE,N/A,inf,347.9167342,20.61354081,347.8835189,20.64197954,FOVNotMatch,2006/9/18 3:16:05.00,SAT_15644,0.694822451,35.82484464,SAT_05042,2.580401624,39.12163546,SAT_21032,1.152986687,57.83954054
frame-g-006371-4-0088,1,No match,FALSE,N/A,inf,355.7605212,6.142024023,355.9435338,6.280573249,FOVNotMatch,2006/9/19 5:56:30.00,SAT_06289,0.873503636,27.10119983,SAT_28447,0.98759906,34.21920306,SAT_28876,3.913505938,38.05210562
frame-g-006361-2-0075,1,No match,FALSE,N/A,inf,3.379705903,-11.34598738,3.452872938,-11.26046037,FOVNotMatch,2006/9/17 7:12:51.00,SAT_10953,4.368473126,34.19087684,SAT_14134,2.157210772,39.21526078,SAT_15158,1.517645552,39.75564438
frame-g-006361-2-0079,1,Success,TRUE,SAT_22927,2.721729186,3.50769451,-11.77048868,3.703324213,-11.74594753,,2006/9/17 7:15:15.00,SAT_22927,2.443469593,2.721729186,SAT_15158,1.517645552,2.949516534,SAT_16276,2.0053092,3.306238647
frame-g-006361-1-0080,1,Success,TRUE,SAT_22927,2.639033101,3.304576113,-12.08138854,3.387881746,-12.07106982,,2006/9/17 7:15:51.00,SAT_22927,2.443469593,2.639033101,SAT_15158,1.517645552,3.032212619,SAT_16276,2.0053092,3.223542562
frame-g-006361-2-0080,1,Success,TRUE,SAT_22927,2.802285066,3.596596354,-12.04520758,3.682977447,-12.0342618,,2006/9/17 7:15:51.00,SAT_22927,2.443469593,2.802285066,SAT_15158,1.517645552,2.868960654,SAT_16276,2.0053092,3.386794527
frame-g-006361-5-0024,1,No match,FALSE,N/A,inf,1.176425646,-3.923595613,1.148420283,-3.770470713,FOVNotMatch,2006/9/17 6:42:24.00,SAT_28923,4.283580203,18.53025414,SAT_16001,4.930442418,53.93986988,SAT_25843,5.623932815,63.77471469
frame-g-006361-6-0082,1,No match,FALSE,N/A,inf,5.329682023,-11.5233583,5.436786688,-11.39727453,FOVNotMatch,2006/9/17 7:17:02.00,SAT_10953,5.099939111,34.3800716,SAT_19483,4.052935125,37.37518951,SAT_14134,1.127044956,39.31057656
frame-g-006361-2-0085,1,No match,FALSE,N/A,inf,3.970402967,-12.59937117,4.081282132,-12.50340263,FOVNotMatch,2006/9/17 7:18:50.00,SAT_10953,5.099939111,25.72254793,SAT_19483,4.052935125,28.71766584,SAT_14134,1.127044956,30.6530529
frame-g-006372-4-0014,1,Success,TRUE,SAT_24778,3.138001143,355.875929,6.397788777,356.096636,6.457049785,,2006/9/19 6:56:12.00,SAT_24778,1.489216366,3.138001143,SAT_03029,4.666141248,4.526994057,SAT_22849,2.069316307,14.39784839
frame-g-006413-1-0059,1,No match,FALSE,N/A,inf,4.209669166,-13.74162507,4.373251446,-13.57546464,FOVNotMatch,2006/9/29 5:20:33.00,SAT_16293,3.072226557,16.07600098,SAT_13624,5.896605601,31.12458378,SAT_21590,4.508133347,34.59949595
frame-g-006372-1-0137,1,Success,TRUE,SAT_28632,2.840397583,2.788693769,-10.72754554,2.859165169,-10.64604096,,2006/9/19 8:09:39.00,SAT_28632,4.370971071,2.840397583,SAT_27518,2.620046545,17.00967786,SAT_16293,3.698355938,21.18678077
frame-g-006372-1-0138,1,Success,TRUE,SAT_28632,2.664816568,2.969888091,-10.94062416,3.034435541,-10.86555973,,2006/9/19 8:10:15.00,SAT_28632,4.370971071,2.664816568,SAT_27518,2.620046545,17.18525887,SAT_16293,3.698355938,21.36236178
frame-g-006413-4-0087,1,No match,FALSE,N/A,inf,7.339913418,-16.82150168,7.522640144,-16.85546551,FOVNotMatch,2006/9/29 5:37:16.00,SAT_28904,3.827296238,6.176139175,SAT_25540,4.089638396,10.20473687,SAT_22624,3.572018175,17.45384151
frame-g-006413-4-0088,1,No match,FALSE,N/A,inf,7.38102946,-17.070103,7.504004959,-17.09269961,FOVNotMatch,2006/9/29 5:37:52.00,SAT_28904,3.827296238,6.067323472,SAT_25540,4.089638396,10.09592117,SAT_22624,3.572018175,17.34502581
frame-g-006413-3-0094,1,No match,FALSE,N/A,inf,7.456832234,-17.9689253,7.650283903,-18.02139121,FOVNotMatch,2006/9/29 5:41:27.00,SAT_07680,5.669276403,6.656654512,SAT_28904,4.753386292,11.01052499,SAT_25540,4.832160343,15.00558346
frame-g-001302-3-0195,1,No match,FALSE,N/A,inf,134.5455546,53.7358002,134.6688811,53.76617538,FOVNotMatch,2000/3/30 7:08:11.00,SAT_25678,3.110463907,8.274278488,SAT_00341,5.892748553,10.79117212,SAT_02685,0.396375582,11.34462433
frame-g-001302-3-0324,1,No match,FALSE,N/A,inf,166.8488174,63.76795793,166.8874901,63.81562268,FOVNotMatch,2000/3/30 8:25:13.00,SAT_17134,3.741021914,17.77214847,SAT_00327,2.731052307,32.59221991,SAT_22309,2.081165228,41.36010362
frame-g-001302-3-0325,1,No match,FALSE,N/A,inf,167.3721754,63.69274433,167.5187297,63.87327915,FOVNotMatch,2000/3/30 8:25:48.00,SAT_17134,3.741021914,17.75681408,SAT_00327,2.731052307,32.57688552,SAT_22309,2.081165228,41.34476923
frame-g-001302-2-0307,1,No match,FALSE,N/A,inf,161.8294729,62.52506229,161.7925749,62.64593057,FOVNotMatch,2000/3/30 8:15:04.00,SAT_15935,2.852014033,14.71597883,SAT_17134,5.108554963,43.44618343,SAT_20767,0.563710671,46.47397445
frame-g-001302-2-0308,1,No match,FALSE,N/A,inf,162.4699208,62.52448396,162.4208438,62.69073552,FOVNotMatch,2000/3/30 8:15:39.00,SAT_15935,2.852014033,14.98251902,SAT_17134,5.108554963,43.17964324,SAT_20767,0.563710671,46.74051463
frame-g-001302-1-0295,1,No match,FALSE,N/A,inf,158.5349594,61.55685205,158.8723938,61.59626891,FOVNotMatch,2000/3/30 8:07:54.00,SAT_07276,3.855815261,9.542093305,SAT_18949,1.673164182,17.67988159,SAT_22309,2.842009102,18.96904348
frame-g-001331-5-0097,1,No match,FALSE,N/A,inf,118.4973516,41.4207814,118.6386582,41.4177722,FOVNotMatch,2000/4/4 4:57:53.00,SAT_20599,0.052020642,64.51758641,SAT_22312,14.75660391,N/A,SAT_22309,16.21869756,N/A
frame-g-001302-1-0357,1,No match,FALSE,N/A,inf,178.2438722,63.82840232,178.3348638,63.81597815,FOVNotMatch,2000/3/30 8:44:55.00,SAT_19904,4.130523915,9.307824059,SAT_15429,1.309761087,10.63234384,SAT_20646,5.044257568,13.75631531
frame-g-001302-5-0430,1,No match,FALSE,N/A,inf,203.7223786,64.46456488,204.1291265,64.48123569,FOVNotMatch,2000/3/30 9:28:30.00,SAT_18946,4.078379685,7.097562884,SAT_07276,5.468778378,11.58044471,SAT_17328,3.379726424,17.50936365
frame-g-001331-3-0266,1,Success,TRUE,SAT_21630,1.567574904,147.6037653,59.21872372,147.8017566,59.13446756,,2000/4/4 6:38:48.00,SAT_21630,4.70405534,1.567574904,SAT_21339,0.7759396,1.922931078,SAT_21401,4.940043636,10.75244404
frame-g-001332-3-0013,1,No match,FALSE,N/A,inf,147.470082,59.01966251,147.3984476,59.06159746,FOVNotMatch,2000/4/4 7:10:30.00,SAT_13302,4.73052429,5.476878073,SAT_03341,0.670418198,8.221967748,SAT_25805,4.012920908,42.78064742
frame-g-001345-3-0044,1,No match,FALSE,N/A,inf,116.1050686,37.5629253,116.2502972,37.58458219,FOVNotMatch,2000/4/5 3:11:36.00,SAT_25818,4.034439083,49.25317573,SAT_09985,2.391469673,58.66801547,SAT_21733,0.076662051,79.97426693
frame-g-001339-2-0046,1,Success,TRUE,SAT_12156,3.029117127,255.7775162,59.51974177,255.9779561,59.44325754,,2000/4/4 10:51:11.00,SAT_12156,5.834017217,3.029117127,SAT_11882,2.219438717,18.347932,SAT_09958,4.514412938,61.08563632
frame-g-001339-4-0049,1,No match,FALSE,N/A,inf,257.9354279,59.50831859,257.9892234,59.48602018,FOVNotMatch,2000/4/4 10:52:59.00,SAT_12156,5.834017217,5.343231801,SAT_11882,2.219438717,20.66204667,SAT_09958,4.514412938,63.39975099
frame-g-001339-2-0053,1,No match,FALSE,N/A,inf,256.8457049,58.66659323,256.9052702,58.54149992,FOVNotMatch,2000/4/4 10:55:22.00,SAT_02758,4.940037904,8.800765955,SAT_07297,0.164563865,33.23144966,SAT_14796,0.128960655,46.93537528
frame-g-001339-2-0054,1,No match,FALSE,N/A,inf,257.0022476,58.4830644,257.0540591,58.3734997,FOVNotMatch,2000/4/4 10:55:58.00,SAT_02758,4.940037904,8.826281228,SAT_07297,0.164563865,33.25696493,SAT_14796,0.128960655,46.90986001
frame-g-001339-3-0086,1,No match,FALSE,N/A,inf,260.3100811,54.10239242,260.4699698,53.99340678,FOVNotMatch,2000/4/4 11:15:04.00,SAT_21034,4.264465235,18.13883599,SAT_15362,0.093993835,56.43212706,SAT_16070,5.940536397,67.96860367
frame-g-001339-3-0087,1,No match,FALSE,N/A,inf,260.3484149,53.89724275,260.4812541,53.8058254,FOVNotMatch,2000/4/4 11:15:40.00,SAT_21034,4.264465235,18.27615891,SAT_15362,0.093993835,56.29480414,SAT_16070,5.940536397,67.83128075
frame-g-001345-4-0103,1,No match,FALSE,N/A,inf,122.2936211,45.22740477,122.393837,45.24105995,FOVNotMatch,2000/4/5 3:46:50.00,SAT_19445,3.998219619,57.97083903,SAT_08744,0.194079682,68.52334096,SAT_18946,17.3081879,N/A
frame-g-001345-4-0102,1,No match,FALSE,N/A,inf,122.1170934,44.99660787,122.379644,45.03291904,FOVNotMatch,2000/4/5 3:46:14.00,SAT_21025,2.386185757,37.82041461,SAT_19445,3.805869561,58.13093552,SAT_19390,0.108887121,58.228436
frame-g-001334-1-0040,1,No match,FALSE,N/A,inf,202.5604081,-1.012541378,202.6592502,-0.972370535,FOVNotMatch,2000/4/4 8:20:22.00,SAT_23301,5.563326523,11.99911405,SAT_23244,3.493205408,17.19223423,SAT_23313,4.424632559,22.07157264
frame-g-001334-1-0041,1,No match,FALSE,N/A,inf,202.7763329,-1.045268492,202.8736839,-1.006427845,FOVNotMatch,2000/4/4 8:20:58.00,SAT_23301,5.563326523,11.63251196,SAT_23244,3.493205408,16.82563214,SAT_23313,4.424632559,21.70497055
frame-g-001334-2-0048,1,Success,TRUE,SAT_01318,2.046357482,203.7610265,-0.434385616,203.9214484,-0.533734965,,2000/4/4 8:25:09.00,SAT_01318,4.28190601,2.046357482,SAT_20712,5.622956591,8.501839265,SAT_10024,5.173480433,19.36247631
frame-g-001345-2-0302,1,No match,FALSE,N/A,inf,164.6375305,63.06108228,165.0889345,62.95855168,FOVNotMatch,2000/4/5 5:45:39.00,SAT_19168,3.36734595,10.45499557,SAT_21007,3.227608275,15.47729039,SAT_04259,5.67326361,24.00627046
frame-g-001345-2-0303,1,No match,FALSE,N/A,inf,165.1329826,63.18403645,165.3034208,63.14505245,FOVNotMatch,2000/4/5 5:46:14.00,SAT_19168,3.36734595,10.17190018,SAT_21007,3.227608275,15.194195,SAT_04259,5.67326361,23.72317506
frame-g-001345-2-0752,1,No match,FALSE,N/A,inf,259.8694415,28.07543263,259.9955331,28.07593462,FOVNotMatch,2000/4/5 10:14:20.00,SAT_09634,1.381300241,55.44115762,SAT_23050,2.555669418,62.32133377,SAT_13066,3.706401395,63.94345602
frame-g-001350-5-0045,1,Success,TRUE,SAT_04084,2.258153032,113.0702653,37.87352425,113.1858599,37.93983645,,2000/4/6 3:17:19.00,SAT_04084,0.187219507,2.258153032,SAT_08395,4.862683977,45.61007571,SAT_23460,5.624319078,57.8836308
frame-g-001350-3-0359,1,Success,TRUE,SAT_10452,2.094028829,180.8319033,67.01942332,181.0453776,67.0432597,,2000/4/6 6:24:48.00,SAT_10452,4.518766898,2.094028829,SAT_07376,2.761406979,24.26028459,SAT_15223,2.340685323,28.51807117
frame-g-001350-4-0360,1,No match,FALSE,N/A,inf,181.1596222,67.53777977,181.5495885,67.61829719,FOVNotMatch,2000/4/6 6:25:23.00,SAT_10452,4.518766898,10.36564842,SAT_07376,2.761406979,36.71996183,SAT_15223,2.340685323,40.97774842
frame-g-001350-3-0360,1,Success,TRUE,SAT_10452,3.512354396,181.4671343,67.02433994,181.630061,67.04084029,,2000/4/6 6:25:23.00,SAT_10452,4.518766898,3.512354396,SAT_07376,2.761406979,22.84195902,SAT_15223,2.340685323,27.09974561
frame-g-001350-3-0349,1,No match,FALSE,N/A,inf,177.2866702,66.97368997,177.4044495,67.00069144,FOVNotMatch,2000/4/6 6:18:49.00,SAT_07376,1.864524278,37.383614,SAT_15223,3.793898769,41.75545948,SAT_19716,1.107763396,49.70335985
frame-g-001359-5-0056,1,No match,FALSE,N/A,inf,262.2749272,60.84521231,262.4535318,60.74232168,FOVNotMatch,2000/4/6 11:03:09.00,SAT_12156,5.093548624,11.18847858,SAT_14520,4.574151307,21.60797548,SAT_11896,5.685352303,30.98757549
frame-g-001359-5-0078,1,Success,TRUE,SAT_12156,0.805822967,263.9375187,57.70629404,264.030672,57.66129931,,2000/4/6 11:16:17.00,SAT_12156,5.946745833,0.805822967,SAT_10746,1.579387616,3.022560668,SAT_14360,2.453980023,8.447579053
frame-g-001363-1-0086,1,No match,FALSE,N/A,inf,119.8631852,43.64340756,120.0372386,43.70217221,FOVNotMatch,2000/4/7 4:04:16.00,SAT_03598,3.588358877,22.32451964,SAT_16451,0.071242168,64.6408462,SAT_19112,0.86502687,66.08191178
frame-g-001363-5-0111,1,No match,FALSE,N/A,inf,120.7174784,47.7315765,120.6509695,47.77970041,FOVNotMatch,2000/4/7 4:19:12.00,SAT_25159,4.885500499,6.241960882,SAT_00446,0.105044461,22.60992251,SAT_00158,3.18944182,69.89040704
frame-g-001365-2-0015,1,No match,FALSE,N/A,inf,149.0373577,62.30630136,149.0077739,62.38849465,FOVNotMatch,2000/4/7 5:51:31.00,SAT_12737,1.640093156,31.20675449,SAT_19445,3.755779095,45.58255614,SAT_22309,4.60562687,48.87965911
frame-g-001365-2-0065,1,No match,FALSE,N/A,inf,164.6990091,65.49068443,164.7954093,65.62610731,FOVNotMatch,2000/4/7 6:21:23.00,SAT_18946,5.986944548,28.08018883,SAT_17754,2.939568291,34.47861236,SAT_17328,4.176613215,41.94245709
frame-g-001365-1-0066,1,No match,FALSE,N/A,inf,165.1049788,65.19828546,165.2191286,65.35676886,FOVNotMatch,2000/4/7 6:21:59.00,SAT_18946,5.986944548,27.72792545,SAT_17754,2.939568291,34.12634898,SAT_17328,4.176613215,41.59019371
frame-g-001365-1-0067,1,No match,FALSE,N/A,inf,165.7074343,65.18754446,165.8018446,65.31302692,FOVNotMatch,2000/4/7 6:22:34.00,SAT_18946,5.986944548,27.00809916,SAT_17754,2.939568291,33.40652268,SAT_17328,4.176613215,40.87036741
frame-g-001402-4-0036,1,No match,FALSE,N/A,inf,113.468349,37.87738727,113.4792651,37.9171391,FOVNotMatch,2000/4/25 3:52:20.00,SAT_00340,0.083162791,34.58737232,SAT_19824,1.663632365,46.03073867,SAT_10541,5.277807071,50.78847021
frame-g-001402-4-0044,1,No match,FALSE,N/A,inf,114.1598056,38.87753102,114.0050627,39.03622401,FOVNotMatch,2000/4/25 3:57:07.00,SAT_12707,2.464724808,7.52863972,SAT_19824,1.138444892,10.77613041,SAT_09966,5.12901758,16.15323392
frame-g-001402-4-0116,1,Success,TRUE,SAT_05222,2.024624807,121.7744328,48.0737868,122.0321536,47.99793575,,2000/4/25 4:40:06.00,SAT_05222,1.231552417,2.024624807,SAT_06120,0.120093145,22.83280658,SAT_19791,0.959639983,36.09336398
frame-g-001402-4-0117,1,Success,TRUE,SAT_05222,2.413396642,121.9746096,48.33561035,122.1282768,48.29145339,,2000/4/25 4:40:42.00,SAT_05222,1.231552417,2.413396642,SAT_06120,0.120093145,23.22157841,SAT_19791,0.959639983,36.48213582
frame-g-001365-3-0110,1,No match,FALSE,N/A,inf,180.9313515,67.22274785,181.071162,67.23801262,FOVNotMatch,2000/4/7 6:48:15.00,SAT_15223,0.019371481,23.53194818,SAT_07376,1.384507656,31.61766061,SAT_20944,1.480840499,51.48321023
frame-g-001365-4-0126,1,No match,FALSE,N/A,inf,187.1484995,67.69150529,187.4725064,67.72517017,FOVNotMatch,2000/4/7 6:57:48.00,SAT_02671,0.953863672,5.450210936,SAT_11133,3.10908905,22.07170316,SAT_15223,1.239150557,26.09047666
frame-g-001402-4-0140,1,No match,FALSE,N/A,inf,125.2890041,50.92890228,124.9744843,51.03819631,FOVNotMatch,2000/4/25 4:54:26.00,SAT_12324,0.615163996,6.653160502,SAT_04642,0.12040861,10.48397792,SAT_20258,4.415018667,14.59832145
frame-g-001402-3-0140,1,No match,FALSE,N/A,inf,125.5628929,50.83285091,125.8738967,50.72199522,FOVNotMatch,2000/4/25 4:54:26.00,SAT_12324,0.615163996,6.141137071,SAT_04642,0.12040861,9.971954493,SAT_20258,4.415018667,14.08629802
frame-g-001402-4-0149,1,No match,FALSE,N/A,inf,126.5289698,52.02883631,126.6167877,52.00179407,FOVNotMatch,2000/4/25 4:59:49.00,SAT_09011,1.558256325,7.00875129,SAT_20258,2.42568879,19.67468843,SAT_16393,5.697453191,70.63281494
frame-g-001402-6-0186,1,No match,FALSE,N/A,inf,131.6239913,56.76715225,131.6347737,56.79625487,FOVNotMatch,2000/4/25 5:21:54.00,SAT_13591,4.411783832,33.60990598,SAT_16393,3.508192962,38.14777655,SAT_07654,2.085716726,73.86583078
frame-g-001412-4-0188,1,No match,FALSE,N/A,inf,192.4804045,67.52270525,192.7280242,67.63434177,FOVNotMatch,2000/4/27 6:06:58.00,SAT_10653,5.810020145,15.16350831,SAT_17333,2.451040079,23.59527759,SAT_14430,3.582350454,27.23860622
frame-g-001412-4-0196,1,Success,TRUE,SAT_24963,0.167191952,195.3675428,67.38670278,195.8608424,67.52529172,,2000/4/27 6:11:44.00,SAT_24963,4.692626095,0.167191952,SAT_17333,1.587279215,11.32286249,SAT_10756,0.52891378,31.63790782
frame-g-001412-4-0235,1,Success,TRUE,SAT_17333,1.070175431,209.4878783,65.74175357,209.9448666,65.8092052,,2000/4/27 6:35:01.00,SAT_17333,3.594049874,1.070175431,SAT_11896,4.329041422,6.621192823,SAT_24963,0.085875298,9.449825304
frame-g-001412-4-0259,1,No match,FALSE,N/A,inf,217.5256523,64.14543264,217.5400067,64.1757574,FOVNotMatch,2000/4/27 6:49:21.00,SAT_14736,2.626621234,24.19125076,SAT_12933,3.799143829,34.09600446,SAT_07219,4.257372079,37.00533338
frame-g-001412-1-0323,1,No match,FALSE,N/A,inf,231.7276841,57.4243862,231.8409547,57.46929442,FOVNotMatch,2000/4/27 7:27:34.00,SAT_07780,3.223743768,13.27621238,SAT_08195,10.46427241,N/A,SAT_14319,14.11411917,N/A
frame-g-001412-6-0343,1,Success,TRUE,SAT_21162,2.757732616,238.6210963,56.88933022,238.689067,56.91782254,,2000/4/27 7:39:30.00,SAT_21162,5.850028556,2.757732616,SAT_07780,0.049185369,7.974889345,SAT_16849,5.617407068,14.38062885
frame-g-001412-5-0365,1,No match,FALSE,N/A,inf,241.5651242,54.0388259,241.8576518,54.1386188,FOVNotMatch,2000/4/27 7:52:39.00,SAT_07780,5.505915507,10.60069257,SAT_21709,3.08776891,22.28699879,SAT_16142,1.034070995,36.49613018
frame-g-001450-4-0073,1,Success,TRUE,SAT_25422,0.826946324,128.7852677,53.96593915,128.8505597,53.96470814,,2000/5/3 5:55:24.00,SAT_25422,0.192669828,0.826946324,SAT_19802,5.727714261,1.192024099,SAT_12215,0.089232198,21.19306519
frame-g-001450-5-0077,1,No match,FALSE,N/A,inf,128.8181493,54.548439,129.0269316,54.51455272,FOVNotMatch,2000/5/3 5:57:48.00,SAT_12215,0.089232198,7.401802608,SAT_26231,2.894679097,12.08815941,SAT_26274,4.553307857,14.42309195
frame-g-001450-5-0078,1,No match,FALSE,N/A,inf,129.0394838,54.79593011,129.2052337,54.7688104,FOVNotMatch,2000/5/3 5:58:24.00,SAT_12215,0.089232198,7.188902242,SAT_26231,2.894679097,11.87525904,SAT_26274,4.553307857,14.21019159
frame-g-001450-6-0078,1,No match,FALSE,N/A,inf,128.5445853,54.87466936,128.679636,54.85325353,FOVNotMatch,2000/5/3 5:58:24.00,SAT_12215,0.089232198,7.623964268,SAT_26231,2.894679097,12.31032107,SAT_25422,0.192669828,14.39604725
frame-g-001453-4-0071,1,No match,FALSE,N/A,inf,251.3510196,44.81394909,251.3872571,44.69550366,FOVNotMatch,2000/5/3 9:32:01.00,SAT_11074,0.71350689,82.41169022,SAT_00706,7.957027137,N/A,SAT_13070,12.96270589,N/A
frame-g-001453-4-0072,1,No match,FALSE,N/A,inf,251.5427015,44.66805384,251.5784148,44.54750082,FOVNotMatch,2000/5/3 9:32:37.00,SAT_11074,0.71350689,82.06375159,SAT_00706,7.957027137,N/A,SAT_13070,12.96270589,N/A
frame-g-001451-1-0029,1,Success,TRUE,SAT_02161,4.645776811,199.3325735,-0.964445779,199.4747909,-1.025362904,,2000/5/3 6:48:08.00,SAT_02161,1.760342125,4.645776811,SAT_20712,2.912597016,6.528732226,SAT_08330,5.742813164,9.491553615
frame-g-001451-4-0040,1,No match,FALSE,N/A,inf,200.9946693,0.416082851,201.1170896,0.438689903,FOVNotMatch,2000/5/3 6:54:42.00,SAT_26056,5.677696762,10.45585042,SAT_16274,4.513583846,11.09458273,SAT_20083,2.160424005,17.24878159
frame-g-001458-5-0079,1,Success,TRUE,SAT_23209,2.05934358,136.5953904,2.295357453,136.6892608,2.523331771,,2000/5/4 3:40:54.00,SAT_23209,2.263823924,2.05934358,SAT_19755,3.379438148,8.405257574,SAT_11474,1.139570592,38.12985987
frame-g-001458-3-0081,1,Success,TRUE,SAT_19755,1.272138604,136.9795525,1.468862109,137.0247666,1.669669282,,2000/5/4 3:42:06.00,SAT_19755,3.379438148,1.272138604,SAT_23209,2.263823924,7.618052598,SAT_11474,1.139570592,28.45246369
frame-g-001458-5-0168,1,Success,TRUE,SAT_26353,4.141462219,149.8909273,2.78796165,150.0302486,2.831868711,,2000/5/4 4:34:03.00,SAT_26353,4.399985414,4.141462219,SAT_26352,5.893595615,4.717710585,SAT_18877,5.301360498,16.39060044
frame-g-001458-2-0430,1,No match,FALSE,N/A,inf,189.2502469,2.093849074,189.3013898,1.940406781,FOVNotMatch,2000/5/4 7:10:29.00,SAT_16854,0.081691697,37.21893356,SAT_11007,3.625739912,44.64572923,SAT_05775,3.996825295,56.8411123
frame-g-001458-4-0431,1,No match,FALSE,N/A,inf,189.2909668,2.871785427,189.3453689,2.708397511,FOVNotMatch,2000/5/4 7:11:05.00,SAT_16854,0.081691697,37.19161134,SAT_11007,3.625739912,44.618407,SAT_05775,3.996825295,56.86843453
frame-g-001458-3-0431,1,No match,FALSE,N/A,inf,189.4102902,2.513354956,189.4530943,2.384025435,FOVNotMatch,2000/5/4 7:11:05.00,SAT_16854,0.081691697,37.09347034,SAT_11007,3.625739912,44.520266,SAT_05775,3.996825295,56.96657552
frame-g-001458-2-0492,1,Success,TRUE,SAT_25330,0.61680719,198.4257965,1.955489403,198.4622538,2.031460085,,2000/5/4 7:47:30.00,SAT_25330,2.890025742,0.61680719,SAT_14401,0.348170914,35.79079145,SAT_21223,5.200008689,62.47842653
frame-g-001458-5-0704,1,No match,FALSE,N/A,inf,230.2102115,2.534959856,230.2757591,2.569091218,FOVNotMatch,2000/5/4 9:54:05.00,SAT_10062,1.502924527,15.60372408,SAT_04789,3.68194249,27.25338321,SAT_21804,3.782598006,39.95173469
frame-g-001458-1-0723,1,No match,FALSE,N/A,inf,233.0119403,0.631070412,233.0582284,0.85312267,FOVNotMatch,2000/5/4 10:05:25.00,SAT_07033,3.840538307,9.15147137,SAT_17129,4.864797061,12.57887474,SAT_00273,0.029064091,20.61800737
frame-g-001462-1-0114,1,No match,FALSE,N/A,inf,142.4113208,0.752133265,142.4300359,0.813512716,FOVNotMatch,2000/5/5 4:25:57.00,SAT_02153,0.128024745,35.85660166,SAT_12735,0.538874611,38.02373303,SAT_10352,0.084974872,40.57063708
frame-g-001462-2-0114,1,No match,FALSE,N/A,inf,142.4907821,1.01038384,142.5047413,1.054785514,FOVNotMatch,2000/5/5 4:25:57.00,SAT_02153,0.128024745,36.35090833,SAT_12735,0.538874611,38.5180397,SAT_10352,0.084974872,41.06494375
frame-g-001462-1-0115,1,No match,FALSE,N/A,inf,142.6599357,0.596262648,142.7231471,0.801738097,FOVNotMatch,2000/5/5 4:26:33.00,SAT_02153,0.128024745,35.99976963,SAT_12735,0.538874611,38.166901,SAT_10352,0.084974872,40.71380505
frame-g-001462-3-0039,1,No match,FALSE,N/A,inf,131.1637798,1.145039063,131.2005152,1.286708167,FOVNotMatch,2000/5/5 3:41:10.00,SAT_12808,4.660609053,7.401047314,SAT_02811,1.618263331,28.32652664,SAT_19185,5.92725183,35.68822174
frame-g-001462-4-0222,1,Success,TRUE,SAT_13970,0.377212799,158.6298803,2.259014814,158.7142095,2.248657482,,2000/5/5 5:30:26.00,SAT_13970,5.730267453,0.377212799,SAT_15995,2.332901879,0.409907916,SAT_14307,3.347601384,0.809079839
frame-g-001462-4-0421,1,No match,FALSE,N/A,inf,188.3919798,2.660201345,188.4843578,2.676096805,FOVNotMatch,2000/5/5 7:29:15.00,SAT_15561,3.891909352,12.13674666,SAT_21762,3.839191786,13.38674782,SAT_13984,3.635630971,13.98261848
frame-g-001462-6-0456,1,No match,FALSE,N/A,inf,193.7253638,3.317407789,193.6243347,3.539104893,FOVNotMatch,2000/5/5 7:50:09.00,SAT_16142,1.977917144,6.995325204,SAT_13585,5.485227769,45.20172524,SAT_19810,0.401897603,49.87418463
frame-g-001462-6-0562,1,No match,FALSE,N/A,inf,209.5308953,3.159569201,209.5979141,3.343520699,FOVNotMatch,2000/5/5 8:53:26.00,SAT_25614,1.898945343,24.50928095,SAT_24959,4.480064991,29.21593936,SAT_20944,0.037350761,32.96881626
frame-g-001462-6-0613,1,No match,FALSE,N/A,inf,217.170838,3.187355433,217.1928454,3.113542721,FOVNotMatch,2000/5/5 9:23:53.00,SAT_07820,1.961334182,11.5833749,SAT_10518,2.196216275,25.03679667,SAT_26353,1.452458509,48.62532046
frame-g-001478-6-0166,1,No match,FALSE,N/A,inf,232.9883579,4.424415492,233.057904,4.222882742,FOVNotMatch,2000/5/10 10:09:38.00,SAT_18517,3.552370681,23.30494686,SAT_09880,0.018352136,45.39959366,SAT_15266,2.453287714,51.3780412
frame-g-001473-1-0075,1,No match,FALSE,N/A,inf,154.2678305,-1.149619972,154.3871829,-1.121806219,FOVNotMatch,2000/5/7 3:54:04.00,SAT_23246,1.344935722,9.955043056,SAT_19508,2.143444638,12.43535362,SAT_23778,2.399163106,12.6201438
frame-g-001473-6-0059,1,Success,TRUE,SAT_20800,2.000451401,151.8287357,0.975091044,151.9916799,0.960654967,,2000/5/7 3:44:31.00,SAT_20800,4.417743264,2.000451401,SAT_20317,4.191537023,2.863155912,SAT_22044,5.498859373,4.879961506
frame-g-001481-2-0052,1,Success,TRUE,SAT_15385,3.623186951,163.968365,-0.548213679,164.0483899,-0.542360588,,2000/5/11 3:36:42.00,SAT_15385,3.791804616,3.623186951,SAT_16274,3.833154454,3.751138815,SAT_25331,4.73061318,4.172310599
frame-g-006481-2-0035,1,No match,FALSE,N/A,inf,117.0551784,41.01527141,117.0555691,41.05406069,FOVNotMatch,2006/10/22 11:18:38.00,SAT_26987,0.084237897,26.49923895,SAT_28115,2.611365169,27.67076695,SAT_20959,2.568739161,38.50267266
frame-g-006426-2-0119,1,Success,TRUE,SAT_05599,3.365175076,20.92545389,44.60797613,20.66413029,44.63703499,,2006/10/2 11:34:52.00,SAT_05599,3.461583792,3.365175076,SAT_21359,1.90718891,23.08370137,SAT_21623,2.851492146,37.42664364
frame-g-006469-3-0095,1,No match,FALSE,N/A,inf,53.64697267,17.02419603,53.77160968,17.01572668,FOVNotMatch,2006/10/20 7:12:57.00,SAT_10723,4.691989506,11.04097128,SAT_01953,3.070606793,77.69329844,SAT_20469,13.15257486,N/A
frame-g-006505-5-0030,1,No match,FALSE,N/A,inf,71.03940962,22.43088144,70.87013782,22.59223107,FOVNotMatch,2006/10/28 10:21:56.00,SAT_00299,5.583067588,82.02508235,SAT_26042,10.44535046,N/A,SAT_22505,9.186396015,N/A
frame-g-006514-4-0087,1,No match,FALSE,N/A,inf,71.76527905,11.74058995,71.84351905,11.89973337,FOVNotMatch,2006/10/31 10:47:31.00,SAT_14796,5.569706165,14.26986431,SAT_23820,5.797513742,35.36898928,SAT_26778,4.533490819,35.96154462
frame-g-006485-1-0092,1,Success,TRUE,SAT_27907,0.916362893,58.39730418,9.997335316,58.44112267,10.1921526,,2006/10/23 10:47:22.00,SAT_27907,0.609440767,0.916362893,SAT_01479,4.533511804,18.86787583,SAT_10801,1.227256835,44.24101504
frame-g-006485-4-0096,1,Success,TRUE,SAT_20835,0.197514686,58.1296045,11.4150928,57.93638436,11.39749158,,2006/10/23 10:49:46.00,SAT_20835,1.237711512,0.197514686,SAT_07578,0.026810185,0.985452843,SAT_29014,3.537122332,1.467653059
frame-g-006485-4-0097,1,Success,TRUE,SAT_20835,0.185125474,58.17998989,11.59906421,57.9749131,11.58035127,,2006/10/23 10:50:22.00,SAT_20835,1.237711512,0.185125474,SAT_07578,0.026810185,0.97306363,SAT_29014,3.537122332,1.455263847
frame-g-006485-2-0041,1,Success,TRUE,SAT_26742,3.898064053,52.40939154,5.173271641,52.30779325,5.320690428,,2006/10/23 10:16:55.00,SAT_26742,4.357070497,3.898064053,SAT_08162,3.168208749,8.218238069,SAT_10647,4.242178439,42.26349285
frame-g-006514-3-0028,1,No match,FALSE,N/A,inf,64.82401145,6.275672501,64.6279729,6.410376557,FOVNotMatch,2006/10/31 10:12:18.00,SAT_02864,0.388244306,33.47938434,SAT_07229,5.746894839,34.27135863,SAT_17873,4.008251614,40.20005939
frame-g-006572-3-0031,1,No match,FALSE,N/A,inf,23.76276688,-20.02855739,23.61004504,-20.11101025,FOVNotMatch,2006/11/18 4:13:22.00,SAT_21450,5.518073557,17.69576551,SAT_23847,0.648452172,39.38919709,SAT_21270,5.672535327,42.13795872
frame-g-006572-1-0037,1,No match,FALSE,N/A,inf,24.84318211,-20.10459165,24.93671091,-19.95508775,FOVNotMatch,2006/11/18 4:16:57.00,SAT_04996,2.282963391,7.977730603,SAT_08182,2.857146323,9.229562996,SAT_26115,3.973578429,15.4989708
frame-g-006572-1-0072,1,Success,TRUE,SAT_22647,1.357511887,29.08561547,-16.75174041,29.07951477,-16.61128277,,2006/11/18 4:37:51.00,SAT_22647,0.071745763,1.357511887,SAT_09737,2.252055046,11.23948207,SAT_07438,5.535949272,15.09289581
frame-g-006572-1-0073,1,Success,TRUE,SAT_22647,1.413430665,29.32770049,-16.70060856,29.32062627,-16.53376241,,2006/11/18 4:38:26.00,SAT_22647,0.071745763,1.413430665,SAT_09737,2.252055046,11.18356329,SAT_07438,5.535949272,15.14881459
frame-g-006572-5-0132,1,Success,TRUE,SAT_10459,0.421392762,34.85290682,-9.543072673,34.88725685,-9.361140136,,2006/11/18 5:13:40.00,SAT_10459,5.082600775,0.421392762,SAT_26082,3.257810906,35.55802176,SAT_13513,0.678787619,40.31893223
frame-g-006572-5-0133,1,No match,FALSE,N/A,inf,35.04354349,-9.524139813,35.08086165,-9.325548501,FOVNotMatch,2006/11/18 5:14:16.00,SAT_04687,3.681845592,10.14385011,SAT_23832,5.902847278,11.86581566,SAT_25735,0.631090004,12.85631818
frame-g-006572-6-0147,1,No match,FALSE,N/A,inf,36.25229286,-7.728322735,36.30595464,-7.621900629,FOVNotMatch,2006/11/18 5:22:38.00,SAT_03669,1.750468194,23.55127933,SAT_11047,0.455526105,42.42365947,SAT_19483,4.705150653,48.59261528
frame-g-006572-6-0148,1,No match,FALSE,N/A,inf,36.40355854,-7.670306582,36.48159021,-7.514080725,FOVNotMatch,2006/11/18 5:23:13.00,SAT_03669,1.750468194,23.33922174,SAT_11047,0.455526105,42.21160188,SAT_19483,4.705150653,48.80467286
frame-g-006572-6-0148,2,No match,FALSE,N/A,inf,36.41725924,-7.685405965,36.46090769,-7.539630053,FOVNotMatch,2006/11/18 5:23:13.00,SAT_03669,1.750468194,13.52913122,SAT_11047,0.455526105,32.40151136,SAT_19483,4.705150653,58.61476338
frame-g-006572-6-0149,1,No match,FALSE,N/A,inf,36.56670199,-7.587201533,36.63286099,-7.455325744,FOVNotMatch,2006/11/18 5:23:49.00,SAT_03669,1.750468194,23.44308916,SAT_11047,0.455526105,42.3154693,SAT_19483,4.705150653,48.70080545
frame-g-006572-6-0149,2,No match,FALSE,N/A,inf,36.62421046,-7.535519291,36.64459138,-7.46805172,FOVNotMatch,2006/11/18 5:23:49.00,SAT_03669,1.750468194,13.67206967,SAT_11047,0.455526105,32.54444981,SAT_19483,4.705150653,58.47182493
frame-g-006572-5-0151,1,No match,FALSE,N/A,inf,36.93522269,-7.58119942,36.96123079,-7.49426691,FOVNotMatch,2006/11/18 5:25:01.00,SAT_03669,1.750468194,13.51901232,SAT_11047,0.455526105,32.39139246,SAT_19483,4.705150653,58.62488229
frame-g-006572-5-0152,1,No match,FALSE,N/A,inf,37.1079907,-7.545939274,37.1623491,-7.363396616,FOVNotMatch,2006/11/18 5:25:36.00,SAT_03669,1.750468194,13.44932605,SAT_11047,0.455526105,32.32170619,SAT_19483,4.705150653,58.69456855
frame-g-006572-4-0156,1,No match,FALSE,N/A,inf,37.8191264,-7.337713562,37.84127442,-7.262562289,FOVNotMatch,2006/11/18 5:28:00.00,SAT_19439,1.080997845,15.5092678,SAT_21408,0.22792638,32.31133465,SAT_19483,4.934414522,58.87192249
frame-g-006572-6-0181,1,No match,FALSE,N/A,inf,40.10345594,-4.206910552,40.11970402,-4.151692446,FOVNotMatch,2006/11/18 5:42:56.00,SAT_19483,2.466904286,58.91418935,SAT_16497,4.57619846,59.39014013,SAT_19400,3.257295891,60.9964493
frame-g-006572-4-0223,1,No match,FALSE,N/A,inf,45.214889,-0.631060464,45.22141908,-0.417404562,FOVNotMatch,2006/11/18 6:08:00.00,SAT_15360,0.353380892,14.2164542,SAT_03818,2.008210215,19.58229173,SAT_21362,5.813588746,20.93199598
frame-g-006572-3-0226,1,No match,FALSE,N/A,inf,45.85185134,-0.653675107,45.85833573,-0.422049917,FOVNotMatch,2006/11/18 6:09:48.00,SAT_15360,0.353380892,14.36348266,SAT_03818,2.008210215,19.43526327,SAT_21362,5.813588746,20.78496752
frame-g-006572-3-0227,1,No match,FALSE,N/A,inf,46.06842063,-0.507038855,46.07073219,-0.42976065,FOVNotMatch,2006/11/18 6:10:24.00,SAT_15360,0.353380892,14.2537233,SAT_03818,2.008210215,19.54502263,SAT_21362,5.813588746,20.89472687
frame-g-006572-3-0234,1,No match,FALSE,N/A,inf,46.79307651,0.236626637,46.79733397,0.270950413,FOVNotMatch,2006/11/18 6:14:34.00,SAT_23483,5.341036705,19.67843158,SAT_29312,3.998830285,31.87758399,SAT_29345,2.17739308,33.60984123
frame-g-006574-5-0121,1,Success,TRUE,SAT_11926,3.242141462,134.6486948,0.205484586,134.5879694,0.227426236,,2006/11/18 10:26:35.00,SAT_11926,3.550969322,3.242141462,SAT_07229,4.614502672,7.657081724,SAT_11569,4.349116688,7.688031726
frame-g-006708-2-0049,1,Success,TRUE,SAT_29642,3.94057645,71.33983279,-6.66361021,71.21759223,-6.649600824,,2007/2/7 2:10:05.00,SAT_29642,2.73259695,3.94057645,SAT_28936,1.441457452,6.040586237,SAT_24315,3.727964662,6.569649673
frame-g-006708-4-0053,1,Success,TRUE,SAT_10011,0.995915377,71.28001045,-5.572790402,71.34888034,-5.45127783,,2007/2/7 2:12:28.00,SAT_10011,0.89679487,0.995915377,SAT_25454,5.498717126,7.366226455,SAT_29673,5.379100019,9.068408616
frame-g-006591-4-0049,1,No match,FALSE,N/A,inf,23.72903034,-19.1818967,23.70716288,-19.2480002,FOVNotMatch,2006/11/22 5:34:33.00,SAT_13114,5.506291433,14.49094114,SAT_23832,0.284961133,23.23813901,SAT_25465,5.986009681,51.95296165
frame-g-006591-4-0050,1,No match,FALSE,N/A,inf,23.93388056,-19.11494829,23.95763999,-19.04308542,FOVNotMatch,2006/11/22 5:35:09.00,SAT_13114,5.506291433,14.49526933,SAT_23832,0.284961133,23.24246721,SAT_25465,5.986009681,51.94863346
frame-g-006752-4-0045,1,No match,FALSE,N/A,inf,177.7328818,60.14563,178.0462565,60.22327829,FOVNotMatch,2007/3/14 8:48:10.00,SAT_24276,5.814494999,17.6961844,SAT_23642,5.045919265,26.67251124,SAT_10614,5.257085306,31.84237755
frame-g-006708-4-0094,1,Success,TRUE,SAT_23257,2.416518296,76.79650261,-2.513860696,76.73639247,-2.541257573,,2007/2/7 2:36:57.00,SAT_23257,5.256145489,2.416518296,SAT_20266,5.969725441,14.12428053,SAT_15677,5.522691725,14.68693807
frame-g-006708-1-0115,1,No match,FALSE,N/A,inf,80.06993356,-2.269617526,80.18528553,-2.139785221,FOVNotMatch,2007/2/7 2:49:29.00,SAT_28145,4.624022369,35.25038727,SAT_15677,5.462521578,38.6924905,SAT_23267,0.021848982,39.31011918
frame-g-006749-6-0173,1,Success,TRUE,SAT_03510,0.109212296,140.9672463,4.745287346,141.0034954,4.87410366,,2007/3/14 5:44:27.00,SAT_03510,4.433255732,0.109212296,SAT_06765,5.573176093,0.323518062,SAT_00629,5.929606933,20.79741671
frame-g-006749-5-0175,1,Success,TRUE,SAT_03510,0.162019968,141.3852955,4.704031557,141.4065802,4.781078086,,2007/3/14 5:45:39.00,SAT_03510,4.433255732,0.162019968,SAT_06765,5.573176093,0.594750326,SAT_00629,5.929606933,20.52618445
frame-g-006749-6-0116,1,No match,FALSE,N/A,inf,133.5271575,0.420334473,133.5793474,0.545488177,FOVNotMatch,2007/3/14 5:10:25.00,SAT_23614,4.704519725,32.41439117,SAT_12940,0.820645777,45.4096723,SAT_14985,4.180174995,64.90186109
frame-g-006781-2-0048,1,No match,FALSE,N/A,inf,176.328978,-1.111644801,176.2861058,-1.048723214,FOVNotMatch,2007/4/15 4:40:37.00,SAT_06052,3.592136339,39.27302398,SAT_12850,5.850668282,39.28335322,SAT_29002,2.107419296,42.79219827
frame-g-006782-1-0118,1,Success,TRUE,SAT_05280,0.032548299,219.6085387,-6.568961478,219.5319889,-6.392906453,,2007/4/15 6:52:14.00,SAT_05280,1.649327106,0.032548299,SAT_13215,2.960982812,35.97086249,SAT_10970,4.700550772,44.62587695
frame-g-006782-3-0163,1,No match,FALSE,N/A,inf,225.7468333,-9.615872506,225.6437801,-9.474000948,FOVNotMatch,2007/4/15 7:19:06.00,SAT_03785,2.022218839,6.504320451,SAT_28163,5.771025721,15.27046462,SAT_12743,4.604382413,35.66870059
frame-g-006782-4-0172,1,No match,FALSE,N/A,inf,227.1680138,-9.944671794,227.0641045,-9.803538376,FOVNotMatch,2007/4/15 7:24:28.00,SAT_28163,3.980008891,15.3961023,SAT_11964,4.47681991,40.72378366,SAT_14050,0.048389287,40.88055889
frame-g-006782-5-0178,1,No match,FALSE,N/A,inf,228.115887,-10.16211096,228.0114879,-10.02156744,FOVNotMatch,2007/4/15 7:28:03.00,SAT_28163,3.980008891,15.62030669,SAT_11964,4.47681991,40.49957928,SAT_14050,0.048389287,40.6563545
frame-g-006793-4-0082,1,No match,FALSE,N/A,inf,172.811262,0.072099769,172.8666982,0.098809695,FOVNotMatch,2007/4/20 6:17:42.00,SAT_25372,1.474038242,14.03473275,SAT_25922,5.776317324,25.6956447,SAT_21726,3.027806828,25.85756377
frame-g-006793-4-0083,1,No match,FALSE,N/A,inf,172.9699831,0.004789895,173.1245163,0.078819326,FOVNotMatch,2007/4/20 6:18:17.00,SAT_25372,1.474038242,13.9061609,SAT_25922,5.776317324,25.56707285,SAT_21726,3.027806828,25.72899192
frame-g-006793-2-0096,1,Success,TRUE,SAT_22359,1.50940014,175.0705619,-0.695934338,175.039741,-0.83458335,,2007/4/20 6:26:03.00,SAT_22359,3.811221403,1.50940014,SAT_27613,0.115159203,24.9088512,SAT_27958,3.036769858,35.19380164
frame-g-006794-3-0026,1,No match,FALSE,N/A,inf,217.2583916,-3.908843952,217.1635724,-3.758783029,FOVNotMatch,2007/4/20 7:18:40.00,SAT_21437,0.219916423,10.69813883,SAT_08867,2.480094738,17.12725624,SAT_27868,1.388915133,28.4971297
frame-g-006794-3-0027,1,No match,FALSE,N/A,inf,217.4178948,-3.942521878,217.322986,-3.792326789,FOVNotMatch,2007/4/20 7:19:16.00,SAT_21437,0.219916423,10.6984097,SAT_08867,2.480094738,17.12752711,SAT_27868,1.388915133,28.49740057
frame-g-007210-2-0052,1,No match,FALSE,N/A,inf,9.093713191,35.04441387,9.294800353,35.05316361,FOVNotMatch,2007/12/4 1:59:52.00,SAT_07019,0.051041662,12.54057338,SAT_28950,5.372826259,26.97743141,SAT_25847,8.063067648,N/A
frame-g-007220-4-0049,1,No match,FALSE,N/A,inf,103.2821951,-17.40229518,103.1456036,-17.41090927,FOVNotMatch,2007/12/6 7:55:10.00,SAT_23201,3.663567319,17.37159907,SAT_24675,0.581775648,35.1503223,SAT_26398,0.039836184,44.69009159
frame-g-007220-4-0051,1,No match,FALSE,N/A,inf,103.554162,-17.15714264,103.437363,-17.16489047,FOVNotMatch,2007/12/6 7:56:22.00,SAT_23201,3.663567319,17.18142758,SAT_24675,0.581775648,34.96015082,SAT_26398,0.039836184,44.49992011
frame-g-007220-6-0073,1,No match,FALSE,N/A,inf,106.2886445,-15.10784411,106.0817379,-15.01433794,FOVNotMatch,2007/12/6 8:09:30.00,SAT_24675,4.647992757,63.0907456,SAT_10025,0.585905827,64.29360084,SAT_02511,2.952397231,66.3074147
frame-g-007264-6-0036,1,Success,TRUE,SAT_25282,3.966640697,29.28980629,-13.5547763,29.10745384,-13.56125502,,2008/1/1 3:42:33.00,SAT_25282,3.327511731,3.966640697,SAT_20193,5.82781318,4.579279345,SAT_14430,3.394152958,9.958239605
frame-g-007264-2-0051,1,No match,FALSE,N/A,inf,32.0441396,-13.38172699,32.0355506,-13.27891504,FOVNotMatch,2008/1/1 3:51:30.00,SAT_14471,0.178092748,20.03018922,SAT_16102,5.689172113,63.47837996,SAT_27401,5.034737165,72.8246736
frame-g-007675-6-0043,1,No match,FALSE,N/A,inf,26.26380997,3.480760873,26.10705802,3.608427683,FOVNotMatch,2008/9/6 10:03:43.00,SAT_31116,0.838221142,24.16384808,SAT_26475,2.144816414,27.2654606,SAT_21013,3.00375211,32.06758402
frame-g-007675-4-0034,1,No match,FALSE,N/A,inf,24.79971862,2.713914715,24.74108513,2.735378116,FOVNotMatch,2008/9/6 9:58:21.00,SAT_02222,5.235773623,19.42939177,SAT_03289,3.266485933,21.04581817,SAT_03029,5.20367608,23.92370127
frame-g-007675-4-0035,1,No match,FALSE,N/A,inf,25.05453604,2.725693866,24.89168641,2.78546841,FOVNotMatch,2008/9/6 9:58:57.00,SAT_02222,5.235773623,19.48007941,SAT_03289,3.266485933,21.09650581,SAT_03029,5.20367608,23.97438892
frame-g-007675-2-0089,1,Success,TRUE,SAT_23125,2.209538488,33.11432055,1.782712204,32.96725141,1.800856902,,2008/9/6 10:31:11.00,SAT_23125,5.962455212,2.209538488,SAT_02222,5.367970862,5.655357381,SAT_03289,1.961892017,7.049967734
frame-g-007675-2-0090,1,Success,TRUE,SAT_23125,2.094457539,33.28024501,1.793030388,33.21956688,1.80039291,,2008/9/6 10:31:47.00,SAT_23125,5.962455212,2.094457539,SAT_02222,5.367970862,5.540276432,SAT_03289,1.961892017,6.934886785
frame-g-007675-6-0063,1,No match,FALSE,N/A,inf,29.26100684,3.332220601,29.09922022,3.368567704,FOVNotMatch,2008/9/6 10:15:40.00,SAT_03289,3.621116482,13.12591,SAT_03029,5.021872968,15.66097789,SAT_08882,0.953257703,28.1918826
frame-g-007675-5-0064,1,No match,FALSE,N/A,inf,29.30351055,2.972149999,29.40868421,3.105219491,FOVNotMatch,2008/9/6 10:16:16.00,SAT_30334,0.694686184,22.48884154,SAT_04140,0.95496068,33.31480018,SAT_11147,3.352491209,33.81255967
frame-g-007675-6-0064,1,No match,FALSE,N/A,inf,29.41239583,3.360227363,29.2504037,3.396282143,FOVNotMatch,2008/9/6 10:16:16.00,SAT_03289,3.621116482,13.012059,SAT_03029,5.021872968,15.54712688,SAT_08882,0.953257703,28.07803159
frame-g-007699-5-0032,1,No match,FALSE,N/A,inf,351.1357988,24.98473568,351.0933664,25.11632852,FOVNotMatch,2008/9/24 7:08:18.00,SAT_32782,3.934483296,19.06099618,SAT_22616,0.156361938,47.44989954,SAT_30406,0.913299924,58.34331831
frame-g-007699-4-0032,1,No match,FALSE,N/A,inf,351.2668838,24.57493437,351.1970114,24.79345199,FOVNotMatch,2008/9/24 7:08:18.00,SAT_32782,3.934483296,19.14456594,SAT_22616,0.156361938,47.53346931,SAT_30406,0.913299924,58.42688807
frame-g-007699-5-0033,1,No match,FALSE,N/A,inf,351.4437584,25.07958408,351.3947619,25.23350612,FOVNotMatch,2008/9/24 7:08:54.00,SAT_32782,3.934483296,19.27202905,SAT_22616,0.156361938,47.66093241,SAT_30406,0.913299924,58.55435118
frame-g-007675-4-0114,1,Success,TRUE,SAT_25366,2.037898009,36.75766972,2.361722986,36.72954168,2.537677233,,2008/9/6 10:46:07.00,SAT_25366,1.379070262,2.037898009,SAT_02255,1.62517714,8.015040258,SAT_21292,2.749108216,17.53670994
frame-g-007675-6-0116,1,Success,TRUE,SAT_25366,2.051061901,37.20961436,3.270835997,37.19025848,3.391643977,,2008/9/6 10:47:19.00,SAT_25366,1.379070262,2.051061901,SAT_02255,1.62517714,8.02820415,SAT_21292,2.749108216,17.52354605
frame-g-007675-4-0139,1,Success,TRUE,SAT_03029,0.512780115,40.63464243,2.300740373,40.47112706,2.297113423,,2008/9/6 11:01:03.00,SAT_03029,5.96017908,0.512780115,SAT_03289,2.229119821,2.08389795,SAT_02863,5.648046185,2.271113127
frame-g-007708-1-0223,1,No match,FALSE,N/A,inf,2.961961283,23.84146206,3.059778208,23.86153597,FOVNotMatch,2008/10/1 9:53:04.00,SAT_05986,0.862492988,11.18257895,SAT_26411,4.440844806,61.30422264,SAT_14467,3.357149237,84.22907768
frame-g-007709-4-0078,1,No match,FALSE,N/A,inf,33.79777531,22.4397419,33.84498448,22.47411224,FOVNotMatch,2008/10/1 11:20:14.00,SAT_23756,4.225119297,50.1086427,SAT_05986,4.465195181,52.04801439,SAT_10864,0.028944289,81.46865003
frame-g-007709-6-0136,1,No match,FALSE,N/A,inf,43.04110788,21.25167634,43.17257301,21.32323827,FOVNotMatch,2008/10/1 11:54:52.00,SAT_26076,3.861250669,20.14367525,SAT_04907,1.650891572,24.34789565,SAT_23756,3.24750579,47.07473395
frame-g-007713-3-0398,1,Success,TRUE,SAT_15836,0.104128077,26.11312529,16.17970197,26.24233529,16.22357833,,2008/10/2 10:39:16.00,SAT_15836,5.409999628,0.104128077,SAT_23756,4.383700645,23.35796855,SAT_25885,3.422458011,30.8968625
frame-g-007712-5-0467,1,Success,TRUE,SAT_28948,3.718243227,20.71800036,3.049400936,20.55498187,3.067745481,,2008/10/2 6:33:26.00,SAT_28948,4.642464477,3.718243227,SAT_02219,4.710409766,6.505682082,SAT_03285,3.375109628,7.700577687
frame-g-007717-6-0480,N/A,Failed,FALSE,N/A,N/A,N/A,N/A,N/A,N/A,JSON file error,N/A,N/A,N/A,N/A,N/A,N/A,N/A,N/A,N/A,N/A
frame-g-007717-6-0481,1,No match,FALSE,N/A,inf,22.80883691,3.22929183,22.64638629,3.254338342,FOVNotMatch,2008/10/3 6:52:26.00,SAT_02215,5.879610884,8.815802936,SAT_32763,3.494799296,12.59324938,SAT_25000,0.121300729,15.99783498
frame-g-007717-6-0482,1,No match,FALSE,N/A,inf,22.95905474,3.248348787,22.79631749,3.273275961,FOVNotMatch,2008/10/3 6:53:02.00,SAT_02215,5.879610884,8.759632291,SAT_32763,3.494799296,12.53707873,SAT_25000,0.121300729,15.94166434
frame-g-007717-6-0483,1,No match,FALSE,N/A,inf,23.10925376,3.267263078,22.94598192,3.292498642,FOVNotMatch,2008/10/3 6:53:38.00,SAT_02215,5.879610884,8.837563912,SAT_32763,3.494799296,12.61501035,SAT_25000,0.121300729,16.01959596
frame-g-007717-6-0484,1,No match,FALSE,N/A,inf,23.25927906,3.286118284,23.09703279,3.311086972,FOVNotMatch,2008/10/3 6:54:14.00,SAT_02215,5.879610884,8.800289889,SAT_32763,3.494799296,12.57773633,SAT_25000,0.121300729,15.98232194
frame-g-007717-6-0455,1,No match,FALSE,N/A,inf,18.8199361,3.369944113,18.77779475,3.493599992,FOVNotMatch,2008/10/3 6:36:55.00,SAT_32782,4.298674306,10.18804962,SAT_17177,0.265518772,31.0894749,SAT_24273,4.638529399,34.25143507
frame-g-007717-6-0489,1,No match,FALSE,N/A,inf,24.01055329,3.379819978,23.84782604,3.404533759,FOVNotMatch,2008/10/3 6:57:13.00,SAT_02215,5.812539924,8.593952906,SAT_32763,3.3908455,12.33882873,SAT_25000,0.064779936,15.66959213
frame-g-007717-6-0523,1,No match,FALSE,N/A,inf,29.00060481,3.125896123,29.04529173,3.348532771,FOVNotMatch,2008/10/3 7:17:31.00,SAT_07082,2.109918904,24.42013366,SAT_07780,5.385646486,33.06103066,SAT_14115,1.706030443,64.61935722
frame-g-007718-1-0177,1,No match,FALSE,N/A,inf,28.27011177,3.549232859,28.21988295,3.775459708,FOVNotMatch,2008/10/3 10:17:11.00,SAT_12857,0.816267762,31.20975579,SAT_28185,4.490732267,46.0058703,SAT_10144,3.83254978,78.83255208
frame-g-007727-4-0134,1,No match,FALSE,N/A,inf,10.17549686,5.03050561,10.10894004,5.067657869,FOVNotMatch,2008/10/8 9:12:23.00,SAT_25743,4.645264594,9.618875374,SAT_05019,3.98338989,25.88042483,SAT_03431,3.381123487,37.8781657
frame-g-007727-4-0135,1,No match,FALSE,N/A,inf,10.42261783,5.057656835,10.25958959,5.148772372,FOVNotMatch,2008/10/8 9:12:59.00,SAT_25743,4.645264594,9.651148175,SAT_05019,3.98338989,25.84815202,SAT_03431,3.381123487,37.9104385
frame-g-007727-1-0204,1,No match,FALSE,N/A,inf,20.64965103,3.561396549,20.59851129,3.657420088,FOVNotMatch,2008/10/8 9:54:11.00,SAT_21905,2.956934022,8.60661742,SAT_26899,3.379718826,26.50689135,SAT_18651,5.501439878,35.13328245
frame-g-007727-4-0251,1,Success,TRUE,SAT_03431,0.399914868,27.80240511,4.832338978,27.85532147,4.837551377,,2008/10/8 10:22:15.00,SAT_03431,2.360018729,0.399914868,SAT_20799,1.114150947,5.622879129,SAT_29014,1.659360006,5.86712614
frame-g-007729-4-0019,1,Success,TRUE,SAT_14497,4.757793569,353.6689549,7.558763206,353.5599468,7.547750339,,2008/10/9 8:24:43.00,SAT_14497,2.901214629,4.757793569,SAT_24772,2.224847559,7.112043085,SAT_22501,5.241261149,8.222259229
frame-g-007729-4-0020,1,Success,TRUE,SAT_14497,4.634057288,353.7453729,7.543915088,353.8755195,7.556782159,,2008/10/9 8:25:19.00,SAT_14497,2.901214629,4.634057288,SAT_24772,2.224847559,7.235779365,SAT_22501,5.241261149,8.34599551
frame-g-007729-6-0129,1,No match,FALSE,N/A,inf,10.18659135,8.493342698,10.34695444,8.402517187,FOVNotMatch,2008/10/9 9:30:24.00,SAT_03431,4.224000629,37.7216626,SAT_08294,4.161128912,42.11465511,SAT_23324,1.028211203,42.80146162
frame-g-007729-3-0158,1,No match,FALSE,N/A,inf,14.65278208,7.171136913,14.71261662,7.190575267,FOVNotMatch,2008/10/9 9:47:43.00,SAT_29014,4.105310689,5.211328118,SAT_10442,3.553330354,7.191295974,SAT_03431,4.155708764,10.83895553
frame-g-007741-1-0057,1,Success,TRUE,SAT_28651,2.707312,321.0611127,4.31853979,321.1497531,4.160738598,,2008/10/19 2:04:49.00,SAT_28651,4.465073236,2.707312,SAT_30983,2.518706397,5.127029721,SAT_04719,0.044767634,51.79749911
frame-g-007741-1-0080,1,No match,FALSE,N/A,inf,324.6576066,4.535431697,324.5090372,4.512032041,FOVNotMatch,2008/10/19 2:18:33.00,SAT_10144,0.211416571,8.924580729,SAT_14493,1.95942366,10.32509185,SAT_02701,5.51056392,76.45688587
frame-g-007757-2-0125,1,No match,FALSE,N/A,inf,16.62399656,26.47669009,16.60386321,26.60935233,FOVNotMatch,2008/10/25 8:58:48.00,SAT_12032,3.71417244,28.74772142,SAT_28297,4.732768718,77.95509011,SAT_22351,1.392867884,83.57171522
frame-g-007754-6-0285,1,No match,FALSE,N/A,inf,355.6392243,5.983828498,355.5017736,6.072616368,FOVNotMatch,2008/10/25 4:25:50.00,SAT_03029,4.404925392,42.18087594,SAT_04250,5.039080967,44.87952541,SAT_04902,5.88455252,46.76307387
frame-g-007759-4-0148,1,No match,FALSE,N/A,inf,352.7975274,7.339651342,352.7170049,7.385007896,FOVNotMatch,2008/10/26 6:12:10.00,SAT_27867,2.272381062,56.38259081,SAT_10516,13.79307791,N/A,SAT_22231,12.52781133,N/A
frame-g-007759-4-0149,1,No match,FALSE,N/A,inf,353.0327781,7.385377663,352.8692685,7.47766661,FOVNotMatch,2008/10/26 6:12:46.00,SAT_27867,2.272381062,56.43655629,SAT_10516,13.79307791,N/A,SAT_22231,12.52781133,N/A
frame-g-007760-3-0061,1,Success,TRUE,SAT_25868,0.940428762,16.48958955,7.017737,16.34501274,7.048208818,,2008/10/26 7:06:42.00,SAT_25868,2.59322322,0.940428762,SAT_04068,2.8035419,21.47145328,SAT_20799,4.331026488,25.47999715
frame-g-007760-3-0062,1,Success,TRUE,SAT_25868,0.797488063,16.66028023,7.037613447,16.55050905,7.06046474,,2008/10/26 7:07:17.00,SAT_25868,2.59322322,0.797488063,SAT_04068,2.8035419,21.32851258,SAT_20799,4.331026488,25.33705645
frame-g-007760-1-0105,1,No match,FALSE,N/A,inf,22.96979994,5.879661452,22.94110093,5.946653718,FOVNotMatch,2008/10/26 7:32:58.00,SAT_31345,3.124522795,27.1429399,SAT_30160,5.623137647,27.28126037,SAT_10198,0.180868947,54.76792593
frame-g-007765-4-0170,1,Success,TRUE,SAT_26072,0.447806967,337.2695867,4.491783872,337.1106538,4.554017957,,2008/10/28 5:39:14.00,SAT_26072,3.094548679,0.447806967,SAT_32405,5.975129515,15.16797759,SAT_26807,5.164027839,16.61182119
frame-g-007773-6-0120,1,Success,TRUE,SAT_26076,0.562680279,330.8783732,11.48975007,330.9751576,11.53053292,,2008/10/29 5:59:41.00,SAT_26076,1.977818748,0.562680279,SAT_14136,4.612140775,3.909511554,SAT_26967,4.705234494,10.12422759
frame-g-007773-6-0120,2,No match,FALSE,N/A,inf,330.7969348,11.61504709,330.8524844,11.66200319,FOVNotMatch,2008/10/29 5:59:41.00,SAT_26967,4.705234494,7.402446502,SAT_14136,4.612140775,13.61716254,SAT_26076,1.977818748,16.96399381
frame-g-007773-6-0121,1,No match,FALSE,N/A,inf,330.9610807,11.5335167,331.1121909,11.66119208,FOVNotMatch,2008/10/29 6:00:17.00,SAT_26967,4.705234494,7.385350361,SAT_14136,4.612140775,13.6000664,SAT_26076,1.977818748,16.94689767
frame-g-007773-2-0168,1,No match,FALSE,N/A,inf,338.3244244,10.57562509,338.4207347,10.80925349,FOVNotMatch,2008/10/29 6:28:20.00,SAT_16103,2.870152136,11.96950558,SAT_20886,3.038143846,30.09130628,SAT_21030,1.679062566,35.74864541
frame-g-007773-3-0507,1,No match,FALSE,N/A,inf,30.1753419,11.13895904,30.12191743,11.36855235,FOVNotMatch,2008/10/29 9:50:45.00,SAT_08435,4.561052506,9.552769573,SAT_22476,1.586009263,10.42640601,SAT_08404,2.860757011,11.79451975
frame-g-007777-6-0023,1,No match,FALSE,N/A,inf,314.4356079,8.91108978,314.4610837,8.934234434,FOVNotMatch,2008/10/30 1:35:40.00,SAT_10934,2.955391851,29.2579011,SAT_22969,0.996780934,37.25923348,SAT_01613,0.040194077,64.14531471
frame-g-007778-5-0081,1,Success,TRUE,SAT_28790,1.062878522,324.8071493,-1.177968136,324.6447903,-1.180991457,,2008/10/30 3:52:15.00,SAT_28790,4.895779953,1.062878522,SAT_25922,3.266920148,1.078945777,SAT_33275,4.959758292,1.091431967
frame-g-007778-5-0082,1,Success,TRUE,SAT_28790,1.234440246,324.9561635,-1.189343357,324.8184009,-1.192321234,,2008/10/30 3:52:51.00,SAT_28790,4.895779953,1.234440246,SAT_25922,3.266920148,1.250507501,SAT_33275,4.959758292,1.262993691
frame-g-007778-6-0399,1,No match,FALSE,N/A,inf,12.42094373,-1.414396078,12.32364599,-1.387602361,FOVNotMatch,2008/10/30 7:02:08.00,SAT_29011,3.836420004,14.02177724,SAT_26110,3.948659816,14.8024103,SAT_27954,4.28410088,15.38966097
frame-g-007778-3-0400,1,No match,FALSE,N/A,inf,12.53814452,-2.609008271,12.41406106,-2.579947883,FOVNotMatch,2008/10/30 7:02:43.00,SAT_26110,3.948659816,12.59578399,SAT_27954,4.28410088,13.18303465,SAT_25922,3.957836955,13.18601564
frame-g-007778-6-0486,N/A,Failed,FALSE,N/A,N/A,N/A,N/A,N/A,N/A,JSON file error,N/A,N/A,N/A,N/A,N/A,N/A,N/A,N/A,N/A,N/A
frame-g-007778-6-0487,1,No match,FALSE,N/A,inf,25.59336747,-1.090370061,25.5451594,-1.063312798,FOVNotMatch,2008/10/30 7:54:40.00,SAT_26110,4.016572757,25.92785361,SAT_25922,4.095129359,29.30220316,SAT_27954,4.41149985,29.30439583
frame-g-007778-6-0502,1,No match,FALSE,N/A,inf,27.7939027,-1.10482734,27.77841075,-1.027054435,FOVNotMatch,2008/10/30 8:03:38.00,SAT_17290,5.856860167,9.630052211,SAT_32776,0.038304921,20.63636547,SAT_26113,2.974277812,24.31671322
frame-g-007778-4-0622,1,No match,FALSE,N/A,inf,45.78840633,-1.678470222,45.66337913,-1.610056406,FOVNotMatch,2008/10/30 9:15:16.00,SAT_03292,1.659210041,26.94782418,SAT_19622,5.026704644,27.92958295,SAT_25922,3.706734968,28.69528115
frame-g-007780-6-0053,1,Success,TRUE,SAT_21223,0.514961342,22.73282796,-1.396668188,22.56944684,-1.377140467,,2008/10/31 7:33:41.00,SAT_21223,4.981353616,0.514961342,SAT_23538,2.917367738,5.45012352,SAT_02218,3.207938661,6.162676355
frame-g-007780-6-0054,1,Success,TRUE,SAT_21223,0.614422752,22.88229075,-1.374780773,22.71867438,-1.355512701,,2008/10/31 7:34:17.00,SAT_21223,4.981353616,0.614422752,SAT_23538,2.917367738,5.549584929,SAT_02218,3.207938661,6.063214945
frame-g-007780-4-0121,1,No match,FALSE,N/A,inf,32.92225321,-2.032551472,32.85700738,-1.980570787,FOVNotMatch,2008/10/31 8:14:17.00,SAT_23485,2.071595055,15.38104125,SAT_26741,3.901732963,34.53060138,SAT_08418,2.705792835,35.94986869
frame-g-007784-5-0068,1,Success,TRUE,SAT_19807,0.506855266,340.5707817,9.579806625,340.5089697,9.765373856,,2008/11/1 6:27:18.00,SAT_19807,3.441809162,0.506855266,SAT_16396,2.436530853,5.663317004,SAT_18355,5.379642912,5.677802808
frame-g-007787-6-0067,1,Success,TRUE,SAT_25743,1.651372024,339.2692818,12.31781352,339.4384451,12.2973978,,2008/11/2 6:13:49.00,SAT_25743,5.899027073,1.651372024,SAT_23590,4.207678951,4.065687662,SAT_03790,4.962157949,10.43972242
frame-g-007787-4-0070,1,Success,TRUE,SAT_03790,3.672585277,339.8022217,11.56977954,339.9451218,11.53536778,,2008/11/2 6:15:36.00,SAT_03790,4.962157949,3.672585277,SAT_26789,4.627902119,4.645788718,SAT_25743,5.899027073,5.115765121
frame-g-007808-4-0060,1,Success,TRUE,SAT_20619,2.301501551,337.7112482,9.117208707,337.6404378,9.29971398,,2008/11/17 3:08:00.00,SAT_20619,1.281333708,2.301501551,SAT_21109,0.749225095,29.59496593,SAT_10762,0.03092893,33.78728277
frame-g-007812-6-0074,1,No match,FALSE,N/A,inf,319.4450392,-0.682274708,319.3393068,-0.741705224,FOVNotMatch,2008/11/18 1:56:44.00,SAT_28556,1.270735759,10.03695506,SAT_02651,2.855034895,25.86880687,SAT_02649,3.215661068,25.94000416
frame-g-007814-1-0139,1,Success,TRUE,SAT_25334,4.616951981,358.6248443,8.927023674,358.4594491,8.946286357,,2008/11/19 5:33:00.00,SAT_25334,1.822824181,4.616951981,SAT_28834,2.748801264,6.656225916,SAT_32781,1.557098484,7.059829235
frame-g-007812-5-0143,1,No match,FALSE,N/A,inf,329.7597675,-1.617418785,329.7770473,-1.581586761,FOVNotMatch,2008/11/18 2:37:56.00,SAT_15002,0.104560703,49.86185125,SAT_08152,4.899235657,50.97240599,SAT_28948,5.318386585,51.98224341
frame-g-007824-4-0285,1,No match,FALSE,N/A,inf,355.2281462,-4.681343364,355.2878857,-4.709844688,FOVNotMatch,2008/11/20 5:30:32.00,SAT_26471,2.178227947,18.57411921,SAT_15439,4.924592255,23.22260707,SAT_03284,5.249062211,25.57149609
frame-g-007824-4-0286,1,No match,FALSE,N/A,inf,355.4491511,-4.647812297,355.5422739,-4.692303508,FOVNotMatch,2008/11/20 5:31:08.00,SAT_26471,2.178227947,18.60491574,SAT_15439,4.924592255,23.2534036,SAT_03284,5.249062211,25.60229262
frame-g-007824-1-0398,1,No match,FALSE,N/A,inf,12.38146085,-5.898281478,12.21664831,-5.857616672,FOVNotMatch,2008/11/20 6:38:00.00,SAT_21223,4.950569754,12.11093422,SAT_26495,4.430630037,13.94535238,SAT_26639,2.221868814,13.98824741
frame-g-007824-1-0399,1,No match,FALSE,N/A,inf,12.36714536,-5.817142455,12.53168012,-5.857726349,FOVNotMatch,2008/11/20 6:38:36.00,SAT_21223,4.950569754,12.1058817,SAT_26495,4.430630037,13.94029985,SAT_26639,2.221868814,13.98319489
frame-g-007824-1-0401,1,No match,FALSE,N/A,inf,12.80329541,-5.769699889,12.83165586,-5.776429773,FOVNotMatch,2008/11/20 6:39:47.00,SAT_21223,4.950569754,11.59542355,SAT_26495,4.430630037,13.42984171,SAT_26639,2.221868814,13.47273674
frame-g-007824-3-0322,1,Success,TRUE,SAT_26495,0.803917291,0.784211767,-5.148443501,0.947790028,-5.150708425,,2008/11/20 5:52:37.00,SAT_26495,4.41136602,0.803917291,SAT_26639,2.423400141,0.845069491,SAT_24819,1.337538299,0.859685334
frame-g-007845-3-0053,1,No match,FALSE,N/A,inf,16.3809369,16.86882371,16.29218146,16.95510652,FOVNotMatch,2008/12/4 7:05:28.00,SAT_25164,5.096547921,49.30416573,SAT_07066,2.046477404,53.10481678,SAT_04907,3.810521428,56.11208809
frame-g-007845-4-0062,1,Success,TRUE,SAT_26913,2.069472253,17.81723008,17.2318494,17.72008693,17.24277823,,2008/12/4 7:10:51.00,SAT_26913,5.486097484,2.069472253,SAT_16229,5.622839951,17.13473423,SAT_27867,5.304662506,17.22752162
frame-g-007824-2-0406,1,No match,FALSE,N/A,inf,13.41696305,-5.533470827,13.54928757,-5.565631932,FOVNotMatch,2008/11/20 6:42:47.00,SAT_21223,5.192168994,11.57393466,SAT_23754,5.981476066,13.7265611,SAT_26495,5.01504867,13.73854222
frame-g-007824-3-0406,1,Success,TRUE,SAT_28240,1.365044558,13.41198312,-5.13763137,13.57532664,-5.133513774,,2008/11/20 6:42:47.00,SAT_28240,4.032367437,1.365044558,SAT_26639,2.807609125,1.390893282,SAT_24819,0.310450019,1.391330398
frame-g-007824-2-0409,1,No match,FALSE,N/A,inf,13.86636422,-5.411674963,14.03118468,-5.451643506,FOVNotMatch,2008/11/20 6:44:34.00,SAT_21223,5.192168994,11.54145886,SAT_23754,5.981476066,13.69408531,SAT_26495,5.01504867,13.70606642
frame-g-007824-2-0410,1,No match,FALSE,N/A,inf,14.01664052,-5.371306187,14.18100617,-5.411106022,FOVNotMatch,2008/11/20 6:45:10.00,SAT_21223,5.192168994,11.52126841,SAT_23754,5.981476066,13.67389486,SAT_26495,5.01504867,13.68587597
frame-g-007824-2-0411,1,No match,FALSE,N/A,inf,14.17448205,-5.332925635,14.33078495,-5.370576283,FOVNotMatch,2008/11/20 6:45:46.00,SAT_21223,5.192168994,11.45196574,SAT_23754,5.981476066,13.60459219,SAT_26495,5.01504867,13.6165733
frame-g-007845-1-0090,1,No match,FALSE,N/A,inf,21.9689842,15.74836285,22.07924745,15.71272539,FOVNotMatch,2008/12/4 7:27:34.00,SAT_03557,5.486098734,23.73199199,SAT_09701,4.422771132,26.38617539,SAT_12327,0.704624825,26.51475314
frame-g-007824-3-0417,1,No match,FALSE,N/A,inf,15.06517685,-5.087616895,15.21249344,-5.122715011,FOVNotMatch,2008/11/20 6:49:21.00,SAT_21223,4.386863119,10.93408677,SAT_00059,3.726566913,12.40953854,SAT_23754,5.977932083,13.45684743
frame-g-007824-3-0419,1,No match,FALSE,N/A,inf,15.36416819,-5.00651613,15.52878161,-5.045413023,FOVNotMatch,2008/11/20 6:50:32.00,SAT_21223,4.386863119,10.82596731,SAT_00059,3.726566913,12.30141908,SAT_23754,5.977932083,13.34872797
frame-g-007824-3-0420,1,No match,FALSE,N/A,inf,15.51411499,-4.965929024,15.67842177,-5.004862049,FOVNotMatch,2008/11/20 6:51:08.00,SAT_21223,4.386863119,10.86114983,SAT_00059,3.726566913,12.3366016,SAT_23754,5.977932083,13.38391049
frame-g-007824-3-0421,1,No match,FALSE,N/A,inf,15.66373508,-4.925446012,15.82812737,-4.964224868,FOVNotMatch,2008/11/20 6:51:44.00,SAT_21223,4.386863119,10.8025883,SAT_00059,3.726566913,12.27804008,SAT_23754,5.977932083,13.32534897
frame-g-007824-4-0431,1,No match,FALSE,N/A,inf,17.1591193,-4.520377866,17.32371542,-4.558439612,FOVNotMatch,2008/11/20 6:57:42.00,SAT_21223,3.532347722,10.05905291,SAT_26495,5.058245583,13.078272,SAT_24819,0.583310951,13.11653658
frame-g-007824-4-0432,1,No match,FALSE,N/A,inf,17.30859453,-4.479931742,17.47318674,-4.517992642,FOVNotMatch,2008/11/20 6:58:18.00,SAT_21223,3.532347722,10.05836943,SAT_26495,5.058245583,13.07758853,SAT_24819,0.583310951,13.1158531
frame-g-007824-4-0433,1,No match,FALSE,N/A,inf,17.46081368,-4.440089901,17.62268707,-4.477478846,FOVNotMatch,2008/11/20 6:58:54.00,SAT_21223,3.532347722,10.04310672,SAT_26495,5.058245583,13.06232581,SAT_24819,0.583310951,13.10059039
frame-g-007880-3-0028,1,Success,TRUE,SAT_23614,0.732762189,357.8429801,9.832844085,357.8060241,9.851815236,,2008/12/30 2:10:25.00,SAT_23614,4.64126777,0.732762189,SAT_13160,3.943882035,18.1995591,SAT_07029,0.154125763,37.84642756
frame-g-007865-2-0064,1,No match,FALSE,N/A,inf,22.46773935,-5.394914013,22.39681777,-5.172993331,FOVNotMatch,2008/12/22 4:40:44.00,SAT_32776,3.860604823,27.8562145,SAT_32501,3.075804944,39.47498128,SAT_22563,3.284244403,52.82461544
frame-g-007865-3-0027,1,No match,FALSE,N/A,inf,16.82483996,-5.099284902,16.89473313,-4.873911057,FOVNotMatch,2008/12/22 4:18:38.00,SAT_01952,3.163246315,22.95216522,SAT_02255,5.477209652,24.79316451,SAT_10637,4.435246487,25.12220738
frame-g-007865-1-0148,1,No match,FALSE,N/A,inf,35.06422465,-5.375835509,34.98191283,-5.179995119,FOVNotMatch,2008/12/22 5:30:53.00,SAT_10865,2.142870514,7.292967584,SAT_17588,1.396860445,14.32050784,SAT_08840,1.19247163,28.57214797
frame-g-007865-5-0152,1,No match,FALSE,N/A,inf,35.67679285,-3.580659562,35.56237936,-3.449874166,FOVNotMatch,2008/12/22 5:33:16.00,SAT_08840,1.19247163,10.15579251,SAT_10865,2.142870514,11.12338787,SAT_25968,3.743310581,18.88997717
frame-g-007880-4-0061,1,No match,FALSE,N/A,inf,2.688807924,10.25928042,2.760507824,10.42594891,FOVNotMatch,2008/12/30 2:30:07.00,SAT_12164,0.053192083,49.62810546,SAT_23614,2.728535708,84.58454288,SAT_12850,15.87099824,N/A
frame-g-007880-4-0062,1,No match,FALSE,N/A,inf,2.967914063,10.20353475,3.006455786,10.29260813,FOVNotMatch,2008/12/30 2:30:43.00,SAT_12164,0.053192083,49.50243466,SAT_23614,2.728535708,84.71021368,SAT_12850,15.87099824,N/A
frame-g-007865-6-0219,1,Success,TRUE,SAT_11984,2.4177619,45.68234352,-2.569511397,45.58034202,-2.522202852,,2008/12/22 6:13:17.00,SAT_11984,5.433175138,2.4177619,SAT_29056,4.670837882,2.646972676,SAT_26495,3.099454125,24.94032823
frame-g-007881-1-0137,1,No match,FALSE,N/A,inf,17.35704665,-6.059483695,17.31704627,-5.91078359,FOVNotMatch,2008/12/30 4:34:25.00,SAT_19852,1.553234133,5.871793135,SAT_25832,5.391453342,6.266432186,SAT_04643,2.651743607,7.616524784
frame-g-007881-1-0205,1,No match,FALSE,N/A,inf,27.63313458,-5.683881972,27.46818514,-5.656686522,FOVNotMatch,2008/12/30 5:15:01.00,SAT_23754,2.696328648,9.441485703,SAT_25585,2.915174695,10.09281719,SAT_13970,5.016834635,10.10102
frame-g-007881-2-0216,1,No match,FALSE,N/A,inf,29.2753286,-5.299833518,29.11028735,-5.27332994,FOVNotMatch,2008/12/30 5:21:35.00,SAT_23754,2.623320858,9.196287008,SAT_25585,2.952328934,9.86606634,SAT_33059,2.92402112,9.912304125
frame-g-007881-2-0218,1,No match,FALSE,N/A,inf,29.40909955,-5.203420484,29.57399213,-5.229915826,FOVNotMatch,2008/12/30 5:22:46.00,SAT_23754,2.623320858,9.200595386,SAT_25585,2.952328934,9.870374718,SAT_33059,2.92402112,9.916612503
frame-g-007881-1-0237,1,No match,FALSE,N/A,inf,32.44565295,-5.565167579,32.28081035,-5.542791643,FOVNotMatch,2008/12/30 5:34:07.00,SAT_00963,2.826829653,5.721191483,SAT_23754,2.684608881,7.802522789,SAT_25585,2.850542631,8.506010117
frame-g-007881-1-0238,1,No match,FALSE,N/A,inf,32.59513138,-5.532732423,32.43055757,-5.5104798,FOVNotMatch,2008/12/30 5:34:43.00,SAT_00963,2.826829653,5.75142932,SAT_23754,2.684608881,7.772284952,SAT_25585,2.850542631,8.47577228
frame-g-007881-1-0240,1,No match,FALSE,N/A,inf,32.89338753,-5.46767755,32.77901468,-5.452245932,FOVNotMatch,2008/12/30 5:35:55.00,SAT_00963,2.826829653,5.768599776,SAT_23754,2.684608881,7.755114496,SAT_25585,2.850542631,8.458601824
frame-g-007881-3-0228,1,No match,FALSE,N/A,inf,30.8998748,-4.855026043,31.06493855,-4.880647427,FOVNotMatch,2008/12/30 5:28:45.00,SAT_23754,2.635008799,8.890271705,SAT_25585,3.060304,9.579559024,SAT_33059,3.110674666,9.655671201
frame-g-007881-3-0230,1,No match,FALSE,N/A,inf,31.19809182,-4.785323884,31.36301522,-4.81092753,FOVNotMatch,2008/12/30 5:29:56.00,SAT_23754,2.635008799,8.890752821,SAT_25585,3.060304,9.580040139,SAT_33059,3.110674666,9.656152316
frame-g-007881-1-0232,1,No match,FALSE,N/A,inf,31.65650547,-5.721371172,31.53484854,-5.704852639,FOVNotMatch,2008/12/30 5:31:08.00,SAT_23754,2.635008799,7.80617425,SAT_25585,3.060304,8.495461568,SAT_33059,3.110674666,8.571573745
frame-g-007881-1-0234,1,No match,FALSE,N/A,inf,31.9980292,-5.662447167,31.83359363,-5.639838261,FOVNotMatch,2008/12/30 5:32:20.00,SAT_23754,2.635008799,7.902228367,SAT_25585,3.060304,8.591515686,SAT_33059,3.110674666,8.667627863
frame-g-007881-3-0234,1,No match,FALSE,N/A,inf,31.82830705,-4.651330778,31.95902875,-4.671319265,FOVNotMatch,2008/12/30 5:32:20.00,SAT_23754,2.635008799,8.75782407,SAT_25585,3.060304,9.447111389,SAT_33059,3.110674666,9.523223566
frame-g-007881-2-0254,1,No match,FALSE,N/A,inf,34.81845364,-4.99222918,34.98148002,-5.013245807,FOVNotMatch,2008/12/30 5:44:16.00,SAT_23754,2.643694065,7.411055854,SAT_25585,2.90721297,8.140329645,SAT_33059,2.938236367,8.280367723
frame-g-007881-4-0245,1,No match,FALSE,N/A,inf,33.51978968,-4.276568275,33.59698456,-4.287814348,FOVNotMatch,2008/12/30 5:38:54.00,SAT_01317,5.393868768,6.978414299,SAT_23754,3.606278055,8.348480842,SAT_26639,5.90920888,8.385913094
frame-g-007881-2-0248,1,No match,FALSE,N/A,inf,33.92189551,-5.186519415,34.05999499,-5.204450552,FOVNotMatch,2008/12/30 5:40:41.00,SAT_01317,5.393868768,6.094956468,SAT_23754,3.606278055,7.465023011,SAT_26639,5.90920888,7.502455263
frame-g-007881-2-0250,1,No match,FALSE,N/A,inf,34.22008705,-5.121518458,34.38520077,-5.143065041,FOVNotMatch,2008/12/30 5:41:53.00,SAT_01317,5.393868768,6.131171773,SAT_23754,3.606278055,7.501238316,SAT_26639,5.90920888,7.538670568
frame-g-001484-6-0032,1,No match,FALSE,N/A,inf,193.8496557,55.81573612,194.1422691,55.84499482,FOVNotMatch,2000/5/11 5:21:06.00,SAT_14520,5.47260239,27.70923532,SAT_25770,4.032521331,35.25617479,SAT_02141,4.058511208,51.76294137
frame-g-001481-6-0088,1,Success,TRUE,SAT_19467,2.627737981,169.3602729,1.171784185,169.4383365,0.986201468,,2000/5/11 3:58:12.00,SAT_19467,5.187084134,2.627737981,SAT_20830,3.036847575,7.13202734,SAT_02377,0.45227086,18.46490978
frame-g-001481-2-0067,1,No match,FALSE,N/A,inf,166.1337557,-0.664827371,166.1639334,-0.641990527,FOVNotMatch,2000/5/11 3:45:40.00,SAT_25986,3.248164689,6.832029027,SAT_15385,3.793423528,36.66342511,SAT_16274,3.820551021,36.74367612
frame-g-001481-2-0068,1,No match,FALSE,N/A,inf,166.3485674,-0.729705221,166.4440979,-0.656561481,FOVNotMatch,2000/5/11 3:46:16.00,SAT_25986,3.248164689,7.155573225,SAT_15385,3.793423528,36.98696931,SAT_16274,3.820551021,37.06722032
frame-g-001659-5-0300,1,No match,FALSE,N/A,inf,350.2198346,-8.863254436,350.3079932,-8.898016031,FOVNotMatch,2000/9/3 7:19:37.00,SAT_25955,4.667301205,14.20986571,SAT_20127,3.519835729,20.14745477,SAT_23615,3.692550229,20.83016881
frame-g-001659-4-0280,1,No match,FALSE,N/A,inf,347.2195987,-9.107912964,347.2516227,-9.091898865,FOVNotMatch,2000/9/3 7:07:41.00,SAT_22089,0.852458992,7.023167261,SAT_05587,0.583177295,10.28209489,SAT_04902,1.759004256,10.30791948
frame-g-001659-3-0239,1,No match,FALSE,N/A,inf,341.0617734,-9.321525094,341.095389,-9.294110705,FOVNotMatch,2000/9/3 6:43:12.00,SAT_22089,3.401522773,5.086946783,SAT_09799,2.57277355,21.88125142,SAT_03029,3.862577101,23.53166015
frame-g-001662-3-0149,1,No match,FALSE,N/A,inf,352.6007751,-10.02673522,352.7101836,-10.18099572,FOVNotMatch,2000/9/4 10:19:59.00,SAT_19234,1.710837863,29.56572179,SAT_12532,2.942916238,35.83274171,SAT_19112,1.702100508,38.99908491
frame-g-001662-3-0150,1,No match,FALSE,N/A,inf,352.8831749,-10.00801929,352.9179674,-10.05679487,FOVNotMatch,2000/9/4 10:20:35.00,SAT_19234,1.710837863,29.72583232,SAT_12532,2.942916238,35.99285225,SAT_19112,1.702100508,38.83897438
frame-g-001662-3-0150,2,Success,TRUE,SAT_25111,2.257667744,352.8977785,-10.13697347,352.914563,-10.14002181,,2000/9/4 10:20:35.00,SAT_25111,5.913981238,2.257667744,SAT_19112,1.702100508,5.623101074,SAT_23239,3.593660369,7.288010597
frame-g-001666-3-0121,1,No match,FALSE,N/A,inf,349.3270612,-9.81826098,349.3414552,-9.917340873,FOVNotMatch,2000/9/5 9:28:10.00,SAT_21177,1.903517932,16.44563464,SAT_12311,0.130029207,21.90246381,SAT_01361,5.810751619,52.05597966
frame-g-001663-5-0070,1,Success,TRUE,SAT_13636,0.124361035,25.56245578,-8.823885912,25.62913551,-8.810191987,,2000/9/4 11:15:51.00,SAT_13636,2.489543311,0.124361035,SAT_15484,3.162600286,0.169835676,SAT_09862,3.375561117,0.927414398
frame-g-001663-5-0070,2,No match,FALSE,N/A,inf,25.60333767,-8.851891368,25.73079337,-8.88700578,FOVNotMatch,2000/9/4 11:15:51.00,SAT_25776,0.048730113,8.849796109,SAT_23299,1.866961315,9.151954641,SAT_21906,4.403785358,15.54742513
frame-g-001666-4-0197,1,No match,FALSE,N/A,inf,0.735482981,-9.786811234,0.899844969,-9.831273857,FOVNotMatch,2000/9/5 10:13:32.00,SAT_01000,0.253541042,13.63118264,SAT_12351,0.43243843,15.30052324,SAT_22117,5.254187268,15.30958198
frame-g-001666-4-0199,1,No match,FALSE,N/A,inf,1.038411908,-9.845607179,1.058080225,-9.849997508,FOVNotMatch,2000/9/5 10:14:44.00,SAT_01000,0.253541042,11.04522093,SAT_12351,0.43243843,12.71456153,SAT_22117,5.254187268,12.72362027
frame-g-001666-4-0199,2,No match,FALSE,N/A,inf,1.141598806,-9.740588456,1.204639807,-9.757449108,FOVNotMatch,2000/9/5 10:14:44.00,SAT_01000,0.253541042,13.46291891,SAT_12351,0.43243843,15.1322595,SAT_22117,5.254187268,15.14131825
frame-g-001666-6-0216,1,No match,FALSE,N/A,inf,3.624833059,-9.11609725,3.688858707,-9.133462729,FOVNotMatch,2000/9/5 10:24:53.00,SAT_22117,4.468569557,15.31851866,SAT_15946,3.751063609,15.32823511,SAT_23016,3.792346951,15.33149378
frame-g-001666-6-0217,1,No match,FALSE,N/A,inf,3.77739304,-9.076375205,3.94104726,-9.121337333,FOVNotMatch,2000/9/5 10:25:29.00,SAT_22117,4.468569557,15.50675606,SAT_15946,3.751063609,15.51647251,SAT_23016,3.792346951,15.51973118
frame-g-001666-6-0219,1,No match,FALSE,N/A,inf,4.080517667,-8.9970151,4.244106787,-9.04133172,FOVNotMatch,2000/9/5 10:26:40.00,SAT_22117,4.468569557,15.29668342,SAT_15946,3.751063609,15.30639986,SAT_23016,3.792346951,15.30965853
frame-g-001666-6-0220,1,No match,FALSE,N/A,inf,4.231879721,-8.957631533,4.395281142,-9.001098417,FOVNotMatch,2000/9/5 10:27:16.00,SAT_22117,4.468569557,15.03098259,SAT_15946,3.751063609,15.04069904,SAT_23016,3.792346951,15.04395771
frame-g-001666-6-0221,1,No match,FALSE,N/A,inf,4.403266699,-8.923425094,4.547851624,-8.961783296,FOVNotMatch,2000/9/5 10:27:52.00,SAT_22117,4.468569557,14.99090096,SAT_15946,3.751063609,15.0006174,SAT_23016,3.792346951,15.00387607
frame-g-001666-1-0226,1,Success,TRUE,SAT_21833,1.343431848,5.142893701,-11.20225995,5.186500451,-11.24596992,,2000/9/5 10:30:51.00,SAT_21833,4.568997559,1.343431848,SAT_00862,5.943240012,27.25259359,SAT_23866,5.073572768,35.75390565
frame-g-001666-2-0266,1,No match,FALSE,N/A,inf,11.23723055,-10.67981172,11.29397608,-10.54329425,FOVNotMatch,2000/9/5 10:54:44.00,SAT_25372,2.232727569,40.56577347,SAT_01359,0.518463697,42.35107657,SAT_14616,0.039309205,47.30989827
frame-g-001666-3-0266,1,No match,FALSE,N/A,inf,11.37572277,-10.34660203,11.39567052,-10.29981554,FOVNotMatch,2000/9/5 10:54:44.00,SAT_25372,2.232727569,40.0326824,SAT_01359,0.518463697,41.81798549,SAT_14616,0.039309205,47.84298934
frame-g-001666-1-0288,1,No match,FALSE,N/A,inf,14.6351792,-11.1088247,14.73640301,-10.88104995,FOVNotMatch,2000/9/5 11:07:52.00,SAT_04929,5.492380324,21.2894606,SAT_25372,1.00770141,39.5927335,SAT_12975,5.304009465,46.87694327
frame-g-001666-4-0304,1,Success,TRUE,SAT_23866,3.835065839,17.08825795,-9.741824814,17.16039487,-9.752795646,,2000/9/5 11:17:26.00,SAT_23866,3.202864886,3.835065839,SAT_24786,4.991674129,8.699346947,SAT_22117,4.909543736,8.730518238
frame-g-001729-2-0080,1,No match,FALSE,N/A,inf,359.4970648,-10.72730249,359.5147008,-10.75128523,FOVNotMatch,2000/9/26 7:15:31.00,SAT_07902,2.876214045,20.93200861,SAT_19059,5.345132584,34.03652511,SAT_00862,5.074810621,39.63360928
frame-g-001729-2-0081,1,No match,FALSE,N/A,inf,359.6771748,-10.56537892,359.814127,-10.74916495,FOVNotMatch,2000/9/26 7:16:07.00,SAT_07902,2.876214045,20.56353571,SAT_19059,5.345132584,34.40499801,SAT_00862,5.074810621,39.26513638
frame-g-001729-5-0111,1,Success,TRUE,SAT_10095,1.696177318,4.317988775,-9.34813879,4.379619447,-9.365857044,,2000/9/26 7:34:02.00,SAT_10095,4.850795775,1.696177318,SAT_10652,2.496576944,10.25220885,SAT_25843,3.989157527,12.5261865
frame-g-001729-3-0142,1,Success,TRUE,SAT_25843,4.492683613,8.938892771,-10.3652191,9.080176191,-10.38763961,,2000/9/26 7:52:32.00,SAT_25843,3.644645379,4.492683613,SAT_25611,5.107754139,9.011613395,SAT_25493,2.709437657,9.017986717
frame-g-001729-3-0143,1,Success,TRUE,SAT_25843,4.458985557,9.091129103,-10.33770869,9.256400281,-10.36383991,,2000/9/26 7:53:08.00,SAT_25843,3.644645379,4.458985557,SAT_25611,5.107754139,8.977915339,SAT_25493,2.709437657,8.984288661
frame-g-001729-3-0145,1,Success,TRUE,SAT_25843,4.278759028,9.394669789,-10.282009,9.560172356,-10.30765627,,2000/9/26 7:54:20.00,SAT_25843,3.644645379,4.278759028,SAT_25611,5.107754139,8.79768881,SAT_25493,2.709437657,8.804062132
frame-g-001729-3-0146,1,Success,TRUE,SAT_25843,4.386855927,9.546681627,-10.25424195,9.711735526,-10.28013604,,2000/9/26 7:54:56.00,SAT_25843,3.644645379,4.386855927,SAT_25611,5.107754139,8.905785708,SAT_25493,2.709437657,8.912159031
frame-g-001729-3-0147,1,Success,TRUE,SAT_25843,4.378073196,9.697961369,-10.22610771,9.863725033,-10.25208981,,2000/9/26 7:55:32.00,SAT_25843,3.644645379,4.378073196,SAT_25611,5.107754139,8.897002977,SAT_25493,2.709437657,8.9033763
frame-g-001729-3-0149,1,No match,FALSE,N/A,inf,10.09917446,-10.19187528,10.16862843,-10.29729656,FOVNotMatch,2000/9/26 7:56:43.00,SAT_25828,4.415732369,35.02778461,SAT_11888,3.451316972,43.40296274,SAT_10167,4.44736597,43.57511905
frame-g-001729-3-0149,2,Success,TRUE,SAT_25843,3.835803049,10.00152454,-10.1705206,10.16688533,-10.19547093,,2000/9/26 7:56:43.00,SAT_25843,3.342970891,3.835803049,SAT_25493,1.408544261,7.925783278,SAT_25611,5.098927505,8.590858313
frame-g-001729-3-0150,1,Success,TRUE,SAT_25843,0.182870037,10.21585764,-10.35799464,10.32260245,-10.36729687,,2000/9/26 7:57:19.00,SAT_25843,3.342970891,0.182870037,SAT_25493,1.408544261,4.272850267,SAT_25611,5.098927505,4.937925302
frame-g-001729-3-0150,2,Success,TRUE,SAT_25843,3.885059633,10.18653796,-10.14781423,10.31846566,-10.16783588,,2000/9/26 7:57:19.00,SAT_25843,3.342970891,3.885059633,SAT_25493,1.408544261,7.975039862,SAT_25611,5.098927505,8.640114897
frame-g-001729-4-0164,1,Success,TRUE,SAT_25843,2.857114086,12.27422948,-9.747239569,12.43921639,-9.770596808,,2000/9/26 8:05:41.00,SAT_25843,2.705529931,2.857114086,SAT_25493,1.776171985,5.951307092,SAT_25611,4.810327251,8.11055907
frame-g-001729-4-0167,1,Success,TRUE,SAT_25843,2.437229512,12.83118195,-9.676544752,12.89326659,-9.684878864,,2000/9/26 8:07:28.00,SAT_25843,2.705529931,2.437229512,SAT_25493,1.776171985,5.531422518,SAT_25611,4.810327251,7.690674496
frame-g-001729-4-0158,1,Success,TRUE,SAT_25843,3.452310969,11.36567034,-9.91678793,11.45177455,-9.92956474,,2000/9/26 8:02:06.00,SAT_25843,2.926010258,3.452310969,SAT_25493,2.574686003,7.020181975,SAT_25611,4.627237386,8.474385852
frame-g-001729-4-0160,1,Success,TRUE,SAT_25843,3.38471366,11.66853784,-9.860443215,11.83316658,-9.884680211,,2000/9/26 8:03:17.00,SAT_25843,2.926010258,3.38471366,SAT_25493,2.574686003,6.952584666,SAT_25611,4.627237386,8.406788544
frame-g-001729-4-0162,1,Success,TRUE,SAT_25843,3.294725279,11.97121164,-9.804027757,12.13641681,-9.828092458,,2000/9/26 8:04:29.00,SAT_25843,2.926010258,3.294725279,SAT_25493,2.574686003,6.862596286,SAT_25611,4.627237386,8.316800163
frame-g-001729-5-0175,1,Success,TRUE,SAT_25773,0.535953755,13.93648495,-9.432264146,14.07077314,-9.450647795,,2000/9/26 8:12:15.00,SAT_25773,2.590051485,0.535953755,SAT_25843,2.377047229,2.268224639,SAT_25493,4.343200216,4.604124288
frame-g-001729-5-0177,1,Success,TRUE,SAT_25773,0.491854014,14.23856876,-9.374607684,14.40347685,-9.397059114,,2000/9/26 8:13:26.00,SAT_25773,2.590051485,0.491854014,SAT_25843,2.377047229,2.224124898,SAT_25493,4.343200216,4.560024547
frame-g-001729-5-0178,1,Success,TRUE,SAT_25773,0.414985091,14.38956031,-9.346026262,14.55456357,-9.368269962,,2000/9/26 8:14:02.00,SAT_25773,2.590051485,0.414985091,SAT_25843,2.377047229,2.147255975,SAT_25493,4.343200216,4.483155624
frame-g-001729-5-0180,1,Success,TRUE,SAT_25773,0.172051799,14.69180813,-9.288579879,14.85656005,-9.310091547,,2000/9/26 8:15:14.00,SAT_25773,2.590051485,0.172051799,SAT_25843,2.377047229,1.904322683,SAT_25493,4.343200216,4.240222332
frame-g-001729-5-0181,1,Success,TRUE,SAT_25773,0.408415191,14.84347998,-9.259617793,15.00714482,-9.281667661,,2000/9/26 8:15:50.00,SAT_25773,2.590051485,0.408415191,SAT_25843,2.377047229,2.140686075,SAT_25493,4.343200216,4.476585724
frame-g-001729-5-0183,1,Success,TRUE,SAT_25843,1.824318414,15.14457867,-9.201337762,15.30886881,-9.223216751,,2000/9/26 8:17:01.00,SAT_25843,2.09521304,1.824318414,SAT_20580,1.114825437,6.55118037,SAT_22911,5.832236125,7.636426948
frame-g-001729-5-0184,1,Success,TRUE,SAT_25843,1.1566191,15.40785396,-9.187532348,15.45993546,-9.193859496,,2000/9/26 8:17:37.00,SAT_25843,2.09521304,1.1566191,SAT_20580,1.114825437,5.883481056,SAT_22911,5.832236125,6.968727634
frame-g-001729-6-0192,1,Success,TRUE,SAT_25843,1.04537078,16.50063107,-8.939819396,16.60329271,-8.952553827,,2000/9/26 8:22:24.00,SAT_25843,2.12614776,1.04537078,SAT_22911,5.52738512,7.110553482,SAT_22930,4.99147895,7.12176642
frame-g-001729-6-0194,1,Success,TRUE,SAT_25843,0.846567511,16.80184308,-8.881452792,16.96726867,-8.901399928,,2000/9/26 8:23:35.00,SAT_25843,2.12614776,0.846567511,SAT_22911,5.52738512,6.911750214,SAT_22930,4.99147895,6.922963151
frame-g-001729-6-0195,1,Success,TRUE,SAT_25843,0.858634696,16.95206136,-8.852204139,17.11684761,-8.872110573,,2000/9/26 8:24:11.00,SAT_25843,2.12614776,0.858634696,SAT_22911,5.52738512,6.923817398,SAT_22930,4.99147895,6.935030336
frame-g-001729-6-0196,1,Success,TRUE,SAT_25843,0.921560581,17.10282846,-8.822761717,17.2682511,-8.842928849,,2000/9/26 8:24:47.00,SAT_25843,2.12614776,0.921560581,SAT_22911,5.52738512,6.986743284,SAT_22930,4.99147895,6.997956221
frame-g-001729-6-0198,1,Success,TRUE,SAT_25843,0.69965433,17.40410076,-8.764570687,17.56888016,-8.784022561,,2000/9/26 8:25:59.00,SAT_25843,2.12614776,0.69965433,SAT_22911,5.52738512,6.764837032,SAT_22930,4.99147895,6.77604997
frame-g-001729-6-0199,1,Success,TRUE,SAT_25843,0.494540947,17.55418585,-8.734973082,17.71995999,-8.754514451,,2000/9/26 8:26:34.00,SAT_25843,2.015847366,0.494540947,SAT_22656,5.620988009,6.558439794,SAT_22911,5.493340373,6.755068155
frame-g-001729-3-0199,1,No match,FALSE,N/A,inf,17.61125693,-10.1755767,17.7712913,-10.06443117,FOVNotMatch,2000/9/26 8:26:34.00,SAT_25372,3.872045373,5.883348845,SAT_10000,2.87760032,17.67981154,SAT_11353,5.274747346,20.24864908
frame-g-001729-6-0200,1,Success,TRUE,SAT_25843,0.511660219,17.70478041,-8.705708532,17.87070214,-8.725318533,,2000/9/26 8:27:10.00,SAT_25843,2.015847366,0.511660219,SAT_22656,5.620988009,6.575559067,SAT_22911,5.493340373,6.772187427
frame-g-001729-6-0201,1,Success,TRUE,SAT_25843,0.3313165,17.89732306,-8.68138797,18.02081228,-8.695594418,,2000/9/26 8:27:46.00,SAT_25843,2.015847366,0.3313165,SAT_22656,5.620988009,6.395215348,SAT_22911,5.493340373,6.591843708
frame-g-001729-5-0377,1,Success,TRUE,SAT_14050,0.531818941,44.43863729,-7.298864214,44.56856564,-7.276061152,,2000/9/26 10:12:51.00,SAT_14050,3.192788087,0.531818941,SAT_15484,3.845021639,1.527107945,SAT_08838,5.929214863,3.417867386
frame-g-001729-5-0380,1,Success,TRUE,SAT_14050,0.450685457,44.91311385,-7.274719722,45.05320965,-7.249927843,,2000/9/26 10:14:39.00,SAT_14050,3.192788087,0.450685457,SAT_15484,3.845021639,1.445974461,SAT_08838,5.929214863,3.336733902
frame-g-001729-4-0414,1,Success,TRUE,SAT_15484,0.037457856,50.02921455,-7.04108,50.19057777,-7.008889669,,2000/9/26 10:34:57.00,SAT_15484,4.728806985,0.037457856,SAT_14050,3.888897588,0.883286162,SAT_25542,3.071232785,4.226496495
frame-g-001729-4-0416,1,Success,TRUE,SAT_15484,0.03180115,50.33139084,-7.026356757,50.49187934,-6.994356279,,2000/9/26 10:36:08.00,SAT_15484,4.728806985,0.03180115,SAT_14050,3.888897588,0.877629456,SAT_25542,3.071232785,4.232153201
frame-g-001729-4-0417,1,Success,TRUE,SAT_15484,0.037496518,50.48289946,-7.019217974,50.64277001,-6.987323817,,2000/9/26 10:36:44.00,SAT_15484,4.728806985,0.037496518,SAT_14050,3.888897588,0.883324825,SAT_25542,3.071232785,4.226457832
frame-g-001729-3-0436,1,Success,TRUE,SAT_15484,0.727414411,53.35329869,-6.879600181,53.41720255,-6.866247412,,2000/9/26 10:48:05.00,SAT_15484,5.38042419,0.727414411,SAT_14050,4.557655476,1.489077435,SAT_25542,4.641245665,2.596811607
frame-g-001729-2-0440,1,No match,FALSE,N/A,inf,54.02246583,-7.333916255,54.09170365,-7.426987589,FOVNotMatch,2000/9/26 10:50:28.00,SAT_23853,1.599130158,27.63723918,SAT_26018,1.496590151,27.93100163,SAT_22911,3.976338149,53.55660599
frame-g-001729-3-0440,1,Success,TRUE,SAT_15484,1.03688282,53.95761915,-6.849719479,54.11885485,-6.815122247,,2000/9/26 10:50:28.00,SAT_15484,5.38042419,1.03688282,SAT_14050,4.557655476,1.798545844,SAT_25542,4.641245665,2.287343198
frame-g-001729-4-0401,1,Success,TRUE,SAT_14050,0.442841565,48.0647633,-7.133912843,48.22651051,-7.102816411,,2000/9/26 10:27:11.00,SAT_14050,3.775100856,0.442841565,SAT_15484,4.575477077,0.456466178,SAT_25542,2.672344659,5.352775915
frame-g-001729-4-0402,1,Success,TRUE,SAT_14050,0.324758936,48.21566116,-7.126376324,48.37656433,-7.095782947,,2000/9/26 10:27:47.00,SAT_14050,3.775100856,0.324758936,SAT_15484,4.575477077,0.574548806,SAT_25542,2.672344659,5.470858544
frame-g-001729-4-0404,1,Success,TRUE,SAT_14050,0.438034233,48.5182679,-7.112218156,48.67853005,-7.081419632,,2000/9/26 10:28:59.00,SAT_14050,3.775100856,0.438034233,SAT_15484,4.575477077,0.46127351,SAT_25542,2.672344659,5.357583247
frame-g-001729-4-0405,1,Success,TRUE,SAT_15484,0.290652665,48.66920653,-7.105406954,48.82900976,-7.074205921,,2000/9/26 10:29:34.00,SAT_15484,4.575477077,0.290652665,SAT_14050,3.775100856,0.608655077,SAT_25542,2.672344659,5.186962403
frame-g-001729-3-0443,1,Success,TRUE,SAT_15484,1.287618631,54.41169449,-6.826948613,54.57225204,-6.792015781,,2000/9/26 10:52:16.00,SAT_15484,5.447757475,1.287618631,SAT_25542,5.306159793,1.636297861,SAT_14050,4.489752417,2.010701097
frame-g-001729-3-0445,1,Success,TRUE,SAT_15484,1.264575759,54.71387464,-6.811713345,54.87442692,-6.776847741,,2000/9/26 10:53:27.00,SAT_15484,5.447757475,1.264575759,SAT_25542,5.306159793,1.659340733,SAT_14050,4.489752417,1.987658225
frame-g-001729-3-0446,1,Success,TRUE,SAT_15484,1.320053743,54.86511111,-6.804193738,55.02572274,-6.769152849,,2000/9/26 10:54:03.00,SAT_15484,5.447757475,1.320053743,SAT_25542,5.306159793,1.603862749,SAT_14050,4.489752417,2.043136209
frame-g-001729-3-0447,1,Success,TRUE,SAT_15484,1.23990391,55.01561223,-6.796706892,55.17531914,-6.762095346,,2000/9/26 10:54:39.00,SAT_15484,5.447757475,1.23990391,SAT_25542,5.306159793,1.684012582,SAT_14050,4.489752417,1.962986375
frame-g-001729-3-0453,1,Success,TRUE,SAT_25542,0.925159413,55.92253106,-6.750973407,56.08219165,-6.715699927,,2000/9/26 10:58:14.00,SAT_25542,5.786521553,0.925159413,SAT_15484,5.537564975,1.573229531,SAT_14050,4.557142761,2.252962109
frame-g-001729-2-0474,1,Success,TRUE,SAT_14050,2.810951219,59.09550253,-6.588007232,59.25500561,-6.551563622,,2000/9/26 11:10:46.00,SAT_14050,5.068031582,2.810951219,SAT_13957,5.212888199,7.123481842,SAT_22927,0.045930935,9.943361856
frame-g-001729-2-0475,1,Success,TRUE,SAT_14050,3.064494671,59.2470174,-6.580462351,59.40722025,-6.543115973,,2000/9/26 11:11:22.00,SAT_14050,5.068031582,3.064494671,SAT_13957,5.212888199,6.869938389,SAT_22927,0.045930935,10.19690531
frame-g-001729-2-0478,1,Success,TRUE,SAT_14050,3.123848393,59.69992398,-6.556807794,59.85950282,-6.519431798,,2000/9/26 11:13:09.00,SAT_14050,5.068031582,3.123848393,SAT_13957,5.212888199,6.810584667,SAT_22927,0.045930935,10.25625903
frame-g-001729-5-0479,1,Success,TRUE,SAT_13957,3.604682359,59.68304652,-5.384085594,59.81397894,-5.345542911,,2000/9/26 11:13:45.00,SAT_13957,5.212888199,3.604682359,SAT_14050,5.068031582,6.329750702,SAT_22927,0.045930935,13.46216134
frame-g-001729-5-0480,1,Success,TRUE,SAT_13957,3.945634176,59.92615829,-5.35715399,59.99342475,-5.33778477,,2000/9/26 11:14:21.00,SAT_13957,5.212888199,3.945634176,SAT_14050,5.068031582,5.988798885,SAT_22927,0.045930935,13.12120952
frame-g-001729-4-0489,1,No match,FALSE,N/A,inf,61.20257363,-5.384636652,61.29918343,-5.355920797,FOVNotMatch,2000/9/26 11:19:44.00,SAT_15484,5.381473998,6.085534105,SAT_14050,4.366188589,6.605311561,SAT_22654,5.428187607,10.51054952
frame-g-001729-4-0492,1,No match,FALSE,N/A,inf,61.65862973,-5.384694862,61.81713063,-5.337315982,FOVNotMatch,2000/9/26 11:21:31.00,SAT_15484,5.381473998,6.174193852,SAT_14050,4.366188589,6.693971308,SAT_22654,5.428187607,10.59920927
frame-g-001729-4-0493,1,No match,FALSE,N/A,inf,61.81052724,-5.3848087,61.96903713,-5.337467028,FOVNotMatch,2000/9/26 11:22:07.00,SAT_15484,5.381473998,6.160909683,SAT_14050,4.366188589,6.680687139,SAT_22654,5.428187607,10.5859251
frame-g-001729-4-0494,1,No match,FALSE,N/A,inf,61.96290227,-5.38463974,62.12050917,-5.33745715,FOVNotMatch,2000/9/26 11:22:43.00,SAT_15484,5.381473998,6.197953575,SAT_14050,4.366188589,6.717731031,SAT_22654,5.428187607,10.62296899
frame-g-001729-4-0495,1,No match,FALSE,N/A,inf,62.11426832,-5.384673548,62.27236686,-5.337273377,FOVNotMatch,2000/9/26 11:23:19.00,SAT_15484,5.381473998,6.221449934,SAT_14050,4.366188589,6.74122739,SAT_22654,5.428187607,10.64646535
frame-g-001729-1-0500,1,Success,TRUE,SAT_02886,2.506832583,63.02394913,-6.381191476,63.08998682,-6.365740083,,2000/9/26 11:26:18.00,SAT_02886,2.759968607,2.506832583,SAT_14050,5.579902611,3.331209509,SAT_22654,2.647288317,7.105306436
frame-g-001729-1-0501,1,Success,TRUE,SAT_02886,1.83764929,63.17519674,-6.373464482,63.33398193,-6.334360015,,2000/9/26 11:26:53.00,SAT_02886,2.759968607,1.83764929,SAT_14050,5.579902611,4.000392801,SAT_22654,2.647288317,7.774489728
frame-g-001729-1-0502,1,Success,TRUE,SAT_02886,1.8620667,63.32598472,-6.365190134,63.48610513,-6.325828173,,2000/9/26 11:27:29.00,SAT_02886,2.759968607,1.8620667,SAT_14050,5.579902611,3.975975391,SAT_22654,2.647288317,7.750072319
frame-g-001729-1-0503,1,Success,TRUE,SAT_02886,1.890547225,63.47720373,-6.357146974,63.63727511,-6.317880365,,2000/9/26 11:28:05.00,SAT_02886,2.759968607,1.890547225,SAT_14050,5.579902611,3.947494866,SAT_22654,2.647288317,7.721591793
frame-g-001740-4-0114,1,No match,FALSE,N/A,inf,13.895704,-9.580144926,13.91825132,-9.66139377,FOVNotMatch,2000/9/27 9:26:33.00,SAT_04382,1.956916011,18.11695059,SAT_25843,0.687701094,69.56008648,SAT_12546,3.906380271,70.62636442
frame-g-001740-4-0115,1,No match,FALSE,N/A,inf,14.15833139,-9.43212388,14.21410082,-9.626052605,FOVNotMatch,2000/9/27 9:27:09.00,SAT_04382,1.956916011,17.58513439,SAT_25843,0.687701094,69.02827028,SAT_12546,3.906380271,70.09454822
frame-g-001741-5-0018,1,No match,FALSE,N/A,inf,23.63007493,-8.799488321,23.65711078,-8.778190669,FOVNotMatch,2000/9/27 10:16:53.00,SAT_19162,5.563275104,21.37417864,SAT_15144,5.123255598,26.96728599,SAT_15946,4.151772462,27.29552757
frame-g-001742-5-0021,1,Success,TRUE,SAT_26109,2.040134189,63.93718089,0.652153767,64.07059851,0.634078291,,2000/9/27 11:05:41.00,SAT_26109,4.118640282,2.040134189,SAT_24654,4.085333908,3.008525531,SAT_21815,5.652805332,8.637568371
frame-g-001742-5-0022,1,Success,TRUE,SAT_26109,2.013900569,64.13698023,0.665601371,64.24927415,0.650335428,,2000/9/27 11:06:17.00,SAT_26109,4.118640282,2.013900569,SAT_24654,4.085333908,3.034759151,SAT_21815,5.652805332,8.66380199
frame-g-001742-6-0040,1,No match,FALSE,N/A,inf,66.86189294,0.945780669,66.93270492,1.170115071,FOVNotMatch,2000/9/27 11:17:02.00,SAT_13298,5.162412958,6.456537136,SAT_22081,1.43378176,22.34586559,SAT_10934,0.10929014,36.13014831
frame-g-001742-5-0041,1,No match,FALSE,N/A,inf,67.03851701,0.548753913,67.09457047,0.728041451,FOVNotMatch,2000/9/27 11:17:38.00,SAT_13298,5.162412958,6.301462046,SAT_22081,1.43378176,22.50094068,SAT_10934,0.10929014,35.97507322
frame-g-001742-6-0050,1,Success,TRUE,SAT_26109,0.659088096,68.27930115,1.121739409,68.44001093,1.093414191,,2000/9/27 11:23:00.00,SAT_26109,5.200768877,0.659088096,SAT_24654,4.664037889,3.9763514,SAT_21815,5.24976402,10.01110261
frame-g-001752-4-0048,1,No match,FALSE,N/A,inf,28.08365738,0.363537317,28.11798953,0.347528976,FOVNotMatch,2000/10/1 8:21:50.00,SAT_08747,4.322748108,12.46236602,SAT_21727,0.783082024,23.72805951,SAT_23846,5.730817887,24.9534793
frame-g-001752-3-0094,1,No match,FALSE,N/A,inf,35.00092741,-0.205877718,34.92250599,0.018775253,FOVNotMatch,2000/10/1 8:49:18.00,SAT_11550,4.125068836,29.62634753,SAT_21854,3.123706415,38.2662524,SAT_21007,1.956596669,38.48296248
frame-g-001752-4-0095,1,No match,FALSE,N/A,inf,35.07479795,0.438616109,35.15350623,0.214284674,FOVNotMatch,2000/10/1 8:49:54.00,SAT_11550,4.125068836,29.71689202,SAT_21854,3.123706415,38.35679689,SAT_21007,1.956596669,38.57350697
frame-g-001752-2-0086,1,No match,FALSE,N/A,inf,33.74313887,-0.624873904,33.73029876,-0.590062193,FOVNotMatch,2000/10/1 8:44:31.00,SAT_23527,1.351641501,12.19736887,SAT_11550,4.18454749,30.58981597,SAT_21854,5.290336567,39.26676373
frame-g-001752-1-0092,1,No match,FALSE,N/A,inf,34.69515023,-1.044329927,34.61727863,-0.820505079,FOVNotMatch,2000/10/1 8:48:06.00,SAT_23527,1.351641501,11.13329396,SAT_11550,4.18454749,29.52574105,SAT_21854,5.290336567,38.20268882
frame-g-001755-5-0130,1,No match,FALSE,N/A,inf,323.0899608,0.628438553,323.2476773,0.60888744,FOVNotMatch,2000/10/2 6:05:45.00,SAT_20945,5.804439963,7.01528327,SAT_22096,5.703407834,7.050129807,SAT_21227,5.889472931,7.067803392
frame-g-001752-2-0320,1,No match,FALSE,N/A,inf,68.67833672,-0.602911113,68.81379267,-0.463028807,FOVNotMatch,2000/10/1 11:04:14.00,SAT_07376,3.940266337,23.97836909,SAT_15270,1.778313066,32.2496929,SAT_15484,4.911130599,35.66906893
frame-g-001752-1-0338,1,No match,FALSE,N/A,inf,71.37379907,-0.957340562,71.4243881,-0.940007333,FOVNotMatch,2000/10/1 11:14:59.00,SAT_15484,5.010709582,8.892103609,SAT_19483,1.58238045,8.909675194,SAT_10953,4.891901007,9.033257694
frame-g-001752-3-0356,1,Success,TRUE,SAT_13631,1.171959403,74.12518326,-0.203555282,74.22492476,-0.192661016,,2000/10/1 11:25:44.00,SAT_13631,2.725623778,1.171959403,SAT_15560,2.923178241,1.217021179,SAT_15677,5.983084499,2.396308529
frame-g-001755-3-0490,1,No match,FALSE,N/A,inf,16.99602607,-0.4346944,17.12370942,-0.218115514,FOVNotMatch,2000/10/2 9:40:42.00,SAT_23489,5.737974065,10.37930892,SAT_08820,5.77375821,11.8349709,SAT_11888,4.259679259,18.33244259
frame-g-001755-5-0504,1,Success,TRUE,SAT_03431,0.145912544,19.13941687,0.434313573,19.24070182,0.458231786,,2000/10/2 9:49:03.00,SAT_03431,4.073374857,0.145912544,SAT_06278,5.432950335,2.395026427,SAT_07324,0.312574171,2.883929611
frame-g-001755-3-0563,1,Success,TRUE,SAT_22849,2.854710434,28.01911225,-0.434766011,28.07411231,-0.406929099,,2000/10/2 10:24:17.00,SAT_22849,2.87380232,2.854710434,SAT_23835,5.892653476,9.298106201,SAT_07324,2.51774833,11.70349056
frame-g-001854-2-0098,1,No match,FALSE,N/A,inf,350.1565543,-10.07160297,350.194448,-10.21779929,FOVNotMatch,2000/11/17 2:49:35.00,SAT_18083,3.879855649,28.03639442,SAT_10938,2.572830363,31.64096118,SAT_10716,0.025934664,34.07215468
frame-g-001855-4-0032,1,No match,FALSE,N/A,inf,349.4415364,-9.40475116,349.6052907,-9.420933712,FOVNotMatch,2000/11/17 3:45:28.00,SAT_16274,2.126024322,5.5227169,SAT_25331,4.216472737,5.664591824,SAT_22205,5.428047609,5.686414746
frame-g-001855-4-0032,2,No match,FALSE,N/A,inf,349.5689448,-9.203775826,349.4975439,-9.320783675,FOVNotMatch,2000/11/17 3:45:28.00,SAT_06974,1.960558619,41.91253549,SAT_08366,2.244941892,43.26874648,SAT_10001,5.99735582,43.44836868
frame-g-001855-4-0041,1,Success,TRUE,SAT_16274,4.974018886,350.8082591,-9.395911349,350.9721375,-9.410440254,,2000/11/17 3:50:50.00,SAT_16274,2.512764533,4.974018886,SAT_25331,4.431402491,5.084650415,SAT_26056,4.898926419,5.137696309
frame-g-001855-3-0125,1,No match,FALSE,N/A,inf,3.708619554,-10.19851025,3.692201446,-10.11468035,FOVNotMatch,2000/11/17 4:41:00.00,SAT_13999,0.035136574,22.20270393,SAT_12992,4.253760695,23.24588751,SAT_15098,1.759936658,23.57412743
frame-g-001862-6-0051,1,Success,TRUE,SAT_12351,1.384490286,33.68862836,-7.598592354,33.81146342,-7.561568379,,2000/11/18 4:34:19.00,SAT_12351,5.501193697,1.384490286,SAT_07790,3.452747195,2.854056804,SAT_15141,3.050147072,3.251389679
frame-g-001862-5-0115,1,No match,FALSE,N/A,inf,43.31602778,-7.199428218,43.36547027,-7.231448343,FOVNotMatch,2000/11/18 5:12:32.00,SAT_18571,4.231176176,20.92961825,SAT_26039,4.802265276,30.30185745,SAT_20947,1.47204494,30.44435932
frame-g-001862-5-0115,2,No match,FALSE,N/A,inf,43.31952656,-7.220181942,43.46932512,-7.093576453,FOVNotMatch,2000/11/18 5:12:32.00,SAT_23953,3.975015879,20.16148259,SAT_19332,5.814280969,24.32229781,SAT_07790,4.868853775,26.76798227
frame-g-001863-2-0063,1,No match,FALSE,N/A,inf,54.43412014,-0.682022164,54.47591577,-0.73112683,FOVNotMatch,2000/11/18 6:18:56.00,SAT_08746,4.080280047,35.72026321,SAT_21660,4.017761188,42.11452483,SAT_23241,2.509409664,46.54058991
frame-g-001886-4-0101,1,Success,TRUE,SAT_14951,4.747935251,40.50920078,-7.805336247,40.60369305,-7.775821267,,2000/11/26 4:20:18.00,SAT_14951,3.784100998,4.747935251,SAT_15484,4.83720544,5.824869808,SAT_17065,1.921175822,6.61413291
frame-g-001886-4-0107,1,Success,TRUE,SAT_19073,0.332201951,41.40558173,-7.663807562,41.56812868,-7.638740788,,2000/11/26 4:23:53.00,SAT_19073,5.838097557,0.332201951,SAT_16597,1.89511203,0.54726755,SAT_14786,4.866461676,0.867820224
frame-g-001886-4-0108,1,Success,TRUE,SAT_19073,0.164763648,41.55688334,-7.656362855,41.71903339,-7.630858763,,2000/11/26 4:24:29.00,SAT_19073,5.852776345,0.164763648,SAT_16597,1.92750728,0.682074095,SAT_14786,4.831237585,1.013130929
frame-g-001886-4-0109,1,Success,TRUE,SAT_19073,0.128853665,41.70745693,-7.648894173,41.87001601,-7.62322176,,2000/11/26 4:25:05.00,SAT_19073,5.852776345,0.128853665,SAT_16597,1.92750728,0.717984078,SAT_14786,4.831237585,1.049040912
frame-g-001886-4-0111,1,Success,TRUE,SAT_19073,0.061298877,42.01024887,-7.633731588,42.17246309,-7.607565277,,2000/11/26 4:26:17.00,SAT_19073,5.852776345,0.061298877,SAT_16597,1.92750728,0.90813662,SAT_14786,4.831237585,1.239193454
frame-g-001886-4-0112,1,Success,TRUE,SAT_19073,0.049733292,42.16060675,-7.626243451,42.32283448,-7.600394271,,2000/11/26 4:26:52.00,SAT_19073,5.852776345,0.049733292,SAT_16597,1.92750728,0.797104451,SAT_14786,4.831237585,1.128161285
frame-g-001886-4-0114,1,Success,TRUE,SAT_19073,0.077822359,42.46305283,-7.610729147,42.62504545,-7.584997247,,2000/11/26 4:28:04.00,SAT_19073,5.852776345,0.077822359,SAT_16597,1.92750728,0.769015384,SAT_14786,4.831237585,1.100072218
frame-g-001889-6-0071,1,No match,FALSE,N/A,inf,115.85325,35.8643858,115.6849357,36.06316254,FOVNotMatch,2000/11/26 8:55:06.00,SAT_25884,1.834582367,7.444674808,SAT_13001,4.753619584,58.29086545,SAT_18477,14.16038031,N/A
frame-g-001886-4-0116,1,Success,TRUE,SAT_19073,0.118420454,42.76521403,-7.595398759,42.92750583,-7.569044457,,2000/11/26 4:29:16.00,SAT_19073,5.869786799,0.118420454,SAT_16597,1.96423381,0.927541543,SAT_14786,4.791274036,1.270348228
frame-g-001886-4-0117,1,Success,TRUE,SAT_19073,0.225287274,42.91618311,-7.587822927,43.0786498,-7.561131208,,2000/11/26 4:29:52.00,SAT_19073,5.869786799,0.225287274,SAT_16597,1.96423381,1.034408363,SAT_14786,4.791274036,1.377215047
frame-g-001886-4-0120,1,Success,TRUE,SAT_19073,0.324326869,43.36942637,-7.564536942,43.53185175,-7.537564506,,2000/11/26 4:31:39.00,SAT_19073,5.869786799,0.324326869,SAT_16597,1.96423381,1.133447957,SAT_17065,2.113795984,1.391658833
frame-g-001886-3-0127,1,No match,FALSE,N/A,inf,44.52339507,-7.722359715,44.55303461,-7.754349843,FOVNotMatch,2000/11/26 4:35:50.00,SAT_26475,3.039015065,13.13723039,SAT_10358,1.839326815,18.06913877,SAT_26072,3.760933644,19.45973601
frame-g-001886-1-0134,1,Success,TRUE,SAT_23845,4.820741319,45.61009301,-8.549769831,45.75335255,-8.503501582,,2000/11/26 4:40:01.00,SAT_23845,5.531030172,4.820741319,SAT_14951,5.605303371,5.466947356,SAT_17065,3.587176733,7.184699111
frame-g-001886-1-0135,1,Success,TRUE,SAT_23845,4.808746221,45.80629444,-8.549316978,45.92338495,-8.51152769,,2000/11/26 4:40:36.00,SAT_23845,5.531030172,4.808746221,SAT_14951,5.605303371,5.454952258,SAT_17065,3.587176733,7.172704012
frame-g-001886-1-0143,1,No match,FALSE,N/A,inf,46.95287872,-8.311585937,47.12666228,-8.49787644,FOVNotMatch,2000/11/26 4:45:23.00,SAT_26475,4.013109064,12.3659057,SAT_26072,2.721075523,19.11231189,SAT_23232,5.444855888,35.79225268
frame-g-001891-5-0059,1,Success,TRUE,SAT_06916,1.763950159,353.7758675,-9.037650703,353.814379,-9.177653412,,2000/11/27 1:54:55.00,SAT_06916,4.584789399,1.763950159,SAT_12827,4.814993633,4.695870312,SAT_18534,1.656453866,20.67302411
frame-g-001891-6-0060,1,Success,TRUE,SAT_06916,1.697132355,353.9750884,-8.672562911,354.0004145,-8.764307022,,2000/11/27 1:55:31.00,SAT_06916,4.584789399,1.697132355,SAT_12827,4.814993633,4.629052508,SAT_18534,1.656453866,20.73984191
frame-g-001892-3-0017,1,No match,FALSE,N/A,inf,349.6602185,-9.629285824,349.7023531,-9.662257506,FOVNotMatch,2000/11/27 2:37:21.00,SAT_05904,4.729819539,26.62347895,SAT_23429,2.12555002,37.92779572,SAT_25331,5.802397296,38.37480239
frame-g-001893-4-0092,1,Success,TRUE,SAT_25525,2.425027851,42.14780831,-7.783130964,42.21088544,-7.758720109,,2000/11/27 4:00:55.00,SAT_25525,3.215178288,2.425027851,SAT_15484,3.232892521,9.603634034,SAT_19073,2.296446907,12.19326797
frame-g-001894-5-0018,1,Success,TRUE,SAT_04250,0.231351307,33.68939376,0.543433856,33.85148077,0.57990796,,2000/11/27 4:38:29.00,SAT_04250,4.822032673,0.231351307,SAT_11669,2.790231754,0.534828822,SAT_07790,4.283118626,1.366148764
frame-g-001894-5-0019,1,Success,TRUE,SAT_04250,0.269214817,33.83856175,0.509440962,34.0014373,0.545979654,,2000/11/27 4:39:04.00,SAT_04250,4.822032673,0.269214817,SAT_11669,2.790231754,0.572692331,SAT_07790,4.283118626,1.404012274
frame-g-001894-4-0031,1,Success,TRUE,SAT_11669,0.195532671,35.63485788,0.102823051,35.79750133,0.140091604,,2000/11/27 4:46:14.00,SAT_11669,1.942046196,0.195532671,SAT_04250,5.632590252,0.342845126,SAT_10975,5.899231046,0.434902053
frame-g-001894-4-0033,1,Success,TRUE,SAT_11669,0.063720414,35.93429609,0.034335245,36.09728115,0.072076994,,2000/11/27 4:47:26.00,SAT_11669,1.942046196,0.063720414,SAT_04250,5.632590252,0.474657382,SAT_10975,5.899231046,0.56671431
frame-g-001894-4-0034,1,Success,TRUE,SAT_11669,0.246183258,36.08805458,0.00124187,36.24635825,0.03736881,,2000/11/27 4:48:02.00,SAT_11669,1.942046196,0.246183258,SAT_04250,5.632590252,0.292194538,SAT_10975,5.899231046,0.384251465
frame-g-001894-6-0011,1,No match,FALSE,N/A,inf,32.78134823,1.064273048,32.80388934,0.990277935,FOVNotMatch,2000/11/27 4:34:18.00,SAT_03557,3.389856526,12.05407674,SAT_13003,1.25360283,12.97171421,SAT_03794,5.09885622,13.69792348
frame-g-001894-5-0016,1,Success,TRUE,SAT_03623,0.029832992,33.38951372,0.610117321,33.54590596,0.645301959,,2000/11/27 4:37:17.00,SAT_03623,5.955714342,0.029832992,SAT_04250,4.207618706,0.416357076,SAT_11669,3.43900801,0.593532657
frame-g-001894-5-0017,1,Success,TRUE,SAT_03623,0.088612332,33.5388374,0.576770221,33.70143601,0.613176169,,2000/11/27 4:37:53.00,SAT_03623,5.955714342,0.088612332,SAT_04250,4.207618706,0.475136416,SAT_11669,3.43900801,0.652311996
frame-g-001894-3-0040,1,Success,TRUE,SAT_11669,0.201377739,36.98203884,-0.205941871,37.0350564,-0.193492904,,2000/11/27 4:51:37.00,SAT_11669,1.253538685,0.201377739,SAT_05587,5.654905496,0.349869726,SAT_07790,2.720045828,0.70742783
frame-g-001894-3-0041,1,Success,TRUE,SAT_11669,0.193463795,37.13219939,-0.239988814,37.2946969,-0.203012751,,2000/11/27 4:52:12.00,SAT_11669,1.253538685,0.193463795,SAT_10975,5.250270433,0.343466609,SAT_05587,5.654905496,0.744711261
frame-g-001894-3-0042,1,Success,TRUE,SAT_11669,0.023521959,37.28178904,-0.274796735,37.44428192,-0.237314562,,2000/11/27 4:52:48.00,SAT_11669,1.253538685,0.023521959,SAT_10975,5.250270433,0.513408445,SAT_05587,5.654905496,0.574769425
frame-g-001894-3-0043,1,Success,TRUE,SAT_11669,0.043826954,37.43161343,-0.309215567,37.59434967,-0.271738103,,2000/11/27 4:53:24.00,SAT_11669,1.253538685,0.043826954,SAT_10975,5.250270433,0.49310345,SAT_05587,5.654905496,0.59507442
frame-g-001894-3-0045,1,Success,TRUE,SAT_11669,0.041643037,37.7308904,-0.378602663,37.89311068,-0.340989371,,2000/11/27 4:54:36.00,SAT_11669,1.253538685,0.041643037,SAT_05587,5.654905496,0.509604429,SAT_10975,5.250270433,0.578573441
frame-g-001894-3-0046,1,Success,TRUE,SAT_11669,0.091013177,37.8804007,-0.413652119,38.04353023,-0.375680009,,2000/11/27 4:55:12.00,SAT_11669,1.253538685,0.091013177,SAT_05587,5.654905496,0.460234289,SAT_10975,5.250270433,0.627943581
frame-g-001895-3-0199,1,No match,FALSE,N/A,inf,136.0024497,51.3591579,136.0726254,51.41059287,FOVNotMatch,2000/11/27 8:22:00.00,SAT_20631,0.045212248,15.91166498,SAT_00552,1.020198265,25.04760965,SAT_12333,1.832322857,41.68131764
frame-g-001895-4-0324,1,No match,FALSE,N/A,inf,165.004282,61.28750373,165.0246363,61.31688942,FOVNotMatch,2000/11/27 9:36:38.00,SAT_02371,4.851077671,7.764027449,SAT_18779,4.793289047,27.10399241,SAT_22040,3.824934393,28.62250237
frame-g-001895-4-0324,2,No match,FALSE,N/A,inf,165.1665613,61.25418158,165.2329754,61.32710971,FOVNotMatch,2000/11/27 9:36:38.00,SAT_02371,4.851077671,12.99384137,SAT_18779,4.793289047,21.87417849,SAT_22040,3.824934393,23.39268845
frame-g-001895-4-0328,1,Success,TRUE,SAT_02371,3.099747639,166.0657781,61.52744722,166.1452647,61.6322609,,2000/11/27 9:39:02.00,SAT_02371,5.403086628,3.099747639,SAT_02520,1.782720874,4.251167082,SAT_00327,1.640919838,12.77226741
frame-g-001896-4-0092,1,No match,FALSE,N/A,inf,161.381902,60.40721759,161.45662,60.40502699,FOVNotMatch,2000/11/27 11:01:37.00,SAT_20959,0.059134471,17.70748203,SAT_00728,3.336151477,29.77430454,SAT_13432,4.276022017,41.39727789
frame-g-001896-4-0092,2,No match,FALSE,N/A,inf,161.4466573,60.43659805,161.505213,60.40823472,FOVNotMatch,2000/11/27 11:01:37.00,SAT_20959,0.059134471,23.35491977,SAT_00728,3.336151477,70.83670634,SAT_13432,4.276022017,82.45967968
frame-g-001896-4-0109,1,No match,FALSE,N/A,inf,166.3043007,61.25955991,166.5364038,61.22907489,FOVNotMatch,2000/11/27 11:11:46.00,SAT_02674,5.498260959,12.48156454,SAT_20959,3.280400525,13.89228313,SAT_18083,0.494222769,47.07016855
frame-g-001896-4-0110,1,No match,FALSE,N/A,inf,166.8957344,61.34809568,166.5839763,61.46946092,FOVNotMatch,2000/11/27 11:12:22.00,SAT_20959,3.280400525,9.96445721,SAT_02674,5.498260959,11.3751758,SAT_18083,0.494222769,23.21342821
frame-g-001896-4-0110,2,No match,FALSE,N/A,inf,166.8767334,61.34662731,166.9345877,61.33894726,FOVNotMatch,2000/11/27 11:12:22.00,SAT_02674,5.498260959,12.27972711,SAT_20959,3.280400525,13.6904457,SAT_18083,0.494222769,46.86833112
frame-g-001896-1-0136,1,Success,TRUE,SAT_23645,0.885519201,175.0524177,60.87757022,175.1297363,60.86714194,,2000/11/27 11:27:53.00,SAT_23645,5.461298687,0.885519201,SAT_15261,4.885793911,33.72502426,SAT_13432,0.080014748,47.9259112
frame-g-001896-2-0171,1,Success,TRUE,SAT_23645,1.510690978,186.0050254,61.8035507,186.224538,61.75944441,,2000/11/27 11:48:47.00,SAT_23645,3.733867427,1.510690978,SAT_16993,3.486548295,23.58200519,SAT_22512,4.614862567,28.52374786
frame-g-001904-2-0143,1,Success,TRUE,SAT_09826,0.631849769,358.8486654,14.43667153,358.9521343,14.45030237,,2000/11/30 5:04:55.00,SAT_09826,2.982634751,0.631849769,SAT_09966,2.403170824,1.217760467,SAT_20669,3.789476356,14.5968451
frame-g-001904-2-0205,1,No match,FALSE,N/A,inf,8.368412631,14.39596731,8.534592541,14.34752478,FOVNotMatch,2000/11/30 5:41:56.00,SAT_26475,2.460789939,10.99941601,SAT_16001,0.085668028,31.31411876,SAT_20669,2.571357421,36.18944808
frame-g-001904-2-0205,2,No match,FALSE,N/A,inf,8.371046642,14.53178282,8.417240725,14.53903908,FOVNotMatch,2000/11/30 5:41:56.00,SAT_16001,0.085668028,5.348945013,SAT_20669,2.571357421,10.22427433,SAT_26475,2.460789939,36.96458975
frame-g-001907-4-0204,1,No match,FALSE,N/A,inf,153.0790846,2.386782254,153.1366119,2.3961907,FOVNotMatch,2000/11/30 11:26:08.00,SAT_16650,4.393083926,8.042598106,SAT_23168,5.948467594,9.009329453,SAT_13984,1.397501425,9.109640905
frame-g-001907-4-0205,1,No match,FALSE,N/A,inf,153.2287575,2.370348452,153.3900107,2.395875602,FOVNotMatch,2000/11/30 11:26:44.00,SAT_16650,4.393083926,7.749497345,SAT_23168,5.948467594,8.716228692,SAT_13984,1.397501425,8.816540144
frame-g-001908-2-0052,1,Success,TRUE,SAT_01515,4.424809244,155.5296184,-0.727808095,155.5594957,-0.582421532,,2000/11/30 12:28:59.00,SAT_01515,1.903775484,4.424809244,SAT_23739,3.399092083,8.607450668,SAT_19643,5.667967344,21.24891825
frame-g-001908-1-0052,1,Success,TRUE,SAT_01515,4.42021475,155.4686375,-1.027597936,155.4900548,-0.923344331,,2000/11/30 12:28:59.00,SAT_01515,1.903775484,4.42021475,SAT_23739,3.399092083,8.612045162,SAT_19643,5.667967344,21.24432376
frame-g-001908-3-0043,1,Success,TRUE,SAT_12320,3.458431363,154.1212522,-0.282733769,154.1261331,-0.309187546,,2000/11/30 12:23:36.00,SAT_12320,5.209511769,3.458431363,SAT_23739,4.396674002,30.58975872,SAT_03392,0.120307158,31.80057794
frame-g-001992-2-0186,1,No match,FALSE,N/A,inf,177.6677796,1.980612852,177.7650841,1.852403277,FOVNotMatch,2000/12/23 12:27:29.00,SAT_26583,5.307987356,33.73524211,SAT_09852,3.262041593,36.98263134,SAT_12851,1.061055828,38.87094929
frame-g-002065-4-0097,1,No match,FALSE,N/A,inf,179.7169449,64.88858488,179.7652505,64.9162718,FOVNotMatch,2001/1/24 11:47:11.00,SAT_17081,5.356480577,14.45186322,SAT_14465,4.122595511,16.31072055,SAT_25600,4.448210745,18.06874436
frame-g-002065-5-0151,1,No match,FALSE,N/A,inf,198.5003405,64.79863426,198.8832347,64.78256534,FOVNotMatch,2001/1/24 12:19:25.00,SAT_12156,4.551619259,5.887605826,SAT_13432,4.509244938,15.21723138,SAT_08425,5.894994551,27.14345756
frame-g-002065-5-0152,1,No match,FALSE,N/A,inf,199.0425578,64.74031441,199.2169076,64.7325674,FOVNotMatch,2001/1/24 12:20:01.00,SAT_12156,4.551619259,5.571009733,SAT_13432,4.509244938,14.90063528,SAT_08425,5.894994551,27.46005365
frame-g-002069-1-0062,1,No match,FALSE,N/A,inf,128.4731016,1.529795511,128.5240027,1.539255492,FOVNotMatch,2001/1/25 7:19:15.00,SAT_22966,5.613807448,7.363705314,SAT_15677,3.736089518,7.902637483,SAT_21135,2.730763804,7.993816833
frame-g-002069-2-0119,1,No match,FALSE,N/A,inf,136.9510466,2.699502767,137.1117692,2.720549865,FOVNotMatch,2001/1/25 7:53:17.00,SAT_22966,5.959904079,5.026737421,SAT_15677,4.383810873,5.350139853,SAT_23270,4.648748085,5.529918261
frame-g-002076-6-0140,1,No match,FALSE,N/A,inf,123.5809183,44.27700208,123.5973446,44.45585042,FOVNotMatch,2001/1/26 9:09:07.00,SAT_12892,2.9786499,14.50350364,SAT_22615,0.406327426,47.63384396,SAT_08546,3.254672664,64.88206134
frame-g-002073-4-0079,1,Success,TRUE,SAT_04786,0.365429728,37.05067473,-8.167291535,37.13906144,-8.270297283,,2001/1/26 3:35:16.00,SAT_04786,4.307010231,0.365429728,SAT_07083,4.216451841,7.971015735,SAT_11332,3.148577529,24.91598677
frame-g-002073-4-0080,1,Success,TRUE,SAT_04786,0.135971084,37.26118573,-8.035181285,37.36718301,-8.157749905,,2001/1/26 3:35:52.00,SAT_04786,4.307010231,0.135971084,SAT_07083,4.216451841,8.200474379,SAT_11332,3.148577529,25.14544541
frame-g-002073-5-0081,1,Success,TRUE,SAT_04786,0.208992821,37.3121737,-7.717544323,37.4050123,-7.825259558,,2001/1/26 3:36:28.00,SAT_04786,4.307010231,0.208992821,SAT_07083,4.216451841,8.127452642,SAT_11332,3.148577529,25.07242367
frame-g-002073-5-0081,2,Success,TRUE,SAT_12993,0.602362154,37.31511946,-7.751497187,37.33062999,-7.69400554,,2001/1/26 3:36:28.00,SAT_12993,4.22909663,0.602362154,SAT_20959,0.062340895,14.93186501,SAT_25101,0.492948109,15.75810756
frame-g-002073-5-0082,1,Success,TRUE,SAT_12993,0.517081863,37.59322478,-7.808079368,37.62615053,-7.685310976,,2001/1/26 3:37:04.00,SAT_12993,4.22909663,0.517081863,SAT_20959,0.062340895,15.01714531,SAT_25101,0.492948109,15.67282727
frame-g-002073-5-0082,2,Success,TRUE,SAT_04786,0.394536236,37.52667199,-7.58914588,37.62815142,-7.707696042,,2001/1/26 3:37:04.00,SAT_04786,4.307010231,0.394536236,SAT_07083,4.216451841,7.941909227,SAT_11332,3.148577529,24.88688026
frame-g-002073-4-0083,1,Success,TRUE,SAT_12993,0.554453458,37.7775637,-8.212368533,37.81488146,-8.07372254,,2001/1/26 3:37:40.00,SAT_12993,4.22909663,0.554453458,SAT_20959,0.062340895,14.97977371,SAT_25101,0.492948109,15.71019886
frame-g-002073-6-0083,1,Success,TRUE,SAT_04786,0.240170367,37.57271888,-7.267683671,37.66939488,-7.380091175,,2001/1/26 3:37:40.00,SAT_04786,4.307010231,0.240170367,SAT_07083,4.216451841,8.096275096,SAT_11332,3.148577529,25.04124613
frame-g-002078-4-0039,1,No match,FALSE,N/A,inf,163.28757,63.3307461,163.3623924,63.57965674,FOVNotMatch,2001/1/26 10:15:06.00,SAT_10718,2.990698194,20.99386343,SAT_21847,2.412004416,32.65676697,SAT_21900,1.588058868,37.44676889
frame-g-002078-3-0040,1,No match,FALSE,N/A,inf,163.7950737,63.03770862,163.8492433,63.21147257,FOVNotMatch,2001/1/26 10:15:42.00,SAT_10718,2.990698194,20.62349205,SAT_21847,2.412004416,32.28639559,SAT_21900,1.588058868,37.07639751
frame-g-002078-3-0041,1,No match,FALSE,N/A,inf,164.3954684,63.05916091,164.4304438,63.16471211,FOVNotMatch,2001/1/26 10:16:18.00,SAT_10718,2.990698194,20.12226323,SAT_21847,2.412004416,31.78516677,SAT_21900,1.588058868,36.57516868
frame-g-002078-1-0043,1,No match,FALSE,N/A,inf,165.327348,62.35122066,165.4034489,62.5631194,FOVNotMatch,2001/1/26 10:17:30.00,SAT_10718,2.990698194,19.21597513,SAT_21847,2.412004416,30.87887867,SAT_21900,1.588058868,35.66888058
frame-g-002078-1-0044,1,No match,FALSE,N/A,inf,165.9300687,62.4045887,165.9545275,62.47064332,FOVNotMatch,2001/1/26 10:18:05.00,SAT_10718,2.990698194,18.92265516,SAT_21847,2.412004416,30.5855587,SAT_21900,1.588058868,35.37556062
frame-g-002078-1-0211,1,No match,FALSE,N/A,inf,218.5464628,59.55992194,218.5459528,59.43435122,FOVNotMatch,2001/1/26 11:57:48.00,SAT_16103,1.535277132,36.85049195,SAT_18980,1.255136493,47.81866346,SAT_13777,0.113162868,51.77570183
frame-g-002124-6-0031,1,No match,FALSE,N/A,inf,64.37857741,0.950088931,64.35089363,1.174183479,FOVNotMatch,2001/2/20 2:57:38.00,SAT_02861,5.512723813,7.347986052,SAT_07076,4.119825801,19.37654251,SAT_02657,0.161045829,22.67333391
frame-g-002125-1-0187,1,No match,FALSE,N/A,inf,146.7851438,2.697264428,146.9469377,2.724214682,FOVNotMatch,2001/2/20 5:23:24.00,SAT_23330,5.692062201,7.668867335,SAT_21641,1.262273562,7.895104051,SAT_15994,5.383876911,8.397433174
frame-g-002127-3-0059,1,Success,TRUE,SAT_04745,0.427009234,193.2209217,64.56175354,193.5840202,64.50482078,,2001/2/20 12:06:42.00,SAT_04745,0.81328697,0.427009234,SAT_18946,5.849166536,18.49343849,SAT_24963,2.972674464,18.6450184
frame-g-002131-4-0079,1,No match,FALSE,N/A,inf,117.5976939,33.76316385,117.6847271,33.79010701,FOVNotMatch,2001/2/21 3:09:11.00,SAT_19234,0.117144802,63.19133202,SAT_08311,4.946777737,72.58211246,SAT_13897,3.188997224,80.0226627
frame-g-002127-4-0080,1,Success,TRUE,SAT_13783,1.431306276,200.533324,64.31965467,200.8028949,64.21984378,,2001/2/20 12:19:14.00,SAT_13783,5.735715361,1.431306276,SAT_13446,5.706144742,33.83510496,SAT_24963,2.900101355,35.36631019
frame-g-002126-2-0285,1,No match,FALSE,N/A,inf,161.8155009,4.050934785,161.9777207,4.081540895,FOVNotMatch,2001/2/20 9:45:28.00,SAT_19931,5.373020434,14.87140485,SAT_10230,1.306519869,16.59468292,SAT_23968,3.140898552,19.9326358
frame-g-002126-2-0285,2,No match,FALSE,N/A,inf,161.9067574,3.999541075,161.8684975,4.02842513,FOVNotMatch,2001/2/20 9:45:28.00,SAT_14883,0.323075579,23.36180309,SAT_11684,0.009844265,23.85151489,SAT_11669,2.554035832,26.4767307
frame-g-002126-2-0286,1,No match,FALSE,N/A,inf,162.0676388,4.052101121,162.1284096,4.063568103,FOVNotMatch,2001/2/20 9:46:04.00,SAT_19931,5.373020434,14.87248296,SAT_10230,1.306519869,16.59576103,SAT_23968,3.140898552,19.93155769
frame-g-002134-3-0325,1,No match,FALSE,N/A,inf,256.0406392,34.28856205,256.1884076,34.26282405,FOVNotMatch,2001/2/21 12:03:00.00,SAT_12866,4.332338866,56.16270449,SAT_06910,0.364887517,70.26472729,SAT_26574,2.2246456,71.38386823
frame-g-002134-6-0133,1,No match,FALSE,N/A,inf,230.8254107,57.53958459,230.8925498,57.55761416,FOVNotMatch,2001/2/21 10:08:22.00,SAT_21890,2.43395909,13.08013497,SAT_20707,4.235651059,20.89824135,SAT_19537,12.59268644,N/A
frame-g-002134-6-0134,1,No match,FALSE,N/A,inf,231.20475,57.33217141,231.3085384,57.36154321,FOVNotMatch,2001/2/21 10:08:58.00,SAT_21890,2.43395909,14.17103803,SAT_20707,4.235651059,19.80733829,SAT_19537,12.59268644,N/A
frame-g-002133-3-0104,1,No match,FALSE,N/A,inf,204.2576207,63.25577831,204.3928651,63.26966384,FOVNotMatch,2001/2/21 8:04:42.00,SAT_13016,2.285304219,9.944559635,SAT_22275,5.176658508,14.04564353,SAT_14319,5.185254539,26.87524767
frame-g-002134-4-0193,1,No match,FALSE,N/A,inf,240.6701604,50.57969829,240.901584,50.56384757,FOVNotMatch,2001/2/21 10:44:11.00,SAT_21944,1.041555861,43.09486493,SAT_04132,5.538554994,47.41687016,SAT_09598,1.867696234,62.48015869
frame-g-002134-4-0194,1,No match,FALSE,N/A,inf,240.8655264,50.36340213,241.0106458,50.3533183,FOVNotMatch,2001/2/21 10:44:47.00,SAT_21944,1.041555861,43.0341095,SAT_04132,5.538554994,47.35611472,SAT_09598,1.867696234,62.54091413
frame-g-002134-4-0173,1,No match,FALSE,N/A,inf,237.4489817,52.81235257,237.5600028,52.81164187,FOVNotMatch,2001/2/21 10:32:15.00,SAT_08027,3.903084194,31.7273424,SAT_23837,3.778236475,81.58345307,SAT_12641,0.113803075,88.84920217
frame-g-002134-4-0174,1,No match,FALSE,N/A,inf,237.7333971,52.59811047,237.8235114,52.59662743,FOVNotMatch,2001/2/21 10:32:51.00,SAT_08027,3.903084194,30.78214142,SAT_23837,3.778236475,82.52865405,SAT_12641,0.113803075,89.79440314
frame-g-002134-4-0174,2,No match,FALSE,N/A,inf,237.7621517,52.68485388,237.7715089,52.67488643,FOVNotMatch,2001/2/21 10:32:51.00,SAT_08027,3.903084194,28.01956137,SAT_12641,0.113803075,31.40389406,SAT_23837,3.778236475,38.66964316
frame-g-002137-2-0095,1,No match,FALSE,N/A,inf,116.7457117,31.85912736,116.8123592,31.91103542,FOVNotMatch,2001/2/22 2:54:25.00,SAT_08861,0.120162962,11.70798979,SAT_06939,1.27942885,13.89547554,SAT_12086,4.943243493,24.77542035
frame-g-002137-2-0096,1,No match,FALSE,N/A,inf,116.8255353,31.99879527,116.9664343,32.10830579,FOVNotMatch,2001/2/22 2:55:01.00,SAT_08861,0.120162962,11.71495851,SAT_06939,1.27942885,13.90244426,SAT_12086,4.943243493,24.78238907
frame-g-002137-5-0237,1,Success,TRUE,SAT_20847,2.051533447,134.1663768,48.62569379,134.3676384,48.71931225,,2001/2/22 4:19:12.00,SAT_20847,2.868164244,2.051533447,SAT_12086,2.745838394,23.11568782,SAT_11556,4.347911127,87.18914582
frame-g-002138-1-0115,1,No match,FALSE,N/A,inf,171.4141093,58.23547306,171.5450056,58.22205376,FOVNotMatch,2001/2/22 6:19:26.00,SAT_07376,5.161182341,30.13106846,SAT_19749,4.389268178,42.30440628,SAT_14260,4.894341733,45.465841
frame-g-002141-3-0222,1,Success,TRUE,SAT_23877,1.732187999,175.7588858,-0.201751468,175.9209286,-0.196732049,,2001/2/22 10:27:25.00,SAT_23877,4.957737626,1.732187999,SAT_22117,4.7262091,1.740121312,SAT_23016,5.709108611,1.744948264
frame-g-002141-1-0210,1,No match,FALSE,N/A,inf,173.9620248,-1.081647322,174.1250223,-1.0334538,FOVNotMatch,2001/2/22 10:20:15.00,SAT_24786,5.828782349,16.39421543,SAT_23877,5.034621899,16.43165455,SAT_22117,4.165304098,16.44102463
frame-g-002141-1-0215,1,No match,FALSE,N/A,inf,174.7104544,-1.167874217,174.7389473,-1.254217656,FOVNotMatch,2001/2/22 10:23:14.00,SAT_07177,1.987787223,9.896710152,SAT_14005,4.208998871,56.73511846,SAT_11669,5.051334773,59.87937023
frame-g-002141-3-0257,1,Success,TRUE,SAT_23877,2.130575593,180.9993149,-0.377290072,181.1622571,-0.371113421,,2001/2/22 10:48:19.00,SAT_23877,5.735063182,2.130575593,SAT_22117,4.998547458,2.13241212,SAT_23016,5.572529689,2.142704034
frame-g-002141-2-0295,1,Success,TRUE,SAT_22117,2.653788166,186.6886613,-0.613735661,186.763672,-0.610203298,,2001/2/22 11:11:00.00,SAT_22117,4.576008403,2.653788166,SAT_23877,5.371907204,2.658055029,SAT_23016,5.20468885,2.669431062
frame-g-002141-2-0296,1,Success,TRUE,SAT_22117,2.587747855,186.8385944,-0.620581181,187.0007514,-0.613132284,,2001/2/22 11:11:36.00,SAT_22117,4.576008403,2.587747855,SAT_23877,5.371907204,2.592014718,SAT_23016,5.20468885,2.603390751
frame-g-002141-2-0299,1,Success,TRUE,SAT_22117,2.722170767,187.2874215,-0.641347924,187.4494298,-0.633524976,,2001/2/22 11:13:23.00,SAT_22117,4.576008403,2.722170767,SAT_23877,5.371907204,2.726437631,SAT_23016,5.20468885,2.737813664
frame-g-002141-2-0300,1,Success,TRUE,SAT_22117,2.600188498,187.4367928,-0.647902796,187.5999059,-0.640374528,,2001/2/22 11:13:59.00,SAT_22117,4.576008403,2.600188498,SAT_23877,5.371907204,2.604455362,SAT_23016,5.20468885,2.615831395
frame-g-002141-3-0232,1,Success,TRUE,SAT_23877,1.796273296,177.2563209,-0.2476295,177.4191443,-0.242405142,,2001/2/22 10:33:23.00,SAT_23877,5.738794706,1.796273296,SAT_22117,5.000898412,1.802124988,SAT_23016,5.572977717,1.808831341
frame-g-002141-3-0264,1,No match,FALSE,N/A,inf,182.047229,-0.222746,182.1514498,-0.190670252,FOVNotMatch,2001/2/22 10:52:29.00,SAT_23877,5.734057588,17.06676972,SAT_22117,4.997816216,17.06748074,SAT_23016,5.572331257,17.07876844
frame-g-002141-3-0264,2,Success,TRUE,SAT_23877,2.347943735,182.0920724,-0.415600424,182.2089978,-0.410724597,,2001/2/22 10:52:29.00,SAT_23877,5.734057588,2.347943735,SAT_22117,4.997816216,2.348654752,SAT_23016,5.572331257,2.359942448
frame-g-002141-3-0265,1,No match,FALSE,N/A,inf,182.2729509,-0.2454545,182.3597081,-0.218735338,FOVNotMatch,2001/2/22 10:53:05.00,SAT_23877,5.734057588,17.07774494,SAT_22117,4.997816216,17.07845596,SAT_23016,5.572331257,17.08974365
frame-g-002141-2-0302,1,Success,TRUE,SAT_22117,2.739616037,187.7363523,-0.662324294,187.8992231,-0.654408052,,2001/2/22 11:15:11.00,SAT_22117,4.575292841,2.739616037,SAT_23877,5.371018697,2.745003039,SAT_23016,5.204605477,2.756227887
frame-g-002141-2-0303,1,Success,TRUE,SAT_22117,2.670574595,187.8863341,-0.669411623,188.0485731,-0.661722037,,2001/2/22 11:15:47.00,SAT_22117,4.575292841,2.670574595,SAT_23877,5.371018697,2.675961597,SAT_23016,5.204605477,2.687186445
frame-g-002141-2-0305,1,Success,TRUE,SAT_22117,2.7013499,188.18569,-0.683591902,188.3486686,-0.675779553,,2001/2/22 11:16:58.00,SAT_22117,4.575292841,2.7013499,SAT_23877,5.371018697,2.706736902,SAT_23016,5.204605477,2.717961749
frame-g-002141-2-0306,1,Success,TRUE,SAT_22117,2.712872651,188.3358763,-0.690779977,188.4977992,-0.682985602,,2001/2/22 11:17:34.00,SAT_22117,4.575292841,2.712872651,SAT_23877,5.371018697,2.718259653,SAT_23016,5.204605477,2.7294845
frame-g-002141-2-0307,1,Success,TRUE,SAT_22117,2.697714642,188.4851318,-0.697970659,188.6475309,-0.690196435,,2001/2/22 11:18:10.00,SAT_22117,4.575292841,2.697714642,SAT_23877,5.371018697,2.703101644,SAT_23016,5.204605477,2.714326491
frame-g-002141-2-0310,1,Success,TRUE,SAT_26471,2.679414592,188.935064,-0.71950162,189.097347,-0.711704415,,2001/2/22 11:19:57.00,SAT_26471,5.675340914,2.679414592,SAT_22117,4.57445527,2.707008575,SAT_23877,5.369907684,2.713672924
frame-g-002141-2-0311,1,Success,TRUE,SAT_26471,2.854618437,189.0844302,-0.726830481,189.2461028,-0.718567059,,2001/2/22 11:20:33.00,SAT_26471,5.675340914,2.854618437,SAT_22117,4.57445527,2.882212421,SAT_23877,5.369907684,2.888876769
frame-g-002189-3-0110,1,No match,FALSE,N/A,inf,189.1097006,64.94360108,189.2461311,64.90856783,FOVNotMatch,2001/3/19 6:45:25.00,SAT_16402,2.564601193,11.70800945,SAT_25379,4.655750415,23.63207644,SAT_12156,3.869213464,25.79441887
frame-g-002189-3-0067,1,No match,FALSE,N/A,inf,173.9251605,64.4745304,174.036738,64.44083495,FOVNotMatch,2001/3/19 6:19:44.00,SAT_07439,5.292261749,8.045971513,SAT_19168,4.614703414,8.388678348,SAT_16402,4.339825838,24.62408509
frame-g-002189-3-0068,1,No match,FALSE,N/A,inf,174.3139197,64.61446371,174.646342,64.51373511,FOVNotMatch,2001/3/19 6:20:20.00,SAT_07439,5.292261749,7.849834986,SAT_19168,4.614703414,8.192541821,SAT_16402,4.339825838,24.82022162
frame-g-002189-4-0071,1,Success,TRUE,SAT_16402,4.088777783,175.1598343,64.95227136,175.5375139,64.93462928,,2001/3/19 6:22:08.00,SAT_16402,4.339825838,4.088777783,SAT_12156,2.12555464,6.871477388,SAT_24960,5.41881725,18.15320893
frame-g-002188-4-0077,1,Success,TRUE,SAT_25822,3.300473226,133.6498071,-1.186023843,133.7120725,-1.178120014,,2001/3/19 3:54:34.00,SAT_25822,4.76307556,3.300473226,SAT_15677,3.494726324,4.584677992,SAT_23330,0.943758845,4.671169929
